country,n_art,year,region,total_fat,notes,actors
afghanistan,13,2024,Caucasus and Central Asia,46,"Explosive remnants of war: On 31 March 2024, at least nine children including 5 girls and 4 boys were killed and five were wounded when a mine, remnants of war, exploded in the Zadran village of Giro district [coded to Pana], Ghazni. A Taliban spokesman said the bomb was from the war with the Soviet Union. Sources reported conflicting details regarding the nature of the death as some sources claimed the children were playing with the bomb when it exploded while others said a vehicle they were riding was hit with the bomb, and no details were provided about adult casualties.; On 21 March 2024, 21-43 Taliban members and civilians were killed and 50 were wounded when an IS suicide bomber detonated himself outside a bank in Shahidan Chawk area in PD1 of Kandahar city. The Taliban members were gathered to withdraw their salaries. The Taliban claimed 3 killed and 12 injured. Total fatalities coded as 22 to include the bomber.; On 18 March 2024, six civilians, three women and three children, were killed by Pakistan military airstrikes in the Laman area of Barmal district, Paktika. Pakistan military said they targeted TTP militants, but the group and the Taliban said civilians were killed in the attacks.; On 14 March 2024, five Taliban members were killed and two were wounded following an attack by National Resistance Front militants on a Taliban checkpoint near Serena Hotel, Kabul city. The hotel, which had local and foreign guests, is around 50 meters away from the Citadel. The sound of an explosion was reported in the area of the attack. Later on the same day, Taliban members in videos claimed they stopped 4 NRF members planning to conduct more attacks, and killed them, sharing images of bodies on media.",Unidentified Armed Group (Afghanistan); Islamic State Khorasan Province (ISKP); Military Forces of Pakistan (2022-); National Resistance Front; Civilians (Afghanistan); Military Forces of Afghanistan (2021-); Civilians (Afghanistan); Military Forces of Afghanistan (2021-)
albania,1,NA,NA,0,NA,NA
algeria,2,NA,NA,0,NA,NA
angola,1,2024,Middle Africa,10,"On 13 February 2024, FLEC-FAC attacked a patrol of the Angolan Armed Forces (FAC) in two villages, Kisungo and Tando Maselele, in the region of Mayombe, located in the municipality of Belize (Belize, Cabinda), to fight for the independence of the region of Cabinda. Seven FAC soldiers and three Brazilian citizens (caught in the crossfire) were killed.",FLEC-FAC: Front for the Liberation of the Enclave of Cabinda-Armed Forces of Cabinda; Military Forces of Angola (1975-)
australia,8,NA,NA,0,NA,NA
bangladesh,2,NA,NA,0,NA,NA
belgium,2,NA,NA,0,NA,NA
belize,1,NA,NA,0,NA,NA
bolivia,1,NA,NA,0,NA,NA
bosnia and herzegovina,3,NA,NA,0,NA,NA
botswana,1,NA,NA,0,NA,NA
brazil,7,2024,South America,12,"On 6 March 2024, in Alto Garcas (Mato Grosso), unknown armed individuals shot and killed six people, four men and two women, in two different attacks. At least two victims had a police record for drug trafficking, which is why police suspect the same perpetrators were responsible for both events. 6 fatalities.; On 7 February 2024, in Londrina (Parana), six drug trafficking suspects exchanged fire with military police in the Jardim Santa Felicidade neighborhood. All suspects were killed. Police seized firearms and portions of drugs. 6 fatalities.",Unidentified Gang and/or Police Militia; Military Forces of Brazil (2023-) Military Police; Unidentified Gang (Brazil); Unidentified Gang (Brazil)
brunswick,1,NA,NA,0,NA,NA
burkina faso,1,2024,Western Africa,1571,"On 31 March 2024, JNIM militants attacked volunteer fighters (VDP) in the village of Koogo (Ouargaye, Koulpelogo). Two VDP and four civilians were killed.; On 31 March 2024, JNIM militants attacked soldiers and volunteer fighters (VDP) in the village of Tawori (Partiaga, Tapoa). The militants took possession of the military base. They killed 16 soldiers, 25 VDP and 32 civilians. Several houses and granaries were also burned in the village. JNIM claimed the attack in an unofficial video displaying a truck, a vehicle, several weapons and ammunitions, and also two soldiers captured. Total 73 fatalities coded.; On 29 March 2024, JNIM militants attacked civilians who went to collect wood near the dam of Djibo (Djibo, Soum). 20 civilians were killed. Women who also went to collect wood are reported missing.; On 26 March 2024, JNIM militants attacked a position of soldiers and volunteer fighters (VDP) in the town of Sanaba (Sanaba, Banwa). The air force intervened and conducted two drone strikes against the militants. One soldier (the chief of the military detachment), ten VDP and at 18 militants were killed. Five soldiers and four VDP were also injured. The soldiers and the VDP seized weapons, ammunition, motorcycles and various military equipment. Total 29 fatalities.; On 26 March 2024, the Burkinabe Army carried out air-ground operation against JNIM militant base in the village of Kiani (Gayeri, Komandjari). Official media stated at least 100 militants were killed and several weapons, motorcycles and various military equipment were seized. One soldier was killed and one soldier and one volunteer fighter (VDP) were injured. Unspecified fatalities coded as 11.; On 26 March 2024, JNIM militants burst into Adjoana, an hamlet of the village of Komandougou (Fada Ngourma, Gourma). The militants killed about ten civilians.; On 19 March 2024, JNIM militants attacked volunteer fighters (VDP) in the area of Namissiguima (Namissiguima, Yatenga). About ten VDP were killed.; On 18 March 2024, volunteer fighters (VDP) clashed with JNIM militants in the village of Touri (Zogore, Yatenga). Two VDP and about ten militants were killed.; On 17 March 2024, the Burkinabe air force carried out airstrikes against JNIM militants in the area of Natiaboani (Fada Ngourma, Gourma). Soldiers conducted sweeps after the airstrikes and clashed with JNIM militants. The Army stated several militants were killed, the base was destroyed, and several weapons were seized or destroyed. 10 fatalities coded.; On 17 March 2024, special police unit (GUMI) clashed with JNIM militants in the area Bogande (Bogande, Gnagna). At least seven militants were killed.; On 16 March 2024, the Burkina Faso air force carried out several airstrikes against JNIM militants between Taparko (Yalgo, Namentenga) and Silmangue (Bouroum, Namentenga). Several militants were killed and a vehicle was destroyed. 10 fatalities coded.; On 16 March 2024, as part of military operation, soldiers burst into the villages of Tindangou, Kpadiari and Nadiagou (Pama, Kompienga). At least 130 civilians were killed including women and children. The soldiers also forced around fifty Tindangou households to follow them to Pama. Fatalities split across three events, coded as 44.; On 16 March 2024, as part of military operation, soldiers burst into the villages of Kpadiari, Tindangou and Nadiagou (Pama, Kompienga). At least 130 civilians were killed including women and children. The soldiers also forced around fifty Tindangou households to follow them to Pama. Fatalities split across three events, coded as 43.; On 16 March 2024, as part of military operation, soldiers burst into the villages of Nadiagou, Kpadiari and Tindangou (Pama, Kompienga). At least 130 civilians were killed including women and children. The soldiers also forced around fifty Tindangou households to follow them to Pama. Fatalities split across three events, coded as 43.; On 13 March 2024, JNIM militants attacked soldiers and volunteer fighters (VDP) in the town of Boala (Boala, Namentenga). The air force intervened and conducted several drone and helicopter strikes against the militants. About 14 soldiers and VDP, and at least 20 militants were killed.; On 10 March 2024, JNIM militants attacked the town of Bane (Bane, Boulgou). At least 20 persons were killed including volunteer fighters (VDP) and civilians.; On 9 March 2024, the Burkinabe forces carried out an operation against a JNIM militant base in the village of Wanbsouya (Barsalogho, Sanmatenga). The soldiers seized fuel trucks, fuel cans, weapons, food and various other equipment. Several dozen militants were killed. 12 fatalities coded.; On 8 March 2024, the Burkinabe air force carried out drone strike against IS Sahel militants in the village of Touka-Bayel (Dori, Seno). Several militants were killed. 10 fatalities coded.; On 8 March 2024, JNIM militants attacked the village of Tessoaguen (Ouargaye, Koulpelogo). Two volunteer fighters (VDP) and 27 civilians including men, women and children were killed. Total 29 fatalities coded.; On 3 March 2024, the Burkinabe forces carried out an operation against JNIM militants in the commune of Sanaba (Sanaba, Banwa). The commune was emptied of its inhabitants because of deteriorating security conditions. At least 30 militants were killed during the operation.; On 29 February 2024, as part of military operation, likely soldiers burst into the villages of Bibgou and Soualimou (Gayeri, Komandjari). At least 150 civilians were killed including women and children. Fatalities split across two events, coded as 75.; On 29 February 2024, as part of military operation, likely soldiers burst into the villages of Soualimou and Bibgou (Gayeri, Komandjari). At least 150 civilians were killed including women and children. Fatalities split across two events, coded as 75.; On 29 February 2024, Burkinabe air force carried out airstrikes against JNIM militants in the area of Natiaboani (Fada Ngourma, Gourma). About ten militants were killed and motorcycles were destroyed.; On 29 February 2024, JNIM claimed to have attacked a Burkinabe forces (soldiers or volunteer fighters (VDP)) headquarters in Leo (Leo, Sissili). Six personnel were killed and two AK rifles and equipment were captured, the statement said.; On 29 February 2024, Nigerien air force carried out an airstrike against likely JNIM militants near Datambi (Boundore, Yagha). 10 militants were 'neutralized' (presumably killed) and their logistics destroyed.; On 27 February 2024, JNIM militants attacked a position of volunteer fighters (VDP) on the outskirts of the village of Irino (Kampti, Poni). At least 12 militants and two VDP were killed. Three VDP were also injured. The VDP seized a satellite phone, six motorcycles and four weapons.; On 27 February 2024, JNIM militants attacked soldiers and volunteer fighters (VDP) in the village of Oualga (Kaya, Sanmatenga). One soldier and five VDP and five civilians were killed. JNIM claimed responsibility, said its fighters raided two military positions in Dem and Oualga, killed 13 personnel, and displayed weapons, ammo, equipment, and tricycles said captured. 11 fatalities coded.; On 25 February 2024, IS Sahel militants clashed with soldiers at east of Essakane-Site (Gorom-Gorom, Oudalan). At least eight militants were killed and livestock seized by the soldiers.; On 25 February 2024, JNIM militants attacked the military base in the village of Natiaboani (Fada Ngourma, Gourma). The militants also attacked the mosque of the village. About ten soldiers and ten civilians were killed including a imam of the mosque. The air force intervened and conducted at least three airstrikes against the militants. Official medias stated several militants were killed and motorcycles and vehicles were destroyed, fatalities estimated as 10. Total 30 fatalities coded. JNIM claimed responsibility, said its fighters killed many soldiers, and displayed weapons, ammo, equipment, and a vehicle said captured.; On 25 February 2024, following an attack against VDP in Komsilga, likely soldiers and VDP burst into the villages of Noden; Soro (Thiou, Yatenga) and Komsilga (Ouahigouya, Yatenga). In a statement released by the prosecutor, about 170 civilians were killed including women and children, several were injured and material damage were recorded. JNIM said that 223 civilians were killed by the military between Thiou and Ouahigouya (Ouahigouya, Yatenga). HRW reported that at least 223 civilians were killed including 44 in Nonden and 179 in Soro. Fatalities split across three events, coded as 44.; On 25 February 2024, following an attack against VDP in Komsilga, likely soldiers and VDP burst into the villages of Soro, Noden (Thiou, Yatenga) and Komsilga (Ouahigouya, Yatenga). In a statement released by the prosecutor, about 170 civilians were killed including women and children, several were injured and material damage were recorded. JNIM said that 223 civilians were killed by the military between Thiou and Ouahigouya (Ouahigouya, Yatenga). HRW reported that at least 223 civilians were killed including 44 in Nonden and 179 in Soro. Fatalities split across three events, coded as 179.; On 25 February 2024, JNIM militants attacked a position of volunteer fighters (VDP) in the village of Komsilga (Ouahigouya, Yatenga). At least 13 VDP were killed. JNIM claimed responsibility, said its fighters killed 14 personnel, and displayed weapons, ammo, and motorcycles said captured.; On 25 February 2024, JNIM militants attacked soldiers securing a roadworks site in the area of Yalka (Kongoussi, Bam). Nine soldiers were killed and 13 were injured. The air force intervened and conducted at least two airstrikes against the militants. Official medias stated several militants were killed, fatalities estimated as 3. Total 12 fatalities coded. JNIM claimed responsibility, said its fighters killed 10 soldiers, and displayed a large quantity of weapons, ammo, vehicles, and motorcycles said captured.; On 25 February 2024, JNIM militants attacked the military base in the village of Tankoualou (Foutouri, Komandjari). Seven soldiers were killed and about 50 were injured. The air force intervened and conducted an airstrike against the militants in front of the military base, killing at least ten. JNIM claimed responsibility, said its fighters killed many soldiers, and displayed weapons, ammo, and equipment said captured. Total 17 fatalities coded.; On 25 February 2024, IS Sahel militants attacked a Catholic church in Essakane-Site (Gorom-Gorom, Oudalan). The attack took place during Sunday mass. In a statement released by the Diocese of Dori, 15 worshippers were killed and two wounded. IS Sahel claimed responsibility.; On 23 February 2024, JNIM militants attacked a position of volunteer fighters (VDP) in the town of Pensa (Ouahigouya, Yatenga). Three VDP were killed. The air force intervened and conducted airstrikes against the militants. Several militants were killed, fatalities estimated as 3. Total 6 fatalities coded.; On 23 February 2024, IS Sahel militants attacked the village of Tyekanyebi (Titabe, Yagha). 40 civilians were killed. The village was accused by IS-Sahel militants of collaborating with JNIM militants.; On 23 February 2024, IS Sahel militants attacked the village of Obouga (Titabe, Yagha). 20 civilians were killed. The village was accused by IS-Sahel militants of collaborating with JNIM militants.; On 20 February 2024, soldiers and gendarmes carried out air-ground operation against JNIM militant base in the area of Douroula (Douroula, Mouhoun). Official medias stated that 27 militants were killed including a leader called 'Hassane Idrissa Boly'.; On 13 February 2024, JNIM militants attacked soldiers and volunteer fighters (VDP) in the village of Paladoube (Fada Ngourma, Gourma). About ten VDP were killed, nine soldiers and VDP injured. JNIM claimed responsibility, said it killed 15 personnel, and displayed 14 weapons, ammo, and equipment said captured.; On 12 February 2024, suspected JNIM militants attacked the village of Kiougou-Kandaga (Komin-Yanga, Koulpelogo). Eight volunteer fighters (VDP) and five civilians, including the village chief were killed.; On 11 February 2024, a convoy of civilians escorted by soldiers struck four IEDs likely planted by JNIM militants in the village of Gorbale (Yalgo, Namentenga). One soldier and 12 civilians were killed, and one soldier was injured.; On 9 February 2024, JNIM militants attacked the village of Youba (Ouahigouya, Yatenga) after population was resettled. About ten civilians were killed.; On 9 February 2024, JNIM or IS Sahel militants attacked the village of Louguerbele, in the commune of Dori (Dori, Seno). Six civilians were killed and one injured.; On 7 February 2024, JNIM militants attacked the village of Kaldiouani (Tibga, Gourma). At least 50 civilians were killed.; On 4 February 2024, following an attack against VDP in the village of Kogo, the Burkinabe air force carried out airstrikes against JNIM militants near Kogo (Ouargaye, Koulpelogo). After the airstrikes soldiers and VDP conducted sweeps and were ambushed by JNIM militants near Kogo. Six VDP were killed and six were injured. Army stated several militants were killed and motorcycles were seized. Unknown militant coded as 3. 9 total fatalities coded.; On 4 February 2024, JNIM militants attacked the village of Komonkuy (Bomborokui, Kossi). The militants killed at least 21 civilians and seized livestock.; Around 3 February 2024, (between 1 - 5 February), soldiers and volunteer fighters (VDP) carried out operations against JNIM militants in the communes of Founzan (Founzan, Tuy) and Koumbia (Koumbia, Tuy). About ten militants were killed, weapons, ammunitions, magazine, five IED, ten motorcycles, three tricycles, fuel cans, ten bicycle, about 200 oxen, gas cylinders, money, 20 mobile phones, solar panels and various documents were seized and or burned. One soldier and two VDP were killed. One soldier, one police officer and two VDP were also injured. VDP from three villages were resettled. Fatalities split across two events, coded to 7.; Around 3 February 2024, (between 1 - 5 February), soldiers and volunteer fighters (VDP) carried out operations against JNIM militants in the communes of (Koumbia (Koumbia, Tuy) and Founzan (Founzan, Tuy). About ten militants were killed, weapons, ammunitions, magazine, five IED, ten motorcycles, three tricycles, fuel cans, ten bicycle, about 200 oxen, gas cylinders, money, 20 mobile phones, solar panels and various documents were seized and or burned. One soldier and two VDP were killed. One soldier, one police officer and two VDP were also injured. VDP from three villages were resettled. Fatalities split across two events, coded to 6.; Around 3 February 2024, (between 1 - 5 February), soldiers and volunteer fighters (VDP) ambushed JNIM militants in the village of Madiasso (Mangodara, Comoe). At least 12 militants were killed, and three VDP were seriously injured. The soldiers and the VDP seized weapons, ammunition and six motorcycles.; Around 3 February 2024, (between 1 - 5 February), soldiers and volunteer fighters (VDP) carried out operations against JNIM base in the village of Nawoubkiba (Namissiguima, Sanmatenga). At least 20 militants were killed. Weapons, ammunitions, rolling stock were seized. IED store was also destroyed.; On 31 January 2024, JNIM militants carried out simultaneous attacks against three volunteer fighters (VDP) advanced positions in the town of Tougouri (Tougouri, Namentenga). Police officers and gendarmes went to reinforce the VDP and repelled the attacks. Seven VDP and two militants were killed. Four VDP and two girls were injured.; On 30 January 2024, JNIM militants attacked the village of Potiamanga (Fada Ngourma, Gourma). The militants seized livestock, set fire to houses, and caused extensive material damage. About twenty civilians were killed. Several inhabitants left the village after the attack in direction of Fada Ngourma.; On 29 January 2024, Burkinabe forces carried out air and ground operations against JNIM militants in the forest of Nohao (Bittou, Boulgou). Eight militants were killed including a leader called 'Diallo Abdoul Djabarou'.; On 29 January 2024, JNIM militants ambushed a patrol of soldiers and volunteer fighters (VDP) in the area of Sanakui (Solenzo, Banwa). At least ten soldiers and VDP were killed. JNIM claimed responsibility, said it killed 13 soldiers, and captured 13 AKs and two hunting rifles.; On 28 January 2024, JNIM militants carried out attack against civilian vehicles and trucks on the national road N16, in the village of Nohao (Bittou, Boulgou). Eight civilians were killed, 18 others were injured, and seven vehicles burned.; On 27 January 2024, the Burkinabe air force carried out drone strikes against two JNIM vehicles between Tiasseri and Soam (Matiacoali, Gourma). The Army stated the vehicles were carrying ammunition crates and militants. The vehicles were destroyed. A helicopter also carried out air strikes against JNIM militants after the drone intervention. Several militants were killed. 10 fatalities coded.; On 25 January 2024, JNIM militants attacked volunteer fighters (VDP) advanced position in the town of Ouahigouya (Ouahigouya, Yatenga). Nine VDP were killed. JNIM claimed responsibility and said it killed 13 VDP in two attacks in the area of Ouahigouya. JNIM displayed several weapons, magazines and ammunition said captured.; On 25 January 2024, JNIM militants attacked soldiers and volunteer fighters (VDP) securing a civil worksite in the village of Biliga (Nassere, Bam). Six VDP, seven soldiers and one civilian were killed. Total 14 fatalities. The militants also set fire to an unknown number of equipment. JNIM claimed responsibility, said its fighters took control of the military barracks in Nassere and Biliga, killed five soldiers, seized three vehicles, nine motorcycles and various types of weapons including rifles and mortar. Nine vehicles were also burned the statement said.; On 21 January 2024, JNIM claimed to have killed more than 20 volunteer fighters (VDP) between Partiaga and Boungou (Partiaga, Tapoa). 10 AK rifles, 15 motorcycles, ammunition, and military equipment were captured, the statement said.; On 20 January 2024, volunteer fighters (VDP) clashed with IS Sahel militants in the village of Hakoundel (Seytenga, Seno). Two VDP and nine militants were killed. The VDP seized weapons and motorcycles.; On 18 January 2024, JNIM attacked the village of Kalbouli (Partiaga, Tapoa) killing at least 20 people and seizing food and livestock. At least 300 inhabitants left the village after JNIM militants threatened them with reprisals.; On 18 January 2024, JNIM militants attacked volunteer fighters (VDP) in the village of Kourpelle (Kongoussi, Bam). Two VDP and 11 civilians were killed. JNIM claimed responsibility and displayed weapons, ammunition, and equipment said captured.; On 17 January 2024, JNIM militants attacked the village of Signoghin (Karangasso-Vigue, Houet). At least six civilians were killed and ten wounded, four of them seriously.; On 17 January 2024, Burkinabe Forces conducted operations against IS Sahel militants along the road between Dori (Dori, Seno) and Gorom-Gorom (Gorom-Gorom, Oudalan). At least 15 militants were killed during the operations and equipment was seized.; On 16 January 2024, Burkinabe forces carried out air and ground operations against JNIM militants in the area of Folonzo (Niangoloko, Comoe). At least 30 militants were killed, militant camps, vehicles, weapons and various materials were also destroyed and or seized.; On 16 January 2024, JNIM claimed to have killed six IS Sahel militants in an area named as 'Alsoumadji', location coded to Souma (Koutougou, Soum). JNIM displayed weapons and ammunition said captured.; On 15 January 2024, JNIM militants attacked volunteer fighters (VDP) in the village of Nematoulaye (Padema, Houet). Six civilians were killed and ten were injured. The militants seized livestock and goods, and also burned shops and sheds in the village. After the attack, all inhabitants of Nematoulaye and the surrounding hamlets left the area. In a video released by the VDP, they requested the army's support in collecting the bodies of VDP left in the village after the attack.; On 14 January 2024, the Burkinabe air force carried out airstrikes against IS Sahel militants in the area of the Burkina Faso, Mali and Niger border, location coded to department capital Tin-Akoff (Tin-Akoff, Oudalan). At least four vehicles were destroyed and several dozens of militants were killed. 12 fatalities coded.; On 13 January 2024, the Burkinabe air force carried out airstrikes against IS Sahel militants in the area of the Burkina Faso, Mali and Niger border, location coded to department capital Tin-Akoff (Tin-Akoff, Oudalan). An armored vehicle was destroyed and several militants were killed. 10 fatalities coded.; On 13 January 2024, the Burkinabe forces claimed to have killed 12 JNIM militants including a leader in large-scale operations between Lalgaye and Sablogo (Lalgaye, Koulpelogo).; On 10 January 2024, soldiers and JNIM militants clashed in the area of Tiogo (Tenado, Sanguie). 8 militants were killed and two soldiers were injured. The soldiers seized one motorcycle, mobile phones, and a communication device.; On 10 January 2024, soldiers part of a supply convoy killed at least 25 civilians in the village of Boudieri (Kantchari, Tapoa).; On 7 January 2024, JNIM claimed to have attacked volunteer fighters (VDP) in the town of Sangha (Sangha, Koulpelogo). At least seven VDP were killed and AK rifles and ammunition were captured, the statement said.; On 4 January 2024, the Burkinabe air force carried out three drone strikes against JNIM militant positions in the area of Barani (Barani, Kossi). Soldiers conducted sweeps after the airstrikes. Several militants were killed. 10 fatalities coded.; On 3 January 2024, JNIM militants attacked the soldiers and volunteer fighters (VDP) base in the village of Gabou (Barsalogho, Sanmatenga). 17 VDP were killed and six were injured. JNIM claimed responsibility, said it killed at least 16 soldiers, and captured weapons, ammunition, and motorcycles.",JNIM: Group for Support of Islam and Muslims; JNIM: Group for Support of Islam and Muslims; JNIM: Group for Support of Islam and Muslims; JNIM: Group for Support of Islam and Muslims; Military Forces of Burkina Faso (2022-); JNIM: Group for Support of Islam and Muslims; JNIM: Group for Support of Islam and Muslims; VDP: Volunteer for Defense of Homeland; Military Forces of Burkina Faso (2022-); Police Forces of Burkina Faso (2022-); Military Forces of Burkina Faso (2022-); Military Forces of Burkina Faso (2022-); Military Forces of Burkina Faso (2022-); Military Forces of Burkina Faso (2022-); JNIM: Group for Support of Islam and Muslims; JNIM: Group for Support of Islam and Muslims; Military Forces of Burkina Faso (2022-); Military Forces of Burkina Faso (2022-); JNIM: Group for Support of Islam and Muslims; Military Forces of Burkina Faso (2022-); Military Forces of Burkina Faso (2022-); Military Forces of Burkina Faso (2022-); Military Forces of Burkina Faso (2022-); JNIM: Group for Support of Islam and Muslims; Military Forces of Niger (2023-); JNIM: Group for Support of Islam and Muslims; JNIM: Group for Support of Islam and Muslims; Islamic State Sahel Province (ISSP); JNIM: Group for Support of Islam and Muslims; Military Forces of Burkina Faso (2022-); Military Forces of Burkina Faso (2022-); JNIM: Group for Support of Islam and Muslims; JNIM: Group for Support of Islam and Muslims; JNIM: Group for Support of Islam and Muslims; Islamic State Sahel Province (ISSP); JNIM: Group for Support of Islam and Muslims; Islamic State Sahel Province (ISSP); Islamic State Sahel Province (ISSP); Military Forces of Burkina Faso (2022-); JNIM: Group for Support of Islam and Muslims; JNIM: Group for Support of Islam and Muslims; JNIM: Group for Support of Islam and Muslims; JNIM: Group for Support of Islam and Muslims; JNIM: Group for Support of Islam and Muslims and/or Islamic State Sahel Province (ISSP); JNIM: Group for Support of Islam and Muslims; Military Forces of Burkina Faso (2022-); JNIM: Group for Support of Islam and Muslims; Military Forces of Burkina Faso (2022-); Military Forces of Burkina Faso (2022-); Military Forces of Burkina Faso (2022-); Military Forces of Burkina Faso (2022-); JNIM: Group for Support of Islam and Muslims; JNIM: Group for Support of Islam and Muslims; Military Forces of Burkina Faso (2022-); JNIM: Group for Support of Islam and Muslims; JNIM: Group for Support of Islam and Muslims; Military Forces of Burkina Faso (2022-); JNIM: Group for Support of Islam and Muslims; JNIM: Group for Support of Islam and Muslims; JNIM: Group for Support of Islam and Muslims; VDP: Volunteer for Defense of Homeland; JNIM: Group for Support of Islam and Muslims; JNIM: Group for Support of Islam and Muslims; JNIM: Group for Support of Islam and Muslims; Military Forces of Burkina Faso (2022-); Military Forces of Burkina Faso (2022-); JNIM: Group for Support of Islam and Muslims; JNIM: Group for Support of Islam and Muslims; Military Forces of Burkina Faso (2022-); Military Forces of Burkina Faso (2022-); Military Forces of Burkina Faso (2022-); Military Forces of Burkina Faso (2022-); Military Forces of Burkina Faso (2022-); JNIM: Group for Support of Islam and Muslims; Military Forces of Burkina Faso (2022-); JNIM: Group for Support of Islam and Muslims; VDP: Volunteer for Defense of Homeland; Military Forces of Burkina Faso (2022-); Civilians (Burkina Faso); Military Forces of Burkina Faso (2022-); JNIM: Group for Support of Islam and Muslims; Civilians (Burkina Faso); VDP: Volunteer for Defense of Homeland; JNIM: Group for Support of Islam and Muslims; JNIM: Group for Support of Islam and Muslims; JNIM: Group for Support of Islam and Muslims; JNIM: Group for Support of Islam and Muslims; Civilians (Burkina Faso); Civilians (Burkina Faso); Civilians (Burkina Faso); Military Forces of Burkina Faso (2022-); VDP: Volunteer for Defense of Homeland; JNIM: Group for Support of Islam and Muslims; Islamic State Sahel Province (ISSP); VDP: Volunteer for Defense of Homeland; JNIM: Group for Support of Islam and Muslims; Civilians (Burkina Faso); Civilians (Burkina Faso); JNIM: Group for Support of Islam and Muslims; Military Forces of Burkina Faso (2022-); JNIM: Group for Support of Islam and Muslims; VDP: Volunteer for Defense of Homeland; VDP: Volunteer for Defense of Homeland; Military Forces of Burkina Faso (2022-); Military Forces of Burkina Faso (2022-); Civilians (Burkina Faso); Civilians (Burkina Faso); VDP: Volunteer for Defense of Homeland; Military Forces of Burkina Faso (2022-); Military Forces of Burkina Faso (2022-); Civilians (Burkina Faso); VDP: Volunteer for Defense of Homeland; Civilians (Burkina Faso); Civilians (Burkina Faso); JNIM: Group for Support of Islam and Muslims; Military Forces of Burkina Faso (2022-); VDP: Volunteer for Defense of Homeland; Military Forces of Burkina Faso (2022-); Civilians (Burkina Faso); Civilians (Burkina Faso); Civilians (Burkina Faso); JNIM: Group for Support of Islam and Muslims; Civilians (Burkina Faso); JNIM: Group for Support of Islam and Muslims; JNIM: Group for Support of Islam and Muslims; JNIM: Group for Support of Islam and Muslims; JNIM: Group for Support of Islam and Muslims; VDP: Volunteer for Defense of Homeland; Civilians (Burkina Faso); JNIM: Group for Support of Islam and Muslims; Military Forces of Burkina Faso (2022-); Civilians (Burkina Faso); JNIM: Group for Support of Islam and Muslims; VDP: Volunteer for Defense of Homeland; Military Forces of Burkina Faso (2022-); VDP: Volunteer for Defense of Homeland; Islamic State Sahel Province (ISSP); Civilians (Burkina Faso); VDP: Volunteer for Defense of Homeland; Civilians (Burkina Faso); Islamic State Sahel Province (ISSP); JNIM: Group for Support of Islam and Muslims; Islamic State Sahel Province (ISSP); VDP: Volunteer for Defense of Homeland; Islamic State Sahel Province (ISSP); Islamic State Sahel Province (ISSP); JNIM: Group for Support of Islam and Muslims; JNIM: Group for Support of Islam and Muslims; Civilians (Burkina Faso); VDP: Volunteer for Defense of Homeland; JNIM: Group for Support of Islam and Muslims; Military Forces of Burkina Faso (2022-)
canada,16,NA,NA,0,NA,NA
chad,1,2024,Middle Africa,102,"On 24 March 2024, a mine planted by ISWAP militants exploded at the passage of a Chadian army convoy which was chasing militants between Baltoua and Tchoukoutolia (Kaya, Lac). Between 7 and 10 militaries were killed and six were injured.; On 19 March 2024, and for a third day, Mouro ethnic militias clashed with Birgit ethnic militias in Tileguey village, Djourf Al-Ahmar department, location coded to the department capital Am Dam Dadjo, (Djourouf Al Ahmar, Sila) resulting in 15 people being killed. 42 fatalities split between three days (17 - 19 March), coded as 15. Security forces arrested 175 people involved in the fighting and seized 152 bladed weapons and 30 firearms.; On 18 March 2024, for a second day, Mouro ethnic militias clashed with Birgit ethnic militias in Tileguey village, Djourf Al-Ahmar department, location coded to the department capital Am Dam Dadjo, (Djourouf Al Ahmar, Sila), resulting in 15 people being killed. 42 fatalities split between three days (17 - 19 March), coded as 15. Security forces arrested 175 people involved in the fighting and seized 152 bladed weapons and 30 firearms.; On 17 March 2024, in a fighting that lasted for three days, Mouro ethnic militias clashed with Birgit ethnic militias in Tileguey village, Djourf Al-Ahmar department, location coded to the department capital Am Dam, Dadjo, (Djourouf Al Ahmar, Sila), resulting in 42 people being killed. 12 fatalities split between three days (17 - 19 March), coded as 5. Security forces arrested 175 people involved in the fighting and seized 152 bladed weapons and 30 firearms.; On 16 March 2024, members of the Mouro ethnic militias opened fire and killed 27 members of ethnic Birgit Muslims who were gathered to pray at a mosque in Tileguey village, (location coded to Adre, in Guergne, Assoungha, Ouaddai). Dozen more people were also injured. The attack was in retaliation to the attack against a Mouro man by ethnic Birgits over a land dispute that happened on the same day (coded separately).; On 28 February 2024, Chadian army opened fire at the headquarters of the opposition PSF party in the 2nd Arrondissment in NDjamena (Ndjamena, Ndjamena). The government claimed there was an exchange of fire resulting in at least 4 government soldiers and three PSF members killed, including the PSF leader, with reports that he was executed. At least 27 PSF activists were arrested including the uncle of the current President of the Republic. The government accused the PSF of attacking the Intelligence services headquarters and the Supreme Court a week ago, both claims the PSF has denied.; On 27 February 2024, overnight, PSF members gathered in front of the office of the National State Security Agency in Ndjamena (Ndjamena, Ndjamena) to demand the release of the body of a party member killed (coded separately), following his arrest for allegedly planning the assassination of the Supreme Court president. Government sources claimed PSF members opened fire against military forces while opposition sources claimed that the government security forces opened fire against demonstrators. 9 people were killed in the clash and 18 people were arrested. On 21 November 2024, Chadian authorities released PSF party Secretary General after nine months of detention, he was injured and arrested by Chadian security forces during the crackdown.; On 19 February 2024, MSF attacked ISWAP militias on an island in Tchoukoutolia (Kaya, Lac) killing an unknown number of militants. An unspecified number of fatalities coded as 10. MSF seized three canoes and five explosive shells.",Islamic State West Africa Province (ISWAP); Mouro Ethnic Militia (Chad); Mouro Ethnic Militia (Chad); Mouro Ethnic Militia (Chad); Mouro Ethnic Militia (Chad); Military Forces of Chad (2021-); Rioters (Chad); MSF: Multinational Security Force; Military Forces of Chad (2021-); Birgit Ethnic Militia (Chad); Birgit Ethnic Militia (Chad); Birgit Ethnic Militia (Chad); Civilians (Chad); PSF: Socialist Party without Borders; Military Forces of Chad (2021-); Islamic State West Africa Province (ISWAP)
chile,7,NA,NA,0,NA,NA
china,65,NA,NA,0,NA,NA
colombia,2,NA,NA,0,NA,NA
cuba,2,NA,NA,0,NA,NA
cyprus,2,NA,NA,0,NA,NA
djibouti,1,NA,NA,0,NA,NA
ecuador,8,2024,South America,35,"On 30 March 2024, in Guayaquil - Febres Cordero (Guayas), around four unidentified heavily armed assailants (described as hitmen) in a car and a motorcycle, got off their vehicles and opened fire dozens of times against a group of people in the Mariuxi Febres Cordero neighborhood, in the south Guasmo sector. Nine people were shot and killed, and ten others were injured and taken to hospital. Police stated that only one of the injured victims had criminal records for theft in 2017. The motivation behind the attack and its perpetrators are unknown. 9 fatalities.; On 23 March 2024, in Santa Elena (Santa Elena), three unidentified armed assailants came to Otto Arosemena neighborhood in a white pick-up truck and shot a people drinking outside a house (drive-by). Six of them died and two were injured. Police officers claimed that the attack was related to a territory dispute. 6 fatalities.; On 28 February 2024, in La Joya de los Sachas (Orellana), unidentified armed assailants shot and killed seven men and placed them on the back of a pick-up truck. The seven men were wearing military like uniforms, and are suspected of being part of an irregular armed group. 7 fatalities.; Around 15 February 2024 (as reported), in Estero Lagarto (Los Rios), six men were shot and killed and their bodies were found on top of each other on a gorge in El Delirio sector. All six victims belonged to the Pajaros Locos gang (alias of Los Chandy Gang). The men were taken by unidentified armed assailants and their bodies were found the day after. The six men had a criminal record for robbery, arms possession and murder. 6 fatalities.; On 9 January 2024, in Guayaquil - Tarqui (Guayas), unidentified armed assailants clashed with five private security guards at a shopping mall on Carlos Julio Arosemena Avenue and escaped on a pick-up truck. Cars were burned outside the mall. Police officers followed the assailants and clashed with the assailants in the Los Ceibos sector. Five civilians were killed by stray bullets, Two private guards were killed outside the mall. A known musician was also shot and killed by a stray bullet. 7 fatalities.",Unidentified Gang (Ecuador); Unidentified Gang (Ecuador); Unidentified Gang (Ecuador); Unidentified Gang (Ecuador); Unidentified Gang (Ecuador); Civilians (Ecuador); Civilians (Ecuador); Unidentified Armed Group (Ecuador); Los Chandy Gang; Police Forces of Ecuador (2023-)
egypt,19,NA,NA,0,NA,NA
ethiopia,2,2024,Eastern Africa,1208,"Around 27 March 2024 (as reported), ENDF, Amhara State Police and Kebele communal militia claimed to have clashed with Fano in Digo Tsion (Bibugn, East Gojam, Amhara), killing over 20 Fano members (uncorroborated fatalities coded as 10).; Around 27 March 2024 (week of), ENDF, Amhara state police, and kebele communal militia claimed to have clashed with Fano in Mergech (Shebel Bernta, East Gojam, Amhara), killing over 47 Fano members and injuring more than 20 (uncorroborated fatalities coded as 10).; Around 26 March 2024 (as reported), Amhara state police and kebele militia claimed to have clashed with Fano in Chugale kebele (location coded to the nearest town mentioned in the source Dangila, Dangila town, Awi, Amhara). ENDF claimed that 15 Fano members were killed (uncorroborated fatalities coded as 10).; On 25 March 2024, an armed actor (mentioned as Shane by the woreda's admin head, coded as OLF-OLA) shot and killed seven people serving in Debre Kidusan Kidus Gebre Kristos Orthodox Church (an Orthodox priest and a deacon with their families) in Dodola (Dodola town, West Arsi, Oromia).; On 25 March 2024, ENDF, Amhara state police, and Kebele communal militia claimed to have clashed with Fano on the outskirts of Debre Markos town (Debre Markos, Debre Markos town, East Gojam, Amhara), killing 10 Fanos, wounding 15, and seizing various types of weapons (fatalities uncorroborated).; On 25 March 2024, ENDF claimed to have clashed with Fano at Gerchech (Debub Mecha, West Gojam, Amhara). ENDF further claimed to have killed 42 Fano, including one member of Fano leadership (uncorroborated fatalities coded as 10). 7 Fanos surrendered to ENDF.; Around 24 March 2024 (weekend of), Afar ethnic militia and Somali ethnic militia clashed at an unspecified place in Siti zone (location coded to Shinile, Siti, Somali) and Gabi Rasu zone of Afar region (coded separately), leading to the death of at least 45 persons (20 from Afar side and 25 from Somali side). Fatalities split between the two locations and coded as 22.; Around 24 March 2024 (weekend of), Afar ethnic militia and Somali ethnic militia clashed at an unspecified place in Gabi Rasu zone (location coded to admin center Awash, Awash town, Gabi-Zone 3, Afar) and Sitti zone of Somali region (coded separately), leading to the death of at least 45 persons (20 from Afar side and 25 from Somali side). Fatalities split between the two locations and coded as 23.; On 24 March 2024, Fano claimed to have clashed with ENDF in Gerchech (Debub Mecha, West Gojam, Amhara). According to the Gojam Fano public relations head, Fano killed 46 ENDF, wounded 89 ENDF members and seized various types of weapons and ammunition. Fatalities unable to be verified, unspecified fatalities coded as 10.; On 24 March 2024, Fano claimed to have clashed with ENDF in Mer Awi (Marawi Town, West Gojam, Amhara), killing 24 ENDF soldiers and wounding 17 soldiers. Fatalities unable to be verified, unspecified fatalities coded as 10.; On 24 March 2024, Fano claimed to have clashed with ENDF in Sekela (location coded to the woreda's capital Gish Abay, Sekela, West Gojam, Amhara). ENDF hit Saint George Church with heavy artillery. An unspecified number of fatalities is coded as 10 due to the duration of the clash and the heavy weapons used by both parties.; On 22 March 2024, government security forces (likely ENDF due to their involvement in the government-led military operations in the area) attacked and killed 9 civilians in Soyi demis and other unspecified kebeles in Gidami woreda (location coded to the admin center of the woreda, Kellem Wollega, Oromia), accusing them of supporting OLF-OLA. The killing happened after the clashes with the militant group in the area ended (coded separately). Security forces also looted and vandalized private properties (coded separately).; On 19 March 2024, ENDF clashed with Fano in Gelawdios (Dera, South Gondar, Amhara), killing 23 Fanos, including the leader of Fano in the area. Following this, Fano declared Operation Wubante Abate (the name of a Gondar Fano vice chairman and military commander who was killed in the clash who was killed in the clash) and threatened to attack government forces in and outside the Amhara region.; On 19 March 2024, OLF-OLA clashed with ENDF in an unspecified location (coded to Adda Berga) in Adda Berga woreda (West Shewa, Oromia). OLF-OLA claimed to have killed and captured several number of ENDF soldiers. An unspecified number of casualties coded as 10.; Around 19 March 2024 (as reported), ENDF clashed with OLF-OLA in Nashe 3 Kebele, around Fincha Sugar Factory (location coded to the nearby Fincha Sugar Factory, Abay Chomen, Horo Gudru Wellega, Oromia). ENDF claimed to have killed more than 16 militants (uncorroborated). Several weapons and explosives were seized. Uncorroborated fatalities coded as 10.; On 16 March 2024, ENDF shot and killed over 16 people (mostly ethnic Amhara civilians) in Endode Dicho kebele, Gida Ayana woreda (East Wellega, Oromia), after conducting search operations. ENDF also disarmed ethnic Amhara civilians, following the killing of an ENDF soldier in the area a day ago (coded separately).; Around 15 March 2024 (month of), ENDF clashed with OLF-OLA around Ziquala Monastry, Liben Chukala woreda (East Shewa, Oromia). 13 OLF-OLA members were killed, including two commanders.; Around 13 March 2024 (week of), ENDF shot and killed six youths in Mucho kebele (location coded to Hare Kelo) in Gora Dola woreda (Guji, Oromia), after taking them out of Negele prison. The motive is unknown.; Around 12 March 2024, ENDF claimed to have clashed with OLF-OLA in Dankire kebele, Gudetu Kondole Woreda (location coded to the admin center of the woreda, Kondala, West Wellega, Oromia). Several OLA members were killed, injured, and captured (fatalities uncorroborated). Unspecified number of fatalities coded as 10.; Around 12 March 2024 (as reported), suspected Fano fighters attacked ENDF bases in Mer Awi (Merawi Town, West Gojam, Amhara). ENDF claimed to have killed at least 9 Fano fighters (fatalities uncorroborated). The Fano militants from Dangila, Dagi, Gerchech, Motta, Quariyt, Adet, and Meshanti traveled to Mer Awi and infiltrated the town by mixing with civilians, occupying the main buildings and firing heavy weapons at the ENDF bases in the town. ENDF accused Fano of attacking civilians after the clash (coded separately).; Around 12 March 2024 (as reported), suspected Fano militia killed at least 8 civilians (fatalities uncorroborated), including 2 local administrators, a teacher, a hotel worker, a hotel owner, and 2 children, in Mer Awi (Merawi Town, West Gojam, Amhara), after clashing with ENDF (coded separately).; On 11 March 2024, ethnic Amhara militias clashed with ethnic Oromo militias in Jawaha/Kolash kebele (location coded to Senbete) in Jilye Tumuga woreda (Oromia, Amhara), and in Molale kebele in Efratana Gidem woreda (coded separately), resulting in at least 11 people killed and an unknown number of wounded. 11 fatalities split between two locations and coded as 6.; On 11 March 2024, OLF-OLA killed at least 15 civilians in Shewa Robit town (Shoa Robit, North Shewa, Amhara). The perpetrators burned many civilians' homes in the location. There is no further information available.; Around 5 March 2024 (as reported), ENDF clashed with OLF-OLA around Fincha Sugar Factory (Abay Chomen, Horo Guduru Wellega, Oromia). ENDF claimed to have killed 9 militants and seized different artilleries and ammunition.; Around 5 March 2024 (as reported), ENDF clashed with OLF-OLA in Wurtuba kebele, Hitosa Woreda (location coded to the admin center of the Woreda, Iteya, Hitosa, Arsi, Oromia), Berkoke kebele, (coded separately) and in Sole Woliyi kebele (coded separately). ENDF claimed to have killed 31 OLF-OLA members and seized various types of weapons and ammunition. 31 fatalities split across three locations and coded as 10.; Around 5 March 2024 (as reported), ENDF clashed with OLF-OLA in Sole Woliyi kebele, Tiyo Woreda (location coded to the admin center of the Woreda, Asela, Arsi, Oromia), Berkoke kebele (coded separately), and Wurtuba kebele (coded separately). ENDF claimed to have killed 31 OLF-OLA members and seized various types of weapons and ammunition. 31 fatalities split across three locations and coded as 11.; Around 5 March 2024 (as reported), ENDF clashed with OLF-OLA in Berkoke kebele, Sodo Dachi Woreda (location coded to the admin center, Tere, Sodo Dachi, Southwest Shewa, Oromia), Sole Woliyi kebele (coded separately), and in Wurtuba kebele (coded separately). ENDF claimed to have killed 31 OLF-OLA members and seized various types of weapons and ammunition. 31 fatalities split across three locations and coded as 10.; On 4 March 2024, Fano militias clashed with ethnic Oromo militias in Maganta Fursi and Kara Kore kebeles (location coded to admin center, Chefa Robit, in Artuma Fursi woreda, Oromia, Amhara). At least 8 ethnic Oromo militias were killed and over 15 others wounded in the fighting.; On 3 March 2024, Fano ambushed ENDF soldiers between Feres Bet and Dembecha town (location coded to Feres Bet, Dega Damot, West Gojam, Amhara). Fano representatives from the area indicated that the clash led to many deaths. An unspecified number of fatalities coded as ten as the clash lasted for over 5 hours, leading to 'many' deaths.; Around 3 March 2024 (as reported), ENDF, supported by Amhara security forces (likely Amhara State Police and Kebele Militia based on the existing arrangement), claimed to have clashed with Fano militia around Mertule Mariam (location coded to Mertule Mariam, Enebse Sarmder, East Gojam, Amhara). ENDF further claimed to have killed 21 militants, injured 28 and seized various individual weapons. Uncorroborated fatalities coded as 10.; On 3 March 2024, ENDF claimed to have clashed with Fano in Segno Gebeya (Enebse Sarmder, East Gojam, Amhara). ENDF further claimed to have killed 21 Fano militants and captured many more. Uncorroborated fatalities coded as 10.; On 3 March 2024, ENDF claimed to have clashed with Fano in Debre Werk (Enarj Enawga, East Gojam, Amhara). ENDF further claimed to have killed 20 Fano and captured many more (uncorroborated fatalities coded as 10).; On 1 March 2024, Fano clashed with ENDF, Amhara Police, and Kebele militia in Bahir Dar (Bahir Dar town, West Gojam, Amhara). Fano claimed to have seized various types of weapons and captured many militias. The parties clashed in Kebele 11, Kebele 14, Lideta sefer, Abay Mado, Sebatamit, Zenzelima, and Mekod parts of the city. One police station located in Kebele 11 was burned and the Ethiopian Airlines canceled flights due to the event. An unspecified number of fatalities coded as 10 as one hospital source indicated the death of many soldiers among those admitted to the hospital due to injury from the attack.; On 28 February 2024, ENDF soldiers summarily executed 11 civilians (10 students and 1 farmer) who were attending their Kine (poetry) education at Ethiopian Orthodox Church South Gojam Diocese St. Gabriel church in Birakat (Debub Mecha, West Gojam, Amhara). The perpetrators accused the victims of hosting Fanos in the church compound and of sympathizing with Fano. Some sources placed the number of fatalities at 33.; On 27 February 2024, ENDF and Fano clashed in Agut (Sekela, West Gojam, Amhara). The ENDF claimed to have killed 47 Fanos, including eight Fano leadership members of the area. The ENDF also seized various types of weapons and ammunition.; Around 27 February 2024 (as reported), suspected Fano militia clashed with ENDF in Feres bet (Dega Damot, West Gojam, Amhara). Fano militia encircled the town and launched attacks from different directions to loot fertilizers stored in the town after some of the ENDF forces stationed in the town left the area for other missions. 40 Fano militants were killed and 28 others were injured (uncorroborated fatalities coded as 10).; Around 27 February 2024 (as reported), ENDF claimed to have conducted a military operation against Fano in the area between Agut and Ashifa (location coded to Agut, Sekela, West Gojam, Amhara), and killed 9 Fano (fatalities uncorroborated).; Around 27 February 2024 (as reported), ENDF claimed to have carried out a military operation against Fano militia in the area extending from Ashifa to Gundil (location coded to Gundil Jigirta, Sekela, West Gojam, Amhara), and killed 7 militants (fatalities uncorroborated).; On 27 February 2024, ENDF claimed to have clashed with Fano militia in the area between Gundil and Ambisi (location coded to the Gundil Jigirta, Sekela, West Gojam, Amhara), and killed 47 militants (uncorroborated fatalities coded as 10). No further information is available.; On 26 February 2024, ENDF and Fano clashed in Gerchech (Debub Mecha, West Gojam, Amhara). The ENDF claimed to have killed 10 Fanos, including one Fano leadership member.; On 26 February 2024, ENDF, supported by Amhara security forces (likely Amhara State Police and Kebele Militia based on the existing structure), claimed to have clashed with Fano in Addis Kidame (Fagta Lakoma, Awi, Amhara). ENDF killed 30, injured 43, captured 7 members of the militant group, and seized various weapons. Uncorroborated fatalities coded as 10. Fano forces gathered from Fagta zuria woreda, Sekela, Dangila, Gerchech and Arb Gebeya areas fought ENDF in the clash.; On 24 February 2024, ENDF and Amhara state security forces (coded as Amhara police and kebele militia) clashed with Fano in Addis Kidame town (Awi Zone, Amhara), using heavy artilleries. ENDF claimed to have killed 30 Fano members, wounded 43 Fanos, captured 7 Fanos, and seized various types of weapons and ammunition. Transport services, along the roads between Mer Awi and Bahridar, and Mer Awi and Dangila, were disrupted for several days. Many residents fled the town due to security concerns.; On 24 February 2024, ENDF soldiers shot and killed six youths in Mucho kebele (location coded to Hare Kelo, in Gora Dola woreda, Guji, Oromia), and wounded one. Residents said the victims were taken from unknown places, possibly from prison (mentioned as the bodies of the deceased had no belts).; Around 24 February 2024 (as reported), ENDF claimed to have clashed with OLF-OLA at an unspecified location in Jarte Jardega woreda (location coded to the admin center of the woreda, Alibo, Horo Gudru Wellega, Oromia). More than 30 militants were killed, and several others were injured. Uncorroborated fatalities coded as 10. ENDF further claimed to have captured top leader of the group in the area and seized several individual weapons.; Around 23 February 2024 (as reported), ENDF clashed with Fano militias between Atsede Mariam and Juba, in West Esite woreda (South Gondar, Amhara), resulting in over 100 Fano militias being killed and injured. ENDF also claimed to have captured an unknown number of Fano militias and seized two ISUZU-FSR tracks and a Landcruiser vehicle used by the armed group. Fatalities coded as 50.; On 23 February 2024, overnight, Fano militias opened fire, burned down over 100 homes, and killed over 32 ethnic Agew civilians in Ambela town, in Nigusa woreda (location coded to admin center, Injibara, Injibara town, Awi zone, Amhara). No further information is available.; Around 23 February 2024 (as reported), ENDF, supported by East Gojam zone security forces (likely Kebele militia and Amhara state police due to the current structure), claimed to have conducted a military operation against Fano in the areas extending from Atsede Mariam to Yejube town in Baso liben woreda (location coded to Yejube, Baso liben, East Gojam, Amhara). According to the ENDF, more than 100 militants were killed and several injured, and many other members of the group were captured. Uncorroborated fatalities coded as 10. ENDF also seized two looted vehicles from the group (coded separately).; On 22 February 2024, armed actors (likely Fano, referred to as rebels) killed eight civilians (all women, including girls) in Kore Meda (Eferatana Gidem, North Shewa, Amhara). Further information is not available.; On 22 February 2024, armed actors (likely Fano, referred to as rebels) killed seven civilians (six men and one woman) in Bergebi (location coded to Shewa Robit, Shoa robit, North Shewa, Amhara). The victims were traveling in Bajaj. Further information is not available.; On 22 February 2024, Fano militias shot and killed 8 ethnic Oromo civilians, including five teachers and three women domestic workers returning to their families from the Middle East, in Shewa Robit town, Shoa Robit (North Shewa, Amhara), after kidnapping them from a public bus on 19 February while they were en route to Kemise (coded separately). After the incident, the command post overseeing the state of emergency in the Amhara region has imposed an indefinite ban on all kinds of movement on the main asphalt between Debre Berhan and Dessie cities.; Around 22 February 2024 (as reported), ENDF claimed to have clashed with Fano in Yejube town in Baso Liben woreda (East Gojam, Amhara). Fano gathered from 11 neighboring woredas and attempted to loot fertilizers stored for distribution. ENDF further claimed to have killed more than 100 Fano and seized at least 20 Kalashnikovs, waist armor, and bombs. Uncorroborated fatalities coded as 10.; Around 21 February 2024 (week of), ENDF clashed with OLF Shane around Jarte Jardega, Jardega Jarti woreda (Horo Gudru Wellega, Oromia). ENDF claimed to have killed over 30 OLF Shane fighters and captured a senior military commander of the armed group.; Around 21 February 2024 (week of), OLF Shane attacked civilians in various kebeles of Ameya Woreda (location coded to admin center Gindo, South West Shewa, Oromia), killing six persons and burning at least 100 houses. The victims were Amhara minorities living in the woreda, and close to 20,000 people were displaced from their homes to Darge, Walga, and other neighboring woredas.; Around 20 February 2024 (as reported), ENDF claimed to have clashed with OLF-OLA at an unspecified location in North Shewa Zone (location coded to the zonal admin center, Fiche town, Fiche, North Shewa, Oromia). ENDF further claimed to have killed more than 50 and captured several militants. Uncorroborated fatalities coded as 10.; Around 20 February 2024 (as reported), ENDF claimed to have clashed with OLF-OLA near Abote in Gerar Jarso woreda (North Shewa, Oromia). ENDF further claimed to have killed more than 70 OLF-OLA, including 7 top leaders (uncorroborated fatalities coded as 10). Various weapons and bullets were seized.; On 19 February 2024, ENDF shelled Wichale town (Ambasel, South Wello, Amhara). The ENDF conducted the shelling from the direction of Ambassel Mountain and targeted Fano positions as Fano controlled Wichale a day before the shelling (coded separately). An unspecified number of fatalities coded as 10 due to 'many' civilian casualties from the shelling.; On 19 February 2024, ENDF carried out a drone attack on an ISUZU truck transporting more than 40 passengers in Mojan Wedera Woreda at Fela Magenteya (location coded to the admin center of the woreda, Sela Dingay, North Shewa, Amhara), following clashes between ENDF and Fano forces in the nearby areas in the woreda (coded separately). At least 30 people, including the driver, were killed, and more than 15 were injured. Most of the victims were close relatives who were returning from an infant's baptism ceremony at a church in Sasit town, whilst others were fleeing to escape from the ongoing fighting in the area.; On 18 February 2024, OLF Shane clashed with ENDF in Ejere town, Hidabu Abote woreda (North Shewa, Oromia), resulting in seven civilians being killed, and an unknown number of others wounded in the crossfire.; On 15 February 2024, OLF-OLA shot and killed 11 civilians in Abuye Jeblal kebele (location coded to admin center, Gindo) in Ameya woreda (South West Shewa, Oromia). The armed group also burned down an unspecified number of civilian houses and motor bicycles.; On 13 February 2024, OLF Shane and Fano clashed in Tuti kebele of Dera woreda (location coded to Selelkula, Dera, North Shewa, Oromia), leading to the burning of hundreds of civilians' houses and the death of 'many' civilians. The ENDF deployed to the area with two military convoys and later clashed with Fano (coded separately). An unspecified number of fatalities coded as 10.; On 11 February 2024, ENDF, Amhara police, and kebele militia clashed with Fano in Aradom (Raya Kobo, North Wello, Amhara), Mengelo (coded separately) and Kalim (coded separately). According to the Fano member from the area, the ENDF started the attack against Kola Korma and Zobel Brigade of East Amhara Fano. The Fano member further stated that one Fano was wounded, and at least 18 ENDF soldiers were killed. Fatalities split among three locations and coded as 6.; On 11 February 2024, ENDF, Amhara police, and kebele militia clashed with Fano in Mengelo (Raya Kobo, North Wello, Amhara), Aradom (coded separately) and Kalim (coded separately). According to the Fano member from the area, the ENDF started the attack against Kola Korma and Zobel Brigade of East Amhara Fano. The Fano member further stated that one Fano was wounded, and at least 18 ENDF soldiers were killed. Fatalities split among three locations and coded as 6.; On 11 February 2024, ENDF, Amhara police, and kebele militia clashed with Fano in Kalim (Raya Kobo, North Wello, Amhara), Aradom (coded separately) and Mengelo (coded separately). According to the Fano member from the area, the ENDF started the attack against Kola Korma and Zobel Brigade of East Amhara Fano. The Fano member further stated that one Fano was wounded, and at least 18 ENDF soldiers were killed. Fatalities split among three locations and coded as 6.; Around 10 February 2024 (as reported), ENDF claimed to have clashed with OLF-OLA in Burka kebele, Liban Jawi Woreda (location coded to the admin center of the woreda, Babich, West Shewa, Oromia). ENDF further claimed to have killed 2 senior leaders of the militant group and more than 70 ordinary fighters. Uncorroborated fatalities coded as 10.; Around 10 February 2024 (as reported), ENDF claimed to have clashed with OLF-OLA in various unspecified kebeles in Boneya Boshe Woreda (location coded to the admin center of the woreda, Bilo, East Wellega, Oromia). ENDF further claimed to have killed more than 50 members of the militia and seized various weapons. Uncorroborated fatalities coded as 10.; On 9 February 2024, for the second day, ENDF and Fano clashed in Kobo (location coded to Kobo Robit, Raya Kobo, North Wello, Amhara). ENDF killed 6 civilians. Three of them were directly targeted after the ENDF soldiers accused them of supporting Fano while the others were killed by stray bullets.; Around 9 February 2024 (as reported), ENDF claimed to have clashed with OLF-OLA at various unspecified locations in West Wellega zone (location coded to the zonal admin center, Gimbi, Gimbi town, West Wellega, Oromia). ENDF further claimed to have killed more than 200 militants and seized individual weapons, ammunition and grenades. Uncorroborated fatalities coded as 10. Security forces also opened the main road connecting Kimashi zone with West Wellega zone for trade and transportation services.; Around 7 February 2024 (week of), ENDF clashed with OLF Shane in Burka kebele (location coded to admin center, Babich) in Liban Jawi woreda (West Shewa, Oromia). ENDF claimed to have killed and wounded 'scores' of OLF Shane fighters, including senior commanders, and seized several group and individual firearms. An unspecified number of fatalities coded as 10.; Around 7 February 2024 (week of), ENDF clashed with OLF Shane in an unspecified location (coded to Bilo) in Boneya Boshe woreda (East Wellega, Oromia). ENDF claimed to have killed and wounded 'scores' of OLF Shane fighters and seized several group and individual firearms. An unspecified number of fatalities coded as 10.; On 2 February 2024, Fano ambushed ENDF positions in Gobiye town (Guba Lafto, North Wello, Amhara), killing at least 13 ENDF and kebele militia members. Two Fano members also sustained severe injuries.; Around 1 February 2024 (as reported), ENDF's Commando Division claimed to have clashed with Fano militia in Sherafit mountainous area in Merhabete Woreda (location coded to Merhabete, North Shewa, Amhara). ENDF killed an unspecified number of militia members and seized various weapons (fatalities uncorroborated). Uknown fatalities mentioned by the source and coded as 10.; On 29 January 2024, Fano clashed with ENDF, Amhara Police, and Kebele Communal Militia in Mer Awi (Marawi town, West Gojam, Amhara), leading to the killing of many police, militia, and civilians. Two Orthodox churches were partly destroyed by heavy artillery, and around 15 three-wheeled vehicles (Bajajs) were burned during the clash. After the end of the clash, the ENDF directly targeted civilians in the town following the ambush by Fano (coded separately). An unspecified number of fatalities is coded as 10.; On 29 January 2024, Republican Guard forces claimed to have clashed with OLF-OLA in Awash Felte (Kersana Malima, South West Shewa, Oromia). Republican guards killed several OLF-Shene members and seized various weapons, bullets, and other equipment used by the group. Fatalities uncorroborated. Uknown number of fatalities coded as 10.; On 29 January 2024, ENDF, Amhara state police, and kebele communal militia summarily executed at least 45 people (some sources mentioned up to 100), mostly civilians, in Mer Awi town (Marawi town, West Gojam, Amhara) after conducting house-to-house searches and accusing them of supporting Fano. An unknown number of prisoners were arrested over suspicion of being members of Fano militias, and around 18 daily laborers who were sheltered from the fighting in civilian houses were among the victims. The attack preceded a clash between Fano and the perpetrators on the same day in Marawi town (coded separately). The number of fatalities coded conservatively as 45 based on the latest preliminary report by EHRC. The Ethiopian government denied the allegation that its forces targeted civilians and said the SoE inquiry board would investigate the incident.; Around 26 January 2024 (between 24 - 27 January), ENDF shot and killed at least six people in Tule kebele (location coded to Wedesa) in Ambo Zuria woreda (West Shewa, Oromia), after accusing them of being OLF Shane 'informants'.; Around 24 January 2024 (week of), the Republican Guards carried out a military operation against OLF Shane in Fete Ledi/Chobi kebele (location coded to admin center, Fentale, in Fentale woreda, East Shewa, Oromia). 10 members of OLF Shane were killed, and others were wounded. The government forces also confiscated various types of weapons used by the group.; On 23 January 2024, OLF Shane ambushed the Oromia regional militia (coded as Kebele Communal Militia) in Ergansa Kebele (location coded to Kele, Gelana, West Guji, Oromia), killing 12 militiamen and wounding 2 others. The attack occurred a few days after the ENDF troops stationed in the area moved out. The OLF confiscated 12 guns from the victims and departed from the area. The wounded militias received medical support at Kele Primary Hospital.; On 22 January 2024, ENDF launched two rounds of drone strikes against OLF Shane positions in Abulo and Kerero kebeles (location coded to Adola town, in Adola Rede woreda, East Guji, Oromia), resulting in an unknown number of civilians getting killed and properties destroyed. An unspecified number of fatalities (due to strikes in settlement areas) coded as 10. OLF accused the government forces of using poisonous bombs in the strikes.; On 21 January 2024, ENDF launched three rounds of drone strikes against OLF Shane positions in Gibiso kebele, Kersana Malima woreda (South West Shewa, Oromia), resulting in an unknown number of civilians getting killed and properties destroyed. An unspecified number of fatalities (due to strikes in settlement areas) coded as 10. OLF accused the government forces of using poisonous bombs in the strikes.; Around 21 January 2024 (as reported), ENDF claimed to have clashed with OLF-OLA in Worra Mera kebele in Amuru Woreda (location coded to Agemsa, Horo Gudru Wellega, Oromia), killing and injuring several members of the insurgent group (fatalities uncorroborated). Unknown fatalities coded as 10.; On 21 January 2024, ENDF clashed with Fano militia forces operating in the areas extending from Jama River to the areas surrounding Alem Ketema in Merhabete woreda (North Shewa, Amhara), killing an unspecified number of Fano members and captured the head of propaganda and public relations wing (fatalities uncorroborated). Uknown fatalities coded as 10. Government security forces also seized several weapons, one pick-up vehicle, one ambulance, and one Isuzu truck which were looted by the insurgent group.; On 19 January 2024, government security forces (coded as ENDF) shot and killed at least 15 civilians and wounded two others in Yeidwuha town, Shebel Bernta woreda (East Gojam, Amhara), after conducting house-to-house searches and accusing them of supporting Fano. The attack preceded a clash between Fano and the government forces on the same day (coded separately).; On 17 January 2024, for a second day, ENDF and Fano clashed in Adet (Adet town, West Gojam, Amhara). ENDF also conducted a drone strike killing 32 individuals. ENDF performed two rounds of drone strikes within 40 minutes. The first-round killed 17 individuals, and the second killed 15 individuals. Fano representative from the area claimed that all victims were civilians, it is unknown whether the civilians were targeted as Fano controlled Adet town a day before the attack and were visibly in the town (coded separately).; On 16 January 2024, Kebele militia clashed with Fano in Mida Oromo and Kolu Kebeles (location coded to Gundo Meskel, Dera, North Shewa, Oromia), resulting in the killing of at least 10 individuals. According to eyewitnesses from the area, Fano burned civilians' houses and destroyed their properties.; On 16 January 2024, Fano clashed with ENDF in and around Fendika town, Jawi woreda (Awi, Amhara), after the Fano closed in on the town from different directions. Dozens of people (including civilians) were killed and an unknown number injured. According to a Fano representative from the area, Fano destroyed two regiments of ENDF and seized different types of weapons. Several houses were also damaged in the fighting. Unspecified number of fatalities mentioned as dozens coded as 12.; Around 16 January 2024 (as reported), ENDF claimed to have clashed with OLF-OLA in Shambu Woreda (location coded to the woreda admin center, Shambu, Shambu town, Horo Gudru Wellega, Oromia). Government forces killed several members of the insurgent group and seized several weapons, medicine, fuel, and more than 100 Kuntal food items. Fatalities uncorroborated. Unknown fatalities coded as 10.; On 16 January 2024, Fano clashed with ENDF, Amhara police, and Kebele militia in Adet (Adet town, West Gojam, Amhara), briefly taking control of Adet town from the government forces. A Fano representative from the area claimed that many ENDF soldiers, police and militia were killed, and Fano seized various types of weapons from the operation. Fano were forced to leave the town the next day (in less than 24 hours) following a drone attack by the ENDF (coded separately). An unspecified number of fatalities coded as ten.; Around 15 January 2024 (month of), ENDF carried out a military operation against OLF Shane in an unspecified location (coded to the admin center, Nejo, Nejo town, in West Wellega, Oromia). ENDF claimed to have killed and wounded over 'hundreds' of OLF Shane (some reports mention 200), seized several firearms, and opened up closed roads connecting the West Wellega zone to the Kamashi zone of Benshangul/Gumuz region. An unspecified number of fatalities coded as 50.; On 15 January 2024, government security forces (likely ENDF, mentioned as soldiers who were patrolling in the area) shot and killed six civilians in Wey Beyign kebele/Absera, Quarit woreda (West Gojam, Amhara) after conducting house-to-house searches and taking them out of their homes.; On 11 January 2024, ENDF clashed with the Fano in Lideta neighborhood in Gonder town (Central Gondar, Amhara). ENDF attempted to arrest a Fano member who was hiding in one house, and the Fano member fired towards ENDF soldiers and escaped. Subsequently, the ENDF shelled the house and demolished it. At least 7 civilians were killed, with some reports mentioning 10 fatalities. One oil factory and other residential houses were burned.; On 8 January 2024, ENDF and Fano clashes for the second day in Gonder (Gonder town, Central Gondar, Amhara), resulting in the killing of many individuals. According to the Gondar state of emergency command post, it controlled the efforts to dismantle the city's peace. According to the eyewitnesses, many houses were burned and demolished by heavy artilleries. Unspecified number of fatalities coded as ten.; On 7 January 2024, ENDF and Fano clashed in Maraki sub-city of Gonder (Gonder town, Central Gondar, Amhara), resulting in the killing of several individuals. Unspecified number of fatalities coded as ten.; On 5 January 2024, South Ethiopia Region Police, suspectedly supported by the ENDF, attacked and killed civilians in Wozeka and Demble kebeles, Arba Minch Zuria Woreda (location coded to Arba Minch, admin centre of the woreda, Gamo Zone, South Ethiopia Region). The incident happened in connection with the dispute over the demand for Liyu woreda by Zeyse ethnic group. Police conducted house-to-house searches, and confiscated personal belongings. At least 7 civilians were killed and an unknown number of residents were displaced.; On 5 January 2024, armed men (coded as unidentified armed group) clashed with South Ethiopia State Police and Federal police in Elgo and Wezeka kebeles (location coded to Shera, Arba Minch Zuria, Gamo, South Ethiopia). The police forces killed 9 civilians and the unidentified armed group wounded three police officers. Many people were displaced to nearby forests, fearing attack by the police. Another report mentioned fatalities as 8.; On 5 January 2024, ENDF killed at least seven civilians in Mersa Mini ber area (location coded to Mersa, Mersa town, North Wello, Amhara) as a retaliation for the losses sustained in the clash with Fano on the same day (coded separately). One of the victims requested the ENDF to give him the body of his brother, who was killed in the battle and instantly shot by one soldier.; On 3 January 2024, Fano ambushed ENDF at Ambasel near Wichale (location coded to Wichale, South Wello, Amhara). ENDF fired heavy artillery towards Ambasel mountain, killed ten farmers, and burned an unidentified number of houses.",Military Forces of Ethiopia (2018-); Military Forces of Ethiopia (2018-); Police Forces of Ethiopia (2018-) Amhara State Police; OLF-OLA: Oromo Liberation Army-Oromo Liberation Front; Military Forces of Ethiopia (2018-); Military Forces of Ethiopia (2018-); Afar Ethnic Militia (Ethiopia); Afar Ethnic Militia (Ethiopia); Fano Youth Militia; Fano Youth Militia; Fano Youth Militia; Military Forces of Ethiopia (2018-); Military Forces of Ethiopia (2018-); OLF-OLA: Oromo Liberation Army-Oromo Liberation Front; Military Forces of Ethiopia (2018-); Military Forces of Ethiopia (2018-); Military Forces of Ethiopia (2018-); Military Forces of Ethiopia (2018-); Military Forces of Ethiopia (2018-); Fano Youth Militia; Fano Youth Militia; Amhara Ethnic Militia (Ethiopia); OLF-OLA: Oromo Liberation Army-Oromo Liberation Front; Military Forces of Ethiopia (2018-); Military Forces of Ethiopia (2018-); Military Forces of Ethiopia (2018-); Military Forces of Ethiopia (2018-); Fano Youth Militia; Fano Youth Militia; Military Forces of Ethiopia (2018-); Military Forces of Ethiopia (2018-); Military Forces of Ethiopia (2018-); Fano Youth Militia; Military Forces of Ethiopia (2018-); Military Forces of Ethiopia (2018-); Fano Youth Militia; Military Forces of Ethiopia (2018-); Military Forces of Ethiopia (2018-); Military Forces of Ethiopia (2018-); Military Forces of Ethiopia (2018-); Military Forces of Ethiopia (2018-); Military Forces of Ethiopia (2018-); Military Forces of Ethiopia (2018-); Military Forces of Ethiopia (2018-); Military Forces of Ethiopia (2018-); Fano Youth Militia; Military Forces of Ethiopia (2018-); Fano Youth Militia; Fano Youth Militia; Fano Youth Militia; Military Forces of Ethiopia (2018-); Military Forces of Ethiopia (2018-); OLF-OLA: Oromo Liberation Army-Oromo Liberation Front; Military Forces of Ethiopia (2018-); Military Forces of Ethiopia (2018-); Military Forces of Ethiopia (2018-); Military Forces of Ethiopia (2018-); OLF-OLA: Oromo Liberation Army-Oromo Liberation Front; OLF-OLA: Oromo Liberation Army-Oromo Liberation Front; OLF-OLA: Oromo Liberation Army-Oromo Liberation Front; Military Forces of Ethiopia (2018-); Military Forces of Ethiopia (2018-); Military Forces of Ethiopia (2018-); Military Forces of Ethiopia (2018-); Military Forces of Ethiopia (2018-); Military Forces of Ethiopia (2018-); Military Forces of Ethiopia (2018-); Military Forces of Ethiopia (2018-); Military Forces of Ethiopia (2018-); Fano Youth Militia; Military Forces of Ethiopia (2018-); Fano Youth Militia; Military Forces of Ethiopia (2018-) Republican Guard; Military Forces of Ethiopia (2018-); Military Forces of Ethiopia (2018-); Military Forces of Ethiopia (2018-) Republican Guard; OLF-OLA: Oromo Liberation Army-Oromo Liberation Front; Military Forces of Ethiopia (2018-); Military Forces of Ethiopia (2018-); Military Forces of Ethiopia (2018-); Military Forces of Ethiopia (2018-); Military Forces of Ethiopia (2018-); Military Forces of Ethiopia (2018-); Kebele Communal Militia (Ethiopia); Fano Youth Militia; Military Forces of Ethiopia (2018-); Fano Youth Militia; Military Forces of Ethiopia (2018-); Military Forces of Ethiopia (2018-); Military Forces of Ethiopia (2018-); Military Forces of Ethiopia (2018-); Military Forces of Ethiopia (2018-); Police Forces of Ethiopia (2023-) South Ethiopia State Police; Unidentified Armed Group (Ethiopia); Military Forces of Ethiopia (2018-); Fano Youth Militia; Fano Youth Militia; Fano Youth Militia; Fano Youth Militia; Civilians (Ethiopia); Fano Youth Militia; Fano Youth Militia; Somali Ethnic Militia (Ethiopia); Somali Ethnic Militia (Ethiopia); Military Forces of Ethiopia (2018-); Military Forces of Ethiopia (2018-); Military Forces of Ethiopia (2018-); Civilians (Ethiopia); Fano Youth Militia; Military Forces of Ethiopia (2018-); OLF-OLA: Oromo Liberation Army-Oromo Liberation Front; Civilians (Ethiopia); OLF-OLA: Oromo Liberation Army-Oromo Liberation Front; Civilians (Ethiopia); OLF-OLA: Oromo Liberation Army-Oromo Liberation Front; Military Forces of Ethiopia (2018-); Civilians (Ethiopia); Oromo Ethnic Militia (Ethiopia); Civilians (Ethiopia); OLF-OLA: Oromo Liberation Army-Oromo Liberation Front; OLF-OLA: Oromo Liberation Army-Oromo Liberation Front; OLF-OLA: Oromo Liberation Army-Oromo Liberation Front; OLF-OLA: Oromo Liberation Army-Oromo Liberation Front; Oromo Ethnic Militia (Ethiopia); Military Forces of Ethiopia (2018-); Fano Youth Militia; Fano Youth Militia; Fano Youth Militia; Military Forces of Ethiopia (2018-); Civilians (Ethiopia); Fano Youth Militia; Military Forces of Ethiopia (2018-); Fano Youth Militia; Fano Youth Militia; Fano Youth Militia; Fano Youth Militia; Fano Youth Militia; Fano Youth Militia; Civilians (Ethiopia); OLF-OLA: Oromo Liberation Army-Oromo Liberation Front; Fano Youth Militia; Civilians (Ethiopia); Fano Youth Militia; Civilians (Ethiopia); Civilians (Ethiopia); Civilians (Ethiopia); Fano Youth Militia; OLF-OLA: Oromo Liberation Army-Oromo Liberation Front; Civilians (Ethiopia); OLF-OLA: Oromo Liberation Army-Oromo Liberation Front; OLF-OLA: Oromo Liberation Army-Oromo Liberation Front; Fano Youth Militia; Civilians (Ethiopia); Military Forces of Ethiopia (2018-); Civilians (Ethiopia); Fano Youth Militia; Fano Youth Militia; Fano Youth Militia; Fano Youth Militia; OLF-OLA: Oromo Liberation Army-Oromo Liberation Front; OLF-OLA: Oromo Liberation Army-Oromo Liberation Front; Fano Youth Militia; OLF-OLA: Oromo Liberation Army-Oromo Liberation Front; OLF-OLA: Oromo Liberation Army-Oromo Liberation Front; OLF-OLA: Oromo Liberation Army-Oromo Liberation Front; Military Forces of Ethiopia (2018-); Fano Youth Militia; Military Forces of Ethiopia (2018-); OLF-OLA: Oromo Liberation Army-Oromo Liberation Front; Civilians (Ethiopia); Civilians (Ethiopia); OLF-OLA: Oromo Liberation Army-Oromo Liberation Front; Kebele Communal Militia (Ethiopia); OLF-OLA: Oromo Liberation Army-Oromo Liberation Front; OLF-OLA: Oromo Liberation Army-Oromo Liberation Front; OLF-OLA: Oromo Liberation Army-Oromo Liberation Front; Fano Youth Militia; Civilians (Ethiopia); Fano Youth Militia; Fano Youth Militia; Military Forces of Ethiopia (2018-); OLF-OLA: Oromo Liberation Army-Oromo Liberation Front; Military Forces of Ethiopia (2018-); OLF-OLA: Oromo Liberation Army-Oromo Liberation Front; Civilians (Ethiopia); Fano Youth Militia; Fano Youth Militia; Fano Youth Militia; Civilians (Ethiopia); Police Forces of Ethiopia (2023-) South Ethiopia State Police; Civilians (Ethiopia); Military Forces of Ethiopia (2018-)
falkland islands,1,NA,NA,0,NA,NA
finland,6,NA,NA,0,NA,NA
france,27,NA,NA,0,NA,NA
gambia,3,NA,NA,0,NA,NA
germany,19,NA,NA,0,NA,NA
greece,1,NA,NA,0,NA,NA
guatemala,2,NA,NA,0,NA,NA
haiti,22,2024,Caribbean,412,"On 26 March 2024, in Port-au-Prince - Petionville, Ouest, seven members of the Kraze Barye Gang (a.k.a. Vitelhomme Gang) were shot and killed amidst armed clashes with police forces on the Freres Road. 7 fatalities.; On 17 March 2024, in Petion Ville - Juvenat, Ouest, overnight, armed gang members on motorcycles opened fire on civilians on the Panamerican Avenue (likely around Petion Ville - Juvenat) , killing more than 10 people (up to 15 according to other sources) (drive-by). Their corpses were found scattered on the streets in the morning of 18 March. One was found inside a pick-up truck vehicle. At least two of the victims were identified as vendors. One deceased was killed while sleeping. Also, a body was found in Juvenat neighborhood, causing a roadblock. At least 10 fatalities; On 8 March 2024, in Ganthier, Ouest, the 400 Mawozo Gang killed at least 11 civilians as they attacked residential areas in the commune. At least 11 fatalities.; On 2 March 2024, in Port-au-Prince - Centre Ville, Ouest, members of the Base 5 Secondes Gang fired shots against the National Palace (Champs de Mars, coded separately) and assaulted the Civil Prison (a.k.a. National Penitentiary), in Centre Ville neighbourhood. Police forces clashed with the gangsters in the vicinity and within the prison, resulting in at least 30 fatalities among police officers, penitentiary staff members, and prisoners. The corpses of the deceased were found around the prison and scattered in several nearby areas of the downtown. Some had gunshot wounds, some other were mutilated, burned, or tied up. An unknown number of prison workers and inmates were injured. Thousands of prisoners fled. Some imprisoned gangsters were released by their accomplices, while other inmates took the opportunity to escape. Around 90 prisoners decided to stay inside the prison when police forces left the building. They were described as the convicted in relation to the killing of President Jovenel Moise (coded separately). The gang members had spied on the facilities with a drone since 29 February. The prison's assault was part of coordinated attacks against the two major Haiti prisons led by the G-9 Gang with the support of gangs aligned to the Living Together Movement gang-led initiative (coded separately). Still that day, the Ministry of Culture and Communications (Bois Verna neighbourhood) was occupied and looted. Gunshots were heard in Champs de Mars, Lalue, Bas Delmas and Poste Marchand. The building hosting Radio TV Caraibes was hit by stray bullets (Morne a Tuf). A young woman was shot in the mouth as she took refuge at the FASCH Faculty (Avenue Christophe neighbourhood). At least 30 fatalities, several injured.; On 29 February 2024, in Bon Repos, Ouest, the Canaan Gang, together with the Chien Mechant Gang, killed at least five police officers (three men and two women) and injured five others during an attack against a police station. One of the wounded was lynched to death by the gangsters. The bodies of the deceased were tortured and mutilated. One was taken by the criminals and another corpse belonging to a police inspector was found the day after. The police station and a patrol vehicle were set on fire. The gangsters took over the police station and, on March 11, published a video showing a police officer held hostage. This was part of a set of coordinated attacks led by the G-9 Gang leader, who claimed responsibility, and supported by gangs aligned to the Living Together Movement gang-led initiative. The G-9 leader was seen in a video announcing his intentions of seizing the police chief and government ministers and preventing Prime Minister (PM), Ariel Henry, from returning to Haiti. The PM was in Kenya in a government visit. At least 6 fatalities.; On 22 February 2024, in Carrefour - Terrain Ti Carme, Ouest, overnight, gang members carried out several attacks, killing at least six people. One of the victims was a police officer who was shot by three armed gang members and his body was mutilated and set it on fire, in Mahotiere 85 (Terrain Ti Carme neighbourhood). A civilian riding a motorcycle was decapitated on the road. An unspecified number of other residents were killed. As part of the attacks, gang members looted a hotel in Brochette neighbourhood. The perpetrators were later lynched by a mob of residents (coded separately). At least 6 fatalities.; On 18 February 2024, near Thomazeau, Ouest, members of the 400 Mawozo Gang opened fire on a public transport minibus near the Morne a Cabrits peak. The driver and nine passengers were killed. Eight others were injured. The vehicle was doing the Mirebalais/Port-au-Prince route when the shooting took place. The attack was carried out near a police station as policemen were trying to expel the criminals from the National Road 3, although no interaction between the officers and the gangsters was mentioned. 10 fatalities, 8 injured.; On 16 February 2024, in Port-au-Prince - Carrefour, Ouest, members of the Bwa Kale Movement militia killed 10 gang members from Martissant. 10 fatalities.; On 12 February 2024, near Marin, Ouest, gang members from the Chien Mechant Gang and the Canaan Gang clashed with the rival gang led by Ti Gabriel. Another version states that the clash was between members of the Chien Mechant Gang and the Canaan Gang. During clashes, residents were attacked and hundreds of houses were burned in La Plaine du Cul-du-Sac area. Some young women were raped in front of their parents. Thousands of civilians fled their homes. This was part of a gang war for territory and for the control of economic activity in the targeted areas. According to one source, more than 20 people were killed amidst gang clashes near Marin and in Sibert. At least 20 bodies were found burned in the Marie Madeleine zone. According to another report, on 12 February more than 30 civilians were killed amidst gang clashes in Carrefour and La Plaine du Cul-du-Sac. At least 20 fatalities split across two events. 10 fatalities coded for this event.; Around 12 February 2024 (as reported), in Tabarre - Duvivier/Galette Goureau, Ouest, gang members from the Chien Mechant Gang and the Canaan Gang clashed with the rival gang led by Ti Gabriel in Duvivier neighbourhood. Another version states that the clash was between members of the Chien Mechant Gang and the Canaan Gang. This was part of a gang war for territory and for the control of economic activity in the targeted areas. Some residents fled their homes. More than 15 people were killed and an unknown number were injured as a result of gang clashes in Duvivier, Terre Noire (Cite Soleil), and Blanchard neighborhoods (Cite Soleil) (coded separately). At least 15 fatalities split across two events.; On 12 February 2024, in Cite Soleil - Terre Noire/ Blanchard, Ouest, gang members from the Chien Mechant Gang and the Canaan Gang clashed with the rival gang led by Ti Gabriel in Terre Noire, Barye Fe, and Blanchard neighborhoods. Another version states that the clash was between members of the Chien Mechant Gang and the Canaan Gang. This was part of a gang war for territory and for the control of economic activity in the targeted areas. Some residents fled their homes. More than 15 people were killed and an unknown number were injured as a result of gang clashes in Terre Noire, Blanchard, and Duvivier neighborhoods (Tabarre) (coded separately). At least 15 fatalities split across two events.; On 12 February 2024, in Port-au-Prince - Carrefour, Ouest, in the morning, rival gang members engaged in armed clashes in the commune. During clashes, the gangsters attacked and killed residents and set fire to hundreds of houses. Some young women were raped in front of their parents. Thousands of civilians fled their homes. On 12 February, more than 30 civilians were killed amidst gang clashes in Carrefour and La Plaine du Cul-du-Sac. At least 30 fatalities split across three events. 10 events coded for this event.; On 12 February 2024, in Sibert, Ouest, gang members from the Chien Mechant Gang and the Canaan Gang clashed with the rival gang led by Ti Gabriel. Another version states that the clash was between members of the Chien Mechant Gang and the Canaan Gang. This was part of a gang war for territory and for the control of economic activity in the targeted areas. Some residents fled their homes. More than 20 people were killed amidst gang clashes near Marin and in Sibert. At least 20 bodies were found burned in the Marie Madeleine zone. At least 20 fatalities split across two events. 10 fatalities coded for this event.; On 10 February 2024, in Croix-des-Bouquets, Ouest, members of the Chien Mechant Gang engaged in armed clashes with rival gangsters from the Terre Noire Gang on the National Road 1 and in La Plaine du Cul-du-Sac area. The clashes lasted for several days. An unknown number of civilians were killed. Between 8 and 12 February, clashes between the Chien Mechant and Canaan Gang (from G-Pep La Gang coalition) against their rivals from the Pierre VI and Terre Noire Gangs (from G-9 Gang coalition) resulted in at least 127 civilians killed in Cite Soleil, Tabarre, and Croix-des-Bouquets communes (coded separately). At least 127 fatalities split across four events, 32 fatalities coded here.; Around 10 February 2024 (between 8 - 12 February), in Cite Soleil - Terre Noire/ Blanchard, Ouest, rival gang members engaged in armed clashes in Terre Noire and Blanchard neighborhoods. At least six casualties were counted among civilians in Blanchard (unspecified if they were injured or killed). The Rhum Barbancourt S.A. Company announced the closure of its facilities after the burning of eight hectares of cane fields near the company's premises as a result of the gang clashes. Clashes lasted for several days. Gunshots were heard in Waaf Jeremie area. Between 8 and 12 February, clashes between the Chien Mechant and Canaan Gang (from G-Pep La Gang coalition) against their rivals from the Pierre VI and Terre Noire Gangs (from G-9 Gang coalition) resulted in at least 127 civilians killed in Cite Soleil, Tabarre, and Croix-des-Bouquets communes (coded separately). At least 127 fatalities split across four events, 32 fatalities coded here.; Around 10 February 2024 (between 8 - 12 February), in Tabarre, Ouest, rival gang members engaged in armed clashes in areas of the commune belonging to La Plaine. Between 8 and 12 February, clashes between the Chien Mechant and Canaan Gang (from G-Pep La Gang coalition) against their rivals from the Pierre VI and Terre Noire Gangs (from G-9 Gang coalition) resulted in at least 127 civilians killed in Cite Soleil, Tabarre, and Croix-des-Bouquets communes (coded separately). At least 127 fatalities split across four events, 31 fatalities coded here.; On 8 February 2024, in Port-au-Prince - Cite Soleil, Ouest, unidentified gangs engaged in armed clashes. Between 8 and 12 February, clashes between the Chien Mechant and Canaan Gang (from G-Pep La Gang coalition) against their rivals from the Pierre VI and Terre Noir Gangs (from G-9 Gang coalition) resulted in at least 127 civilians killed in Cite Soleil, Tabarre, and Croix-des-Bouquets communes (coded separately). Also, a roadblock was set up on the National Road 1 in Damiens while gunshots were heard in Sarthe and Terre Noire. At least 127 fatalities split across four events, 32 fatalities coded here.; On 30 January 2024, in Port-au-Prince, Ouest, for the fourth consecutive day, gang members from different factions of the G-9 alliance that operate in La Saline and Wharf Jeremie clashed in La Saline neighborhood and nearby areas as part of a fight for territory and for the control of passage fees imposed on trucks leaving Varreux Oil Terminal. The gangsters were described as members of the Base Nan Chabon Gang (led by Marc) who had engaged in an internal plot against their leader, other reports suggest that members of Base Nan Tokyo and Base Krache Dief participated in clash (all affiliated with the G-9). Between 27 and 30 January, more than 20 fatalities were counted among the gang members. At least 9 civilians were killed, and more than 30 were injured as a result of clashes between gangsters from Wharf Jeremie and La Saline. At least 29 fatalities and 30 injured split across four related armed clash events coded between 27 and 30 January.; On 30 January 2024, in Cite Soleil - Drouillard, Ouest, members of the G-9 Gang engaged in armed clashes with rival gangsters affiliated to the G-Pep La Gang in Drouillard area. Dozens people were killed. Several dozen families fled their homes to take refuge elsewhere. At least 12 fatalities.; On 29 January 2024, in Port-au-Prince, Ouest, for the third consecutive day, gang members from different factions of the G-9 alliance that operate in La Saline and Wharf Jeremie clashed in La Saline neighborhood and nearby areas as part of a fight for territory and for the control of passage fees imposed on trucks leaving Varreux Oil Terminal. The gangsters were described as members of the Base Nan Chabon Gang (led by Marc) who had engaged in an internal plot against their leader, other reports suggest that members of Base Nan Tokyo and Base Krache Dief participated in clash (all affiliated with the G-9). Between 27 and 30 January, more than 20 fatalities were counted among the gang members. At least 9 civilians were killed, and more than 30 were injured as a result of clashes between gangsters from Wharf Jeremie and La Saline. At least 29 fatalities and 30 injured split across four related armed clash events coded between 27 and 30 January.; On 28 January 2024, in Port-au-Prince, Ouest, for the second consecutive day, gang members from different factions of the G-9 alliance that operate in La Saline and Wharf Jeremie clashed in La Saline neighborhood and nearby areas as part of a fight for territory and for the control of passage fees imposed on trucks leaving Varreux Oil Terminal. The gangsters were described as members of the Base Nan Chabon Gang (led by Marc) who had engaged in an internal plot against their leader, other reports suggest that members of Base Nan Tokyo and Base Krache Dief participated in clash (all affiliated with the G-9). Between 27 and 30 January, more than 20 fatalities were counted among the gang members. At least 9 civilians were killed, and more than 30 were injured as a result of clashes between gangsters from Wharf Jeremie and La Saline. At least 29 fatalities and 30 injured split across four related armed clash events coded between 27 and 30 January.; On 27 January 2024, in Port-au-Prince, Ouest, gang members from different factions of the G-9 alliance that operate in La Saline and Wharf Jeremie clashed in La Saline neighborhood and nearby areas as part of a fight for territory and for the control of passage fees imposed on trucks leaving Varreux Oil Terminal. The gangsters were described as members of the Base Nan Chabon Gang (led by Marc) who had engaged in an internal plot against their leader, other reports suggest that members of Base Nan Tokyo and Base Krache Dief participated in clash (all affiliated with the G-9). Between 27 and 30 January, more than 20 fatalities were counted among the gang members. At least 9 civilians were killed, and more than 30 were injured as a result of clashes between gangsters from Wharf Jeremie and La Saline. At least 29 fatalities and 30 injured split across four related armed clash events coded between 27 and 30 January.; On 22 January 2024, in Carrefour - Mariani, Ouest, the leader of the Bout Ba Gang operating in this location killed around 20 people who were trying to reach higher regions of the commune by sea. The report indicates that the boats' captains were decapitated. Around 20 fatalities.; Around 15 January 2024 (month of), in Tabarre - Torcelle, Ouest, members of the Kraze Barye Gang (a.k.a. Vitelhomme Gang) clashed in their stronghold, in Tabarre 70 (Torcelle neighbourhood), over internal disputes. Up to 63 gang members were killed. At least 63 fatalities.; On 13 January 2024, in Arcahaie, Ouest, gang members from the Williamson locality killed over 10 people in the area. The report indicates that the gangsters believed that the victims had provided support to a rival armed group. At least 10 fatalities.; Around 7 January 2024 (as reported), in Port-au-Prince - Delmas, Ouest, at least nine people were killed (methods unspecified) and their bodies were found partially burned at a dump site, in Delmas 19. Among the victims, there were seven men and two women, although only one of the men was identified. The scene was recorded and shared on social media. The perpetrators and the motivation for the attack are unknown. At least 9 fatalities.; On 6 January 2024, off the Coast of Port-au-Prince - Carrefour, Ouest, unidentified gang members attacked a public transport canoe at the height of the Alpha Village, shooting and killing at least seven men and women, including several merchants. The canoe's destination was the coast of Gressier. The gangsters threw some corpses into the sea. An unknown number of passengers were injured. Several were kidnapped, including three women. Some of them were released. The whereabouts of the rest are unknown. At least 7 fatalities.",Police Forces of Haiti (2017-2024); Unidentified Gang (Haiti); 400 Mawozo Gang; Base 5 Secondes Gang; Canaan Gang; Unidentified Gang (Haiti); 400 Mawozo Gang; Bwa Kale Movement; Chien Mechant Gang; Chien Mechant Gang; Chien Mechant Gang; Unidentified Gang (Haiti); Chien Mechant Gang; Chien Mechant Gang; G-Pep La Gang; G-Pep La Gang; G-Pep La Gang; G-9 Gang; G-9 Gang; G-9 Gang; G-9 Gang; G-9 Gang; Bout Ba Gang; Kraze Barye Gang; Unidentified Gang (Haiti); Unidentified Armed Group (Haiti); Unidentified Gang (Haiti); Kraze Barye Gang; Civilians (Haiti); Civilians (Haiti); Police Forces of Haiti (2017-2024); Police Forces of Haiti (2017-2024); Civilians (Haiti); Civilians (Haiti); Unidentified Gang (Haiti); Ti Gabriel Gang; Ti Gabriel Gang; Ti Gabriel Gang; Unidentified Gang (Haiti); Ti Gabriel Gang; Terre Noire Gang; G-9 Gang; G-9 Gang; G-9 Gang; G-9 Gang; G-Pep La Gang; G-9 Gang; G-9 Gang; G-9 Gang; Civilians (Haiti); Kraze Barye Gang; Civilians (Haiti); Civilians (Haiti); Civilians (Haiti)
hong kong,3,NA,NA,0,NA,NA
hungary,11,NA,NA,0,NA,NA
india,23,2024,South Asia,12,"On 27 March 2024, Naxal-Maoist rebels clashed with a joint team of the District Reserve Guard (DRG), Central Reserve Police Force (CRPF), and CoBRA (Commando Battalion for Resolute Action) in the jungles of Chikurbhatti and Pusbaka villages under the Basaguda Police Station area (Bijapur district, Chhattisgarh), during an encounter. Six Naxal-Maoist rebels were killed.; On 8 February 2024, thousands of people (likely from the Muslim community based on the issue) pelted stones - and were also suspected of having opened fire - at members of the Municipal Corporation and the Police team, and set fire to the police station and police jeeps, tractors, and other vehicles, at Banbhoolpura area in Haldwani city (Uttarakhand) against the demolition of a madrasa and a mosque in the 'Malik ka Bagicha' locality - which the local authorities claimed was built illegally - as part of a larger drive against illegal encroachment in the area (coded separately). 6 people were killed - including 5 rioters - and many others were injured - including injuries to 100 police personnel. A city-wide curfew and shoot-at-sight orders were implemented in Haldwani. 25 people were later arrested and more than 75 others were taken into custody. The police also recovered firearms and cartridges stolen from the police station.",Naxal-Maoist Rebels (India); Rioters (India); Police Forces of India (2014-) District Reserve Group; Police Forces of India (2014-)
indonesia,11,NA,NA,0,NA,NA
iran,87,2024,Middle East,111,"On 26 January 2024, 3 unidentified gunmen opened fire at Pakistani people in Sirkan village (Sistan and Baluchestan). As a result, 9 Pakistanis were killed, including 2 (presumably off-duty) members of the Pakistani army and 3 others were wounded.; On 18 January 2024, the Pakistan army launched a series of airstrikes by 3 armed drones and attacked 7 targets at three points in Dezak, Haghabad villages and the Shamsar border near Saravan city (Sistan and Baluchistan). Pakistan claimed that this attack was targeting Baloch separatist groups, including the members of the Baluchistan Liberation Army, codenamed 'Operation Marg Bar Sarmachar'. As a result, 9 Pakistanis, including 4 kids, 3 women and 2 men, were killed, and 2 others were wounded. The attack was launched in response to the Iranian missile strikes in Pakistan's Baluchistan province two days earlier.; On 3 January 2024, two suicide bombers blew themselves in the crowds of Shiite mourners at the fifth-anniversary ceremony and commemoration of Qassem Soleimani's death near the Garden of Martyrs cemetery in Kerman (Kerman). The Islamic State of Khorasan claimed responsibility for the attack after 24 hours, claiming it targeted civilians for being 'polytheists'. The first bomb was detonated around 15:00 local time around the Saheb al-Zaman mosque outside security checkpoints, and the second bomb exploded about 15 minutes later, about 1km away from the cemetery, targeting people who were running from the first blast. At least 93 civilians were killed, and 284 individuals were injured, including 13 Afghan citizens and 30 children. The suicide bombers were identified as the IS militants from Tajikistan.",Unidentified Armed Group (Iran); Military Forces of Pakistan (2022-); Islamic State Khorasan Province (ISKP); Civilians (Pakistan); Civilians (Pakistan); Civilians (Iran)
iraq,26,2024,Middle East,58,"On 9 March 2024, the 44th Brigade (Liwa Ansar al-Marja'iyya) of the Popular Mobilization Forces with the Iraqi F-16's airstrike surrounded and killed 6 IS militants in their Hideout in Wadi Tharthar area, Ninewa. 6 fatalities.; On 2 February 2024, US airstrikes targeted the 13th Brigade (Al-Tufuf Brigade) of the Popular Mobilization Forces in Akashat, Al Anbar province, killing 17 fighters. 17 fatalities.; On 2 February 2024, US airstrikes targeted 4 positions, including an ammo depot, belonging to Kataib Hezbollah and the IRGC in the Al Sikk area of Al Qaim city, Al Anbar. The airstrikes killed between 1 and 3 civilians and injured between 11 and 15 civilians. They strikes killed 11 PMF and injured 36 of them. 12 to 14 fatalities in total and 47 to 51 injured in total. 12 fatalities coded.; On 15 January 2024, Al Shaghanba tribal militants clashed with each other in a march between Al Midaina and Chibayish on the Basrah side of the Thi Qar - Basrah provincial border. The clash resulted in 7 fatalities. The clash was motivated by the killing of a teacher in Midaina district several weeks ago on an unspecified date.; On 12 January 2024, PKK militants attacked Turkish army positions in Gire Amediye area of Al Amadiya district, Duhok. HPG (PKK) claimed a total of 61 Turkish soldiers were killed in the attack, but Turkish sources confirmed that 9 Turkish soldiers were killed and 4 others were killed, claiming 15 PKK fighters were neutralized (killed or injured). 9 confirmed Turkish fatalities coded.; On 4 January 2024, three Iraqi F-16 airstrikes targeted an IS hideout between the Zaklawa and Samud villages in the Wadi Shay Valley, Kirkuk. The strikes killed 7 IS militants.",Military Forces of Iraq (2022-); Global Coalition Against Daesh; Global Coalition Against Daesh; Al Shaghanba Tribal Militia (Iraq); PKK: Kurdistan Workers Party; Military Forces of Iraq (2022-); Islamic State in Iraq and the Levant (ISIL); Military Forces of Iraq (2022-) Popular Mobilization Forces; Military Forces of Iraq (2022-) Popular Mobilization Forces; Al Shaghanba Tribal Militia (Iraq); Military Forces of Turkey (2016-); Islamic State in Iraq and the Levant (ISIL)
ireland,14,NA,NA,0,NA,NA
israel,428,NA,NA,0,NA,NA
italy,3,NA,NA,0,NA,NA
japan,18,NA,NA,0,NA,NA
jordan,22,NA,NA,0,NA,NA
kenya,6,2024,Eastern Africa,23,"On 19 March 2024, an IED planted by Al Shabaab detonated, targeting a military convoy en route to Ras Kamboni in Somalia near Ishakani (Lamu East, Lamu). Al Shabaab claimed to have killed six soldiers.; On 9 March 2024, an IED planted by Al Shabaab detonated, targeting police (other sources mention military officers) on patrol at Welmerer (other sources mention between Ali Jugur and Wel Mareer) (Dadaab, Garissa). Nine officers were injured while two armored vehicles were destabilized during the incident. Al Shabaab claimed killing 8 officers and injured 9 others.; Around 15 January 2024 (as reported), Al Shabaab ambushed a truck carrying GSU officers and Administration Police's Quick Response and Border Patrol units, part of a convoy traveling from El Wak to Mandera along the Elwak-Wargadud road at the junction of Lafey and Iresuki (location coded as Lafey, Lafey, Mandera). The attack was initiated by directional IED followed by gunshots. At least five officers sustained injuries and the truck partly damaged. Al Shabaab claimed killing 9 officers and 7 others sustained injuries.",Al Shabaab; Al Shabaab; Al Shabaab; Military Forces of Kenya (2022-); Police Forces of Kenya (2022-); Police Forces of Kenya (2022-) General Service Unit
lebanon,154,2024,Middle East,31,"On 27 March 2024, Israeli warplanes carried out an airstrike with two missiles targeting a house in Tayr Harfa town (Tyr, South) amid ongoing hostilities with Hezbollah. One of the missiles did not explode. The Israeli military announced that it had struck Hezbollah cells in the town. The attack led to significant infrastructural damage in the town. Hezbollah announced the death of four fighters in the strike. The circumstances of the fighters' death are unclear, but likely from Israeli targeting of the area. 2 paramedics who were members of Hezbollah's Islamic Health Association were killed in a second strike on the same location during the same day. total fatalities were 6.; On 27 March 2024, Israeli warplanes carried out airstrikes on paramedic center in El Habbariye town (Hasbeiya, Al Nabatieh) amid ongoing hostilities with Hezbollah. 7 paramedics were killed and four civilians were injured in the airstrikes. Israeli military spokesperson Afikhay Adroui announced that the Israeli military struck and killed a commander for the Islamic Group in the airstrike.; On 14 February 2024, Israeli warplanes carried out an airstrike on the Maslakh neighborhood in Nabatiye town (Al Nabatieh, Al Nabatieh). An Israeli drone also targeted an apartment near the Sabbah High School in the city. This comes as cross-border exchanges continue with Hezbollah. Three Hezbollah members, and eight civilians were killed and two individuals were injured in the airstrikes.; On 2 January 2024, Israeli fighter jets struck a house in the southern suburb (Dhayia) of Beirut (coded to Haret Hreik) (Baabda) with precision-guided missiles, killing the deputy chairman of Hamas, alongside 6 other Hamas members including 2 senior officers from Al Qassam brigades.",Military Forces of Israel (2022-); Military Forces of Israel (2022-); Military Forces of Israel (2022-); Military Forces of Israel (2022-); Hezbollah; Civilians (Lebanon); Hezbollah; Hamas Movement
lithuania,1,NA,NA,0,NA,NA
malaysia,4,NA,NA,0,NA,NA
maldives,3,NA,NA,0,NA,NA
mali,5,2024,Western Africa,603,"On 22 March 2024, the Malian air force carried out airstrikes against a group of Koranic students (children) in the village of Douna (Douentza, Mopti). 14 students were killed and eight were injured.; On 18 March 2024, JNIM militants attacked Dozo hunters in the village of Kara (Macina, Segou). The militants killed ten hunters and seized livestock.; On 17 March 2024, Wagner mercenaries killed six civilians between Sarnyere and Tabi (Douentza, Mopti). The civilians were on their way to the Douentza market.; On 16 March 2024, the Malian air force carried out drone strikes against civilians in the village of Amasrakad (Gao, Gao). FAMa stated the airstrikes killed several militants and destroyed an important quantity of war material and rolling stock. Local sources said the air strikes hit a civilian vehicle in the communal health center and a group of civilians at a wedding. 13 civilians were killed including women, children and the technical director of the health center. About ten civilians were also injured.; On 16 March 2024, JNIM militants attacked Dozo between Diado and Ouana (Macina, Segou). The militants killed 15 Dozo memnbers and seized 12 hunting guns, ammunitions and 20 motorcycles.; On 15 March 2024, JNIM militants carried out two ambushes against Dozo militiamen in the commune of Saye (Macina, Segou). At least 15 militiamen were killed.; On 14 March 2024, JNIM militants attacked Dan Na Ambassagou militiamen in the village of Kouna (Mopti, Mopti). Ten militiamen were killed and four were injured. The militants seized five motorcycles and one weapon.; On 12 March 2024, JNIM militants attacked a position of Dan Na Ambassagou militiamen in the village of Diangassagou (Bandiagara, Mopti). Eight militiamen were killed, three were injured, and livestock seized by the militants.; On 11 March 2024, JNIM militants attacked civilians in Timiniri (Bandiagara, Mopti). Eight civilians were killed including five children. The children had gone to collect grass for livestock. One civilian was also injured and three were missing.; On 9 March 2024, IS Sahel militants attacked JNIM militants in the area of Doreye (Gao, Gao). 17 JNIM militants were killed, including a leader called Amadou Moussa alias 'Ilyassou'. IS Sahel militants also seized a vehicle and various equipment.; On 8 March 2024, Dozo militiamen abducted about thirty people, the majority Fulan who left the market in the village of Kingolola (Macina, Segou). The abducted were killed and the corpses were dumped in a well near the village.; On 6 March 2024, JNIM militants attacked civilians accused of being involved in deforestation in Dioura (Tenenkou, Mopti). Nine civilians were killed.; On 28 February 2024, JNIM militants carried out a complex attack against FAMa forces securing a roadworks site in Kwala (Kolokani, Koulikoro). FAMa stated the attack was repelled without providing further details. Various sources said at least 20 soldiers were killed and a number of vehicles were seized or burned, and weapons were seized by the militants. JNIM claimed responsibility, said its fighters killed 30 soldiers, burned 16 vehicles, displayed a large amount of weapons and ammo said captured, and acknowledged one killed in its ranks. 21 fatalities coded.; On 23 February 2024, a patrol of FAMa and Wagner forces killed at least 20 civilians and arrested several others in the village of Tiontie (Macina, Segou).; On 21 February 2024, FAMa forces arrested several civilians near the village of Fatine (Macina, Segou). Six civilians were killed.; Around 20 February 2024 (between 20 - 22 February), FAMa and Wagner forces carried out an air-supported operation aboard helicopters in the village of Dandougou (Banamba, Koulikoro). 21 civilians were killed in the town and eight in the bush. 29 total fatalities coded.; On 20 February 2024, IS Sahel militants killed at least six civilians in an encampment in the area of Inekar (Inekar, Menaka). The militants also seized livestock accusing the victims of collaborating with armed group signatory.; On 19 February 2024, IS Sahel militants attacked the village of In-Lamawane (Inekar, Menaka). Seven civilians were killed, three vehicles burned, and a large number of livestock seized .; On 17 February 2024, the Malian air force carried out an airstrike against civilians in the village of Konokasi (Niono, Segou). Dozens of people were killed and several were wounded including severely. The victims had come to bury other civilians killed by an air strike during a wedding ceremony on 16 February 2023. 10 fatalities coded.; On 16 February 2024, the Malian air force carried out an airstrike against civilians at a wedding in the village of Konokasi (Niono, Segou). At least six civilians including the groom were killed.; On 15 February 2024, FAMa and Wagner forces attacked the villages of Dandougou and Dounde (Banamba, Koulikoro). At least 24 civilian merchants were killed, predominantly from the Fulani community. Fatalities are split across two events. 12 fatalities coded.; On 15 February 2024, FAMa and Wagner forces attacked the villages of Dounde and Dandougou (Banamba, Koulikoro). At least 24 civilian merchants killed, predominantly from the Fulani community. Fatalities are split across two events. 12 fatalities coded.; On 14 February 2024, the Malian air force carried out airstrikes and ground operations in the village of NDolla (Niono, Segou). 11 civilians including an elderly woman were killed in the operation.; On 13 February 2024, overnight the Malian air force carried out a drone strike against fuel vendor point in Talhandak (Abeibara, Kidal). Seven Nigerien and Chadian nationals were killed and three other civilians were wounded.; On 11 February 2024, JNIM militants and Dozo militiamen clashed in the village of Medina-Coura B3 (Niono, Segou). At least 17 militiamen were killed.; On 10 February 2024, IS Sahel militants ambushed FAMa forces escorting food convoy in the area In Delimane (Ansongo, Gao). FAMa stated the attack was repelled and several militants were killed. IS Sahel claimed responsibility, said it killed 25 Malian army and Wagner personnel and wounded others, and that drones, helicopters, and jets intervened and carried out airstrikes without resulting in any losses in the group's ranks. Unknown fatalities coded as 10.; On 10 February 2024, JNIM militants carried out a complex ambush involving IED detonation and gunfire against FAMa forces between Mandiakuy and Benena (Tominian, Segou). FAMa stated the attack was repelled and an airstrike was conducted against the militants, without providing further details. JNIM claimed responsibility, said it killed nine soldiers and lost three fighters, and displayed five corpses of soldiers killed, weapons and ammo captured, two vehicles set ablaze.; On 7 February 2024, Wagner killed 15 civilians from the Songhai community, near the town of Ansongo (Ansongo, Gao).; On 5 February 2024, FAMa and Wagner forces killed ten civilians from the Songhai community and looted goods in the town of Dianke (Niafunke, Tombouctou).; On 3 February 2024, JNIM militants attacked the village of N'Donina (Macina, Segou). About ten Dozos including a leader and the village chief were killed.; On 2 February 2024, JNIM militants attacked the villages of Koungodian and Djidian (Macina, Segou). About ten Dozo militiamen were killed.; On 1 February 2024, FAMa and Wagner forces killed seven civilians and arrested four others in the village of Djounhane Kidal (Kidal, Kidal).; On 30 January 2024, JNIM militants attacked the village of Boky Were (Macina, Segou). 16 civilians were killed.; On 28 January 2024, JNIM militants attacked the village of Bouyagui Were (Niono, Segou). Eight Dozo militiamen were killed, and goods and livestock seized. Residents left the villages of Faba-Coura, Faba-Coro, Bouyagui Were, and Niendjela after the attack.; On 28 January 2024, JNIM militants attacked the village of Faba-Coura (Niono, Segou). Eight Dozo militiamen were killed, about ten others wounded, and goods and livestock seized. JNIM militants ambushed and killed four Dozo militiamen deployed as reinforcements from Faba-Coro. 12 fatalities coded. Residents left the villages of Faba-Coura, Faba-Coro, Bouyagui Were, and Niendjela after the attack.; On 27 January 2024, JNIM militants attacked the village of Ogota (Bankass, Mopti). 18 civilians were killed. The militants set fire to houses, some of which collapsed, and seized motorcycles and livestock. JNIM claimed responsibility in an audio statement, saying its fighters killed 12 Dana Na Ambassagou militiamen and seized a large quantity of materiel in two attacks in Ouembe and Ogota.; On 26 January 2024, FAMa forces and Wagner mercenaries killed 25 civilians from the Fulani community in the village of Wuro Ferro, near Mourdiah (Nara, Koulikoro). The victim's corpses were burned.; On 25 January 2024, FAMa forces and Wagner mercenaries killed six civilians and looted shops in the village of Attara (Niafunke, Tombouctou). In a statement FAMa said it repelled an ambush during an offensive reconnaissance mission without providing further details.; On 22 January 2024, Malian soldiers killed seven civilians including five Mauritanian pastoralists in the outskirts of Kaloumba (Nara, Koulikoro).; On 21 January 2024, FAMa and Wagner forces carried out an air-supported operation aboard helicopters in the area of In Araban (Menaka, Menaka). 14 IS Sahel militants including a leader and two lieutenants were killed, and pickup trucks and motorcycles were destroyed.; On 18 January 2024, Malian soldiers and Wagner mercenaries killed seven civilians between Diabaly and Nampala (Niono, Segou), according to a JNIM statement.; On 11 January 2024, IS Sahel militants clashed with GATIA (Ag Gamou faction) militiamen between Gao and Intahaka (Gao, Gao). Seven GATIA militiamen were killed and one was injured.; On 9 January 2024, Wagner mercenaries abducted and killed ten civilians in the village of Tabagart (Gourma-Rharous, Tombouctou).; On 9 January 2024, FAMa and Wagner forces burned several IDP encampments in the village of Tabagart (Gossi, Gourma-Rharous, Tombouctou). Ten people abducted by Wagner mercenaries were reported to have been executed.; On 9 January 2024, the Malian air force carried out airstrikes against civilians in the area of Koina (Djenne, Mopti). State media said that the airstrikes killed several militants. Trusted sources said eight civilians were killed including three women and five men from the Bambara community.; On 8 January 2024, JNIM militants ambushed a patrol of Malian gendarmes in the village of Koungodiani (Macina, Segou). Eight gendarmes were killed and six were injured. JNIM claimed responsibility, said it killed at least ten soldiers, burned a vehicle, and displayed weapons, ammo, a vehicle, and equipment said captured.; On 6 January 2024, Dozo militia killed 16 Fulani civilians including the imam and the chief of the village in Kalala (Macina, Segou). The village was also burned.; On 5 January 2024, IS Sahel militants attacked a post of CMFPR1 and CMFPR2 militia in the village of Kobe (Gao, Gao). Eight militiamen were killed and three were injured. IS Sahel claimed reponsibility and displayed AK rifles and ammunition said captured, and a motorcycle set ablaze and corpses of militiamen killed.; On 3 January 2024, Dozo militiamen attacked the Fulani hamlet of Boura, about 10km south of Souleye (Macina, Segou). The Dozos abducted about 40 men, looted property, and seized livestock. 18 corpses were discovered near the village of Touara on 5 January.; On 2 January 2024, IS Sahel militants attacked a FAMa, GATIA and MSA checkpoint near the town of Menaka (Menaka, Menaka). The militants fired four shells at the town without causing any damage. FAMa stated the attack was repelled and three militants were killed, and airstrikes were conducted against the militants at the southwest area of Menaka. GATIA-MSA stated the attack was repelled and four militants were killed and several motorcycles destroyed, three GATIA-MSA militiamen were also killed the statement said. Trust sources said two schoolchildren were killed during the attack, GATIA-MSA one vehicle and two motorcycles were seized, and one FAMa vehicle was destroyed by the militants. 12 total fatalities coded. IS Sahel claimed responsibility, said it killed and wounded more than ten personnel, damaged a vehicle, and captured another vehicle, and various weapons and ammunition.",Military Forces of Mali (2021-); JNIM: Group for Support of Islam and Muslims; Wagner Group; Military Forces of Mali (2021-); JNIM: Group for Support of Islam and Muslims; JNIM: Group for Support of Islam and Muslims; JNIM: Group for Support of Islam and Muslims; JNIM: Group for Support of Islam and Muslims; JNIM: Group for Support of Islam and Muslims; Islamic State Sahel Province (ISSP); Dozo Communal Militia (Mali); JNIM: Group for Support of Islam and Muslims; JNIM: Group for Support of Islam and Muslims; Military Forces of Mali (2021-); Military Forces of Mali (2021-); Military Forces of Mali (2021-); Islamic State Sahel Province (ISSP); Islamic State Sahel Province (ISSP); Military Forces of Mali (2021-); Military Forces of Mali (2021-); Military Forces of Mali (2021-); Military Forces of Mali (2021-); Military Forces of Mali (2021-); Military Forces of Mali (2021-); JNIM: Group for Support of Islam and Muslims; Islamic State Sahel Province (ISSP); JNIM: Group for Support of Islam and Muslims; Wagner Group; Military Forces of Mali (2021-); JNIM: Group for Support of Islam and Muslims; JNIM: Group for Support of Islam and Muslims; Military Forces of Mali (2021-); JNIM: Group for Support of Islam and Muslims; JNIM: Group for Support of Islam and Muslims; JNIM: Group for Support of Islam and Muslims; JNIM: Group for Support of Islam and Muslims; Military Forces of Mali (2021-); Military Forces of Mali (2021-); Wagner Group; Military Forces of Mali (2021-); Military Forces of Mali (2021-); Islamic State Sahel Province (ISSP); Wagner Group; Military Forces of Mali (2021-); Military Forces of Mali (2021-); JNIM: Group for Support of Islam and Muslims; Dozo Communal Militia (Mali); Islamic State Sahel Province (ISSP); Dozo Communal Militia (Mali); Islamic State Sahel Province (ISSP); Civilians (Mali); Dozo Communal Militia (Mali); Civilians (Mali); Civilians (Mali); Dozo Communal Militia (Mali); Dozo Communal Militia (Mali); Dan Na Ambassagou; Dan Na Ambassagou; Civilians (Mali); JNIM: Group for Support of Islam and Muslims; Civilians (Mali); Civilians (Mali); Military Forces of Mali (2021-); Civilians (Mali); Civilians (Mali); Civilians (Mali); Civilians (Mali); Civilians (Mali); Civilians (Mali); Civilians (Mali); Civilians (Mali); Civilians (Mali); Civilians (Mali); Civilians (International); Dozo Communal Militia (Mali); Military Forces of Mali (2021-); Military Forces of Mali (2021-); Civilians (Mali); Civilians (Mali); Dozo Communal Militia (Mali); Dozo Communal Militia (Mali); Civilians (Mali); Civilians (Mali); Dozo Communal Militia (Mali); Dozo Communal Militia (Mali); Civilians (Mali); Civilians (Mali); Civilians (Mali); Civilians (Mali); Islamic State Sahel Province (ISSP); Civilians (Mali); GATIA: Imghad Tuareg and Allies Self-Defense Group; Civilians (Mali); Civilians (Mali); Civilians (Mali); Police Forces of Mali (2021-) Gendarmerie; Civilians (Mali); CMFPR1: Coordination of Patriotic Movements and Forces for Resistance (Plateforme); Civilians (Mali); Military Forces of Mali (2021-)
mexico,10,2024,North America,277,"On 31 March 2024, near Ninos Heroes, Chiapas, members of the National Guard engaged on a clash with members of an unidentified armed group in an area known as Chalan de Zaragoza. The armed men previously clashed in another event in Nuevo Paraiso (coded separately). Thirteen individuals from Guatemala were arrested. A report from a local organization mentioned that civilians were in the middle of the clash and around 25 died as a result, claiming that the civilians had 'tiro de gracia' and were probable extrajudicial executions committed by members of the National Guard. Though President Lopez Obrador later claimed that this number was not confirmed. One member of the National Guard was injured. 25 fatalities.; Around 30 March 2024 (as reported), in Polotitlan, Mexico, five men and one woman were killed and their bodies were found on the highway Toluca-Palmillas with signs of torture and the 'tiro de gracia'. 6 fatalities.; Around 29 March 2024 (as reported), around Palmillas, Queretaro, five men and a woman were killed and their bodies were found blindfolded, with gunshot wounds and their hands tied up on the Palmillas-Atlacomulco highway of the panamaricana road. 6 fatalities.; On 25 March 2024, near Berriozabal, Chiapas, members of the Chiapas and Guatemala Cartel clashed with the Sinaloa Cartel on the Tuxtla Gutierrez-Ocozocoautla highway at the crossroads to Llano San Juan. Several vehicles were damaged. Some cargo trucks were placed on the highway to set a (narco) roadblock and several vehicles were set on fire. Some of the abandoned and burned vehicles bore the acronym of the CCYG belonging tot the Chiapas and Guatemala Cartel. Later, members of the CCYG declared that there were at least 30 members of the Sinaloa Cartel killed and more than 10 vehicles destroyed. At least 30 fatalities; Around 25 March 2024 (as reported), in Monte Adentro, Tabasco, six people were killed and their bodies were found tied, with signs of torture and one victim was decapitated. The bodies had the 'tiro de gracia'. A message was found next to the bodies. 6 fatalities.; On 25 March 2024, close to Pantelho, Chiapas, members of Los Herreras Gang attacked residents who were collecting water from a spring. The attack resulted in the death of six residents and the injury of three. 6 fatalities, 3 injuries.; Around 20 March 2024 (as reported), near Pesqueria, Nuevo Leon, at least 13 people were killed and their bodies were found burned on a road to Ojo de Agua. At least 13 fatalities.; On 19 March 2024, in Golfo de Santa Clara, Sonora, los Rusos gang opened fire at armed individuals leading to the death of seven armed individuals, including a lieutenant of Los Chapitos Gang. 15 vehicles were stolen from tourists. 7 fatalities.; Around 14 March 2024 (as reported), in Huecato, Michoacan de Ocampo, seven people were killed and their bodies were found tortured with gunshot wounds. Two of the bodies were also beheaded. The bodies were found in a narco-camp. 7 fatalities.; On 10 March 2024, in Paras, Nuevo Leon, armed individuals opened fire at military officers leading to the death of at least 10 armed individuals, including a criminal leader. 10 fatalities.; Around 29 February 2024 (as reported), in Comanja de Corona, Jalisco, at least eight people were killed and their bodies were found on the Camino Viejo a Leon. Some of the bodies had gunshots wounds, a human head was inside a cooler together with a finger, and another body was wrapped in a blanket. At least 8 fatalities.; On 23 February 2024, in Acultzingo, Veracruz, five men and two women were shot and killed and their bodies were found inside a house in Colonia Centro. 7 fatalities.; On 20 February 2024, in Piedra Concha, Guerrero, members of Los Tlacos Gang and La Familia Michoacana Cartel clashed. According to local organizations and reports, seventeen people were killed, where sixteen were members of La Familia Michoacana and one from Los Tlacos. According to the authorities, twelve people were killed. A video with a pile of bodies was recorded and later shared on social media. In the video armed men set fire to the killed victims and threaten the authorities to stop supporting their rival group. At least 12 fatalities.; On 18 February 2024, in Puerto Vallarta, Jalisco, several armed individuals in vehicles arrived at an intersection and opened fire at a group of individuals in Colonia Francisco I Madero. Six people were killed and two were injured. Two of the fatalities were teenage girls. 6 fatalities, 2 injuries.; On 18 February 2024, in Ciudad Miguel Aleman, Tamaulipas, armed individuals opened fire at the military who repelled the aggression in Colonia Loma Linda while the military were on patrol. 12 people were killed and weapons, cartridges and magazines were seized. 12 fatalities.; Around 29 January 2024 (as reported), in Cancun, Quintana Roo, six individuals were killed, two of them dismembered and their bodies were found inside plastic bags in a taxi. 6 fatalities.; Around 28 January 2024 (as reported), close to San Miguel Totolapan, Guerrero, eight people were killed and their bodies were found on the road to Platanillo-Lomillo at the height of Cerro Alto. Five of the bodies were burned and three had gunshot wounds to their bodies. 8 fatalities.; Around 28 January 2024 (as reported), in Tuxpan, Veracruz de Ignacio de la Llave, multiple individuals were killed and their mutilated bodies were found inside coolers and plastic bags aboard two vehicles with threatening messages signed by the CJNG. The number of fatalities is not confirmed but sources say they were at least 12. At least 12 fatalities.; On 26 January 2024, in Coacoyulillo, Guerrero, armed men arrived from neighboring Jaleaca and opened fire at homes, looted peoples belongings and attacked and beat several residents. A vehicle and 4 homes were set one fire. Several homes were set on fire. 6 people were injured and 6 were killed. 6 injuries, 6 fatalities.; On 26 January 2024, in Ciudad Juarez, Chihuahua, armed individuals arrived at a funeral in three vehicles and opened fire at individuals inside a home in Colonia Heroes de la Revolucion. 6 individuals died and 1 was injured. 6 fatalities, 1 injury.; On 24 January 2024, close to San Salvador Torrecillas, Guanajuato, armed individuals ambushed four municipal police officers on patrol and opened fire at them. The state police officers repelled the aggression. Two armed individual and four police officers died. The attack is being linked to the Santa Rosa de Lima Cartel. 6 fatalities.; On 20 January 2024, outside Hermosillo, Sonora, suspected members of Los Cazadores Gang ambushed a group of Ministerial police officers in Carretera 100 Hermosillo-Bahia de Kino. The objective of the armed individuals was to release a member of the gang and son of the former leader of the gang, allied of Los Chapitos Gang, who had been arrested. After the shooting, members of the National Guard, Municipal Police and Military Forces intervened and began a chase against the criminals. During the pursuits and clashes 12 armed individuals were killed, and two members of the Ministerial Criminal Investigation Agency were injured, seven of the armed individuals escape and it is presumed that some of them were injured. 12 fatalities, at least 2 injured.; On 13 January 2024, in Colonia Emiliano Zapata, Zacatecas, there was an armed clash between members of a criminal group. Eight people were killed. 8 fatalities.; Around 9 January 2024 (as reported), in San Gil, Queretaro, nine people were killed and their handcuffed and tortured bodies were found near Highway 57 inside two vehicles. 9 fatalities.; On 6 January 2024, in Petatlan, Guerrero, members of Guardia Guerrerense (GG) group broke into a palenque (cockfight area) and shot at the people inside. According to reports, the attack was ordered by the leader of the GG in retaliation against a rival criminal group. 13 fatalities, 22 injured.; On 4 January 2024, in Nueva Morelia, Chiapas, members of the CJNG and the Sinaloa Cartel engaged in an armed clash for more than seven hours. There were at least 20 fatalities.; On 4 January 2024, in Buenavista (known as Cashacuauilt), Guerrero, members of La Familia Michoacana engaged in an armed clash with members of Los Tlacos gang. During the clash, the gangs deployed drones charged with explosives. According to the authorities, at least ten bodies were found burned inside a vehicle, though other social organizations reported the killing of around 30 civilians. 14 people are reported missing and six were injured. At least 10 fatalities, 6 injuries.",Unidentified Armed Group (Mexico); Unidentified Gang (Mexico); Unidentified Gang (Mexico); Sinaloa Cartel; Unidentified Gang (Mexico); Los Herreras Gang (Mexico); Unidentified Gang (Mexico); Los Rusos Gang; Unidentified Gang (Mexico); Unidentified Armed Group (Mexico); Unidentified Gang (Mexico); Unidentified Armed Group (Mexico); Los Tlacos Gang; Unidentified Armed Group (Mexico); Unidentified Armed Group (Mexico); Unidentified Gang (Mexico); Unidentified Gang (Mexico); CJNG: Jalisco New Generation Cartel; Unidentified Armed Group (Mexico); Unidentified Armed Group (Mexico); Santa Rosa de Lima Cartel; Los Cazadores Gang; Unidentified Gang (Mexico); Unidentified Gang (Mexico); GG: Guerrero's Guards; CJNG: Jalisco New Generation Cartel; La Familia Michoacana Cartel; Police Forces of Mexico (2018-) National Guard; Civilians (Mexico); Civilians (Mexico); CCYG: Chiapas and Guatemala Cartel; Civilians (Mexico); Civilians (Mexico); Civilians (Mexico); Los Chapitos Gang; Civilians (Mexico); Military Forces of Mexico (2018-); Civilians (Mexico); Civilians (Mexico); La Familia Michoacana Cartel; Civilians (Mexico); Military Forces of Mexico (2018-); Civilians (Mexico); Civilians (Mexico); Civilians (Mexico); Civilians (Mexico); Civilians (Mexico); Police Forces of Mexico (2018-) State Police; Police Forces of Mexico (2018-) Ministerial Federal Police; Unidentified Gang (Mexico); Civilians (Mexico); Civilians (Mexico); Sinaloa Cartel; Los Tlacos Gang
moldova,1,NA,NA,0,NA,NA
myanmar,4,2024,Southeast Asia,3161,"On 31 March 2024, in Hpapun town (Hpapun township, Hpapun district, Kayin state), the Myanmar military conducted an airstrike with a fighter jet at the Myoma Shwe Kyaung monastery at the No.2 ward at about 1 pm. 8 locals including a monk were killed, and at least 15 others were injured.; On 31 March 2024, near Nam Yin village (Mohnyin township, Mohnyin district, Kachin state), the combined force of the Kachin Independence Army (KIO/KIA) and the Kachin Region People's Defense Force intercepted and attacked about 200 military soldiers and SNA members traveling with three tanks from the Armor Battalion 7005 and 7006 which advanced to Hpakant township as reinforcement around 9 am. During the armed clash, the military conducted airstrikes with an MI-35 helicopter as reinforcement around 12 pm which fell and exploded near the military column. At least 9 military troops were killed and 5 were severely injured. Some locals were also injured.; On 31 March 2024, near Maung Mei Shaung village (Dawei township, Dawei district, Tanintharyi region), the combined troops of the Karen National Liberation Army (KNU/KNLA) Brigade - 6 Battalion - 27 and the Ba Htoo Army intercepted and attacked two dump trucks transporting military soldiers to the Artillery Battalion - 302 as reinforcement on the Ye-Dawei road around 7 am. One of the trucks overturned. More than 40 military soldiers were killed and many were injured.; On 29 March 2024, in Nyaung Pin Pauk village (Nyaunglebin township, Bago district, Bago-East region), the combined troops of the Karen National Liberation Army (KNU/KNLA) and the People's Defense Force - Shwegyin attacked the Myanmar military outpost where around 15 soldiers stationed on the Nyaunglebin - Shwegyin road around 5 am. The armed clash took more than an hour and 10 military soldiers were killed and 3 were injured. During the armed clash, the military stationed at the Shwegyin strategic outpost fired heavy weapons and locals from Nyaung Pin Pauk, Htaung Laung and Shan Te Su villages were forced to flee.; On 29 March 2024, between Nat Yae Kan and Yae Poe Sar villages (coded as Nat Yae Kan) of Chaung-U township (Monywa district, Sagaing region), a combined force of the Myaung Special People's Defense Force, Snap Kite Guerrilla Force and the People's Defense Force - Chaung-U attacked about 15 military soldiers, who came out with a bulldozer to search for mines with a total of 15 mines at around 10 am. The military also fired back with small guns. The military bulldozer was destroyed and 6 military soldiers were killed.; On 29 March 2024, in Launglon town (Launglon township, Dawei district, Tanintharyi region), a combined force of the Launglon PDF (Butterfly Squadron, Villager Squadron and Scorpion Squadron) and Federal Polaris Force attacked 15 military soldiers who were providing road security to a convoy carrying the Launglon township police chief with mines at around 5 am, hitting and killing a military soldier and injuring 2 others. The military also fired back with small guns. Consecutively, the combined force attacked the police chief's convoy using drone bombs, hitting and destroying a tractor carrying 25 military soldiers. The convoy returned fire with four small guns. 12 military soldiers were killed from the second attack. A total of fatalities coded as 13.; On 28 March 2024, in Mon Hla village (Khin-U township, Shwebo district, Sagaing region), a combined force of the Sein Baydar - KBU (PaKaPha), People's Defense Force - Khin-U, Red Glow of Dawn Guerrilla Revolution Force and the People's Defense Force - Mon Hla Village attacked a military column entering the village at around 9 am. Both sides then exchanged fire for about an hour. The military attacked with heavy weapons and small guns as the resistance forces retreated from the battlefield. Mizzima reported there were 7 fatalities on the military side.; On 28 March 2024, near Kan Taw village (Pakokku township, Pakokku district, Magway region), a combined force of the Pakokku District PDF (B-13) and Pakokku PDF (PaKaPha) attacked two military vehicles coming from Pakokku town with a total of 14 mines at around 5 pm, hitting and destroying a military vehicle. Myanmar Pressphoto Agency reported 11 military soldiers were killed.; On 28 March 2024, near Chaung Hpyar village of Ngape township (Minbu district, Magway region), fighting broke out between a Myanmar military column of about 50 troops and the ULA/AA at 8:58 am. The two sides exchanged fire for about 30 minutes. Six military troops were killed, and about 10 others sustained injuries.; On 28 March 2024, between Nat Yae Kan and Yae Poe Sar villages (coded as Nat Yae Kan) (Chaung-U township, Monywa district, Sagaing region), the combined force of the People's Defense Force - South Monywa Company - 1, Spring Youth People's Defence Force and Taw Thar Gyi PDF attacked the Myanmar military troops who carried the injured soldiers from the Yae Poe Sar village monastery with five cluster mines on the Monywa-Mandalay road. 17 military soldiers were killed and 3 were severely injured.; On 27 March 2024, in Pale town (Pale township, Yinmarbin district, Sagaing region), a combined force of local defense forces attacked Myanmar military troops stationed at a police station and the General Administration Department at around 8 am. The two sides then exchanged fire until around 1 pm. The combined force includes the People's Defense Force - Yinmarbin District (battalions 11 and 12), the Black Leopard Army, Doh Anyar Pyauk Kyar Tatphwe: Our Upland Guerrilla Force, the Chindwin Toe Na Yar PDF, the People's Defense Force - Pakokku District (battalion 15), the Scarlet Revolution Force (MDY), the Daung Min - PDF, and the 96 Soldiers - PDF. 11 military troops were killed, while four members of the combined force sustained injuries. Other source, Khit Thit Media, reported that 8 militlary soldiers were killed and five others were injured. Fatalities coded as 8 using the lowest estimate.; On 27 March 2024, between Htan Pin Kone and Kyei Ni Kone villages (coded as Htan Pin Kone) (Okpho township, Thayarwady district, Bago-West region), the Underground Guerrilla Force - Okpho raided the Bo Yon Su checkpoint stationed by about 30 Myanmar military troops at around 4:47 am. The group used two 79mm grenades and four 40mm grenades, as well as small weapons during the clash. The Okpho-based LIB-6 fired artillery rounds to assist the ground troops during the clash, damaging the buildings of a monastery. 10 military troops were killed and six others injured, while four members of the Underground Guerrilla Force - Okpho sustained minor injuries.; On 26 March 2024, near Lone village (Ann township, Kyaukpyu district, Rakhine state), the military soldiers (LIB-346) and (MOC-5) engaged in intense fighting with the Arakan Army (AA) at around 10:18 am. Both sides exchanged fire for about 30 minutes. During the fight, the military conducted air strikes and drone strikes and fired artillery rounds on the battlefield. There were 15 fatalities and 15 injuries on the military side and 2 injuries on the AA side.; On 26 March 2024, In Pakokku township (Pakokku district, Magway region), the combined troops of the People's Defense Force - Pakokku District Battalion - 13, People's Democratic Army, Bo La Yaung Force, West Plains Force, All Burma Students' Democratic Front, Borderless Freedom Federal Column and King Fighter People Defense Force attacked the Myanmar military and Pyu Saw Htee of around 500 troops which were advancing with the military truck convoy to transport food provision with remote explosives and small and heavy weapons. At least 10 military soldiers were killed.; On 25 March 2024, near Kyauk Hpyu Taung village (Buthidaung township, Maungdaw district, Rakhine state), about 50 military soldiers from the Taung Ba Zar military base camp (IB-234) engaged in intense fighting with the Arakan Army (AA) on Buthidaung - Maungdaw road at around 11:36 am. There were 8 fatalities on the military side.; On 25 March 2024, between Son Nant Thar and Ahr Yu Taung villages (coded as Son Nant Thar) (Ye township, Mawlamyine district, Mon state), the Ye Ogre Group attacked the military's Khan Thin bridge gate, where military troops and Mon Peace Defense Force stationed, at around 6 am. Both sides then exchanged fire. Two members of Ye Ogre Group were killed and two others were injured when they stepped on landmines planted by the military troops during the clash. Five military soldiers also died in the fighting. Total fatalities coded as 7.; On 25 March 2024, in Ann township (Kyaukse district, Rakhine state), the Arakan Army (ULA/AA) launched attacks against the Myanmar military troops near the Western Regional Military Command. About 40 military soldiers died in two days fighting. 40 fatalities were split over two days (24 and 25 March) and coded as 20 for this event.; On 25 March 2024, in Kawkareik town of Kawkareik township (Kawkareik district, Kayin state), joint forces of the Albino Tiger Column and White Dragon Battalion (South Division) carried out attacks against the Myanmar military troops stationed at three locations, No.3 police station, Taung Paw Kyaung, and Myotaw Oo. Fifteen military soldiers and four members of the joint forces died in the fighting. Six members of the joint forces were also injured.; On 25 March 2024, near Kyauk Hpyu village (Thabeikkyin township, Pyinoolwin district, Mandalay region), two columns of a combined force of the Min Kha Column and the Bo Eagle Force attacked four military vehicles coming from Madaya township with heavy weapons and small guns at around 11:10 am and both sides exchanged fire for about 30 minutes. During the fight, the Pyu Saw Htee reinforcements from Yae Htwet village advanced to the scene and fired heavy weapons indiscriminately. Two military and Pyu Saw Htee vehicles were destroyed. There were 7 fatalities and 40 injuries on the military and Pyu Saw Htee side.; On 25 March 2024, near Pyaung Thay village (Ann township, Kyaukpyu district, Rakhine state), fighting broke out between a Myanmar military column of about 150 troops and the ULA/AA. The military launched airstrikes and fired artillery rounds during the clash at around 12:30 pm. About 80 military troops were killed.; On 25 March 2024, near Yet Kha Di Pa village of Ngazun township (Myingyan district, Mandalay region), joint forces of People's Defense Force - Ngazun (PakaPha), SJPDF: Shwe Joe Phyu People's Defense Force, 925 Guerrilla Group, TGYR: Youth Guerrilla Counter Revolution, DFRF: Daung Fighter Revolution Force (NZN), Pyi Taw Win Guerrilla Force, Let Yone People's Defense Guerrilla Force (Ngazun), Black Swan Guerrilla Group, New Energy Guerrilla Group, and Federal Brothers People's Defense and Production Group carried out a mine attack against the Myanmar military troops patrolling near the village. Eleven military soldiers died and several others were injured.; On 24 March 2024, in Ngape township (Minbu district, Magway region), the People's Revolution Alliance attacked the Myanmar military column of around 70 soldiers with remote explosives and small arms for 15 minutes around 7:15 am at the Ma Htone and Goke See Yoe villages road. The military returned fire with heavy weapons. Around 30 military soldiers were killed and some were injured. A member of PRA claimed that the military column advanced to conscript locals from villages.; On 24 March 2024, in Ann township (Kyaukpyu district, Rakhine state), the Arakan Army (ULA/AA) launched attacks against the Myanmar military troops near the Western Regional Military Command. About 40 military soldiers died in two days fighting. 40 fatalities were split over two days (24 and 25 March) and coded as 20 for this event.; On 23 March 2024, in Kyein Chaung village of Maungdaw township (Maungdaw district, Rakhine state), the Arakan Army (ULA/AA) attacked the Yang Aung Myin military base camp of LID-552 located west of Kyein Chaung village. The AA claimed full control of the base camp. 20 military soldiers died and the ULA/AA seized several weapons from the base camp.; On 23 March 2024, in Yesagyo town (Yesagyo township, Pakokku district, Magway region), the combined troops of the Myingyan Black Tiger, Popa Production & Guerrilla Force, People's Defense Force - Nyaung-U District Battalion - 1 Company - 1, Ah Nyar Myay Local Defense Force, People's Defense Force - Nyaung-U District Battalion - 1 Drone Force, AMA People's Defense Force, Peacock Warrior Myaung Guerrilla Force, YSO TPG Urban Guerrilla Force, Myingyan District Drone Strike No.1848, Shar Htoo Waw Drone Technical Team and Thway Thauk Revolution Force attacked the Myanmar military stationed at the Kat Kyaw monastery, General Administration Department office, Nyein Zar Ni veteran office and a hospital. During the armed clash, the military fired heavy weapons which fell and exploded into the No.8 ward around 6 am. A 30-year-old man was killed on the spot and two women, a 37-year-old and a 54-year-old died at a hospital with injuries. A monk and a woman were also injured. 7 military soldiers were killed and 8 were severely injured.; On 23 March 2024, near Seik Thar village (Madaya township, Pyinoolwin district, Mandalay region), the combined force of the Kaung Kin Revolution Force - Madaya, People's Defense Force - Madaya (PaKaPha), People's Defense Force - Pyinoolwin District Battalion - 1, Rook People's Defense Force, Moe Ma Kha Underground Revolution Force and People's Defense Force - Pyin Oo Lwin (PaKaPha) attacked the Myanmar military of around 100 troops advanced toward the Ohn Kone Taw area with 23 cluster mines around 7:10 am. Around 10 military soldiers were killed and some were severely injured.; On 23 March 2024, in Tin War Chaung village of Okpho township (Thayarwady district, Bago-West region), joint forces of the Gyobingauk Hero Guerrilla Force, Yoma GBK PDF, and MNO PDF attacked about 40 Myanmar military troops stationed at the village monastery at around 10:25 am. 10 military soldiers died and many were injured.; On 23 March 2024, in Min Thar village (Yebyu township, Dawei district, Tanintharyi district), the combined troops of the Daw Na Column and allies attacked and captured the outpost where around 70 troops of the Myanmar military and Pyu Saw Htee stationed. More than 10 members of the military and a member of the combined troops were killed. The combined troops also set fire and destroyed the military outpost.; On 22 March 2024, in Goke Pi village of Buthidaung township (Maungdaw district, Rakhine state), the Arakan Army (ULA/AA) attacked the Myanmar military troops under LIB-552 stationed in Goke Pi. The military troops retreated from their base. The ULA/AA chased after the retreating military troops, killing 12 soldiers and injuring 10 others.; On 22 March 2024, in Yangon - Mayangone (Yangon-West district, Yangon region), the Yangon PDF (PaKaPha) (Special Force) attacked the military higher officials, who were playing golf inside the Yangon Region Military Command Headquarters with remote-controlled mines at noon. 18 military soldiers including a lieutenant colonel, majors, captains, sergeants and 2 municipal staffs were killed. 4 military officers were also injured and the buildings in the military command headquarters were destroyed.; On 21 March 2024, in Hsihseng town (Hsihseng township, Pa-O Self-Administered Zone, Shan-South state), the military engaged in intense fighting with the Pa-Oh National Liberation Army (PNLA) all day. During the fight, the military conducted airstrikes by dropping two 500 lb bombs with Y-12 aircraft and some drones both at noon and at around 10 pm. Also, the military from Hsaik Hkawng village fired artillery rounds on the battlefield. Shwe Phee Myay News Agency reported that there were over 20 fatalities on the military side.; On 21 March 2024, near Nwan Lang village (Momauk township, Bhamo district, Kachin state), a combined force of the Kachin Independence Army (KIA) and the Kachin Region PDF (KPDF) attacked the military base (LIB-438), No.616 Artillery Base and No.370 Artillery Base in the morning. The KIA took over the military base (LIB-438) at around 5:30 pm, and the No.616 Artillery Base and the No.370 Artillery Base at around 7 pm. During the fight, the military from the bases fired artillery rounds to the nearby areas. Kachin News Group reported that 6 KIA members were killed and over ten other KIA and KPDF members were injured.; On 21 March 2024, in Pakokku township (Pakokku district, Magway region), a combined force of the People's Defense Force - Myaing (PaKaPha), Black Cobra Force Pakokku, THU RAIN and the Kamma Regional Revolution Coalition attacked four military vehicles coming from the military base (LID-101) with 20 mines two times on the Pakokku - Kamma road at around 4:30 pm. 6 military soldiers were killed.; On 20 March 2024, in Par Pu village (Hpasawng township, Bawlake district, Kayah state), the combined force of the Karenni Army (KNPP/KA), Karenni Nationalities Defense Force, Karenni Nationalities People's Liberation Front, DMO 1106 Battalion - Central Military Headquarters and local People's Defense Forces intercepted and attacked the military reinforcement traveling from the Htoo Chaung military outpost in the Bawlake township to the Hpasawng town near the Par Pu village harbor. The armed clash took around 7 hours and the military conducted airstrikes with fighter jets and bombs attached to drones. 16 military soldiers were killed and 15 military soldiers including a strategic commander were injured. The combined troops captured a military soldier as a prisoner of war and seized 5 weapons and ammunition.; On 20 March 2024, in Monywa township (Monywa district, Sagaing region), a combined force of the Brave Heart Army and Chindwin Fighter Group attacked five military vehicles coming from the military base (LID-33) three times, with four mines at around 5:55 pm, three mines at around 5:57 pm and three mines at around 6 pm on the Monywa - Chaung-U road section. The combined force then attacked four military vehicles coming back to the military base (LID-33) two more times, with four mines at around 10:10 pm and four mines at around 10:11 pm. A total of 16 military soldiers were killed.; On 19 March 2024, in Waingmaw township (Myitkyina district, Kachin state), the Kachin Independence Army (KIO/KIA) continued to attack five Myanmar military outposts (Yin Saing Kone, Point 667, Au Ka Shan and Au Lawt Kone (LIB-387)) located between the KIO/KIA headquarters, Lai Za town, and the Pajau Bum. The KIA took over the Point 667 and LIB-387 base camps at around 7 pm. Khit Thit Media reported there were 6 fatalities and 15 injuries on the military side.; On 19 March 2024, in Taungdwingyi town of Taungdwingyi township (Magway district, Magway region), a combined force of the Southern Magway People's Defense Force, Magway Guerrilla Warfare, Peacock Warrior Guerrilla Force (Natmauk), People's Defense Force - Magway District (B-2), People's Defense Force - Upper Minhla, Yaw Defense Force, Key of Revolution and the United States Of Burma Army fired five rounds of rocket-propelled-grenades (RPG) against the No.7 Myanmar military training camp at around 3 pm. The RPG killed three military soldiers and injured several others. Khit Thit Media updated on 9 April 2024 that a total of 16 military soldiers were killed. Fatalities coded as 16 following the latest update.; On 18 March 2024, in Thar Dar village (Minbya township, Mrauk-U district, Rakhine state), the Myanmar military conducted an airstrike with a fighter jet and dropped two bombs around 1:30 am. 21 Rohingya Muslim locals including children were killed and 25 others were injured. Displaced locals from the Sin Gyi Pyin village were also injured. At least ten houses were also destroyed. VOA reported that 21 were killed and 23 were injured. DVB reported that 21 Rohingya Muslim locals were killed, and Irrawaddy and Shwe Phee Myay News Agency reported that 23 Rohingya Muslim locals were killed. Myanmar Now reported on 19 March that the fatalities had increased to 22. Fatalities coded 22 as the most recent update.; Around 17 March 2024 (between 15 - 20 March), near Thin Gan Nyi Naung village (Myawaddy township, Myawaddy district, Kayin state), the Karen National Liberation Army (KNU/KNLA) and allies attacked the Myanmar military troops from the IB-97, IB-102, LIB-118, LIB-546 and LIB-356 troops which advanced to retake the LIB-355 outpost. 15 military soldiers were killed and KNLA and allies seized 9 weapons, a 60 mm heavy weapon, a grenade, a magazine and ammunition. During the armed clash, the military conducted airstrikes and fired heavy weapons indiscriminately. A local was killed and three were injured. Some houses were also damaged. Fatalities coded 16 for the total of military and civilian fatalities.; On 17 March 2024, between Ya Ne and Ba Ka villages (coded as Ya Ne) (Ywangan township, Danu Self-Administered Zone, Shan-South state), about 80 military soldiers engaged in intense fighting with the Danu State National Defense Army (DSNDA) for about half an hour. The DSNDA seized some weapons from the military side. There were 6 fatalities and 20 injuries on the military side.; On 17 March 2024, near Hnat Cho Taw village (Myingyan township, Myingyan district, Mandalay region), the Red Dragon Guerrilla Force - Myingyan attacked 7 members of the Myanmar military and police who left the village on three motorcycles with two remote explosives. 5 members of the military and police died on the spot and 2 died on their way to a hospital.; On 17 March 2024, near Hnget Pyaw Tone village (Letpadan township, Thayarwady district, Bago-West region), the combined troops of the People's Defense Force - Shwe Tan Myay and the Thayarwady Galon Force attacked around 40 Myanmar military troops who were firing around 15 rounds of heavy weapons toward IDP camps. The combined troops attacked the military with small arms and 40 mm heavy weapons and the military returned fire with 80 mm and 120 mm heavy weapons at around 10 am. A military soldier was killed. The combined force attacked the same military troops again at around 11:30 am. The fight lasted about 45 minutes. 5 more military soldiers were killed and some were injured. Total fatalities coded as 6.; On 17 March 2024, in Ye-U town (Ye-U township, Shwebo district, Sagaing region), the Ye-U PDF (People's Defense Force - Shwebo District Battalion - 14) attacked the Myanmar military and Pyu Saw Htee troops in the Ye-U town General Administration Department office with four bombs attached to a drone around 12:45 pm and the military returned fire with small arms. The military was attacked while having a meeting related to the conscription law. DVB reported 13 military and Pyu Saw Htee were injured. Other sources, Khit Thit Media (on 19 March 2024) and People's Spring (on 22 March 2024), reported that 13 members of the military and Pyu Saw Htee were killed and many others were injured. Fatalities coded as 13, using the most up-to-date estimates.; On 16 March 2024, near Htan Pin Chaung village (Letpadan township, Thayarwady district, Bago-West region), the Thayarwady Galon Force attacked about 30 Myanmar military troops from the IB-35 with mines and small weapons in the morning as they were advancing from Htan Pin Chaung village to the Bago Range. The two sides then exchanged fire for about 30 minutes. Six military troops were killed.; On 15 March 2024, in Thin Gan Nyi Naung village (Myawaddy township, Myawaddy district, Kayin state), a combined force of the KNLA and the PDF (under the NUG) attacked the Myanmar military LIB-356 base. The fighting began at 3 pm and the joint forces took control of the military's base camp at around 7 pm. During the clash, the military fired artillery rounds, killing a civilian. Eleven military soldiers died and several others were injured. The joint forces seized four MA-1 rifles, four MA-3 rifles, a heavy machine gun, 42 rounds of 81 mm grenades, 17 rounds of 60 mm grenades, 25 landmines, 6 Energas, seven boxes of MA magazines, 1200 rounds of MA bullets, three hand grenades, 3 rounds of RPG grenades, and 27 heavy landmines. A member of the combined force died and five others were injured. Total fatalities coded as 13.; On 14 March 2024, between Na Nwin Taw Bo and Kan Swei villages (coded as Na Nwin Taw Bo) (Natogyi township, Myingyan district, Mandalay region), a combined force of the Natogyi People's Defense Force, the Myingyan District PDF (PaKaPha), the People's Defense Force - Natogyi (PaKaPha), the Myingyan District PDF (battalion 9), and the Bo Sar Guerrilla Force intercepted about 60 Myanmar military troops. The two sides then exchanged fire for about an hour and a half. At least 10 military troops were killed, and at least five others sustained injuries.; On 12 March 2024, near Ah Ngu Maw village (coded as Ah Ngu Maw (Kone Tan)) (Rathedaung township, Sittwe district, Rakhine state), the Arakan Army (ULA/AA) clashed with the Myanmar military troops. During the armed clash, 97 Rohingya Muslims from the refugee camps in Sittwe town who were abducted as forced conscripts by the military were killed. They were killed while trying to flee from the armed clash with a boat.; On 12 March 2024, in Chaung Son village (Taungtha township, Myingyan district, Mandalay region), the combined troops of the Myingyan District Drone Strike, Natogyi Regional Defense Force (People's Defense Force - Myingyan District Battalion - 8), Shar Htoo Waw Drone Technical Team 2, People's Defense Force - Mahlaing (PaKaPha) and MHLG Wing attacked the Myanmar military column of around 50 soldiers advanced from Myingyan town with eight bombs attached to a drone around 8 am. The military column returned fire with small and heavy weapons. 7 military soldiers were killed, and many were injured.; On 11 March 2024, in Gyoe Taung village (Kyunsu township, Myeik district, Tanintharyi region), the combined troops of the People's Defense Force - Tanintharyi (PaKaPha), People's Defense Force - Myeik District Battalion - 2 Company - 2, People's Defense Force - Kyunsu (PaKaPha), People's Defense Force - Palaw (PaKaPha), Tanintharyi Guerrilla Force, Tanintharyi Yoma Force, Taw Bone Gyi People's Defense Force, Red Wing People's Defense Force and Dragon Squad (Thanintharyi) attacked the Myanmar military and Pyu Saw Htee of around 60 troops at 5 am. The fighting continued until 6 pm. During the armed clash, the combined troops attacked the military and Pyu Saw Htee troops with bombs attached to drones and the military returned fire with heavy weapons. At least 10 members of the military and Pyu Saw Htee were killed. Locals from Gyoe Taung village were forced to flee due to the armed clash.; On 11 March 2024, in Myingyan township (Myingyan district, Mandalay region), joint forces of the People's Liberation Army (PLA), Ye Khawng Guerrilla Force, MGN 35 Guerrilla Force, and BGF: Burmese Guerrilla Force ambushed and attacked a military's vehicle that carried six military soldiers on the Myingyan - Nwar Ku Aing road at around 11 am. All the six soldiers were killed. The joint forces seized four firearms, a Type 81 gun, an MA-5 firearm, 96 rounds of 5.56mm bullets, 84 rounds of 7.62 mm bullets, two boxes of Type 81 magazines, a box of MA5 magazine, four Redmi 8 phones, a power bank, a communication device, and five thousand kyats from the military soldiers.; On 9 March 2024, in Hpasawng township (Bawlake district, Kayah state), joint forces of the Karenni People's Liberation Army (KPLA) and KNPLF: Karenni Nationalities People's Liberation Front attacked the Myanmar military troops stationed at Sedi Kone Bridge. About 20 military soldiers died in the fighting. The joint forces seized 17 firearms from the military troops.; On 9 March 2024, in Haing Yu village of Minhla township (Thayarwady district, Bago-West region), joint forces of the People's Defense Force - Thayarwady District Battalion-3802 Unit (5, 4) and Dagon Sit Kyaung: Dagon Column attacked the Myanmar military troops who attempted to collect bodies of dead soldiers at around 6 am. Both sides exchanged fire for 3 hours. Twenty military soldiers died and two members of PDF were injured.; On 8 March 2024, in Thin Gan Nyi Naung village of Myawaddy township (Myawaddy district, Kayin state), fighting continued between the Myanmar military troops and joint forces of the Karen National Liberation Army (KNLA), the Cobra Colum, Black Panther Column and their allied forces. The Myanmar military forces responded with airstrikes, rockets and heavy weapons. The joint forces claimed full control of the Myanmar military's base camps of LIB-355, LIB-356, LIB-357 and the military-stationed police station in Thin Gan Nyi Naung village and seized several weapons and ammunition. Independent Mon News agency reported that 19 military soldiers and 6 members of PDF were killed.; On 8 March 2024, in Ywar Gyi village (Myingyan township, Myingyan district, Mandalay region), a combined force of the Red Dragon Guerrilla Force - Myingyan, People's Defense Force - Mandalay (B-3) (Company-1), Bo Sar Guerrilla Force, People's Defense Force - Myingyan (PaKaPha), MG6 Guerrilla Force, and the Tiger Brother Myittha PDF attacked about 100 military soldiers coming into the village with drone bombs at around 8 am. The military also fired back with heavy weapons. There were 8 fatalities on the military side.; On 8 March 2024, in Pekon township (Taungoo district, Shan-South state), joint forces of the Danu Drone Force (DDF), Karenni Nationalities Defense Force (KNDF) Battalion-11, and Mobye People's Defense Force (MPDF) Battalion-1111 engaged in a fight with about 60 Myanmar military troops in Law Pa Ta Kone at around 4 pm. During the fight, the joint forces carried out multiple drone strikes against the military. The drone strikes killed 10 military soldiers, including a military Lieutenant Colonel.; On 8 March 2024, near Hnan Si Kan village of Myaing township (Pakokku district, Magway region), joint forces of the People's Defense Force - Myaing (PaKaPha) Battalion-1 Unit (1, 2), Wolf Guerrilla Force - Myaing; Myaing Warriors, MRTF: Middle Revolution Task Force, Black Cobra Force Pakokku, Young Force-UG, Black Cheetah People's Defence Force, Super Fighter PDF, MRDF: Myaypyant Region Defence Force, People's Defense Force - Pauk, WAGF: West Ayeyar Guerrilla Force, Kin Do Pyi Thu Kar Kwei Yae Tatphwe: Kin Do People's Defense Force, TR: THU RAIN, Sword King Group, Light Guerrilla Force (Myaing), Earthquake People's Defense Force, KRRC: Kamma Regional Revolution Coalition, and People's Defense Force - Kamma carried out drone strikes against about 40 the Myanmar military troops and Pyu Saw Htee at around 9:30 am. At least 28 military soldiers died in the drone strikes.; On 8 March 2024, in Minhla township (Thayarwady district, Bago-West region), joint forces of the People's Defense Force - Thayarwady District Battalion-3802 Unit (5, 4) and Dagon Sit Kyaung: Dagon Column carried out an attack against the Myanmar military troops near Kyun Pauk of 1000 acre timber plantation at around 5 pm. The fighting lasted for 4 hours. Forty military soldiers died in the fighting. The joint forces seized an MA-3 rifle, 4 boxes of magazines, 60 mm two grenades, a mine, and other military equipment. Consecutively, the combined force attacked the Myanmar military troops near Haing Yu village health clinic at around 7 pm. The fighting lasted for 2 hours. The Myanmar military troops retreated after suffering heavy casualties. A total of fatalities coded as 40.; On 7 March 2024, in Minhla township (Thayarwady district, Bago-West region), joint forces of the People's Defense Force - Thayarwady District Battalion-3802 Unit (5, 4) and Dagon Sit Kyaung: Dagon Column attacked a column of about 120 military soldiers near Kyun Pauk timber plantation at around 1 pm. The fighting lasted for 2 hours. Twenty military soldiers died and a member of PDF sustained a minor injury. Consecutively, the combined force attacked the military stationed near Haing Yu village on Myo Chaung - Sein Kant Lant road at around 5 pm. The fighting lasted for 3 hours. One military soldier died and several others were injured. A total of fatalities coded as 21.; On 6 March 2024, between Bar Yay and Moke villages (coded as Bar Yay) (Toungup township, Thandwe district, Rakhine state), fighting broke out between the ULA/AA and the Myanmar military after the ULA/AA carried out a mine attack against a military convoy near the 9 Maing mountain at around 5:30 am. The two sides exchanged fire with small and heavy weapons. Local sources claimed that more than 30 military troops were killed.; On 6 March 2024, near Thee Pin Kone village of Mindon township (Thayet district, Magway region), joint forces of SAF: Student Armed Force, People's Defense Force - Thayet District Battalion-4, and the Warriors of Liberation Force (WOLF) carried out a mine attack against a military vehicle at around 3:30 pm. The military vehicle fell off a cliff and killed ten military soldiers.; On 5 March 2024, in Gyoe Taung village (Kyunsu township, Myeik district, Tanintharyi region), a combined force of local defense forces attacked a Myanmar military camp stationed by about 60 military troops and Pyu Saw Htee members at around 6:30 am. The two sides then exchanged fire for about 30 minutes. Subsequently, local defense forces attacked the camp for the second time at around 9:30 am. In response, the military returned fire using drones. The combined force includes the Tanintharyi Defense Guerrilla Force, the Tanintharyi Yoma Force, the Taw Bone Gyi People's Defense Force, the People's Defense Force - Myeik District (battalion 2 - company 2), the People's Defense Force - Kyunsu (PaKaPha), the People's Defense Force - Palaw (PaKaPha),and the Dragon Squad (Thanintharyi). Six military troops including an officer were killed, and another injured.; On 5 March 2024, in Tar Ma Hkan village of Hpakant township (Mohnyin district, Kachin state), joint forces of the Kachin Independence Army (KIO/KIA) and the Kachin Region People's Defense Force (KPDF) attacked about 60 Myanmar military troops that entered into the village. Locals claimed that a combined force of the KIA and the Kachin Region People's Defense Force captured the Myanmar military's LIB-119 base in the evening. About 50 military soldiers died in the fighting between 3 and 5 March. Fatalities were split across three days (3,4 and 5 March) and coded as 16 for this event.; On 5 March 2024, between Kamma town and Twin Ma village (coded as Twin Ma) (Myaing township, Pakokku district, Magway region), a combined force of the Tartay Revolution Force, the THU RAIN, the Shwe Nyar Myae People Defense Force, the Black Cheetah People's Defence Force, and the Young Force-UG carried out a mine attack against a Myanmar military column of about 150 troops traveling from Pakokku town to Kamma town with 10 mines at around 10 am, killing three military troops. On the same day, the combined force conducted another mine attack against the same military column at around 4 pm, killing four military troops and injuring nine others. Total fatalities coded as 7.; On 5 March 2024, near Pyin Chaung Gyi village (Ramree township, Kyaukpyu district, Rakhine state), the Arakan Army intercepted and attacked the Myanmar military troops of around 30 soldiers who retreated to navy ships around 12:40 am till 4 am. The armed clash took place along the Ka Lain Taung riverbank and the navy ships in the river fired heavy weapons as reinforcement during the armed clash. The Myanmar military conducted airstrikes with a helicopter and a fighter jet around 11 am and 1 pm along the Ka Lain Taung River. Around 30 military soldiers were killed.; On 4 March 2024, in Ponnagyun town (Ponnagyun township, Sittwe district, Rakhine state), the ULA/AA claimed to have taken control of the town after capturing the headquarters of the Myanmar military LIB-550 following a 13-day battle. The ULA/AA discovered the bodies of over 20 military troops from the headquarters, including a tactical commander of the LIB-550, a battalion commander of the IB-208, and a major from the LIB-550. They also captured more than 100 soldiers including a battalion commander as prisoners of war.; On 4 March 2024, near Man Taw village (Kale township, Kale district, Sagaing region), the People's Defense Force - Kale District clashed with the advancing Myanmar military troops near the Ka Bar Ni area. 7 military soldiers were killed.; On 4 March 2024, in Kani town (Kani township, Yinmarbin district, Sagaing region), a combined force of the Yinmarbin District Command, Alpha Column, Salingyi Column, People's Defense Force - Yinmarbin; People's Defense Force - Salingyi, People's Defense Force - Kani, Pale People's Defence Force, Yinmarbin District PDF (B-1, 2, 6, 9, 17, 18, 21, 22, 23, 25, 27, 30 and 32), People's Security Force and Local PDFs about 150 military soldiers and police stationed at the Myoma police station, the General Administration Department office, Basic Education High School and Shwe Zee Khon mountain for the third day as they attempted to take control of the town. DVB reported that a total of 47 military soldiers and 11 combined force members were killed within 11 days of the fight (2 - 12 March). 58 fatalities split across 11 days, and coded as 6 for this event.; On 4 March 2024, in Tar Ma Hkan village of Hpakant township (Mohnyin district, Kachin state), the combined force of the Kachin Independence Army and the Kachin Region People's Defense Force attacked the Myanmar military, Shanni Nationalities Army and Pyu Saw Htee column stationed in the village monastery. During the armed clash, the military conducted airstrikes with two fighter jets and fired heavy weapons from the LIB-119 outpost. Kachin News Group and Khit Thit Media reported that at least 50 troops from the military side were killed. The combined troops also seized a 60 mm heavy weapon, a machine gun and military accessories. About 50 military soldiers died in the fighting between 3 and 5 March. Fatalities were split across three days (3,4 and 5 March) and coded as 17 for this event.; On 4 March 2024, in Kan Htu Ma village (Taze township, Shwebo district, Sagaing region), the combined troops of the People's Defense Force - Shwebo District Battalion - 3, Battalion - 6, Battalion - 12, Battalion - 7, Battalion - 8, Battalion - 16 and the People's Defense Force - Sagaing District Battalion - 3 attacked and captured the Kan Htu Ma village police station where the Myanmar military from LIB- 361, police from Police Battalion - 16 and Pyu Saw Htee troops stationed. During the armed clash, the military conducted airstrikes with fighter jets, Y-12 planes and MI-35 helicopters from Tada-U, Nansang, Monywa, Taungoo and Nay Pyi Taw airbases. 18 military soldiers were killed and 32 were injured. The PDF troops also seized five G-3 rifles, four grenades, 1,635 rounds of MA-15 rifle ammunition, 12 magazines, 38 lakhs MMK and vehicles. 18 military soldiers were killed and 32 were injured and two PDF members were killed in three-day fighting. Fatalities split across three days (22 - 23 February and 4 March), coded as 6 for this event.; On 3 March 2024, near Na Nwin Taw Bo village (Natogyi township, Myingyan district, Mandalay region), the combined troops of the Myingyan Black Tiger and the People's Defense Force - Natogyi (PaKaPha) attacked the Myanmar military of around 40 soldiers in four vehicles with three cluster mines around 10:20 am. 6 military soldiers were killed and many were injured.; On 3 March 2024, in Kani town (Kani township, Yinmarbin district, Sagaing region), a combined force of the Yinmarbin District Command, Alpha Column, Salingyi Column, People's Defense Force - Yinmarbin; People's Defense Force - Salingyi, People's Defense Force - Kani, Pale People's Defence Force, Yinmarbin District PDF (B-1, 2, 6, 9, 17, 18, 21, 22, 23, 25, 27, 30 and 32), People's Security Force and Local PDFs attacked about 150 military soldiers and police stationed at the Myoma police station, the General Administration Department office, Basic Education High School and Shwe Zee Khon mountain for the second day as they attempted to take control of the town. The Myanmar military conducted airstrikes four times with an MI-35 helicopter from Kale town around 3 pm. DVB reported that a total of 47 military soldiers and 11 combined force members were killed within 11 days of the fight (2 - 12 March). 58 fatalities split across 11 days, and coded as 6 for this event.; On 3 March 2024, near Hmaw Lone village of of Hawng Par village tract (Hpakant township, Mohnyin district, Kachin state), the combined force of the Kachin Independence Army and the Kachin Region People's Defense Force attacked a column of about 60 military soldiers from IB-42, IB-12 and IB-76 and Shanni Nationalities Army and Pyu Saw Htee members advancing to Tar Ma Hkan village. About 50 military soldiers died in the fighting between 3 and 5 March. Fatalities were split across three days (3,4 and 5 March) and coded as 17 for this event.; On 2 March 2024, in Yaung Maw village (Dawei township, Dawei district, Tanintharyi region), a combined force of the People's Defense Force - T1, Oak Awe Column (Dawei) and the T5 Federal Column attacked a military base camp stationed by 12 soldiers and Pyu Saw Htee. Both sides then exchanged fire. The combined force claimed to have taken over the base camp, seized 12 guns and set the base camp on fire. The military then conducted airstrikes three times on the base camp, hitting and killing a member of the combined force. There were 12 fatalities on the military side. A total of fatalities coded as 13.; On 2 March 2024, between Hto Mar and Thar Yar Kone villages (coded as Hto Mar) (Kale township, Kale district, Sagaing region), joint local defense forces attacked an advancing column of 60 military soldiers from LIB-703 and Pyu Saw Htee members who were stationed at the Hto Mar village at around 9 am, killing 8 military soldiers and injuring 20 others. During the clash, the military conducted airstrikes and the Kale based military battalion fired 120 mm artillery rounds. After the clash, the military soldiers and Pyu Saw Htee retreated to the Hto Mar village. Other source, Myanmar Pressphoto Agency, reported that about 10 military soldiers were killed in the fighting. The joint force includes People's Defense Force - Kale District Battalion - 2, Battalion - 4, Battalion - 5, Vakok - CNDF, Chinland Defense Force - Kalay-Kabaw-Gangaw, Ranger Kalay Defense Force, Wings of Kalay, KRF: Kalay Revolution Force, CNO/CNDF: Chin National Organization/Chin National Defense Force, and CSS: Chin Secret Service. They also seized 3,900 rounds of MA rifle ammunition, 101 rounds of G-3 rifle ammunition, 3 grenades, 33 rounds of 40 mm heavy weapon shells, 4 rounds of 60 mm heavy weapon shells, an energa grenade, 4 rounds of RPG-7 shells, 4 bags of RPG gunpowder, 9 magazines of MA rifle, 2 bulletproof plates, 4 mobile phones, 5 flashlights and 64,000 MMK. Fatalities coded as 8 using the lowest estimate.; On 2 March 2024, in Kani town (Kani township, Yinmarbin district, Sagaing region), a combined force of the Yinmarbin District Command, Alpha Column, Salingyi Column, People's Defense Force - Yinmarbin; People's Defense Force - Salingyi, People's Defense Force - Kani, Pale People's Defence Force, Yinmarbin District PDF (B-1, 2, 6, 9, 17, 18, 21, 22, 23, 25, 27, 30 and 32), People's Security Force, Kani PDF -KLG and other local resistance forces attacked the military base camp in No.1 ward starting from around 5 am. During the fight, the military conducted airstrikes with Jet Fighters and Mi-35 for a total of 47 times at the battlefield between 8 am to 4 pm. Also during the fight, the military fired some rockets and machine guns on the battlefield. The military stationed at the BEHS schools, a ward administrator office, the police station, and the Shwe Zee Khon mountain also fired small guns at the battlefield. Khit Thit Media reported that there was a fatality and 3 injuries on the combined force side. DVB reported that a total of 47 military soldiers and 11 combined force members were killed within 11 days of the fight (2 - 12 March). 58 fatalities split across 11 days, and coded as 6 for this event.; On 2 March 2024, in Ha Lin village (Wetlet township, Shwebo district, Sagaing region), the military engaged in intense fighting with the local defense forces at night. During the fight, the military base (LIB-12) fired artillery rounds at the battlefield. MPA reported two members of PDF and at least 15 military soldiers died in the fighting.; On 29 February 2024, in Sittwe town (Sittwe township, Sittwe district, Rakhine state), the military Da Nya Wa Di naval base in Ah Nauk San Pya ward fired artillery rounds three times, hitting a market near Korean harbor in Mi Zan ward at around 8:30 am, killing 22 locals including four Rohingyas. Other sources, the Radio Free Asia, Myanmar Now, Shwe Phee Myay News Agency, and Narinjara News reported that 12 civilians died and 18 other civilians were injured. The military accused the AA of being responsible for the attack. The military transported some injured people to Yangon with aircraft for treatment at around 3 pm. Fatalities coded as 12 using the most recent estimate.; On 29 February 2024, in Aung Tha Pyay village (Paukkhaung township, Pyay district, Bago-West region), a combined force of the Pyay District PDF (B-3601) (Sniper Group, Company-1 and All Battalion-Company Column) and Pyay District PDF (B-3602) (Company-3) continued to attack a military column with snipers at around 2 pm and both sides then exchanged fire. 3 military soldiers were killed during the fight. The combined force attacked the military column coming out of the village again at around 6 pm and both sides exchanged fire a second time. 3 more military soldiers were killed during the second fight. Khit Thit Media also reported that there was a fatality and an injury from the combined force side split across two events (28 - 29 February). A total of fatalities coded as 7 (6 military soldiers and a member of the combined force).; On 29 February 2024, near Ywar Thit Kone village (Taze township, Shwebo district, Sagaing region), a combined force of the People's Defense Force No.1 Shwebo District Commands and their battalions attacked a military column of about 130 soldiers (LIB-11, LIB-361 and LIB-708) and Pyu Saw Htee approaching the village and both sides exchanged fire. There were 9 fatalities and 12 injuries on the military side.; On 28 February 2024, near Kyein Chaung village of Maungdaw township (Maungdaw district, Rakhine state), intense fighting broke out between the Arakan Army (ULA/AA) and the Myanmar military troops on Kyein Chaung - Yan Aung road at around 4:20 pm. Both sides then exchanged fire for about 2 hours. Seven military soldiers died in the fighting. The ULA/AA claimed to have seized weapons and military equipment from the Myanmar military troops.; On 27 February 2024, in Thayetchaung township (Dawei district, Tanintharyi region), the People's Defense Force - Dawei District Battalion-1 and Battalion-2 fired six rounds of 60 mm heavy artillery shells against the Myanmar military LIB-403 and LIB-404 Bases at around 2:20 pm. Six military soldiers died and seven others were injured.; On 26 February 2024, in Ramree town (Ramree township, Kyaukpyu district, Rakhine state), the ULA/AA continued attacking a joint Myanmar military column of about 120 troops, who were airlifted by the military using four helicopters, for the third day. The military troops are from the IB-36 based in Kyonpyaw town in Ayeyarwady region and the LIB-377 based in Ann town in Rakhine state. The Myanmar military launched airstrikes and dropped 500lb bombs on the town using three fighter jets. More than 20 military troops were killed.; On 25 February 2024, in Hopong town (Hopong township, Pa-O Self-Administered Zone, Shan-South state), fighting broke out between the military column advancing from Mai Pun town and the PNLA in the east side of the town from around 10 am until 3:40 pm after the military attacked the PNLA troops. 16 military troops, including two majors and three captains, were killed during the clash. The PNLA also claimed to have seized 15 MA guns, a drone launching gun, a pistol and some bullets from the military.; On 25 February 2024, in Ramree town (Ramree township, Kyaukpyu district, Rakhine state), the ULA/AA continued attacking a joint Myanmar military column of about 120 troops, who were airlifted by the military using four helicopters, for the second day. The military troops are from the IB-36 based in Kyonpyaw town in Ayeyarwady region and the LIB-377 based in Ann town in Rakhine state. The military conducted airstrikes with three fighter jets and dropped 500-lb bombs which destroyed some houses in the town. More than 60 military troops were killed during a two-day battle. 60 fatalities split across two days (24 - 25 February), coded as 30 for this event.; On 24 February 2024, in Ramree town (Ramree township, Kyaukpyu district, Rakhine state), the ULA/AA attacked a joint Myanmar military column of about 120 troops who were airlifted by the military using four helicopters. The military troops are from the IB-36 based in Kyonpyaw town in Ayeyarwady region and the LIB-377 based in Ann town in Rakhine state. More than 60 military troops were killed during a two-day battle. 60 fatalities split across two days (24 - 25 February), coded as 30 for this event.; On 23 February 2024, in Moke Pa Lin village (Kyaikto township, Thaton district, Mon state), the combined troops of the Karen National Liberation Army, Kyaikhto Revolution Force, Nighthawks and Kyaikhto People's Defense Force (PaKaPha) attacked the Moke Pa Lin junction checkpoint where around 30 Myanmar military and police troops were stationed. The combined troops attacked the military and police troops at the checkpoint with 40 mm, and 60 mm heavy weapons, small arms and bombs attached to drones around 1 pm. 6 military soldiers were killed and 3 were severely injured. A vendor who was present near the checkpoint was also injured.; On 23 February 2024, in Kan Htu Ma village (Taze township, Shwebo district, Sagaing region), the combined troops of the People's Defense Force - Shwebo District Battalion - 3, Battalion - 6, Battalion - 12, Battalion - 7, Battalion - 8, Battalion - 16 and the People's Defense Force - Sagaing District Battalion - 3 clashed with the Myanmar military troops from LIB-11, LIB-708 and Pyu Saw Htee troops in the north of the police station. During the armed clash, the military conducted airstrikes with fighter jets, Y-12 planes and MI-35 helicopters from Tada-U, Nansang, Monywa, Taungoo and Nay Pyi Taw airbases. 18 military soldiers were killed and 32 were injured and two PDF members were killed in three-day fighting. Fatalities split across three days (22 - 23 February and 4 March), coded as 7 for this event.; On 22 February 2024, in Hpaung Kyin village (coded as Hpaung Kyin (North)) (Natogyi township, Myingyan district, Mandalay region), the combined troops of the Natogyi People's Defense Force, People's Defense Force - Natogyi (PaKaPha); People's Defense Force - Mandalay District Battalion - 3, Shwe Chan Thar Guerrilla Force (Myingyan), Bo Sar Guerrilla Force, People's Defense Force - Myingyan (PaKaPha) and Myingyan District Drone Strike attacked the Myanmar military column of around 110 soldiers which advanced from the Na Bo Aing village around 1:30 pm. The combined troops attacked the Myanmar military column with a sniper rifle and heavy weapons. 7 military soldiers were killed and at least 10 were injured. A member of PDF from the Natogyi People's Defense Force was also injured.; On 22 February 2024, in Kan Htu Ma village (Taze township, Shwebo district, Sagaing region), the combined troops of the People's Defense Force - Shwebo District Battalion - 3, Battalion - 6, Battalion - 12, Battalion - 7, Battalion - 8, Battalion - 16 and the People's Defense Force - Sagaing District Battalion - 3 clashed with the Myanmar military troops from LIB-11, LIB-708 and Pyu Saw Htee troops in the north of the police station. During the armed clash, the military conducted airstrikes with fighter jets, Y-12 planes and MI-35 helicopters from Tada-U, Nansang, Monywa, Taungoo and Nay Pyi Taw airbases. 18 military soldiers were killed and 32 were injured and two PDF members were killed in three-day fighting. Fatalities split across three days (22 - 23 February and 4 March), coded as 7 for this event.; On 21 February 2024, between Wa Kone and Thin Gan Tone villages (coded as Wa Kone) (Dawei township, Dawei district, Tanintharyi region), a combined force of the Karen National Liberation Army Battalion - 12 under the Brigade - 4, KNLA Battalion - 27 under the Brigade - 6, Oak Awe Column (Dawei), Dawei Collective Column and Tavoy People Liberation Force attacked continued to attack a military convoy of about 300 soldiers in 17 vehicles on the Dawei - Htee Khee road in the evening and both sides exchanged fire for the fifth day. During the fight, the military conducted airstrikes with MI-2 aircraft two times and fired artillery rounds on the battlefield, causing the villagers to flee. The combined force seized 7 vehicles and 30 weapons from the military. Karen Information Center News reported 30 fatalities on the military side. Khit Thit Media reported that there were 20 fatalities on the military side. Another source, Mizzima reported that there were at least 18 fatalities on the military side. Myanmar Now reported that 18 military soldiers and 7 members of the combined force were killed while 3 others from the combined force were injured. Khit Thit Media also reported that there were at least 5 fatalities on the combined force side split across 5 days (17 - 21 February). A total of fatalities coded as 19 (18 military soldiers and a member of the combined force) for the lowest estimates.; On 21 February 2024, near Kan Htu Ma village (Taze township, Shwebo district, Sagaing region), the People's Defense Force - Shwebo District Battalion - 3, Battalion - 6, Battalion - 12, Battalion - 7, Battalion - 8, Battalion - 16 and the People's Defense Force - Sagaing District Battalion - 3 continued to attack about 30 military soldiers, police and Pyu Saw Htee stationed at the Kan Htu Ma police station camp starting from around 2 am and both sides then exchanged fire. During the armed clash, the military conducted airstrikes with fighter jets, Y-12 planes and MI-35 helicopters from Tada-U, Nansang, Monywa, Taungoo and Nay Pyi Taw airbases about 20 times at the battlefield between 4 am to 3 pm. The local PDFs then claimed to have taken control of the police station and seized 5 guns from the station before setting it on fire. Myanmar Pressphoto Agency reported that about 100 military reinforcements (Khway Bi Lu Sit Kyaung) arrived and continued to engage in intense fighting again with the local PDFs. Myanmar Now reported there were 9 fatalities on the military, police and Pyu Saw Htee side and 3 fatalities on the local PDF side in two-day fighting. More than 10 locals were injured and many houses in the village were also destroyed. 12 fatalities were split across two events (20 and 21 February), coded as 6 in this event. that split across two days (20 - 21 February), coded as 6 in this event.; On 21 February 2024, near Kha Yan Chan village of Taze township (Shwebo district, Sagaing region), joint forces of the PDF - Shwebo District Battalion-1 and the People's Defense Force - Taze (PaKaPha) attacked about 105 Myanmar military troops under LID-361 and Pyu Saw Htee members advancing toward Kan Htu Ma village. Ten military soldiers died and nine others were injured in the fighting.; On 21 February 2024, near Pe Khin Gyi village of Taze township (Shwebo district, Sagaing region), joint forces of PDF - Shwebo District Battalion-1 and other PDF - Shwebo District Battalions attacked about 50 Myanmar military troops of LID-11 and LID-708 near the village. Six military soldiers died and seven others were injured.; On 20 February 2024, near Kan Htu Ma village (Taze township, Shwebo district, Sagaing region), local PDFs attacked about 30 military soldiers, police and Pyu Saw Htee stationed at the Kan Htu Ma police station camp starting from around 11 pm and both sides then exchanged fire. Myanmar Now reported there were 9 fatalities on the military, police and Pyu Saw Htee side and 3 fatalities on the local PDF side in two-day fighting. 12 fatalities were split across two events (20 and 21 February), coded as 6 in this event.; On 19 February 2024, near Sikangyi village (Mansi township, Bhamo district, Kachin state), joint forces of the Kachin Independence Army (KIA), the Arakan Army (ULA/AA), and the Kachin Region People's Defense Force (KPDF) attacked the Myanmar military's strategic base-camp located near the village at around 11 am. The joint forces claimed to have taken control of the military base camp at 10 am after four days of fighting and captured 12 military soldiers from the base camp. DVB reported there were 30 fatalities on the military side and at least 8 fatalities on the joint forces side in three-day fighting between 17 and 19 February. A total of 38 fatalities were split across three events (17-19 February), coded as 12 for this event.; On 19 February 2024, near Sa Kar Pin village (Madaya township, Pyinoolwin district, Mandalay region), the military from In Gyin Myaing military base camp raided a Madaya PDF base camp by firing heavy weapons and small guns starting at around 9:30 am and arrested 3 PDFs from the base camp and 5 villagers including a child. The military then shot them in their heads and killed them. The military claimed to have seized some weapons from the PDF base camp. Locals from Sa Kar Pin village were forced to flee due to the military raid.; On 19 February 2024, in War Taw village of Hsihseng township (Pa-O Self-Administered Zone, Shan-South state), the Myanmar military troops LIB-425 and 246 fired heavy artillery shells on a vehicle carrying civilians who returned homes to retrieve their belongings near the village at around 6 am. Radio Free Asia, Khit Thit Media, Myanmar Now, and Myanmar Pressphoto Agency reported the event as the military's shelling and three civilians including a six-month-old baby were killed and five others were injured. Shan Herald Agency for News, Myanmar Pressphoto Agency, Khit Thit Media and Shwe Phee Myay Agency for News reported the military used drone strikes and killed seven civilians and injured six others. Fatalities coded 7 using the up-to-date report.; On 19 February 2024, in Pa Yin Taung village of Maungdaw township (Maungdaw district, Rakhine state), the Arakan Army (ULA/AA) attacked the Myanmar military's base located in Pa Ying Taung at around 7 am. The fighting continued until 4:30 pm. The Myanmar military forces responded by launching airstrikes three times. The ULA/AA claimed to have killed 10 military soldiers and seized several weapons. The ULA/AA also claimed to have full control over the military's base camp.; On 18 February 2024, near Mya Kone village (Pale township, Yinmarbin district, Sagaing region), a military convoy of about 70 soldiers (IB-723 and LIB-702) from Pale town engaged in intense fighting with the Burma National Revolutionary Army (Royal Dragon Column) starting from around 10 am and both sides exchanged fire for about 2 hours. During the clash, the military conducted airstrikes using Mi-35 helicopters at the battlefield, hitting and destroying a house and a monastery. Mizzima reported there were 22 fatalities and 14 injuries on the military side. A commander from the Burma National Revolutionary Army was also killed. Other sources, DVB and MPA, reported at least ten military soldiers and a member of BNRA died in the fighting and several others were injured. Fatalities coded as 11 using the lowest estimate.; On 18 February 2024, near Sikangyi village (Mansi township, Bhamo district, Kachin state), a combined force of the KIA, the ULA/AA and the Kachin Region People's Defense Force continued to clash with the Myanmar military for the second day from around 7:30 am until 5:20 pm as the combined force attempted to capture the military's Sikangyi strategic outpost. The military launched airstrikes with Y-12 and Y-8 fighter jets 26 times during the clash. DVB reported there were 30 fatalities on the military side and at least 8 fatalities on the joint forces side in three-day fighting between 17 and 19 February. A total of 38 fatalities were split across three events (17-19 February), coded as 13 for this event.; On 18 February 2024, in Minhla township (Thayarwady district, Bago-West region), the People's Defense Force - Thayarwady District Battalion-3802 carried out an attack using mines and firearms against a column of about 40 Myanmar military troops at 48 Pauk Hpone Tet Kyi at around 10 am. The fighting lasted about 30 minutes. 15 military soldiers died and seven others were injured. The fighting broke out again for 20 minutes as the military forces sent 25 reinforcement troops in a vehicle at about 12:30 pm, killing 10 more military soldiers and injuring seven others. The Thayarwady District PDF Battalion-3802 Unit-5 carried out another attack against the Myanmar military troops advancing from Haing Shu intersection to Hka Chin hill at around 3 pm and both sides exchanged fire for 40 minutes, killing five military soldiers and one member of PDF - Thayarwady District. At around 5:30 pm, the Thayarwady District PDF Battalion-3802 carried out a mine attack against an advancing column of 35 Myanmar military reinforcement troops near Shauk Pin Chaung, killing 10 military soldiers. Total fatalities coded as 41 (40 military soldiers and 1 PDF member).; Around 17 February 2024 (between 17 - 18 February), in Kanbalu township (Kanbalu district, Sagaing region), bodies of 7 locals from five villages (Hnaw Kone, Thin Taw, Kan Gyi, Pauk Taw and Sar Kyin villages) were found with their heads and hands cut off and their chests cut open after a military column deserted the area. Location coded as Hnaw Kone.; On 17 February 2024, near Sikangyi village (Mansi township, Bhamo district, Kachin state), joint forces of the Kachin Independence Army (KIA), the Arakan Army (ULA/AA), and the Kachin Region People's Defense Force (KPDF) attacked the Sikangyi military strategic outpost at around 6 am. In response, the military launched airstrikes with a fighter jet 14 times to defend the base, killing five locals and injuring over 30 others. DVB reported there were 30 fatalities on the military side and at least 8 fatalities on the joint forces side in three-day fighting between 17 and 19 February. A total of 38 fatalities were split across three events (17-19 February), coded as 13 for this event. Total fatalities coded as 18.; On 16 February 2024, near Pan Taw Pyin Ywar Thit village (Maungdaw township, Maungdaw district, Rakhine state), the ULA/AA attacked the Myanmar military (IB-263) at around 11:15 am. The fighting lasted for about 30 minutes. 12 military troops were killed, and the ULA/AA seized weapons and ammunition.; On 16 February 2024, in Baw Di Kone village (Maungdaw township, Maungdaw district, Rakhine state), the ULA/AA attacked the Baw Di Kone base of the Border Guard Police (BGP) for the second day. The military fired artillery rounds and launched airstrikes during the clash. The ULA/AA claimed to have taken control of the base following a two-day battle after the BGP troops were forced to retreat. 14 bodies of military troops were found after the two-day battle. 14 fatalities split across two days (15 - 16 February), coded as 7 for this event.; On 16 February 2024, in Baw Di Kone village (Maungdaw township, Maungdaw district, Rakhine state) the AA attacked the Baw Di Kone military base camp at around 6 am and claimed to have taken control of it. The AA also seized some weapons from the military. There were 14 fatalities on the military side.; On 16 February 2024, in Seikphyu township (Pakokku district, Magway region), the combined troops of the Northern Seikphyu People Defense Force (PaKaPha) and the People's Defense Force - Pakokku District Battalion - 4 Company - 3 attacked the combined column of the Myanmar military and police of around 200 troops advanced to raid the villages. The combined troops attacked the military and police troops with 20 bombs attached to drones and 25 rockets and then both sides exchanged fire. 10 military troops were killed and many were injured.; On 16 February 2024, near Pan Taw Pyin Ywar Thit village (Maungdaw township, Maungdaw district, Rakhine state) the military soldiers (IB-263) engaged in intense fighting with the AA at around 11:15 am and both sides exchanged fire for about 30 minutes. There were 12 fatalities, including a commander, on the military side.; On 16 February 2024, near Kan Thar Kone village of Khin-U township (Shwebo district, Sagaing region), Pyu Saw Htee from Myin See village of Shwebo township raided temporary huts located on rice farms where IDPs were staying at around 12 am. During the raid, the Pyu Saw Htee detained six family members from Myin See village and then killed three of them, including a pregnant woman. Bodies of three others, who went missing, were discovered in the evening. The victims were among those who fled Myin See village as they did not want to live in the village controlled by Pyu Saw Htee.; On 15 February 2024, in Baw Di Kone village (Maungdaw township, Maungdaw district, Rakhine state), the ULA/AA attacked the Baw Di Kone base of the Border Guard Police since 6 pm. In response, the Border Guard Police Battalion - 5 in Maungdaw town and a navy ship in the Nat River fired heavy weapons and the military launched airstrikes. 14 bodies of military troops were found after a two-day battle. 14 fatalities split across two days (15 - 16 February), coded as 7 for this event.; On 15 February 2024, in Chaung-U township (Monywa district, Sagaing region), the combined force of the Farmers Revolution Force FRF and Farmers Revolution Force FRF 2 opened fire at military vessels sailing along the Chindwin River. There were 7 fatalities on the military side.; On 15 February 2024, between Monywa town and Ah Myint village (coded as Monywa) (Monywa township, Monywa district, Sagaing region), the Burma National Revolutionary Army intercepted a Myanmar military vessel traveling from Ah Myint village to Monywa town at around 2:30 pm. Seven military troops were killed, and 23 others sustained injuries.; On 15 February 2024, in Kyauk Ni Maw village (Launglon township, Dawei district, Tanintharyi region), the Launglon PDF (PaKaPha), who were laying in ambush to conduct a mine attack on a military vehicle, shot dead a Pyu Saw Htee member who came to investigate information at the Ye Chaung intersection at around 4 pm for allegedly trying to escape and defend himself with a handmade pistol while being detained. The Launglon PDF seized a pistol and some bullets. Furthermore, the Launglon PDF (PaKaPha) carried out a mine attack against a vehicle transporting Myanmar military troops and Pyu Saw Htee members approaching the Ye Chaung intersection at around 4 pm. The two sides then exchanged fire with small and heavy weapons. According to the latest report of Khit Thit Media on 1 March 2024, a total of 5 military soldiers and Pyu Saw Htee were killed. Fatalities coded as 6 for total of Pyu Saw Htee member being shot and 5 military and Pyu Saw Htee who were attacked with mines.; On 14 February 2024, between Shwe Bo and Thin Taw villages (coded as Shwe Bo) (Gangaw township, Gangaw district, Magway region), the People's Defense Force - Gangaw District Battalion 12, Battalion - 14, Gangaw Myo Nei Pyi Thu Kar Kwei Yay Aphwe - PaKaPha: Gangaw Township People's Defense Force - PaKaPha, the All Burma Students' Democratic Front and the Chinland Defense Force - Kalay-Kabaw-Gangaw attacked the Myanmar military and Pyu Saw Htee of around 200 troops coming from Myauk Khin Yan village around 7:15 am. MPA reported that 6 Pyu Saw Htee troops were killed.; On 14 February 2024, between Thin Taw and Shwe Bo villages (coded as Thin Taw) (Gangaw township, Gangaw district, Magway region), a Myanmar military column of about 200 military troops and Pyu Saw Htee members stationed in the Myauk Khin Yan village took seven men to the Hpa Yar Kone area and tortured and shot them dead at around 6 am. The seven men were among the villagers arrested by the military in Thin Taw village (coded separately). Their bodies were found by the side of the road between the two villages, with some of them having their hands tied. Pro-military telegram channels claimed that the victims were members of PDF.; Around 14 February 2024 (as reported), in Monywa town (Monywa township, Monywa district, Sagaing region), the Myanmar military killed 7 locals including a child from a cow farm in the No.2 Industrial Zone. They were killed by the military after being arrested on 13 February. Pro-military telegram channels claimed that these were members of PDF troops but a member of PDF troop based in Monywa township denied the allegation.; On 13 February 2024, in Kyi Taw Su village of Mongmit township (Mongmit district, Shan-North state), the Myanmar military troops killed six civilians, including a woman, for unknown reasons.; On 13 February 2024, near Tha Yet Kan village (Myaing township, Pakokku district, Magway region), the combined troops of the Badassess Burma Force, TYK Guerrilla Force, Mone Taing People's Defense Force, People's Defense Force - Pakokku District Battalion - 2, People's Defense Force - Pakokku, Young Force-UG; Set Kyar Defense Force (Myaing PDF Battalion - 1 Company 4) and Earthquake People's Defense Force attacked 15 Pyu Saw Htee troops who were patrolling around 7 am. 2 Pyu Saw Htee were killed and 5 were detained as prisoners of war. The combined troops set fire and destroyed Pyu Saw Htee's bunkers around the village. Separately, the combined troops attacked the Pyu Saw Htee members around 10:30 am who came to carry the bodies of Pyu Saw Htee troops who were attacked and killed by the combined troops in the morning. 5 Pyu Saw Htee members were killed and many were injured. Total fatalities coded as 7.; On 13 February 2024, between Hnget Pyaw Chaung and Ku Lar Bar villages (coded as Hnget Pyaw Chaung) (Kyaukpyu township, Kyaukpyu district, Rakhine state), the military engaged in intense fighting with the AA at around 9 am and both sides exchanged fire for about 15 minutes. During the fight, the navy fired two artillery rounds on the battlefield, and the military conducted an airstrike with a Y-12 plane and dropped at least 30 bombs on the battlefield. Four houses in Ku Lar Bar village were damaged. More than 20 soldiers were killed and at least 50 were injured.; On 13 February 2024, in Ywar Thar village (Shwebo township, Shwebo district, Sagaing region), the combined force of the Shwebo Crocodile, Shin Shin People's Defense Force (Shwebo), Shwebo Township PDF Area 5, 96 Soldiers - PDF, Shwebo Township PDF Area 2 and Northern Tigers Group - Sagaing Region attacked about 40 military soldiers and Pyu Saw Htee members in the village with weapons and more than 30 bombs attached to drones. 7 members of the military and Pyu Saw Htee were killed. 3 members of the combined troops were also killed and 3 were injured. The combined troops seized a rifle, two energa grenades, an MA2 rifle magazine and a uniform. The military troops retreated to the military outpost in Pa Laing village which was one and a half miles away from Ywar Thar village. The combined troops claimed that this attack was part of Operation Sky Heroes. Fatalities coded as 10.; On 12 February 2024, in Shadaw town (Shadaw township, Loikaw district, Kayah state), the combined force of the Karenni Nationalities Defense Force, Karenni Army, Karenni Nationalities People's Liberation Front and allies attacked a strategic base of the Myanmar military situated in the town at around 5:30 am and captured the base at around 8:30 am. During the armed clash, the military conducted airstrikes and dropped bombs with fighter jets. The Karenni resistance forces claimed to have taken control of the town. More than 40 military soldiers, including a strategic commander, were killed and more than 20 family members of the military were detained. Four members of the combined troops were injured and the combined troops seized more than 150 weapons and ammunition. Myanmar Now reported around 60 military troops were killed and MPA reported more than 160 soldiers including a colonel, a lieutenant colonel and a police lieutenant were killed. Fatalities coded 40 as the lowest estimate.; On 12 February 2024, in a village between Hsihseng town and Hsaik Hkawng villages (coded as Hsihseng) (Hsihseng township, Pa-O Self-Administered Zone, Shan-South state), the combined force of the Myanmar military and Pa-Oh National Army intercepted and attacked Pa-Oh National Liberation Army column in patrol with a sniper, bombs attached to a drone, small and heavy weapons. During the armed clash, the combined force seized two rifles, a car and some ammunition. Seven monastery buildings, a temple, a school and some houses were destroyed during the crossfire. At least 8 were killed on the military and PNO combined force side including a PNO captain.; On 12 February 2024, between Hnget Pyaw Chaung and Ku Lar Bar villages (coded as Hnget Pyaw Chaung) (Kyaukpyu township, Kyaukpyu district, Rakhine state), the Arkan Army (AA) continued to attack about 30 military soldiers advancing to the villages and both sides exchanged fire three times, the first time between 8 am to 1 pm, the second time between 4 to 4:30 pm and another time at night. During the fight, the No.32 police battalion, the military (LIB-542) base, Nyaung Sein Taung military base camp and the navy fired about 70 artillery rounds between 9:40 am to 9 pm, causing the villagers to flee. Narinjara News reported that at least 40 military soldiers were killed and around 100 were injured during the two-day battle (February 12-13), with more than 20 killed and at least 50 injured on February 13 alone. 40 fatalities split across two days (12 - 13 February), and coded as 20 in this event. The injured soldiers were also taken back to the military IB-34 base.; On 11 February 2024, in Paik Thei Ku Lar village (Kyauktaw township, Mrauk-U district, Rakhine state), the military conducted airstrikes with a Jet Fighter on the Muslim village at around 8:35 pm, hitting and destroying over 10 houses. Khit Thit Media, Narinjara News and Shwe Phee Myay News Agency reported that 7 Muslim locals were killed and 6 other locals were injured. Radio Free Asia reported that 6 locals, including two 5-year-old Rohingya children, were killed. Fatalities coded as 6 for the lowest estimates.; On 11 February 2024, near Aung Tha Pyay village (Maungdaw township, Maungdaw district, Rakhine state), the military engaged in intense fighting with the AA at around 10:10 am and both sides exchanged fire. The military from Kha Maung Seik base camp fired artillery rounds on the battlefield. There were 7 fatalities on the military side.; On 11 February 2024, in Hpakant township (Mohnyin district, Kachin state), the Kachin Independence Army (KIO/KIA) launched an attack against the military LID-33 advancing from Hpakant to Nant Tin near the 6-Mile post at around 7 am. Over twenty military soldiers, including a captain, died in the attack and three other soldiers were captured alive.; On 11 February 2024, in Paw Lan Gyi village (Paukkhaung township, Pyay district, Bago-West region), a combined force of the Pyay District PDF (B-3601) (Company-5 (Taw Bayin Group)) and the Pyay District PDF (B-3602) (Company-4) attacked the military soldiers (under the LID-66 and No.19 Defense Equipment Base)stationed at the village with small guns at around 1:15 pm. The military fired back with 40 mm artillery rounds. 6 military soldiers were killed 4 other military soldiers were injured.; On 10 February 2024, between Kan Hla and Kyar Kan villages (coded as Yedashe) (Yedashe township, Taungoo district, Bago-East region), a combined force of the Northern Thandaung Defense Force (companies 1, 2, 3 and 4), the Daung Min Thar Yedashe PDF and the Spring Hero Column attacked about 80 military soldiers heading to the village at around 4 pm and both sides exchanged fire for about an hour and 45 minutes. During the fight, the military reinforcement column from Ye Ni village fired artillery rounds on the battlefield. Karen Information Center News reported that a local, who was taken to the village by the military as a human shield, died in the crossfire. Mizzima reported that there were 10 fatalities and 14 injuries on the military side and 2 injuries on the local defense forces side. Another source, Myanmar Pressphoto Agency reported that there were 15 fatalities on the military side and some injuries on the combined force side. Khit Thit Media reported that 31 military troops were killed and several others were injured. Mizzima reported that the event occurred on 10 February and Myanmar Pressphoto Agency reported it occurred on 11 February. Fatalities coded as 11 (10 military soldiers and a local) for the lowest estimates.; On 8 February 2024, in Shwebo town of Shwebo township (Shwebo district, Sagaing region), joint forces of Flying Dragon Force, Shwebo Crocodile, People's Security Force (Shwebo), Buffalo Soldiers Freedom Force (SBLDF), People's Defense Force - Shwebo, BGS Drone Force - Ayadaw, Ayadaw Rocket LPDF, Farmer Heroes Khin U, Northern Tigers Group - Sagaing Region, and Bo Lin Yaung People's Defense Force (DaPaYa) carried out five drone strikes against the Myanmar military soldiers stationed at Shwe Dar monastery from 6 pm to 8:30 pm. Seven military soldiers died and five others were injured.; On 8 February 2024, in Ywarthit town of Bawlake township (Bawlake district, Kayah state), joint forces of the Karenni Army (KNPP/KA), Karenni People's Liberation Army, the Force for Federal Democracy, the Karenni Nationalities Defense Force (KNDF), People's Defense Force (under the NUG), PDF (Drone Group), and Karenni Nationalities People's Liberation Front (Federal Wing Drone Group) carried out an attack against the military's 12 Mile Kone outpost based in the town. A military soldier was captured alive by the joint forces. The joint forces seized eight MA-1 rifles, an MA-2 rifle, an MA-3 rifle, an MA-11 rifle, 60mm three mortar, 9mm pistol, and ammunition. The joint forces claimed that they took full control of the town after capturing the 12 Mile Kone outpost. Khit Thit Media reported that 12 military soldiers died and seven members of joint forces were injured in the fighting. Multiple news reported that the event occurred on 8 February 2024 while Burma News International reported that it occurred on 28 January 2024.; On 7 February 2024, in Za Yat Gyi town (Htantabin township, Taungoo district, Bago-East region), a combined force of the KNLA, the Bamar People's Liberation Army, Northern District People's Defense Force (PaKaPha), the Royal Peacock Column, the Alawaka Column (People's Defense Force - Thaton District Battalion 3), the Rook People's Defense Force, the Seven Ravens Column and the Spring Warriors Column attacked the Myanmar military IB-73 and the Za Yat Gyi police station starting from 3 am. In response, the military launched airstrikes and dropped over eighty 500lb bombs on the town. The combined force claimed to have taken control of the military base and the police station. More than 4,000 locals were forced to flee due to the fighting. At least five members of the combined force sustained injuries. The DVB reported that eight civilians (five men and three women) were killed and more than 50 others were injured by airstrikes, while Khit Thit Media reported that at least 10 civilians, including three children, were killed and over 50 injured. The Irrawaddy reported that fifteen civilians, including Buddhist nuns and children, were killed in the fighting. Myanmar Pressphoto Agency and Ministry of Defense - NUG reported that there were 70 fatalities on the military side and 4 fatalities on the combined force side during the clash over four locations. 74 fatalities split across four locations (Za Yat Gyi, Hnit Tant Ku and Myo Soe villages and Htantabin township), coded as 18 for this event. Total fatalities coded as 27 (18 military soldiers, a combined force member and 8 civilians).; On 7 February 2024, near Kone Thar village of Natogyi township (Myingyan district, Mandalay region), joint forces of the Myingyan Black Tiger, the 27 Revolution Force, People's Defense Force - Myingyan (PaKaPha), Tiger Brother Myittha PDF, and Myittha People's Defense Force (MPDF) carried out drone strikes against about 13 military soldiers in patrol near the village cemetery at around 12 pm. The drone strike killed eight military soldiers and injured three others.; On 7 February 2024, in 7 Taing village of Kawkareik township (Kawkareik district, Kayin state), a combined force of the KNLA and the PDF (under the NUG) attacked a Myanmar military's electricity substation hilltop camp stationed by about 70 military troops from the LIB-546 at around 8 am. The two sides then exchanged fire for about 40 minutes. About 20 military troops were killed, while some members of the combined force sustained injuries.; On 7 February 2024, in Myo Soe village (Htantabin township, Taungoo district, Bago-East region), a combined force of the KNLA, the Bamar People's Liberation Army, Northern District People's Defense Force (PaKaPha), the Royal Peacock Column, the Alawaka Column (People's Defense Force - Thaton District Battalion 3), the Rook People's Defense Force, the Seven Ravens Column and the Spring Warriors Column attacked the Myanmar military's Myo Soe base. Myanmar Pressphoto Agency and Ministry of Defense - NUG reported that there were 70 fatalities on the military side and 4 fatalities on the combined force side during the clash over four locations. 74 fatalities split across four locations (Za Yat Gyi, Hnit Tant Ku and Myo Soe villages and Htantabin township), coded as 18 for this event.; On 7 February 2024, in Htantabin township (Taungoo district, Bago-East region), a combined force of the KNLA, the Bamar People's Liberation Army, Northern District People's Defense Force (PaKaPha), the Royal Peacock Column, the Alawaka Column (People's Defense Force - Thaton District Battalion 3), the Rook People's Defense Force, the Seven Ravens Column and the Spring Warriors Column attacked the Myanmar military's Chaung Char base and other bases on the Yae Kyi Chaung bridge. Myanmar Pressphoto Agency and Ministry of Defense - NUG reported that there were 70 fatalities on the military side and 4 fatalities on the combined force side during the clash over four locations. 74 fatalities split across four locations (Za Yat Gyi, Hnit Tant Ku and Myo Soe villages and Htantabin township), coded as 19 for this event.; On 7 February 2024, in In Gyin Thar village of Htantabin township (Taungoo district, Bago-East region), artillery shells fired by the military during a clash with resistance forces in Za Yat Gyi town (coded separately) fell in the village located near the military IB-73. Six people including two women were killed, and two others including a man and his 5-year-old child were injured.; On 7 February 2024, in Hnit Tant Ku village (Htantabin township, Taungoo district, Bago-East region), a combined force of the KNLA, the Bamar People's Liberation Army, Northern District People's Defense Force (PaKaPha), the Royal Peacock Column, the Alawaka Column (People's Defense Force - Thaton District Battalion 3), the Rook People's Defense Force, the Seven Ravens Column and the Spring Warriors Column attacked the military checkpoint on the Hnit Thant Ku bridge and both sides exchanged fire. The combined force also destroyed the bridge with mines during the fight. Myanmar Pressphoto Agency and Ministry of Defense - NUG reported that there were 70 fatalities on the military side and 4 fatalities on the combined force during the clash over four locations. 74 fatalities split across four locations (Za Yat Gyi, Hnit Tant Ku and Myo Soe villages and Htantabin township), coded as 19 for this event.; On 7 February 2024, near Kan Ni village of Myaing township (Pakokku district, Magway region), joint forces of PDF - Myaing (PaKaPha) and PDF - Pakokku District Battalion (2, 6, 7, 17) carried out an attack against about 200 Myanmar military troops who were transporting military supplies and advancing toward Kan Ni village. The joint forces attacked the military troops at around 9:30 am and 11 am, killing seven military soldiers. The joint PDFs also attacked the military troops again using snipers at 1 pm around and killed two more military soldiers. Total fatalities coded 9.; On 7 February 2024, in Kan village (Mingin township, Kale district, Sagaing region), a combined force of Brother Defense Force - Yinmarbin (People's Defense Force - Yinmarbin District Battalion-16 Company-1), Burma National Revolutionary Army (BNRA), Student Revolution Force (SRF), Dark Guerrilla Force, Chindwin Spring Revolution Armed Force (CSRAF), and Golden Triangle Force (GTF) attacked a Pyu Saw Htee camp at around 3:30 am. The combined force claimed to have seized the Pyu Saw Htee camp. Six Pyu Saw Htee members were killed, and about 30 others sustained severe injuries. 6 members of the combined force were also injured. About 130 houses also caught fire during the clash.; On 6 February 2024, near Set Kone village (Phyu township, Taungoo district, Bago-East region), the Alawaka Column (People's Defense Force - Thaton District Battalion 3) attacked Myanmar military troops who were advancing from Set Kone village to Tha Pyay Khin village at around 1:30 pm. The military brought along 10 civilians who were abducted as human shields. The group used 60mm artillery rounds, sniper and 40mm Energa bombs during the attack. At least 60 military troops were killed and injured, while two members of the group sustained injuries. Fatalities coded as 30.; On 6 February 2024, in the east of Hsaik Hkawng village (coded as Hsaik Hkawng Zay Kone) (Hsihseng township, Pa-O Self-Administered Zone, Shan-South state), the Pa-Oh National Liberation Army (PNLO/PNLA) ambushed and attacked a joint force of the Myanmar military and a people's militia force. The military forces responded with airstrikes and heavy artillery shells. The shelling and airstrikes damaged residential buildings in the village. The PNLA captured two members of the People's Militia Force alive. The PNLA claimed that they discovered six bodies of the military troops and seized five firearms.; On 5 February 2024, in Shadaw township (Loikaw district, Kayah state), the Myanmar military (LIB-249) shot dead IDPs who were abducted as human shields on 4 February 2024. According to the RFA, Kantarawaddy Times, the DVB, the Irrawaddy and Khit Thit Media, six IDPs (a pregnant woman, two other women and three children) were killed. Meanwhile, Myanmar Now, BBC News and Mizzima reported that seven bodies of the victims were found. Fatalities coded as 7.; On 5 February 2024, in Shadaw town (Shadaw township, Loikaw district, Kayah state), the Myanmar military launched airstrikes on the town and destroyed a school and killed at least seven people including children who were studying. More than 40 houses caught fire.; On 5 February 2024, in in Shadaw town of Shadaw township (Loikaw district, Kayah state), a combined force of the Karenni Army and the KNDF attacked 64 Myanmar military reinforcements from the Mongping-based IB-249 after they were airdropped by three helicopters. Both sides then exchanged fire. 10 military soldiers were captured alive. There were about 40 fatalities on the military side.; On 5 February 2024, in Myauk Kyun village of Myingyan township (Myingyan district, Mandalay region), joint forces of PDF - Mandalay District Battalion-6, PDF - Myingyan (PaKaPha), PDF - Taungtha (PaKaPha), PDF - Ngazun (PaKaPha), PDF - Myingyan (PaKaPha), Anyar Federal Task Force, Irrawaddy Prince Guerrilla Force, MGN 35 Guerrilla Force, 8 Stars Myingyan Guerrilla Force, Zarmani Guerrilla Force, Thwaythauk Revolution Force, Myaung Villages Coalition, Bo Tun Tauk LPDF, PDF - Myaung (PaKaPha), Black Wolf People's Defense Force - MDY, Red Peacock Guerrilla Force, Mobile Defense Force, Yesagyo Area Yae Lel Kyun Group, and KNT Guerrilla Force carried out an attack against about 60 Myanmar military troops and Pyu Saw Htee stationed in the village at around 8 pm. The Myanmar military troops and Pyu Saw Htee responded with drone strikes and 80 mm heavy weapons. Eight military soldiers and Pyu Saw Htee died in the fighting.; On 4 February 2024, in Hsihseng township (Pa-O Self-Administered Zone, Shan-South state), the military and the Pa-O National Army (PNO/PNA) shot dead twelve 30-year-old drug addicts who came to the Aung Su Bwe drug rehabilitation center and were coerced into serving as forced porters by the PNA. Locals claimed that they were shot and killed as they allegedly refused to fight for the military and march in front of the military column. Their bodies were buried at the Loi Taung village cemetery. Other sources, Shwe Phee Myay and Network Media Group, reported that a total of 120 were killed. Fatalities coded as 12 using the lowest estimate.; Around 3 February 2024 (as reported), in Shwe Pyi Aye town (Homalin township, Hkamti district, Sagaing region), about 400 military soldiers and the Shanni National Army attacked a combined force of the Homalin PDF, Hkamti District PDF, Sagaing region PDFs and PaKaPha groups under the NUG military command 1. The Homalin PDF seized 3 guns from the military side. There were 15 fatalities and 40 injuries on the military side split across two events (23 January and 3 February), coded as 8 for this event.; On 3 February 2024, near Ban Law (East) village (Tanintharyi township, Myeik district, Tanintharyi region), a combined force of the People's Defense Force - Myeik District Battalion 2 (Company-1), Impartial Guerrilla Group Tanintharyi Township, Southern Warriors Defense Force and the People's Defense Force - Myeik (PaKaPha) continued to attack about 80 military soldiers advancing to the area about 5 to 6 miles from the village. Both sides exchanged fire about 5 times in three days (1 - 3 February). The combined force seized a grenade and 500 pieces of 5.56 bullets belonging to the military from the battlefield. There were 22 fatalities on the military side split across three days, coded as 7 in this event.; On 3 February 2024, in Monywa township (Monywa district, Sagaing region), the combined troops of the Salingyi Myo Nei Let Yone Tat: Salingyi Township Armed Force, Alpha Column, Salingyi Generation People's Defense Force, Young People Force and Dragon Brothers Task Force attacked the Myanmar military soldiers which advanced from the Nyaung Pin Gyi police station to a river jetty junction to extort money from locals. The combined troops attacked the military soldiers with three remote explosives and small arms around 6:50 am. During the armed clash, the military troops from the other side of the river and the military stationed at the Wan Bao checkpoint fired heavy weapons as reinforcement. 7 military soldiers were killed.; On 2 February 2024, between Baing and Aung Chan Thar villages (Mindon township, Thayet district, Magway region), the combined troops of the People's Defense Force - Magway, People's Defense Force - Upper Minhla and Key of Revolution attacked the Myanmar military troops advanced from Kyauk Hpyar Lel village with two trucks around 3 pm. 7 military soldiers including an officer were killed and 8 were injured.; On 2 February 2024, near Ban Law (East) village (Tanintharyi township, Myeik district, Tanintharyi region), a combined force of the People's Defense Force - Myeik District Battalion 2 (Company-1), Impartial Guerrilla Group Tanintharyi Township, Southern Warriors Defense Force and the People's Defense Force - Myeik (PaKaPha) continued to attack about 80 military soldiers advancing to the area about 5 to 6 miles from the village. Both sides exchanged fire about 5 times in three days (1 - 3 February). During the fight, the military conducted airstrikes by dropping a total of 9 bombs with MI-2 aircraft on Ban Law village two times at around 2 pm. There were 22 fatalities on the military side split across three days, coded as 7 in this event.; Around 2 February 2024 (between 1 - 3 February), in Zee Hpyu Kone village (Shwebo township, Shwebo district, Sagaing region), the Myanmar military killed eight civilians who were among about 50 villagers arrested by the military on 1 February. The burned bodies of four victims were found on 3 February, while the bodies of four others were found between 4 and 5 February. Locals claimed that some of the victims were chopped to death with axes by the military. The incident occurred after the military and the Pyu Saw Htee raided local defense forces stationed in the village on 1 February (coded separately).; On 2 February 2024, in Leik Tho town (Thandaunggyi township, Hpa-An district, Kayin state), after attacking the Maing Lun Pin military outpost (coded separately), the KNLA Brigade 2 Sniper Force and the Spring Hero Column attacked the military and police at the Leik Tho police station at around 8:19 am and the military LIB-603 base camp with two 102 mm rockets at around 11:20 am. During the fights, the military from the Leik Tho strategic base fired artillery rounds on the battlefield. The military reinforcements from Taungoo town also advanced to the battlefield. Khit Thit Media and the Ministry of Defense - NUG reported there were over 20 fatalities on the military and police side split across two days (1 - 2 February), coded as 10 in this event.; On 1 February 2024, between Mong Lun and Ah Lel Chaung villages (coded as Mong Lun (Lower)) (Thandaunggyi township, Hpa-An district, Kayin state), the combined troops of the Karen National Liberation Army Brigade-2 Battalion 4 and Battalion-5, Karen National Liberation Army Special Commando Force, People's Defense Force - Nay Pyi Taw Battalion - 802 and Battalion-805, Spring Hero Column, Taungoo District People's Defense Force Battalion - 3501 Company-1 and the Alpha One Drone Group attacked the Myanmar military Mong Lun Pin outpost at around 12:05 pm. The battle took around one and a half hours and the military conducted airstrike five times and dropped bombs with a plane. The military from Za Le village, Shwe Nan Ka Lay village, and the IB-603 base camp also fired artillery rounds and killed a 6-year-old child, and 8 locals were injured. Mizzima reported that four members of the resistance forces were killed. MPA reported that a member of the KNLA brigade-2 and 4 members of the People's Defense Force - Nay Pyi Taw were killed. Khit Thit Media and the Ministry of Defense - NUG reported there were over 20 fatalities on the military side split across two days (1 - 2 February). Total fatalities coded as 15 (10 military soldiers, 4 resistance members, and a child) for this event.; On 1 February 2024, near Ban Law (East) village (Tanintharyi township, Myeik district, Tanintharyi region), a combined force of the People's Defense Force - Myeik District Battalion 2 (Company-1), Impartial Guerrilla Group Tanintharyi Township, Southern Warriors Defense Force and the People's Defense Force - Myeik (PaKaPha) attacked about 80 military soldiers advancing to the area about 5 to 6 miles from the village. Both sides then exchanged fire about 5 times in three days (1 - 3 February). There were 22 fatalities on the military side split across three days, coded as 8 in this event.; On 31 January 2024, in Htin Shu village (Thanbyuzayat township, Mawlamyine district, Mon state), a combined force of the Karen National Liberation Army (KNLA) Battalion-27, Ye Ogre Group, Alpinia Group and Taung Nyo Column attacked military soldiers stationed at a police station in Htin Shu village at around 6 am and both sides exchanged fire for five hours. During the fighting, the military conducted airstrikes and fired artillery rounds on the battlefield. Myanmar Pressphoto Agency reported that there were 10 fatalities and 2 injuries on the military side and 2 fatalities on the combined force side.; On 31 January 2024, in Mrauk-U town (Mrauk-U township, Mrauk-U district, Rakhine state), two members of the Myanmar military LIB-378 shot dead seven inmates at the military LIB-378 base detention center at around 2 pm and buried their dead bodies in a ditch near the Mrauk-U hospital. One of the inmates was a former journalist. Their bodies were buried in a bomb shelter and found by AA troops when they captured the town on 5 February. Two of the detainees were charged under Section 505 (A) of the penal code.; On 30 January 2024, in Hsihseng town of Hsihseng township (Pa-O Self-Administered Zone, Shan-South state), intense fighting broke out between the Pa-Oh National Liberation Army (PNLA) and the Myanmar military troops LIB-423 and 424 and Pa-Oh National Army (PNO/PNA). The fighting broke out while PNLA was clearing the areas. PNLA claimed to have found about 50 bodies of the military soldiers and seized about 50 weapons. Khit Thit Media, Kantarawaddy Times, and Mizzima also reported the same number of fatalities.; On 30 January 2024, in Mee Laung Chaung village of Palaw township (Myeik district, Tanintharyi region), joint forces of the Karen National Defense Organization (KNDO), the People's Defense Force - Palaw, the Palaw Regional Defence Force (PRDF), and King Cobra Force attacked the Myanmar military troops and Pyu Saw Htee camp stationed in the village at around 5:30 am. The joint forces claimed to have destroyed the military and Pyu Saw Htee camp at around 8 am and the military soldiers and Pyu Saw Htee fled to the military IB17. The military forces responded with airstrikes while the joint forces were collecting weapons from the military's station at around 8:30 am. At around 10 am, the joint forces could withdraw from the camp. DVB reported that the airstrikes killed four civilians and injured several civilians and PDF members. Myanmar Now reported that a local civilian, two members of the Palaw PDF, and three members of KNDO died and eight others were injured in the airstrikes. Four military soldiers also died in the fighting. MPA reported that three members of the combined force were killed. Khit Thit Media reported five members of Pyu Saw Htee and a military soldier, and five members of joint PDFs died in the fighting. Total fatalities coded 8 (1 civilian, 3 PDF members, 4 soldiers, and Pyu Saw Htee), using the lowest estimate.; On 29 January 2024, near Ke Lin Seik village of Yedashe township (Taungoo district, Bago-East region), joint forces of the Pu War Ni Sit Kyaung: Red Bandana Column, People's Defense Force - Nay Pyi Taw, and the Kee Ku Sit Kyaung: Kee Ku Column carried out an attack using sniper and 40mm heavy weapons against about 80 Myanmar military troops advancing toward Tin Nan Thar village. The sniper killed one military soldier. The military troops retreated to Ke Lin Seik village. A total of nine military soldiers died and several others including a deputy battalion commander were injured.; On 29 January 2024, in Hone village of Paletwa township (Matupi district, Chin state), the Myanmar military forces launched airstrikes three times on the village at around 1 pm. The airstrikes landed near a cooking oil trading store and killed seven local civilians. Six civilians were from Kyeik village and another one was from Daik Chaung village.; On 28 January 2024, in Sin Ma Ye village of Yesagyo township (Pakokku district, Magway region), a combined unidentified local defense forces carried out an attack against the Myanmar military troops and Pyu Saw Htee stationed at a military's base-camp in the village at around 5 am. The fighting lasted for over an hour. The joint forces claimed to have captured the military's base-camp at around 5:45 am and seized five motorbikes, three military uniforms, two rounds of 60 mm grenades, and 30 rounds of bullets. 12 members of Pyu Saw Htee and two military soldiers, including a captain, were killed in the fighting. They then set fire to the camp and the bunkers. The combined force include PDF - Myingyan District Battalion-1 Battalion-3, PDF - Mandalay District Battalion-5, PDF - Yinmarbin District Battalion (3, 4, 5, 6), PDF-Pakokku District Battalion-2 Battalion-16, YNRF: Yaw National Revolution Force - Htilin of Gangaw Battalion - 18 (YMRF), Red Dragon Special Attack Force, Myaung Villages Coalition, MBTT: Myaung Bo Tauk Tun, People's Defense Force - Yesagyo (PaKaPha), RBDF: Royal Brother Defense Force, Pakokku District Local People Defence Force, PKU STF: Pakokku Special Task Force, MDDS: Myingyan District Drone Strike, and Joe Kyar Pyauk Kyar Tatphwe: Sarus Crane Guerrilla Force.; On 27 January 2024, in Kawkareik town of Kawkareik township (Kawkareik district, Kayin state), joint forces of the Albino Tiger Column Unit-1, Unit-2, Unit-6, and local PDFs carried out an attack against the Myanmar military troops stationed at Chaung Taung Myoma pagoda at around 11 am. Subsequently, the joint forces then clashed with the Myanmar military troops at the Taung Paw Yat junction near the No.2 Basic Education Middle School while the joint forces carried out a clearing operation of the area. The fighting took around an hour. Eight military soldiers died and nine others were injured. Military troops set fire to houses as they retreated.; On 25 January 2024, in Pein Pyit (Lower) village (Mogoke township, Pyinoolwin district, Mandalay region), the Myanmar military of around 100 soldiers clashed with the Ta'ang National Liberation Army from 5 pm to 7 pm. At least 15 military soldiers were killed and at least 3 members of TNLA were injured. TNLA troops set fire to two military vehicles and seized weapons and ammunition.; On 25 January 2024, near Hton Ma Khar village (Tanintharyi township, Myeik district, Tanintharyi region), the combined troops of the People's Defense Force - Myeik District Battalion-2 Company-1, People's Defense Force - Tanintharyi (PaKaPha), People's Defense Force - Myeik (PaKaPha), Kaw Thoo Lei Army and allies attacked the advancing column of the Myanmar military LIB-561, LIB-432, LIB-101 and Pyu Saw Htee troops from 6:25 am to 6:42 am and from 11:20 am to 11:45 am. 7 military soldiers were killed and 13 were injured.; On 25 January 2024, between Ma Yoe Kone and Nat Gyi villages (coded as Ma Yoe Kone) (Ngazun township, Myingyan district, Mandalay region), a combined force of the Myaung Special People's Defense Force, the Special Task Force (Ngazun), the Ngazun Fight Stars and the Na Bet Area People's Defense Force carried out mine attacks against two military vehicles traveling from Ma Yoe Kone village to Nat Gyi village at around 6 pm. In response, the military fired back small weapons. Subsequently, the combined force attacked the military with five additional cluster mines. At least 10 military troops were killed and several injured.; On 25 January 2024, near Kar Boe village (Kanbalu township, Kanbalu district, Sagaing region), the combined force of the People's Defense Force - Kanbalu District Battalion-4, People's Defense Force - Shwebo District Battalion-25, People's Defense Force - Kanbalu (PaKaPha) mobile unit and the People's Defense Force - Kanbalu attacked five outposts where about 40 troops of military and Pyu Saw Htee members were stationed at around 10 pm. The combined force seized 2 carbine rifles, an MA-1 rifle, 3 Indian rifles, a pistol, a handmade pistol, five magazines, ammunition and two jammers. At least 15 members of the military and Pyu Saw Htee were killed and many were injured. 4 members of combined force were also killed while other source, VOA, reported 5 members of the combined force were killed. Fatalities coded as 19 using the lowest estimate.; On 24 January 2024, in Dawei township (Dawei district, Tanintharyi region), the combined troops of the Karen National Liberation Army Battalion-12 under Brigade-4, Battalion-27 under Brigade-6, People's Defense Force - T1, T5 Federal Column and Daung Min Operation Thayetchaung People's Defense Force attacked and captured the Myanmar military Kyauk Htu outpost in Ban Chaung area at around 3:40 pm. 15 military soldiers were killed, 2 were injured and 8 were captured as prisoners of war. The combined resistance troops also seized 4 MA-1 rifles, 2 MA-2 rifles, 6 MA-3 rifles, an MA-4 rifle, an MA-5 rifle, a machine gun, 3 machine gun magazines, a rocket-propelled grenade launcher, 5 rocket-propelled grenades, 33 magazines, two 60 mm heavy weapons, 16 rounds of 60 mm heavy weapons, 42 rounds of 40 mm heavy weapons, 4 grenades, 17 front mines, 16 remote explosives, 9 mine fuses, 35 plastics land mines, 25 plastics land mine fuses, 4 energa grenades, 2 walkie-talkie, a communication device, 3090 rounds of 5.56 ammunition and 1100 rounds of 7.62 ammunition.; On 23 January 2024, near Hmaw Ni Kone and Inn Ta Khar villages (coded as Inn Ta Khar) (Madaya township, Pyinoolwin district, Mandalay region), fighting broke out between the Myanmar military and unidentified local defense forces. 17 military troops were killed.; On 23 January 2024, near Zar Di village (coded as Zar Di (East)) (Kanbalu township, Kanbalu district, Sagaing region), the Kanbalu PDF attacked about 40 military soldiers stationed at a sugar factory at around 10 am and both sides exchanged fire. Five men and a woman, who were cutting sugarcane, were killed during crossfire. The Kanbalu PDF also seized some weapons from the military. The Kanbalu PDF claimed that the victims were pro-military supporters and they were all armed with guns by the military.; On 23 January 2024, in Shwe Pyi Aye town (Homalin township, Hkamti district, Sagaing region), about 400 military soldiers and the Shanni National Army attacked local defense forces stationed in the town including Homalin PDF, Hkamti District PDFs, Sagaing region PDFs and PaKaPha groups under the NUG military command 1. and both sides exchanged fire. There were 15 fatalities and 40 injuries on the military side split across two events (23 January and 3 February), coded as 7 for this event.; On 23 January 2024, in Hopong town of Hopong township (Pa-O Self-Administered Zone, Shan-South state), the People's Defense Force - Taunggyi launched drone strikes against the Myanmar military artillery battalion and the Pa-O National Army (PNO/PNA). Nine military soldiers and PNA members died and 20 others were injured.; On 22 January 2024, near Ah Kyat Inn village (Phyu township, Taungoo district, Bago-East region), the combined troops of the Karen National Liberation Army and the Special Force Column - PDF Commando Battalion attacked the advancing column of the Myanmar military and police troops from 5:30 am to 5:30 pm. 72 military troops were killed and 78 were injured.; On 22 January 2024, in Ywarthit town of Bawlake township (Bawlake district, Kayah state), joint forces of the Karenni Army (KNPP/KA), Karenni Nationalities Defense Force (KNDF) Battalion-20, and Karenni Nationalities People's Liberation Front (KNPLF) Battalion-7846 carried out an attack the Myanmar military's station. There were 14 fatalities and 15 injuries on the military side and a member of KNDF battalion-20 died and 15 others were injured on the joint force side.; On 22 January 2024, between Taw Pu and Si Mee Khun villages of Myingyan township (Myingyan district, Mandalay region), joint forces of People's Defense Force - Taloke, MP-9: Myingyan Pitohui-9, FFGF: Freedom Fighter Guerrilla Force, and Mine Zar Ni Special Guerrilla Force carried out an attack against a vehicle carrying police forces at around 1:30 pm. Six police forces, including a deputy police chief and a driver, died in the attack. The local PDF confiscated a firearm, an MA-13 rifle, two BA-3 firearms, two hand grenades, and bullets.; On 21 January 2024, in San Tat village (Matupi township, Matupi district, Chin state), a combined force of the Chinland Defense Force - Matupi, Chinland Defense Force - Paletwa, Chinland Defense Force - Daai and the Chin National Army attacked the military soldiers, who fled from Sa Mee base camp in Paletwa township, again in the morning. Both sides exchanged fire. There were 7 fatalities on the military side.; On 21 January 2024, in Mongmit town (Mongmit township, Mongmit district, Shan-North state), a combined force of the KIA, the PDF (under the NUG) and the All Burma Students' Democratic Front continued to engage in intense fighting with the military from the Mongmit police station and military base camps for the fourth day. During the fight, the military conducted airstrikes and fired artillery rounds on the battlefield, hitting and destroying residential houses, markets and monasteries. Radio Free Asia and Shwe Phee Myay reported on 24 January 2024 that nearly 40 military soldiers and locals were killed during the four-day fight (18-21 January). Fatalities split across 4 days, coded as 10 in this event.; On 21 January 2024, near Et Taw village (Taze township, Shwebo district, Sagaing region), the combined force of the People's Defense Force - Shwebo Battalion-7, Battalion-8, Battalion-10, Battalion-16, People's Defense Force - Taze (PaKaPha), the People's Defense Force - Ye-U (PaKaPha), TCRF: Taze Civil Revolution Force, Shwebo Myo Nei PaKaPha Taik Nei 2: Shwebo Township PDF Area 2, Shwebo Duwun LDF and the People's Liberation Army attacked the Myanmar military column of around 120 soldiers from the LIB-361 and IB-152 which advanced to reinforce the military outpost at around 3 pm. The fightling lasted for 20 minutes. Around 10 military soldiers including a military captain were killed and around 20 were severely injured.; On 21 January 2024, in Let Taung Nge village of Yinmarbin township (Yinmarbin district, Sagaing region), joint forces of Union Liberation Front (ULF), People's Defense Force - Yinmarbin District (B-21, 22 and 23), KLG Column, Monywa Inventor People's Defense Force, Triple Two Task Force and their allied forces carried out an attack against the Myanmar military troops at around round 1:30 pm. The fighting lasted for 4 hours. 17 Myanmar military soldiers died and five members of PDF were injured in the fighting. The joint force also seized an MA-3 gun, four RPGs, four 60 mm rounds, fifteen 40 mm rounds, over two thousands 5.56 bullets and other equipment from the military.; On 21 January 2024, in Monywa town of Monywa township (Monywa district, Sagaing region), the People's Defense Force - Monywa District Battalion - 23 (Hunting Hawk Battalion) and PDF - Monywa District Battalion - 22 (Evil Spirit Battalion) carried out an attack against an Alphard vehicle that carried eight police forces and another Parado car that carried five other police forces near Kay Sin Min Gas station on Bo Tay Za road at around 9:25 am. Ten police forces died and two others were injured. Separately, the group shot dead a deputy police chief from No.2 Police station at a local teashop on Aye Yeik Thar street in Set Hmu (1) ward at around 8:41 am.; On 20 January 2024, in Hway Hkar village (Hpakant township, Mohnyin district, Kachin state), a combined force of the KIA (battalion 6 under brigade 9) and the KPDF: Kachin Region People's Defense Force attacked a tactical hilltop Hway Hkar base of the military (LIB-402) where about 100 soldiers were stationed in the morning, forcing several military troops to flee. The military fired artillery rounds during the clash. The combined force subsequently set fire to the camp. The combined force captured 5 military soldiers and seized many weapons from them. Radio Free Asia reported that the combined force had taken control of the outpost by 20 January. Khit Thit media reported that the combined force found 41 bodies of military soldiers after the fighting.; On 20 January 2024, in Minbya township (Mrauk-U district, Rakhine state), the Arakan Army (ULA/AA) attacked a column of about 100 military reinforcements (LIB-205 under LID-22) near Kyat Sin bridge transported by the navy. The ULA/AA also seized the military's supplies. Khit Thit media reported there were 7 fatalities on the military side.; On 20 January 2024, in Mongmit town (Mongmit township, Mongmit district, Shan-North state), a combined force of the KIA, the PDF (under the NUG) and the All Burma Students' Democratic Front continued to engage in intense fighting with the military from the Mongmit police station and military base camps for the third day. During the fight, the military conducted airstrikes and fired artillery rounds on the battlefield, hitting and destroying residential houses, markets and monasteries. Radio Free Asia and Shwe Phee Myay reported on 24 January 2024 that nearly 40 military soldiers and locals were killed during the four-day fight (18-21 January). Fatalities split across 4 days, coded as 10 in this event.; On 20 January 2024, near Mawt Ka Nin village (Ye township, Mawlamyine district, Mon state), a combined force of the Mon State Revolutionary Force, the Daw Na Column, the Ye Guerrilla Force, the All Burma Students' Democratic Front (battalion 1), the Mon State Revolutionary Union, the Ye Defence Force and the Eagle Guerrilla Force - Ye attacked and captured the Kyoe Ta Dar bridge camp of the Myanmar military at around 8 am. The fighting lasted for about an hour. During the clash, the military (LIB-588/LIB 578 and LIB-343) stationed at Ahr Yu Taun fired at least 40 artillery rounds, killed an 11-year-old girl and injured three other civilians. The combined force claimed that at least 10 military troops were killed, while about four members of the combined forces sustained injuries. They also seized one 60mm mortar, one MA-1 assault rifle, one M16 A1 rifle, one AK47, eight 40mm grenades, five RPG grenades, two Energa bombs, mines, 12 grenades, magazines and ammunition.; On 20 January 2024, in Jan Dar village of Hpakant township (Mohnyin district, Kachin state), a combined force of the KIA (battalion 6 under brigade 9) and the KPDF: Kachin Region People's Defense Force attacked the military soldiers escaped from a tactical hilltop Hway Hkar base of the military (LIB-402). The combined force claimed to have found 12 dead bodies in Jan Dar village and 6 more bodies near the village and one more died later with injuries. Total fatalities coded 19.; On 20 January 2024, in Thaton township (Thaton district, Mon state), the Myanmar military shot dead two newly recruited military troops in the afternoon. They were among nine military troops who had deserted their post in the morning. Subsequently, the military opened fire to arrest four other troops, all of whom sustained injuries. The military then burned the bodies of the deceased troops and also set fire to the four injured ones alive in a rice field.; On 20 January 2024, in Ye township (Mawlamyine district, Mon state), after joint resistance forces attacked and captured the military's Kyoe Ta Dar bridge camp (coded separately), the Daw Na Column fired artillery rounds into the bases of the Myanmar military LIB-588 and LIB-106. About 20 military troops from the LIB-588 and a captain from the LIB-106 were killed. Total fatalities coded as 21.; On 19 January 2024, in Mongmit town (Mongmit township, Mongmit district, Shan-North state), a combined force of the KIA, the PDF (under the NUG) and the All Burma Students' Democratic Front clashes with the military near the Mongmit police station and a market at around 7 am as the combined force continued attacking the military for the second day. The military launched airstrikes and dropped six bombs on the town using a fighter jet during the clash. More than 300 shops from the Myoma market caught fire after the military dropped bombs on the market at around 8 pm during the clash. According to Kachin News Group, a woman was killed by the airstrikes. Radio Free Asia and Shwe Phee Myay reported on 24 January 2024 that nearly 40 military soldiers and locals were killed during the four-day fight (18-21 January). Fatalities split across 4 days, coded as 10 for the most up-to-date estimates.; On 18 January 2024, in Mongmit town (Mongmit township, Mongmit district, Shan-North state), the combined force of KIA, the PDF (under the NUG) and the All Burma Students' Democratic Front attacked the Myanmar military strategic battalion outpost, IB-223, IB-276 and IB-348 at the town entrance and Mongmit police station around 6 am. The resistance troops captured the police station as the police surrendered and retreated to the military strategic outpost. During the armed clash, the military conducted airstrikes at least ten times and fired heavy weapons. A 37-year-old man from the northern ward was killed and four children from 10 years old to 13 years old were injured at the Thit San cinema and one of them was severely injured. Two locals in Shwe Zar Li village were also injured and a house was destroyed. Another 40-year-old man from the southern ward also died of a heart attack triggered by the airstrikes. Radio Free Asia and Shwe Phee Myay reported on 24 January 2024 that nearly 40 military soldiers and locals were killed during the four-day fight (18-21 January). Fatalities split across 4 days, coded as 10 for the most up-to-date estimates.; On 18 January 2024, in Mongmit town of Mongmit township (Mongmit district, Shan-North state), the Myanmar military forces raided the town and killed at least 102 civilians. The Myanmar military troops also raped four women, including a 13-year-old girl.; On 17 January 2024, in Myingyan township (Myingyan district, Mandalay region), the Red Dragon Guerrilla Force - Myingyan carried out mine attacks against two military reinforcement vehicles carrying about 30 military troops and Pyu Saw Htee members as there were heading towards Hpaung Kyin village where military forces and a combined force of the Natogyi People's Defense Force and the Natogyi PDF (PaKaPha) were fighting at around 11 am. One of the vehicles was hit by mines, and seven military troops and three Pyu Saw Htee members were killed. The group then seized the vehicle, a drone, and five bullets. Separately, the Red Dragon Guerrilla Force - Myingyan carried out another mine attack on a Myanmar military vehicle carrying the injured soldiers from the armed clash happened near the Hpaung Kyin village. Total fatalities coded as 10.; On 17 January 2024, in Lint Zin Ywar Thit village (Kyauktaw township, Mrauk-U district, Rakhine state), the Myanmar military launched airstrikes on the village using an Mi-35 helicopter gunship and the Myanmar Military Operations Command Headquarters - 9 based in Kyauktaw town fired artillery rounds into the village three times at around 12 pm without an armed clash occurring. Six civilians including two children were killed, and six others sustained injuries. Several houses were also damaged. Locals were forced to flee due to the military airstrike and artillery strike.; On 16 January 2024, between Taung Kha Mauk and Kaing Kwin villages (coded as Taung Kha Mauk) (Paungde township, Pyay district, Bago-West region), the People's Defense Force - Paungde attacked about 70 Myanmar military troops using mines and snippers at around 9 am. Six military troops, including a lieutenant from No.19 defense industry, were killed and four others sustained severe injuries.; On 16 January 2024, near Nam Hpat Kar (Ho Pong + Pang Sa Lorp) village (Kutkai township, Muse district, Shan-North state), the combined troops of the Kachin Independence Army Brigade-4 and Kachin Region People's Defense Force attacked and shot down the Myanmar military FTC-2000G fighter jet from the Nansang airbase which was conducting airstrike around 11:40 am. The fighter jet crashed and exploded near the Ma Naw Yang area outside of IB-123 and 2 pilots were killed. The KIA troops also attacked ten military soldiers who advanced to the crashed site and 4 military soldiers were killed.; On 16 January 2024, in Ah Nan Baw village (Kyauktaga township, Bago district, Bago-East region), the Myanmar military raided the village in the afternoon and then shot dead four male villagers at around 3 pm. The military also fired artillery rounds during the raid, killing another man and a woman. Total fatalities coded as 6.; On 16 January 2024, in Taingen village (Tedim township, Falam district, Chin state), a combined force of the Civic Defense Militia - Siyin, Chin National Army, Chinland Defense Force - Hakha, Chinland Defense Force - Thantlang, Chinland Defense Force - Hualngoram, Chin Rifle, Chinland Defense Force - Kalay-Kabaw-Gangaw, Tahan Civil Defense Force, Chinland Defense Force - Zanniatram, and the People's Defense Army attacked and captured the Myanmar military outpost where military and police were stationed and seized 30 weapons and ammunition at around 7 am. During the clash, the military conducted airstrikes and fired heavy weapons from the direction of Kale University. 12 military soldiers and 18 police were killed. 8 members of the resistance troops were killed and 40 others were injured in five days battle between 12 and 16 January. 38 fatalities split across five days (12-16 January), and coded as 8 for this event.; On 15 January 2024, in Taingen village (Tedim township, Falam district, Chin state), a combined force of the Civic Defense Militia - Siyin, Chin National Army, Chinland Defense Force - Hakha, Chinland Defense Force - Thantlang, Chinland Defense Force - Hualngoram, Chin Rifle, Chinland Defense Force - Kalay-Kabaw-Gangaw, Tahan Civil Defense Force, Chinland Defense Force - Zanniatram and the People's Defense Army attacked the Myanmar military and police stationed at an outpost. During the armed clash, the military conducted airstrikes and fired heavy weapons from the direction of Kale University as reinforcement. 12 military soldiers and 18 police were killed. 8 members of the resistance troops were killed and 40 others were injured in five days battle between 12 and 16 January. 38 fatalities split across five days (12-16 January), and coded as 8 for this event.; On 15 January 2024, in Ma Nyin Taung village (Rathedaung township, Sittwe district, Rakhine state), the AA chase down and attacked the military soldiers, who fled from Yae Soe Chaung base camp on 14 January 2024, starting from around 7 am. During the attack, the military from the LIB-537 base fired artillery rounds to help their retreating troops. The AA managed to seize some weapons from the fleeing military soldiers. About 124 fleeing military soldiers and their commander surrendered to the AA at around 11 am. DVB, Development Media Group and Irrawaddy reported that there were 20 fatalities on the military side.; On 14 January 2024, in Taingen village (Tedim township, Falam district, Chin state), a combined force of the Civic Defense Militia - Siyin, Chin National Army, Chinland Defense Force - Hakha, Chinland Defense Force - Thantlang, Chinland Defense Force - Hualngoram, Chin Rifle, Chinland Defense Force - Kalay-Kabaw-Gangaw, Tahan Civil Defense Force, Chinland Defense Force - Zanniatram and the People's Defense Army attacked attacked the Myanmar military outpost where the military and police were stationed. During the armed clash, the military conducted airstrikes and fired heavy weapons from the direction of Kale University. 12 military soldiers and 18 police were killed. 8 members of the resistance troops were killed and 40 others were injured in five days battle between 12 and 16 January. 38 fatalities split across five days (12-16 January), and coded as 8 for this event.; On 13 January 2024, in Taingen village (Tedim township, Falam district, Chin state), a combined force of the Civic Defense Militia - Siyin, Chin National Army, Chinland Defense Force - Hakha, Chinland Defense Force - Thantlang, Chinland Defense Force - Hualngoram, Chin Rifle, Chinland Defense Force - Kalay-Kabaw-Gangaw, Tahan Civil Defense Force, Chinland Defense Force - Zanniatram and the People's Defense Army attacked attacked the Myanmar military outpost where the military and police were stationed. During the armed clash, the military conducted airstrikes and fired heavy weapons from the direction of Kale University. 12 military soldiers and 18 police were killed. 8 members of the resistance troops were killed and 40 others were injured in five days battle between 12 and 16 January. 38 fatalities split across five days (12-16 January), and coded as 7 for this event.; On 12 January 2024, in Ye-U township (Shwebo district, Sagaing region), fighting broke out between the Myanmar military troops and joint local PDFs. At least 15 military soldiers died and two members of local PDF were injured. The Myanmar military troops retreated into Ye-U town.; On 12 January 2024, near Myin Kya village (coded as Myin Kya (North)) (Khin-U township, Shwebo district, Sagaing region), a combined force of the Khin-U Special Force Organization and six other allied forces attacked about 20 military soldiers leaving the village four drone bombs in the morning, hitting and killing 2 military soldiers. Both sides then exchanged fire for about 30 minutes. 5 more military soldiers were killed during the clash.; On 12 January 2024, near Myin Kya (North) village of Khin-U township (Shwebo district, Sagaing region), joint forces of PDF - Shwebo District Unit-2, PDF - Shwebo District Battalion-3, the People's Defense Force - Khin-U (PaKaPha), and Armed Revolutionary Force - Khin U (ARF) carried out an attack against about 80 Myanmar military troops advancing from Te Su village t around 9:20 am. The fighting lasted until 10:20 am. Seven military soldiers died and ten others were seriously injured.; On 12 January 2024, in Taingen village (Tedim township, Falam district, Chin state), a combined force of the Civic Defense Militia - Siyin, Chin National Army, Chinland Defense Force - Hakha, Chinland Defense Force - Thantlang, Chinland Defense Force - Hualngoram, Chin Rifle, Chinland Defense Force - Kalay-Kabaw-Gangaw, Tahan Civil Defense Force, Chinland Defense Force - Zanniatram and the People's Defense Army attacked a military and police joint base camp starting from around 5 pm. During the armed clash, the military conducted airstrikes and fired heavy weapons from the direction of Kale University. 12 military soldiers and 18 police were killed. 8 members of the resistance troops were killed and 40 others were injured in five days battle between 12 and 16 January. 38 fatalities split across five days (12-16 January), and coded as 7 for this event.; On 11 January 2024, in Ohn Kyaw village of Mongmit township (Mongmit district, Shan-North state), a combined force of the KIA (B-34), All Burma Students' Democratic Front, and People's Defense Force (NUG) attacked the military stationed at the hydropower office from 12 pm to 2 pm and took over the office. During the clash, 5 military soldiers also ran away from the office. Heavy artillery shells fired during the fighting landed on the village at around 12 pm. The shelling injured a young man and a female civilian and destroyed a monastery and four houses. Shan Herald Agency for News reported that the shelling injured a 9-year-old boy. The shelling also destroyed ten houses. DVB reported that 7 military soldiers were killed and 7 other military soldiers were injured.; On 11 January 2024, near Sin Hpyu Kone village of Ngazun township (Myingyan district, Mandalay region), fighting broke out between the Myanmar military troops advancing toward the village and joint forces of People's Defense Force - Ngazun (PaKaPha), SJPDF: Shwe Joe Phyu People's Defense Force, 925 Guerrilla Group, TGYR: Youth Guerrilla Counter Revolution, DFRF: Daung Fighter Revolution Force (NZN), Pyi Taw Win Guerrilla Force, Let Yone People's Defense Guerrilla Force (Ngazun), Black Swan Guerrilla Group, Ahr Man Thit Local People's Defense Force, Federal Brothers People's Defense and Production Group, CDSOM: Civilians Defense Security Organization Myaung, Peacock Brothers PDF, and People's Defense Force - Monywa District in the village. The fighting lasted for 30 minutes. Seven military soldiers died and several others were injured.; On 11 January 2024, in Tin Ngoke Gyi village of Kanbalu township (Kanbalu district, Sagaing region), the People's Defense Force - Kanbalu District (PaKaPha) carried out an attack against the Myanmar military troops and Pyu Saw Htee members stationed in the village. The PDF - Kanbalu District claimed to have taken control of the village and seized eight military carbines, a G-3 rifle, five shoot guns and other weapons. The DVB reported based on the NUG claims that 25 military troops and Pyu Saw Htee members were killed. VOA reported that at least 25 military soldiers died in the fighting.; On 11 January 2024, in Kyun Kone village of Minhla township (Thayarwady district, Bago-West region), the People's Defense Force - Thayarwady District Battalion-3802 Company-2 and Company-3 carried out an attack using mines, 40mm shells and small weapons against about a column of 50 Myanmar military troops heading to the Bago Yoma Mountain on Chaung Ma Bridge at around 11 am. The fighting lasted for 20 minutes. Seven military soldiers died in the fighting.; On 10 January 2024, in San Boke village of Minhla township (Tharyarwady district, Bago-West region), joint forces of Special Commando Battalion - Southern Region Unit-2 and PDF - Tharyarwady District Battalion-3802 carried out two drone strikes against the Myanmar military's security gate in the village at around 7 pm on the second day. The drone strikes killed six military soldiers and injured one soldier.; On 10 January 2024, near Kayah Pyone Chaung village (Taungoo township, Taungoo district, Bago-East region), a combined force of the KNLA and the Taungoo District PDF (battalion 3501) ambushed a Myanmar military column of about 70 troops at around 1:20 pm as they were returning from Kayah Pyone Chaung village after setting houses on fire. More than 30 military troops were killed, and 10 others were captured alive. The combined force also seized several weapons and ammunition.; On 9 January 2024, in Kun Ohn village (Yedashe township, Taungoo district, Bago-East region), a combined force of the Red Bandana Column, the Kee Ku Column and the Nay Pyi Taw PDF (battalion 3501 - company 4) attacked Myanmar military troops stationed in the village and at a mango farm in the southern part of the village at around 5:30 am. The two sides then exchanged fire for about two hours. The military (LIB-19) based in Hswar village fired 120mm artillery rounds during the clash. At least 15 military troops were killed.; On 9 January 2024, in Mrauk-U town (Mrauk-U township, Mrauk-U district, Rakhine state), the ULA/AA intercepted about 50 military troops from Myanmar military (LIB-540) traveling to the base camp of the Police Battalion - 31 near the That Kya Man Aung pagoda (the cultural site) at around 3 pm. The ULA/AA attacked military troops with drones while the military fired artillery rounds during the clash. At least 15 military troops were killed, and some others sustained injuries.; On 8 January 2024, in Pekon township (Pekon township, Taunggyi district, Shan-South state),the combined troops of the Karenni Nationalities Defense Force, People's Defense Force - Pekon battalion-1002 and allies attacked the Myoma police station and the Kone Son monastery stationed by Myanmar military troops. At least 10 military troops were killed.; On 8 January 2024, in Hway Hkar village (Hpakant township, Mohnyin district, Kachin state), the combined troops of the Kachin Independence Army and Kachin Region People's Defense Force attacked the Myanmar military outpost with small arms, heavy weapons and bombs attached to a drone starting from around 4:30 am. Myanmar military conducted an airstrike with a fighter jet and dropped a bomb around 11 am and fired heavy weapons from the San Kywe artillery hill and Hpakant strategic outpost. Around 1,000 locals were forced to flee due to the military airstrike. 8 military soldiers were killed by resistance troop's drone attack.; On 8 January 2024, in Ah Lel Chaung village of Mindon township (Thayet district, Magway region), joint forces of Student Armed Force (SAF), PDF - Thayet District Battalion-4 (Eagle Force), and Warriors of Liberation Force (WOLF) carried out an attack against the police station in the village. The fighting lasted for 45 minutes. Seven military soldiers died and six others were injured. Two members of the joint PDF forces were also injured.; On 8 January 2024, near Say Khin Gyi village (Natogyi township, Myingyan district, Mandalay region), a combined force of the Natogyi People's Defense Force, the Natogyi PDF (PaKaPha), the Myingyan District Drone Strike, the Shar Htoo Waw Drone Technical Team (Team 2), and the MHLG Wing intercepted a Myanmar military unit of about 30 troops coming from Wet Lu village at around 9 am. Subsequently, the combined force attacked the military unit with six bombs attached to drones as the military troops continued advancing towards a village monastery. In response, the military fired back small and heavy weapons, as well as bombs attached to drones. At least 10 military troops were killed.; On 8 January 2024, in Monywa township (Monywa district, Sagaing region), a combined force of the Black Falcon Urban Guerrilla Force, the Democratic Guerrilla Force - Lower Chindwin, the Monywa District PDF (battalion 7 - company 3), the Monywa Township Area 4 PDF and the Democratic Local Coalition attacked about 20 Myanmar military troops and Pyu Saw Htee who were transporting injured soldiers from a battle in Nyaung Hpyu Pin village (coded separately) in two vehicles confiscated from civilians at around 3 pm. In response, the military troops returned fire at the combined force. 15 military troops were killed.; On 7 January 2024, in Ka Nan village (Tamu township, Tamu district, Sagaing region), the military conducted airstrikes by dropping four 250lb bombs with A-5 Jet Fighters two times at around 10:30 am, hitting and destroying a church, the BEHS (2) high school and residential houses. DVB reported that 14 locals including 6 children were killed and 20 locals were injured. Khit Thit Media and Narinjara News reported that 15 locals were killed while Mizzima reported that 18 locals were killed. Another source, Khonumthung News, reported 17 locals including seven children were killed and 19 were severely injured and receiving treatment. A school and at least seven houses were damaged. Irrawaddy reported on 17 January 2024 that 17 locals were killed and at least 19 other locals were severely injured. Fatalities coded as 17 for the most up-to-date estimates.; Around 6 January 2024 (between 5 - 7 January), in Wuntho township (Kawlin district, Sagaing region), the Myanmar military arrested, tortured, shot and killed 17 men and 2 women who were rice brokers, car drivers and workers who were arrested near the Jage pagoda of the Lay Bo village on 5 January. Their bodies were found with bullet wounds and 5.56 bullet shells were discovered near the 5 Miles area bus terminal on 7 January. The military also seized cars and rice at the LIB-120 compound in Wuntho township.; On 5 January 2024, near Tin Ma village (Kyauktaw township, Mrauk-U district, Rakhine state), the AA attacked the Taung Shey Taung military strategic hill and both sides exchanged fire. During the fight, the military conducted airstrikes by dropping 200 lb bombs with a Jet Fighter and some of the bombs landed on their own ground troops, killing at least 10 military soldiers.; On 5 January 2024, in Thea Kyun village (Myaing township, Pakokku district, Magway region), a combined force of the Urban Underground Revolution Force - YSO, 27 Revolution Forces - Myingyan, Yinmarbin District (B- 3, 4, 5 and 6) and the Wild Elephant Guerrilla Force attacked a military column under a plum tree in the west of a rest house located in the east of the village. 8 military soldiers were killed and 3 others were injured. The three injured military later died from injuries. A total of fatalities coded as 11.; On 4 January 2024, in Sein Nan village (Taze township, Shwebo district, Sagaing region), the military conducted airstrikes by dropping two 200 lb bombs and two rockets with YAK-130 Jet Fighters at around 2:47 pm. Khit Thit Media, Radio Free Asia, Myanmar Now and Myanmar Pressphoto Agency reported 5 locals including a child were killed and 9 others were injured of which two were severe. Five houses and two hostels were also destroyed. Another source, VOA reported that the air bombs landed on a monastery school and two houses nearby, hitting and killing 7 locals (5 from two houses nearby and 2 from the monastery). Mizzima reported on 6 January 2024 that one more injured woman died from her injuries. Fatalities coded as 6 for the most up-to-date estimates.; On 4 January 2024, near Gone Te village of Phyu township (Taungoo district, Bago-East region), joint forces of the Karen National Liberation Army (KNLA), Royal Peacock Column, Special Commando Battalion - Southern Region, Alawaka Column (People's Defense Force - Thaton District Battalion 3), and White Peacock Column (Drone Force) carried out attacks against eight military outposts located near the village from 4:30 am to 5:30 am. The joint forces took control of the outposts and seized several weapons. About 20 Myanmar military troops died in the fighting. Khit Thit Media reported that a local civilian was also killed at around 3 pm. Fatalities coded 21.; On 3 January 2024, near Nam Sang Yang village of Waingmaw township (Myitkyina district, Kachin state), the Kachin Independence Army (KIA) shot down a Mi-17 helicopter that came to airdrop rations near the Nar Hpawt military outpost with MANPADS rockets at around 12 pm. Six military soldiers on the helicopter died and the KIA captured a military captain alive. Kachin News Group reported on 16 January that 8 military soldiers, including the 42-year-old pilot, two captains, a lieutenant colonel and four sergeants, were killed. Fatalities coded as 8 for the most up-to-date estimates.; On 3 January 2024, in Ywar Thar Gyi village of Wetlet township (Shwebo district, Sagaing region), joint forces of Tiger Brothers Local PDF, Fight on Sight PDF, MRTF Drone Force, and Ywar Thar Gyi Taik Nei PaKaPha: Ywar Thar Gyi Area PDF carried multiple drone strikes using 40 rounds 60 mm grenades against the Myanmar military troops stationed in the village at around 8:15 pm. Six military soldiers died in the drone strikes.; On 2 January 2024, between Da None Myaung and Kone Bo villages of Sinbaungwe township (Thayet district, Magway region), joint forces of PDF - Thayet District Battalion-5 and the People's Defense Force - Sinbaungwe (PaKaPha) carried out an ambushed attack against two military vehicles that carried about 60 Myanmar military troops of LIB-103 and defense equipment factory (KaPaSa) 18 from 200 meters away at around 10 am. The group claimed 15 military soldiers died in the attack. Other source, Myanmar Pressphoto Agency, reported that 15 died on the spot and 2 more died at the hospital. Total fatalities coded as 15 using the lowest estimate.; On 1 January 2024, near Tha Hpan Zin village of Yedashe township (Taungoo district, Bago-East region), the Pu War Ni Sit Kyaung: Red Bandana Column carried out two mine attacks against about 50 Myanmar military troops traveling from Doe Tan and Kun Ohn villages to Tha Hpan Zin village at around 1:40 pm. In response, the military fired artillery rounds, damaging about five acres of sugarcane plantations. At least four military troops sustained injuries. The other source, Khit Thit Media, reported that the mine attack killed at least 6 military soldiers and several others were injured. Fatalities coded as 6.; On 1 January 2024, near Kywe Yaing Pyin village (Yedashe township, Taungoo district, Bago-East region), the Red Bandana Column attacked the military soldiers stationed near the Sit Taung Bridge at around 9:15 am and both sides exchanged fire for about 30 minutes. During the fight, the military from the Kyauk Chun Pagoda fired artillery rounds three times to help their ground troops on the battlefield. There were 8 fatalities and 2 injuries on the military side.; On 1 January 2024, between Tha Yet Hnit Khwa and Pan Pyin villages (Thayetchaung township, Dawei district, Tanintharyi region), local People's Defense Force combined troops attacked the Myanmar military outpost and military reinforcements in three vehicles. 17 military soldiers were killed.; On 1 January 2024, between Pan Pyin and Tha Yet Hnit Khwa villages (coded as Pan Pyin) (Thayetchaung township, Dawei district, Tanintharyi region), a combined force of local defese groups attacked a military checkpoint at around 12:45 am and both sides then exchanged fire. There were 2 fatalities and 3 injuries on the military side and 3 injuries on the combined force side. The group then attacked the military soldiers again near the Pan Pyin monastery at around 2:15 am and both sides exchanged fire for another 30 minutes. There were 12 fatalities on the military side during the second attack. The combined force includes the Daung Min Operation Thayetchaung People's Defense Force, Thayetchaung People Defense Guerrilla Force, Southern Dawei People's Defense Force, Dawei Dragon People Defence Force, Dawei Youth Armed Force, People's Defense Force - Launglon, Dawei Defense Team, Special Guerrilla Force, Dawei District People's Defense Frontier, Dawei Collective Column, Black Leopard Local Defense Force, Eastern Defense Force, Oak Awe Column (Dawei) and the Peacock Brothers Column.",Military Forces of Myanmar (2021-); KIO/KIA: Kachin Independence Organization/Kachin Independence Army; KNU/KNLA: Karen National Union/Karen National Liberation Army; KNU/KNLA: Karen National Union/Karen National Liberation Army; MSPDF: Myaung Special People's Defense Force; People's Defense Force - Launglon; Sein Baydar - KBU (PaKaPha); People's Defense Force - Pakokku District; Military Forces of Myanmar (2021-); People's Defense Force - South Monywa; People's Defense Force - Yinmarbin District; Myay Auk Pyauk Kyar Tatphwe - Okpho: Underground Guerrilla Force - Okpho; Military Forces of Myanmar (2021-); People's Defense Force - Pakokku District; Military Forces of Myanmar (2021-); Ye Bi Lu Aphwe: Ye Ogre Group; ULA/AA: United League of Arakan/Arakan Army; Albino Tiger Column; Min Kha Sit Kyaung: Min Kha Column; Military Forces of Myanmar (2021-); People's Defense Force - Ngazun; PRA Magway: People's Revolution Alliance; ULA/AA: United League of Arakan/Arakan Army; ULA/AA: United League of Arakan/Arakan Army; MBT: Myingyan Black Tiger; Kaung Kin Revolution Force - Madaya; Gyobingauk Hero Pyauk Kyar Tatphwe: Gyobingauk Hero Guerrilla Force; Daw Na Column; ULA/AA: United League of Arakan/Arakan Army; People's Defense Force - Yangon; Military Forces of Myanmar (2021-); KIO/KIA: Kachin Independence Organization/Kachin Independence Army; People's Defense Force - Myaing; KNPP/KA: Karenni National Progressive Party/Karenni Army; BHA: Brave Heart Army; KIO/KIA: Kachin Independence Organization/Kachin Independence Army; People's Defense Force - Magway; Military Forces of Myanmar (2021-); KNU/KNLA: Karen National Union/Karen National Liberation Army; Military Forces of Myanmar (2021-); Na Gar Ni Pyauk Kyar Tatphwe - Myingyan: Red Dragon Guerrilla Force - Myingyan; People's Defense Force - Shwe Tan Myay; People's Defense Force - Ye-U; Thayarwady Galon Tatphwe: Thayarwady Galon Force; KNU/KNLA: Karen National Union/Karen National Liberation Army; Natogyi People's Defense Force; ULA/AA: United League of Arakan/Arakan Army; MDDS: Myingyan District Drone Strike; People's Defense Force - Tanintharyi; PLA: People's Liberation Army; KPLA: Karenni People's Liberation Army; People's Defense Force - Thayarwady District; KNU/KNLA: Karen National Union/Karen National Liberation Army; Na Gar Ni Pyauk Kyar Tatphwe - Myingyan: Red Dragon Guerrilla Force - Myingyan; Danu Drone Force; People's Defense Force - Myaing; People's Defense Force - Thayarwady District; People's Defense Force - Thayarwady District; ULA/AA: United League of Arakan/Arakan Army; SAF: Student Armed Force; Tanintharyi Kar Kwei Yay Pyauk Kyar Tatphwe: Tanintharyi Defense Guerrilla Force; KIO/KIA: Kachin Independence Organization/Kachin Independence Army; TRF: Tartay Revolution Force; ULA/AA: United League of Arakan/Arakan Army; ULA/AA: United League of Arakan/Arakan Army; People's Defense Force - Kale District; People's Defense Force - Yinmarbin District; KIO/KIA: Kachin Independence Organization/Kachin Independence Army; People's Defense Force - Shwebo District; MBT: Myingyan Black Tiger; People's Defense Force - Yinmarbin District; KIO/KIA: Kachin Independence Organization/Kachin Independence Army; People's Defense Force - T1; People's Defense Force - Kale District; People's Defense Force - Yinmarbin District; Military Forces of Myanmar (2021-); Military Forces of Myanmar (2021-); People's Defense Force - Pyay District; People's Defense Force - Shwebo District; ULA/AA: United League of Arakan/Arakan Army; People's Defense Force - Dawei District; ULA/AA: United League of Arakan/Arakan Army; Military Forces of Myanmar (2021-); ULA/AA: United League of Arakan/Arakan Army; ULA/AA: United League of Arakan/Arakan Army; KNU/KNLA: Karen National Union/Karen National Liberation Army; People's Defense Force - Shwebo District; Natogyi People's Defense Force; People's Defense Force - Shwebo District; KNU/KNLA: Karen National Union/Karen National Liberation Army; People's Defense Force - Shwebo District; People's Defense Force - Shwebo District; People's Defense Force - Shwebo District; Unidentified Anti-Coup Armed Group; KIO/KIA: Kachin Independence Organization/Kachin Independence Army; Military Forces of Myanmar (2021-); Military Forces of Myanmar (2021-); ULA/AA: United League of Arakan/Arakan Army; Military Forces of Myanmar (2021-); KIO/KIA: Kachin Independence Organization/Kachin Independence Army; People's Defense Force - Thayarwady District; Military Forces of Myanmar (2021-); KIO/KIA: Kachin Independence Organization/Kachin Independence Army; ULA/AA: United League of Arakan/Arakan Army; ULA/AA: United League of Arakan/Arakan Army; ULA/AA: United League of Arakan/Arakan Army; NSPPDF: Northern Seikphyu People Defense Force; Military Forces of Myanmar (2021-); Pyu Saw Htee; ULA/AA: United League of Arakan/Arakan Army; FRF CHU: Farmers Revolution Force CHU; BNRA: Burma National Revolutionary Army; People's Defense Force - Launglon; People's Defense Force - Gangaw District; Military Forces of Myanmar (2021-); Military Forces of Myanmar (2021-); Military Forces of Myanmar (2021-); BBF: Badassess Burma Force; Military Forces of Myanmar (2021-); Shwebo Crocodile; KNDF: Karenni Nationalities Defense Force; Military Forces of Myanmar (2021-); ULA/AA: United League of Arakan/Arakan Army; Military Forces of Myanmar (2021-); Military Forces of Myanmar (2021-); KIO/KIA: Kachin Independence Organization/Kachin Independence Army; People's Defense Force - Pyay District; NTDF: Northern Thandaung Defense Force; Flying Dragon Force; KNPP/KA: Karenni National Progressive Party/Karenni Army; KNU/KNLA: Karen National Union/Karen National Liberation Army; MBT: Myingyan Black Tiger; KNU/KNLA: Karen National Union/Karen National Liberation Army; KNU/KNLA: Karen National Union/Karen National Liberation Army; KNU/KNLA: Karen National Union/Karen National Liberation Army; Military Forces of Myanmar (2021-); KNU/KNLA: Karen National Union/Karen National Liberation Army; People's Defense Force - Myaing; BDF: Brother Defense Force - Yinmarbin; Alawaka Column (People's Defense Force - Thaton District Battalion 3); Military Forces of Myanmar (2021-); Military Forces of Myanmar (2021-); Military Forces of Myanmar (2021-); KNPP/KA: Karenni National Progressive Party/Karenni Army; People's Defense Force - Mandalay District; Military Forces of Myanmar (2021-); Military Forces of Myanmar (2021-); People's Defense Force - Myeik District Battalion 2; Salingyi Myo Nei Let Yone Tat: Salingyi Township Armed Force; People's Defense Force - Magway; People's Defense Force - Myeik District Battalion 2; Military Forces of Myanmar (2021-); KNU/KNLA: Karen National Union/Karen National Liberation Army; KNU/KNLA: Karen National Union/Karen National Liberation Army; People's Defense Force - Myeik District Battalion 2; KNU/KNLA: Karen National Union/Karen National Liberation Army; Military Forces of Myanmar (2021-); PNLO/PNLA: Pa-Oh National Liberation Organization/Pa-Oh National Liberation Army; KNDO: Karen National Defence Organization; Pu War Ni Sit Kyaung: Red Bandana Column; Military Forces of Myanmar (2021-); People's Defense Force - Myingyan District; Albino Tiger Column; Military Forces of Myanmar (2021-); People's Defense Force - Myeik District; MSPDF: Myaung Special People's Defense Force; People's Defense Force - Kanbalu District; KNU/KNLA: Karen National Union/Karen National Liberation Army; Military Forces of Myanmar (2021-); People's Defense Force - Kanbalu; Military Forces of Myanmar (2021-); Unidentified Anti-Coup Armed Group; KNU/KNLA: Karen National Union/Karen National Liberation Army; KNPP/KA: Karenni National Progressive Party/Karenni Army; People's Defense Force - Taloke; Chinland Defense Force - Matupi; KIO/KIA: Kachin Independence Organization/Kachin Independence Army; People's Defense Force - Shwebo District; ULF: Union Liberation Front; People's Defense Force - Monywa District; KIO/KIA: Kachin Independence Organization/Kachin Independence Army; ULA/AA: United League of Arakan/Arakan Army; KIO/KIA: Kachin Independence Organization/Kachin Independence Army; MSRF: Mon State Revolutionary Force; KIO/KIA: Kachin Independence Organization/Kachin Independence Army; Military Forces of Myanmar (2021-); Daw Na Column; KIO/KIA: Kachin Independence Organization/Kachin Independence Army; KIO/KIA: Kachin Independence Organization/Kachin Independence Army; Military Forces of Myanmar (2021-); Na Gar Ni Pyauk Kyar Tatphwe - Myingyan: Red Dragon Guerrilla Force - Myingyan; Military Forces of Myanmar (2021-); People's Defense Force - Paungde; KIO/KIA: Kachin Independence Organization/Kachin Independence Army; Military Forces of Myanmar (2021-); CDM: Civic Defense Militia - Siyin; CDM: Civic Defense Militia - Siyin; ULA/AA: United League of Arakan/Arakan Army; CDM: Civic Defense Militia - Siyin; CDM: Civic Defense Militia - Siyin; Military Forces of Myanmar (2021-); KSO: Khin U Special Force Organization; People's Defense Force - Shwebo District; CDM: Civic Defense Militia - Siyin; KIO/KIA: Kachin Independence Organization/Kachin Independence Army; Military Forces of Myanmar (2021-); People's Defense Force - Kanbalu District; People's Defense Force - Thayarwady District; Ah Htoo Commando Tat Yin - Taung Paing Taing: Special Commando Battalion - Southern Region; KNU/KNLA: Karen National Union/Karen National Liberation Army; Pu War Ni Sit Kyaung: Red Bandana Column; ULA/AA: United League of Arakan/Arakan Army; KNDF: Karenni Nationalities Defense Force; KIO/KIA: Kachin Independence Organization/Kachin Independence Army; SAF: Student Armed Force; Natogyi People's Defense Force; Black Falcon Urban Guerrilla Force; Military Forces of Myanmar (2021-); Military Forces of Myanmar (2021-); ULA/AA: United League of Arakan/Arakan Army; UURF: Urban Underground Revolution Force - YSO; Military Forces of Myanmar (2021-); KNU/KNLA: Karen National Union/Karen National Liberation Army; KIO/KIA: Kachin Independence Organization/Kachin Independence Army; Kyar Nyi Naung Local PDF: Tiger Brothers Local PDF; People's Defense Force - Thayet District; Pu War Ni Sit Kyaung: Red Bandana Column; Pu War Ni Sit Kyaung: Red Bandana Column; Unidentified Anti-Coup Armed Group; TYC-PDF: Daung Min Operation Thayetchaung People's Defense Force; Civilians (Myanmar); Military Forces of Myanmar (2021-); Military Forces of Myanmar (2021-); Military Forces of Myanmar (2021-); Military Forces of Myanmar (2021-); Military Forces of Myanmar (2021-); Military Forces of Myanmar (2021-); Military Forces of Myanmar (2021-); ULA/AA: United League of Arakan/Arakan Army; Military Forces of Myanmar (2021-); Military Forces of Myanmar (2021-); Military Forces of Myanmar (2021-); ULA/AA: United League of Arakan/Arakan Army; Military Forces of Myanmar (2021-); ULA/AA: United League of Arakan/Arakan Army; Military Forces of Myanmar (2021-); Military Forces of Myanmar (2021-); Military Forces of Myanmar (2021-); Military Forces of Myanmar (2021-); ULA/AA: United League of Arakan/Arakan Army; Military Forces of Myanmar (2021-); Military Forces of Myanmar (2021-); Military Forces of Myanmar (2021-); Military Forces of Myanmar (2021-); Military Forces of Myanmar (2021-); Military Forces of Myanmar (2021-); Military Forces of Myanmar (2021-); Military Forces of Myanmar (2021-); Military Forces of Myanmar (2021-); Military Forces of Myanmar (2021-); PNLO/PNLA: Pa-Oh National Liberation Organization/Pa-Oh National Liberation Army; Military Forces of Myanmar (2021-); Military Forces of Myanmar (2021-); Military Forces of Myanmar (2021-); Military Forces of Myanmar (2021-); Military Forces of Myanmar (2021-); Military Forces of Myanmar (2021-); Civilians (Myanmar); Military Forces of Myanmar (2021-); DSNDF/DSNDA: Danu State National Defense Front/ Danu State National Defense Army; Military Forces of Myanmar (2021-); Military Forces of Myanmar (2021-); Military Forces of Myanmar (2021-); Military Forces of Myanmar (2021-); Military Forces of Myanmar (2021-); Military Forces of Myanmar (2021-); Military Forces of Myanmar (2021-); Military Forces of Myanmar (2021-); Military Forces of Myanmar (2021-); Military Forces of Myanmar (2021-); Military Forces of Myanmar (2021-); Military Forces of Myanmar (2021-); Military Forces of Myanmar (2021-); Military Forces of Myanmar (2021-); Military Forces of Myanmar (2021-); Military Forces of Myanmar (2021-); Military Forces of Myanmar (2021-); Military Forces of Myanmar (2021-); Military Forces of Myanmar (2021-); Military Forces of Myanmar (2021-); Military Forces of Myanmar (2021-); Military Forces of Myanmar (2021-); Military Forces of Myanmar (2021-); Military Forces of Myanmar (2021-); Military Forces of Myanmar (2021-); Military Forces of Myanmar (2021-); Military Forces of Myanmar (2021-); Military Forces of Myanmar (2021-); Military Forces of Myanmar (2021-); Military Forces of Myanmar (2021-); Military Forces of Myanmar (2021-); Military Forces of Myanmar (2021-); Military Forces of Myanmar (2021-); Military Forces of Myanmar (2021-); Military Forces of Myanmar (2021-); Unidentified Anti-Coup Armed Group; Civilians (Myanmar); Military Forces of Myanmar (2021-); Military Forces of Myanmar (2021-); Military Forces of Myanmar (2021-); Military Forces of Myanmar (2021-); Military Forces of Myanmar (2021-); PNLO/PNLA: Pa-Oh National Liberation Organization/Pa-Oh National Liberation Army; Military Forces of Myanmar (2021-); Military Forces of Myanmar (2021-); Military Forces of Myanmar (2021-); Military Forces of Myanmar (2021-); Military Forces of Myanmar (2021-); Military Forces of Myanmar (2021-); Military Forces of Myanmar (2021-); Military Forces of Myanmar (2021-); Military Forces of Myanmar (2021-); Military Forces of Myanmar (2021-); Military Forces of Myanmar (2021-); Military Forces of Myanmar (2021-); Civilians (Myanmar); Civilians (Myanmar); Military Forces of Myanmar (2021-); BNRA: Burma National Revolutionary Army; Military Forces of Myanmar (2021-); Military Forces of Myanmar (2021-); Civilians (Myanmar); Military Forces of Myanmar (2021-); Military Forces of Myanmar (2021-); Police Forces of Myanmar (2021-) Border Guard Police; Military Forces of Myanmar (2021-); Military Forces of Myanmar (2021-); ULA/AA: United League of Arakan/Arakan Army; Civilians (Myanmar); Police Forces of Myanmar (2021-) Border Guard Police; Military Forces of Myanmar (2021-); Military Forces of Myanmar (2021-); Military Forces of Myanmar (2021-); Military Forces of Myanmar (2021-); Civilians (Myanmar); Civilians (Myanmar); Civilians (Myanmar); Pyu Saw Htee; ULA/AA: United League of Arakan/Arakan Army; Military Forces of Myanmar (2021-); Military Forces of Myanmar (2021-); PNLO/PNLA: Pa-Oh National Liberation Organization/Pa-Oh National Liberation Army; Military Forces of Myanmar (2021-); Civilians (Myanmar); ULA/AA: United League of Arakan/Arakan Army; Military Forces of Myanmar (2021-); Military Forces of Myanmar (2021-); Military Forces of Myanmar (2021-); Military Forces of Myanmar (2021-); Military Forces of Myanmar (2021-); Military Forces of Myanmar (2021-); Military Forces of Myanmar (2021-); Military Forces of Myanmar (2021-); Military Forces of Myanmar (2021-); Military Forces of Myanmar (2021-); Civilians (Myanmar); Military Forces of Myanmar (2021-); Military Forces of Myanmar (2021-); Pyu Saw Htee; Military Forces of Myanmar (2021-); PNLO/PNLA: Pa-Oh National Liberation Organization/Pa-Oh National Liberation Army; Civilians (Myanmar); Civilians (Myanmar); Military Forces of Myanmar (2021-); Military Forces of Myanmar (2021-); Civilians (Myanmar); HPDF: Homalin People's Defense Force; Military Forces of Myanmar (2021-); Military Forces of Myanmar (2021-); Military Forces of Myanmar (2021-); Military Forces of Myanmar (2021-); Civilians (Myanmar); Military Forces of Myanmar (2021-); Military Forces of Myanmar (2021-); Military Forces of Myanmar (2021-); Military Forces of Myanmar (2021-); Civilians (Myanmar); Military Forces of Myanmar (2021-); Military Forces of Myanmar (2021-); Military Forces of Myanmar (2021-); Civilians (Myanmar); Military Forces of Myanmar (2021-); Military Forces of Myanmar (2021-); PSLF/TNLA: Palaung State Liberation Front/Ta'ang National Liberation Army; Military Forces of Myanmar (2021-); Military Forces of Myanmar (2021-); Military Forces of Myanmar (2021-); Military Forces of Myanmar (2021-); Unidentified Anti-Coup Armed Group; Military Forces of Myanmar (2021-); HPDF: Homalin People's Defense Force; Military Forces of Myanmar (2021-); Military Forces of Myanmar (2021-); Military Forces of Myanmar (2021-); Police Forces of Myanmar (2021-); Military Forces of Myanmar (2021-); Military Forces of Myanmar (2021-); Military Forces of Myanmar (2021-); Military Forces of Myanmar (2021-); Military Forces of Myanmar (2021-); Military Forces of Myanmar (2021-); Military Forces of Myanmar (2021-); Military Forces of Myanmar (2021-); Military Forces of Myanmar (2021-); Military Forces of Myanmar (2021-); Military Forces of Myanmar (2021-); Military Forces of Myanmar (2021-); Military Forces of Myanmar (2021-); Military Forces of Myanmar (2021-); Civilians (Myanmar); Military Forces of Myanmar (2021-); Civilians (Myanmar); Military Forces of Myanmar (2021-); Military Forces of Myanmar (2021-); Civilians (Myanmar); Military Forces of Myanmar (2021-); Military Forces of Myanmar (2021-); Military Forces of Myanmar (2021-); Military Forces of Myanmar (2021-); Military Forces of Myanmar (2021-); Unidentified Anti-Coup Armed Group; Military Forces of Myanmar (2021-); Military Forces of Myanmar (2021-); Military Forces of Myanmar (2021-); Military Forces of Myanmar (2021-); People's Defense Force - Ngazun; Military Forces of Myanmar (2021-); Military Forces of Myanmar (2021-); Military Forces of Myanmar (2021-); Military Forces of Myanmar (2021-); Military Forces of Myanmar (2021-); Military Forces of Myanmar (2021-); Military Forces of Myanmar (2021-); Military Forces of Myanmar (2021-); Military Forces of Myanmar (2021-); Military Forces of Myanmar (2021-); Military Forces of Myanmar (2021-); Civilians (Myanmar); Civilians (Myanmar); Military Forces of Myanmar (2021-); Military Forces of Myanmar (2021-); Civilians (Myanmar); Military Forces of Myanmar (2021-); Military Forces of Myanmar (2021-); Military Forces of Myanmar (2021-); Military Forces of Myanmar (2021-); Military Forces of Myanmar (2021-); Military Forces of Myanmar (2021-); Military Forces of Myanmar (2021-); Military Forces of Myanmar (2021-)
namibia,1,NA,NA,0,NA,NA
nauru,1,NA,NA,0,NA,NA
nepal,1,NA,NA,0,NA,NA
new zealand,1,NA,NA,0,NA,NA
nicaragua,2,NA,NA,0,NA,NA
niger,5,2024,Western Africa,414,"On 29 March 2024, Niger army carried out an airstrike against IS Sahel militants in a camp in the sector of Tanaja Barga [Tanjambarga] (Bankilare, Tillaberi) . There were at least 10 militants killed.; Around 25 March 2024 (between 24 - 27 March), Niger army carried out an artillery strike against IS Sahel militants in the area of Amalalaou, about 20km from In-Ates (Ayerou, Tillaberi). In a statement, Nigerien authority affirmed there were at least eight militants killed, two escaped, many others injured, and their logistics destroyed.; On 23 March 2024, Niger army carried out an airstrike against Boko Haram (JAS) militants on the island of Libye Soroa (Bosso, Diffa). Several militants were 'neutralized' (presumably killed) and their logistics destroyed. Unspecified number of militants fatalities coded as 10.; On 19 March 2024, overnight likely IS Sahel militants clashed with a military patrol between Teguey and Bankilare, location coded to Bankilare (Bankilare, Tillaberi). In a statement, Nigerien authority affirmed that during the clash, about thirty militants and twenty three soldiers died, and 17 other soldiers were injured.; Around 18 March 2024 (between 17 - 20 March), Niger air forces carried out an airstrike against likely IS Sahel militants in the area of Eza, in the commune of Tahoua (Ville de Tahoua, Tahoua).There were ten militants 'neutralized' (likely killed) and 5 motorcycles destroyed.; On 13 March 2024, Nigerien forces carried out airstrike against likely ISWAP militants in the area of Assaga (Diffa, Diffa) following an early attack on a military patrol. Ten militants were 'neutralized' (presumably killed) and two of their vehicles destroyed.; On 3 March 2024, IS Sahel militants attacked a convoy of tanker trucks and set on fire five trucks near Koutougou Haoussa (Ayerou, Tillaberi). 7 people were killed, with higher fatalities claimed by IS Sahel who took responsibility and said its fighters killed about 12 drivers and burned seven fuel tankers. Fatalities coded as 7.; On 23 February 2024, IS Sahel militants killed nine civilians and injured two others in the village of Wouro sanggo (Tera, Tillaberi). The militants suspected the villagers of collusion with JNIM militants.; On 22 February 2024, an unidentified armed group attacked a gendarmerie position in Bassira (Guidan Roumdji, Maradi). Four gendarmes were killed, two persons including a gendarme and a woman were wounded, and dozens of assailants killed and wounded with the bodies taken away and motorcycles left behind. 14 fatalities coded, including 4 soldiers and unspecified number of militants fatalities coded as 10.; On 7 February 2024, Patriotic Liberation Front (FPL) fighters ambushed and clashed with a military escort on the axis Arlit - Tabarkat [Tchibarakaten] (Arlit, Agadez). Eight soldiers and one civilian were wounded and ten assailants killed and one captured, and several vehicles and weapons seized or destroyed, according to a government statement. FPL said in a statement that five of its fighters were killed, four went missing, seven wounded, and two vehicles destroyed, the group also claimed that it killed 27 personnel, wounded nine, and destroyed 11 vehicles, information that could not be independently verified and denied by local sources. 10 fatalities coded.; Around 5 February 2024 (between 4 - 7 February), Nigerien air force carried out an airstrike against likely JNIM militants in Alfassi (Torodi, Tillaberi). 10 militants were 'neutralized' (presumably killed), and their logistics destroyed.; On 2 February 2024, likely JNIM militants ambushed Nigerien forces in Alambare (Say, Tillaberi). Six soldiers were killed.; On 2 February 2024, the Nigerien military bombed four camps in the area of Alambare (Say, Tillaberi) in retaliation for an ambush by likely JNIM militants. The strikes resulted in several civilians killed. Unknown number of fatalities coded as 10.; Around 2 February 2024 (between 1 - 3 February), Nigerien air force carried out an airstrike against likely JNIM militants in Kokoloukou (Torodi, Tillaberi). 10 militants were 'neutralized' (presumably killed), several injured, and their logistics destroyed.; Around 31 January 2024 (week of), military forces carried out Operation Fassa in the area of Kokoloukou (Torodi, Tillaberi). 50 suspected JNIM militants were killed, several arrested, about 30 IED discovered and destroyed, and weapons, ammo, communication equipment, and motorcycles seized or destroyed, according to a government statement. 50 fatalities coded.; On 29 January 2024, Nigerien forces carried out an airstrike against militants, likely JNIM militants, in the village of Kollo (Kollo, Tillaberi). 21 people were killed (19 civilians and 2 militants).; Around 29 January 2024, (between 28 - 31 January), the Nigerien air force carried out an airstrike against militants, likely JNIM militants, in the area of Torodi (Torodi, Tillaberi). 15 militants were killed and their logistics destroyed.; On 28 January 2024, IS Sahel militants attacked the village of Motogatta (Ouallam, Tillaberi). At least 21 people including eight vigilante members and 13 civilians were killed and four were severely wounded. The militants seized weapons and motorcycles. IS Sahel claimed responsbility and said it killed 25 militiamen and wounded others.; On 22 January 2024, Boko Haram (JAS) militants attacked a military position at the airport in NGuigmi (N'Guigmi, Diffa). The Nigerien Armed Forces (FAN) said in a statement that ten soldiers were injured and tens of militants were killed in the counterattack involving raking operations with support from an aircraft.; Around 19 January 2024 (between 18 - 20 January), Nigerien air force carried out an airstrike on suspected JNIM militants in the area of Torodi (Torodi, Tillaberi). 10 militants were 'neutralized' (presumably killed) and their logistics destroyed.; On 17 January 2024, two Boko Haram (JAS) subfactions, one from Nigeria and the other from Niger clashed in Chilawa (N'Guigmi, Diffa) over the amount of a ransom. Twenty militants were killed.; On 10 January 2024, IS Sahel militants killed six civilians accused of collaborating with the defense and security forces (FDS) in the village of Tongo Tongo (Ouallam, Tillaberi).; On 10 January 2024, likely JNIM militants and Djerma militiamen from Tchalakame clashed in the area of Tchalakame (Gotheye, Tillaberi). 34 militiamen were killed.; On 5 January 2024, an armed group (likely JNIM and/or ISSP, based on location) attacked the military reconnaissance post of Tiawa (Gotheye, Tillaberi). The attack was repelled and in response to the attack, the Nigerien air force carried out airstrikes, resulting in the death of more than 50 civilians. Civilian victims from the strikes were discovered during raking operations on 6 January, according to a government statement. Military and militant casualties are unknown. Total fatalties coded as 50.",Military Forces of Niger (2023-); Military Forces of Niger (2023-); Military Forces of Niger (2023-); Islamic State Sahel Province (ISSP); Military Forces of Niger (2023-); Military Forces of Niger (2023-); Islamic State Sahel Province (ISSP); Islamic State Sahel Province (ISSP); Unidentified Armed Group (Niger); FPL: Patriotic Liberation Front; Military Forces of Niger (2023-); JNIM: Group for Support of Islam and Muslims; Military Forces of Niger (2023-); Military Forces of Niger (2023-); Military Forces of Niger (2023-); Military Forces of Niger (2023-); Military Forces of Niger (2023-); Islamic State Sahel Province (ISSP); Boko Haram - Jamaatu Ahli is-Sunnah lid-Dawati wal-Jihad; Military Forces of Niger (2023-); Boko Haram - Jamaatu Ahli is-Sunnah lid-Dawati wal-Jihad; Islamic State Sahel Province (ISSP); JNIM: Group for Support of Islam and Muslims; JNIM: Group for Support of Islam and Muslims and/or Islamic State Sahel Province (ISSP); Islamic State Sahel Province (ISSP); Islamic State Sahel Province (ISSP); Boko Haram - Jamaatu Ahli is-Sunnah lid-Dawati wal-Jihad; Military Forces of Niger (2023-); Islamic State Sahel Province (ISSP); Islamic State West Africa Province (ISWAP); Civilians (Niger); Civilians (Niger); Military Forces of Niger (2023-) Gendarmerie; Military Forces of Niger (2023-); JNIM: Group for Support of Islam and Muslims; Military Forces of Niger (2023-); Civilians (Niger); JNIM: Group for Support of Islam and Muslims; JNIM: Group for Support of Islam and Muslims; JNIM: Group for Support of Islam and Muslims; JNIM: Group for Support of Islam and Muslims; Motogatta Communal Militia (Niger); Military Forces of Niger (2023-); JNIM: Group for Support of Islam and Muslims; Boko Haram - Jamaatu Ahli is-Sunnah lid-Dawati wal-Jihad; Civilians (Niger); Tchalakame Communal Militia (Niger); Military Forces of Niger (2023-)
nigeria,1,2024,Western Africa,1514,"On 30 March 2024, the Nigerian Air Force launched air strikes at a Zamfara militia's camp in Birnin Magaji/Kiyawa LGA, coded to Birnin Magaji (Kiyawa, Zamfara). An unspecified number of militias were killed in the strikes. Unspecified fatalities coded as 10.; On 30 March 2024, troops of the Nigerian army engaged a Katsina militia in an armed clash at Gidan Surajo, Shuwa Kuka, Shinda, Tafki, and Citakushi in Kabai I and Kabai II within Faskari LGA (Katsina). Eight militia members were killed, three guns, military uniforms and a large storage of stolen grains were recovered.; On 28 March 2024, the Nigerian Airforce launched air strikes at the enclave of a Zamfara militia in Gida Giye, coded to Kutcheri (Tsafe, Zamfara). The strikes killed at least thirteen militiamen, and an unspecified number of them escaped with gunshot wounds. There were at least thirteen fatalities.; On 27 March 2024, the NAF launched air strikes at Zamfara militiamen on about fifty motorcycles around Magazu village (Tsafe, Zamfara). The strikes killed scores of the militiamen and destroyed over thirty-five motorcycles. Scores fatalities coded as 20.; On 27 March 2024, Nigerian troops engaged a Zamfara militia led by Junaidu Fasagora in an armed clash in the Tsafe general area (Tsafe, Zamfara). The leader and scores of his followers were killed in the clash, the troops also used artillery bombardment. The leader and scores of fatalities coded as 21.; On 25 March 2024, the Nigerian troops and the Community Protection Guards engaged a Zamfara militia in a firefight when the militia attempted to attack Tsafe (Tsafe, Zamfara). The NAF supported the ground troops and launched air strikes against the militia, killing several of them. They fled with some corps. Several fatalities coded as 10.; On 24 March 2024, a Zamfara militia attacked civilians at Gidan Zuma village in Bungudu LGA (Zamfara). 11 persons were killed, 20 women and an unspecified number of children and were abducted.; On 24 March 2024, the NAF part of as part of Operation Hadin Kai conducted airstrikes that targeted and killed several Boko Haram/ ISWAP militants in Arina Woje and the Tumbuns of Lake Chad, coded to Abadam (Abadan, Borno) and destroyed their hideouts. Several fatalities coded as 10.; On 23 March 2024, overnight, Tarok and Montol ethnic militias engaged in an armed clash at Ponglong community (Mikang, Plateau) coded to Tunkus. The clash had began between two persons before it escalated over unknown reasons and between 6 to 9 persons were killed, houses and barns were burned. The state commissioner for information claimed that the clash was related to a land dispute.; On 23 March 2024, a Katsina militia attacked and killed seven people in Kukar Rabo village (Safana, Katsina). An unspecified number of people were injured and abducted. There were seven fatalities.; On 21 March 2024, armed Fulani pastoralists attacked Ugbobi village (Apa, Benue) and killed eight people. The armed group had earlier killed two people a day before, coded separately. There were eight fatalities.; On 21 March 2024, a Niger militia attacked a market and killed 65 people, including the village head in Madaka (Rafi, Niger). The militia invaded the market when trading activities were in full swing and opened fire sporadically on the people. They abducted many people, including women and children, and set many properties on fire.; On 21 March 2024, a Niger militia killed nine abductees at Kukoki village (Rafi, Niger) and nearby the village. The victims were part of those who were abducted from Madaka market (coded separately).; Around 18 March 2024 (as reported), a suspected Okuama militia ambushed policemen who were on a mission to rescue three of their colleagues at Ohoro forest (Ughelli North, Delta). 6 policemen were killed and 6 others were declared missing in action.; On 17 March 2024, soldiers killed about 11 civilians when they raided Igbomoturu (Southern Ijaw, Bayelsa). At least three houses were set ablaze by the soldiers who suspected that militants that were involved in the ambush of soldiers (coded separately) used the area as their hideout. The Ijaw Youth Council claimed that over 40 residents were killed.; On 17 March 2024, Niger forces carried out an airstrike against Boko Haram (JAS) militants near Gashigar (Mobbar, Borno). According to the government statement, twenty militants were 'neutralized' (presumably killed) and their equipment destroyed.; On 14 March 2024, suspected Okuama militia attacked and killed fifteen soldiers on a peace mission to their community in Okuama (Ughelli South, Delta). The troops responded to a distress call to manage a conflict between Okuama and Okoloba communities. The troops were ambushed by some community youth suspected to be from Okuama. There were fifteen fatalities.; On 13 March 2024, ISWAP attacked Boko Haram around Tumbum Ali, coded to Tumbun Allura (Kukawa, Borno) and killed twenty-six of them in two days, coded separately. They blocked Boko Haram access routes and opened fire on them. They captured eleven Boko Haram fighters and their weapons. Two fishers were killed in the crossfire, and ISWAP abducted another two. Twenty-six Boko Haram fatalities and two fishers fatalities split across two events coded as 14.; On 13 March 2024, the MNJTF and the Nigerian Airforce killed an unspecified number of ISWAP fighters while attacking their hideouts around Gashigar (Mobbar, Borno). Unspecified fatalities coded as 10.; On 12 March 2024, an Ichen ethnic militia attacked Tiv residents and killed seven commuters at Gamkwe village in Mararaban-Baisa, coded to Mararraba (Donga, Taraba). The attack began after a pastor and one other person were found dead (there are no reports on the assailants), the commuters were en route to Mai Hula from Zaki Biam. Other sources report that 8 to 15 persons were missing.; On 12 March 2024, ISWAP attacked Boko Haram around Tumbum Ali, coded to Tumbun Allura (Kukawa, Borno) and killed twenty-six of them in two days, coded separately. They blocked Boko Haram access routes and opened fire on them. They captured eleven Boko Haram fighters and their weapons. Two fishers were killed in the crossfire, and ISWAP abducted another two. Twenty-six Boko Haram fatalities and two fishers fatalities split across two events coded as 14.; On 11 March 2024, ISWAP shot and killed nine Boko Haram (JAS) in Habujan Ruwa, coded to Kukawa (Kukawa, Borno). The clash resulted from a territorial claim and supremacy contest on the shores of Lake Chad. An ISWAP commander led over seventy fighters to attack Boko Haram's position.; On 10 March 2024, an unidentified armed group killed at least seven persons when they invaded the market at Zurak Campani, coded to New Zurak (Wase, Plateau). Many others were wounded and the assailants fled into the bushes. Policemen were later deployed to the community.; On 10 March 2024, NAF conducted an airstrike that was targeted at a Zamfara militia in Corner village, Bungudu LGA (Bungudu, Zamfara). Over 50 militia members including the leader were killed.; On 10 March 2024, military forces together with hybrid forces, coded as Civilian JTF engaged Boko Haram/ ISWAP militants in an armed clash at their enclave at Ukuba in Sambisa Forest Reserve (Gwoza, Borno). 8 militants were killed, 5 locally fabricated guns, two motorcycles and assorted food items were recovered by the troops.; On 9 March 2024, a Katsina militia opened fire indiscriminately at civilians at the Gangara weekly market in Gangara village (Jibia, Katsina). Eighteen people, including four militia members (likely by accident), were killed in the shooting. An unspecified number of people were injured. There were eighteen fatalities.; On 8 March 2024, suspected IPOB/ESN shot sporadically at the police and killed five cops on duty at the hilltop stop and search along Nwofe Road, on the outskirts of Abakaliki (Abakaliki, Ebonyi). The police returned fire, and the militia scampered and abandoned a rifle. Two civilians were caught in the crossfire and died during the encounter. There were seven total fatalities.; On 7 March 2024, Fulani armed pastoralists attacked the Wandor community (Gwer East, Benue), killing over sixteen people, including a retired soldier. The attackers, numbering about forty, entered the community at night through Mbasomb village and operated for about three hours. They burned over fifty houses, huts, and food barns. Reports varied from over 16 to 17 fatalities, coded as 16.; On 7 March 2024, combined troops of Operation Udo KA comprised of the Nigerian Army, police, DSS and NSCDC engaged IPOB militants in an armed clash when they raided their camps at Mother Valley, coded to Orsu Ihiteukwa (Orsu, Imo). 20 militants were killed, their supreme headquarters, command and control centers and about 50 tents were destroyed, and the troops detonated several IEDs while around the axis of the camps. IPOB through its spokesperson denied ownership of the camp and claimed that it belonged to ''criminal infiltrators''.; On 6 March 2024, the Nigeria Air Force launched air strikes at the enclave of a Zamfara militia in Ussu village (Kiyawa, Zamfara). Several members of the militia group were killed in the strikes, but it was not clear if the kingpin was killed. Several fatalities coded as 10.; On 6 March 2024, the Nigerian Airforce launched airstrikes at a Zamfara militia enclave at Ussu village, Birnin Magaji/Kiyawa LGA, coded as Ussu (Kiyawa, Zamfara). The airstrikes killed an unspecified number of the militiamen. Unspecified fatalities coded as 10.; On 6 March 2024, armed Fulani pastoralists killed 12 civilians at Tyuruv community, coded to nearby Chito (Ukum, Benue). The assailants invaded Tse-Azande, Tse-Ajauka, Tse-Ugema, Tse-Guzo settlements were they shot sporadically, other residents escaped with bullet wounds.; On 5 March 2024, the Nigerian Air Force launched air strikes at the enclaves of a Katsina militia in the south of Tsaskiya (Safana, Katsina). The militia leader was targeted with the strikes. Several members of his militia group were killed, but there was no evidence that the leader died in the strikes. Several fatalities coded as 10.; On 5 March 2024, two rival Benue militias led by Full Fire and Chain engaged in an armed clash at Gbagir (Ukum, Benue) over a tussle for supremacy in the Ukum LGA. One of the militias enlisted the help of a Fulani militia based in Taraba to support them in the clash. Over 45 persons, 12 of whom were civilians were killed, over 30 other persons were wounded. Some people were declared missing and residents were displaced.; On 4 March 2024, a Katsina militia killed at least seventeen people when attacking Zamfarawa, Doma and Gidan Kare villages in Bakori LGA, coded to Bakori (Bakori, Katsina).; On 28 February 2024, a Zamfara militia attacked and killed 69 people in Danbawa, Mazzabi, Danmaji, Burmukai, Katuge, and Tabbani villages in Maru LGA, location coded to the administrative headquarters, Maru (Zamfara).; On 26 February 2024, a Katsina militia killed six people and injured many others in Unguwar Mai Rabo village (Malumfashi, Katsina).; On 26 February 2024, an unidentified armed group killed two policemen and 12 civilians at Katapka village (Toto, Nassarawa). The village head was one of the fatalities.; On 26 February 2024, Nigerian troops of Operation Hadarin Daji engaged a Zamfara militia in a firefight in Bayan Ruwa, near Maradun (Maradun, Zamfara). The troops blocked the Bayan Ruwa crossing and opened fire on the militia as they were crossing into the forest. They destroyed the militia's enclaves and rescued eight hostages. They killed scores of the militiamen. Scores of fatalities coded as 20.; On 24 February 2024, the Nigerian Air Force launched air strikes at a group of Katsina militia at Tsora Hill in Safana (Safana, Katsina). Over twenty militiamen were killed in the strikes.; On 24 February 2024, Nigerian troops engaged a presumed Katsina militia in an armed clash at Aliero West axis. Two militia leaders, Baldi and Baban Yara, acting on the Zamfara/Katsina axis, and 28 other militia members were killed. Location coded to Gusau (Gusau, Zamfara); On 24 February 2024, a Katsina militia engaged in an armed clash with a rival Zamfara militia led by Ado Aliero at Hayin Al haji and Munhaye forests, coded to Munhaye (Tsafe, Zamfara). The clash took place after the Katsina militia invaded the area, which is Ado Alieru's village and attempted to abduct residents. Scores of militia members were killed, coded as 20.; Around 24 February 2024 (as reported), an unidentified group killed 12 out of the 19 people whom they abducted from Galadimawa (Abuja Municipal, FCT). The victims were abducted in November 2023 (coded separately). One of the murdered abductees was an aide to Senator Ned Nwoko. Location coded to where they were abducted from.; On 23 February 2024, the Nigerian troops and the community protection guards engaged in a firefight with a Zamfara militia after the militia had attacked the Ruwan Tofa community in Kwatarkwashi (Bungudu, Zamfara). The militia had killed an unspecified number of people and abducted many others before the military intervened. Two soldiers and an unspecified number of militia and protection guard members were killed in the encounter. An unspecified number of the militia, the villagers, the protection guards members were killed, coded as 10, and two soldiers killed. Total fatalities coded as 12.; On 22 February 2024, the Nigerian troops engaged the Kaduna militia in a firefight around the Bada/Riyawa general areas of Chikun and Igabi LGA, coded to Ungwan Liman Riyawa (Chikun, Kaduna). The military killed six militiamen, including Boderi Isyaku, A kingpin responsible for many attacks in the state. The troops recovered two AK47 rifles, 300 rounds of ammunition, nine AK47 magazines, one magazine carrier, one Baofeng radio set and five motorcycles. There were six fatalities.; On 21 February 2024, the Nigerian Airforce launched air strikes at a group of Katsina militia riding motorcycles around Gidan Guga, coded to Faskari (Faskari, Katsina). The strikes killed seven militiamen.; On 21 February 2024, a joint Task Force involving the police, KSCWC and vigilantes invaded the Katsina militia camp, newly acquired by Dankarami and Barbaru in Yar Tepa, Birdigau near Malumfashi (Malumfashi, Katsina) in an attempt to dislodge the militia from the hideout. The ensuing firefight claimed the lives of the KSCWC commander for Kankara, four local vigilantes and two volunteers from Birdigau and Gidan Gwanji. The militia group lost about twenty fighters. Another source reported that a police officer sustained an injury, and the force rescued 332 rustled cattle. There were about twenty-seven fatalities.; On 20 February 2024, the Nigerian Airforce launched airstrikes on Boko Haram spotted moving on motorcycles around the Bula Korege side of Sambisa Forest in Bama LGA, coded to Bama (Bama, Borno). An unknown number of Boko Haram fighters were killed. Unspecified fatalities, coded as 10.; On 20 February 2024, Katsina militia shot and killed nine people in the Lambo community near Wurma (Kurfi, Katsina). The militia also set houses and vehicles on fire and burnt down grains. There were nine fatalities.; On 19 February 2024, a Zamfara militia attacked civilians at Makera (Talata Mafara, Zamfara) and killed nine persons. 53 others were abducted, the murdered victims were shit when they attempted to escape abduction.; On 18 February 2024, a Kaduna militia attacked civilians and killed 12 persons at Gidin Dutse Makyali village in Kufana district (Kajuru, Kaduna). Some of the victims were burned to death, nine others sustained burn injuries and about 17 houses were burned by the assailants who shot sporadically upon arriving the village.; On 18 February 2024, the Nigerian Airforce launched airstrikes against the ISWAP position around Arinna Woje village, Marte LGA, coded to Marte (Marte, Borno). The strikes killed scores of ISWAP fighters, including three commanders. 20 fatalities coded.; On 16 February 2024, the Kaduna militia killed six people at Kwassam (Kauru, Kaduna) and abducted five others, including a former CBN Director. Two people were injured in the attack. There were six fatalities.; On 15 February 2024, the Zamfara militia shot and killed seven people in Nasarawa Godel in Birnin Magaji / Kiyawa LGA, Nasarawa Godel (Kiyawa, Zamfara). The militiamen invaded the community in Toyota Hilux vans. They abducted twenty other people, mostly women. There were seven fatalities.; On 12 February 2024, over 200 vigilantes and community members clashed with the Zamfara militia in Kanoma (Maru, Zamfara). The communal group had mobilized men from different villages to confront the militiamen in their camp in Dangulbi forest. The militiamen killed over sixty vigilante and community members, and many others were injured. There were sixty fatalities.; On 12 February 2024, the Zamfara militia shot and killed eight people in Kwabre village, coded to Zurmi (Zurmi, Zamfara). One person was injured during the attack. There were eight fatalities.; On 11 February 2024, a Katsina militia attacked traders along the highway as they were returning from Jibia (Jibia, Katsina) weekly market. 9 persons were killed, one was declared missing and it is unclear if he was killed or abducted. An unspecified number of victims were abducted or wounded.; On 11 February 2024, Nigerian troops, a local defence militia and the Community Watch engaged the Katsina militia in a firefight at their hideout in Batsari LGA, coded to Batsari (Batsari, Katsina). The troop killed at least fifteen militiamen and arrested one. They rescued three hostages.; On 10 February 2024, the Katsina militia killed six people and injured three others in Kurechin Dutse village, coded to Dutsin Ma (Dutsinma, Katsina). There were six fatalities.; On 9 February 2024, police forces engaged an unidentified armed group in an armed clash at their hideout around Mpape (Abuja Municipal, FCT). The group, led by Musa Wada Magaji was active around the Mpape area, several members of the group including the leader were killed in the clash and one police operative was wounded. Several fatalities coded as 10.; On 5 February 2024, a Zamfara militia attacked a military camp and engaged soldiers and policemen in an armed clash at Dauran, coded to Dauran Birnin Tsaba (Zurmi, Zamfara). Two soldiers, one policeman, and several militiamen were killed while the militia fled with the corpses of their colleagues and left two. The militia attacked the camp in retaliation for the arrest of their colleague who was identified in the market the day before. Unknown fatalities coded as 10, coded 13 fatalities.; On 4 February 2024, BNL militants (Black Marine faction) attacked and killed at least 17 members of a joint border patrol team comprised of Nigerian and Cameroonian forces, coded as military forces at Ugenghe, coded and spelled as Unyene (Mbo, Akwa Ibom).; On 4 February 2024, a Niger militia ambushed civilians and killed 6 farmers, four men and two women at Maganda junction, on Alawa - Pandogari road (Shiroro, Niger). 20 women were abducted, three other persons were injured, and two trucks filled with foodstuff were burnt.; On 4 February 2024, troops of 17 brigade of the Nigerian army engaged a Katsina militia in an armed clash at Tsora Hill in Safana LGA (Katsina) after the air component of Operation Hadarin Daji targeted the militia's hideout in an airstrike. Several militiamen were killed, and their hideouts were cleared by the troops. Several fatalities coded as 10.; On 4 February 2024, the Boko Haram (JAS) Bakura faction attacked ISWAP positions in Daban Gajere, Dabar Waya, Dabar Giwa, and Dawashi in Kukawa LGA, coded to Kukawa, Borno). There were unspecified fatalities. Unspecified fatalities coded as 10.; On 2 February 2024, the Katsina militia shot and killed a Katsina Community Corps and seven others in Damari (Sabuwa, Katsina). The militiamen went away with the Corps motorcycle. There were eight fatalities.; On 31 January 2024, suspected armed Fulani pastoralists attacked and killed fifteen people in Ugboju, coded to Bagagi (Agatu, Benue). The attack triggered panic, and many people fled in disarray. The armed group also abducted an unspecified number of children.; On 30 January 2024, the Nigerian Airforce conducted air raids and cleared the Katsina militia's camps on the outskirts of Yauni village, coded to Safana (Safana, Katsina). An unspecified number of the militia were killed. Unspecified fatalities coded as 10.; On 30 January 2024, ISWAP claimed to have triggered an IED, killing about ten CJTF members in Katafila, coded to Bama (Bama, Borno). The explosives damaged the CJTF patrol vehicle.; On 29 January 2024, an IED planted by suspected Boko Haram/ ISWAP militants exploded and killed seven civilians along the Firgi - Pulka road (Gwoza, Borno) after a vehicle conveying farmers stepped on it. Six farmers and the vehicle's driver were killed, seven others were severely injured. Some sources report that an unspecified number of soldiers were also killed, a pregnant woman and others were killed, others report that 12 loggers were killed. 7 fatalities coded.; On 29 January 2024, the air component of Operation Whirl Punch conducted an airstrike that was targeted at a Kaduna militia along Kwiga - Kamfanin Doka (Birnin Gwari, Kaduna). About 30 militiamen were killed.; On 27 January 2024, suspected armed pastoralists attacked civilians at Ogwumogbo (Agatu, Benue) and killed ten persons. The assailants shot sporadically when they invaded the area and displaced civilians from the area.; On 27 January 2024, an unidentified armed group clashed with Nigerian troops who responded to a distress call at Satguru and Tyop villages, coded to Gindiri (Mangu, Plateau). 30 members of the group were killed, 50 others were arrested and four soldiers were wounded.; On 27 January 2024, an IED that was planted by presumed ISWAP/ Boko Haram militants exploded and killed six civilians at Gubio (Gubio, Borno). The victims included two adult metal scavengers and four children, the adults were sorting scrap metals that they had collected when the IED exploded.; On 27 January 2024, Okuama and Okoloba communal militia clashed over a land dispute, and six persons were killed as a result. Location coded to Okoloba (Bomadi, Delta) which shares a boundary with Okuama community, where three of the victims hailed from while the other three were mercenaries from other communities.; On 26 January 2024, the Nigerian troops shot and killed seven members of the Katsina militia while on a clearance operation at Pada, Matso-Matso and Yarlumu, coded to Nahuta (Batsari, Katsina). The military destroyed the militia's enclaves, and many of them escaped with gun wounds. There were seven fatalities.; Around 24 January 2024 (week of), the Nigerian military launched air strikes at the enclave of a kingpin of the Katsina militia, Alhaji Daradu, in Jibia LGA, coded to Jibia (Jibia, Katsina). Several militiamen were killed with rockets, and their logistics were destroyed. Several fatalities coded as 10.; On 24 January 2024, an unidentified armed group killed about 20 to 30 civilians at Kwahaslalek and some surrounding communities in Mangu LGA (Plateau). An unspecified number of persons sustained gunshot injuries, houses were burned.; On 23 January 2024, a mob of Muslim and Christians clashed in Mangu town (Mangu, Plateau) over claims of a foiled cattle rustling attempt. The clash spread to different parts of the town, at least 8 persons were killed, mosques, churches and houses were set ablaze. Soldiers were deployed into the town to calm the tension which continued [coded separately].; On 22 January 2024, ISWAP fighters invaded the camp of rival Boko Haram [JAS faction] fighters in a reprisal and engaged them in an armed clash at Tunbun Rago (Abadan, Borno). Scores of fighters mostly from the Boko Haram faction were killed, fatalities coded as 20.; On 20 January 2024, the NAF conducted airstrikes that were targeted at a Niger militia near Chukuba (Shiroro, Niger). An unspecified number of militiamen were killed, fatalities coded as 10.; On 20 January 2024, the air component of Operation Whirl Stroke conducted an airstrike that was targeted at a Kaduna militia led by Janari at Gadar Katako in Igabi LGA (Kaduna). The militia was massing up in the area before the airstrike, the leader and an unspecified number of others were killed. Unknown fatalities coded as 10 in addition to the militia leader.; On 19 January 2024, the Katsina militia attacked seven villages in Musawa LGA, coded to Musawa (Musawa). The militia killed sixteen people and abducted an unspecified number of others. They also set houses on fire.; On 18 January 2024, the Nigerian Airforce launched air strikes at the ISWAP locations in the Timbuktu Triangle, Dure (Gwoza, Borno). The strikes destroyed the militia's logistic base and killed many of the militiamen. Unknown fatalities coded as 10.; On 17 January 2024, an unidentified armed group, suspected to have come from Mbayongo Council Ward, killed nine people in Anyom (Katsina Ala, Benue). The attack was suspected to be a result of a gang war. The militia burned many houses and destroyed other property. There were nine fatalities.; On 17 January 2024, two rival Benue militia engaged in an armed clash at Anyom (Katsina Ala, Benue). Seven people were killed and houses were set ablaze. The clash lasted over a few days and properties were destroyed [coded separately].; On 16 January 2024, Bassa and Gbagyi ethnic militias clashed at Kudu village (Toto, Nassarawa) over a land dispute after the Bassa militia invaded the area where Gbagyi locals had settled for farming purposes. Seven persons were killed, several others were injured, houses and farm produce worth millions of naira were destroyed.; On 15 January 2024, ISWAP fighters led by Ali Kwaya and Abou Hassaini engaged Boko Haram [JAS faction] fighters from the Buduma faction in an armed clash at the islands of Kandahar and Kaduna Ruwa in Kukawa LGA (Borno). Scores of militants were killed from both factions, with ISWAP suffering higher casualties. Fatalities coded as 20.; On 11 January 2024, the Katsina militia shot and killed nine people in Kukar Babangida (Jibia, Katsina). The victims included the traditional ruler of the village, two of his sons and six other people. The militia burnt down houses, shops and cars during the attack.; On 9 January 2024, a civilian vehicle triggered an IED suspected to have been planted by Boko Haram along Kinoba and Mosuseni road in Gamboru Ngala, Gamboru (Ngala, Borno). All seven occupants of the vehicle, including the driver, died on the spot. There were seven fatalities.; On 9 January 2024, an unidentified armed group ambushed and killed eight commuters in Kwapre, also called Kopre (Hong, Adamawa). No further details.; On 8 January 2024, an IED planted by suspected Boko Haram/ ISWAP militants detonated after two vehicles conveying civilians stepped on it at Kinemuba village (Ngala, Borno). Eight persons including two children were killed and dozens of others were wounded, other sources report seven fatalities.; On 8 January 2024, ISWAP claimed to have targeted two Nigerian Military patrols with four IEDs in the Gajibo-Dikwa area, coded to Dikwa (Dikwa, Borno). They claimed the IED damaged two vehicles and killed an unspecified number of soldiers and wounded many others. Other sources reported that the IED did not target the military vehicles but killed at least eight people. There were eight fatalities.; On 7 January 2024, a suspected Fulani militia together with a Jukun militia attacked civilians at Mchia (Logo, Benue) coded to Ugba. The attack happened in the morning and in the evening, resulting in at least 5 persons killed and several others wounded in the attack in the morning, and at least 2 persons killed and scores of persons missing in the evening. 7 fatalities coded.; On 7 January 2024, ISWAP/ Boko Haram attacked civilians at a drinking joint called Bakassi in the outskirts of Gajiram town (Nganzai, Borno). Six civilians were killed and four others were wounded by the militants who snuck into the town through one of the porous areas of the trenches dug by security agents.; Around 7 January 2024 (as reported), troops of Operation Hadin Kai killed six ISWAP/ Boko Haram militants including the suspected Amir of Garin Munzo when they cleared out Garin Abu Umaru, Old/ New Mjimia, Garin Munzo, Alafa I and Alafa II areas, coded to Alafa (Gwoza, Borno). The militants' newly established camos were discovered and destroyed.; Around 7 January 2024 (as reported), troops of Operation Hadin Kai engaged ISWAP militants in an armed clash at Ukuba in Sambisa, coded to Sambisa Forest Reserve (Gwoza, Borno). 11 militants were killed, one gun truck loaded with their ammunition exploded in the clash and the troops recovered various weapons and equipment. ISWAP claimed to have killed six soldiers and wounded many others without mentioning loss on their side.; On 6 January 2024, the Nigerian military and the police clashed with the Zamfara militia in Danjibga town (Tsafe, Zamfara). An unspecified number of militiamen, two police officers and two soldiers were killed in the clash. Fatalities coded as 7.; On 6 January 2024, the NAF conducted airstrikes that targeted ISWAP/ Boko Haram militants at Parisu (Abadan, Borno). 12 militants were killed and their storage base was destroyed.; On 6 January 2024, the Nigerian Airforce conducted air strikes on the IS/BH position in Tumbun Agiri around Lake Chad, coded to Abadam (Abadan, Borno). The airstrike killed an unspecified number of militiamen and destroyed their vehicles and motorcycles. Unspecified fatalities coded as 10.; On 5 January 2024, a Kaduna militia clashed with a local defense militia at Kunkurai, Dokan Karji and Anguwan Sako in Kauru LGA (Kaduna). 17 civilians were killed, nine of whom died in the clash, 20 locals were rescued from the militia and about 38 others were abducted.; On 5 January 2024, the Nigerian troops engaged the Katsina militia in a firefight around Makera (Dutsinma, Katsina). The militia ambushed the military convoy guarding some traders at the Yantumaki weekly market. The militia shot and killed eight traders and wounded many others. The community Watch Corps and an army reinforcement later supported the convoy and chased the militia away.; On 5 January 2024, a Katsina militia that attacked traders were engaged in an armed clash with police forces on the road between Maidabino and Yan Tumaki market (Dan-Musa, Katsina). At least six persons were killed and two others including security agents were wounded while 16 militiamen were killed. At least 22 fatalities.; On 3 January 2024, the Zamfara militia shot and killed seven people in Nahuche (Bungudu, Zamfara). The militia invaded the community early in the morning, shot and killed the people and abducted scores of others.; On 3 January 2024, the Zamfara militia shot and killed ten people in Kwanar Dutse village, Maru LGA, coded to Maru (Maru, Zamfara). The militia invaded the community with hundreds of fighters for failure to pay the 20 Million naira levy imposed on the people. They burned homes and shops, forcing the residents to flee and seek refuge in the nearby villages.; On 2 January 2024, the Nigerian military launched air strikes against ISWAP in Kwatan Dilla, coded to Abadam (Abadan, Borno). The airstrikes killed the ISWAP's Nigerian leader, Ba'a Shuwa and scores of his members.; On 2 January 2024, a Zamfara militia who attempted to attack civilians were engaged in an armed clash with security operatives [coded as military forces] and a local defense militia at Nahuche (Bungudu, Zamfara). Six civilians were killed and one was wounded by the militia.; On 1 January 2024, suspected Boko Haram [JAS faction] dressed in military uniform attacked civilians at Gatamarwa (Chibok, Borno). Nine persons were killed, two others were wounded by the militants who proceeded to attack Chiha village [coded separately].; On 1 January 2024, an unidentified armed group killed eight civilians in Katapka community (Toto, Nassarawa). The assailants set vehicles and houses, including the palace of the village head, ablaze.",Military Forces of Nigeria (2023-); Military Forces of Nigeria (2023-); Military Forces of Nigeria (2023-); Military Forces of Nigeria (2023-); Military Forces of Nigeria (2023-); Military Forces of Nigeria (2023-); Zamfara Communal Militia (Nigeria); Military Forces of Nigeria (2023-); Tarok Ethnic Militia (Nigeria); Katsina Communal Militia (Nigeria); Fulani Ethnic Militia (Nigeria); Niger Communal Militia (Nigeria); Niger Communal Militia (Nigeria); Okuama Communal Militia (Nigeria); Military Forces of Nigeria (2023-); Military Forces of Niger (2023-); Okuama Communal Militia (Nigeria); Islamic State West Africa Province (ISWAP); MNJTF: Multinational Joint Task Force; Ichen Ethnic Militia (Nigeria); Islamic State West Africa Province (ISWAP); Islamic State West Africa Province (ISWAP); Unidentified Armed Group (Nigeria); Military Forces of Nigeria (2023-); Military Forces of Nigeria (2023-); Katsina Communal Militia (Nigeria); IPOB: Indigenous Peoples of Biafra; Fulani Ethnic Militia (Nigeria); Military Forces of Nigeria (2023-); Military Forces of Nigeria (2023-); Military Forces of Nigeria (2023-); Fulani Ethnic Militia (Nigeria); Military Forces of Nigeria (2023-); Benue Communal Militia (Nigeria); Katsina Communal Militia (Nigeria); Zamfara Communal Militia (Nigeria); Katsina Communal Militia (Nigeria); Unidentified Armed Group (Nigeria); Military Forces of Nigeria (2023-); Military Forces of Nigeria (2023-); Military Forces of Nigeria (2023-); Katsina Communal Militia (Nigeria); Unidentified Armed Group (Nigeria); Military Forces of Nigeria (2023-); Military Forces of Nigeria (2023-); Military Forces of Nigeria (2023-); Police Forces of Nigeria (2023-); Military Forces of Nigeria (2023-); Katsina Communal Militia (Nigeria); Zamfara Communal Militia (Nigeria); Kaduna Communal Militia (Nigeria); Military Forces of Nigeria (2023-); Kaduna Communal Militia (Nigeria); Zamfara Communal Militia (Nigeria); Maru Communal Militia (Nigeria); Zamfara Communal Militia (Nigeria); Katsina Communal Militia (Nigeria); Military Forces of Nigeria (2023-); Katsina Communal Militia (Nigeria); Police Forces of Nigeria (2023-); Zamfara Communal Militia (Nigeria); BNL: Biafra Nations League Black Marine Faction; Niger Communal Militia (Nigeria); Military Forces of Nigeria (2023-); Boko Haram - Jamaatu Ahli is-Sunnah lid-Dawati wal-Jihad; Katsina Communal Militia (Nigeria); Fulani Ethnic Militia (Nigeria); Military Forces of Nigeria (2023-); Islamic State West Africa Province (ISWAP); Islamic State West Africa Province (ISWAP) and/or Boko Haram - Jamaatu Ahli is-Sunnah lid-Dawati wal-Jihad; Military Forces of Nigeria (2023-); Fulani Ethnic Militia (Nigeria); Unidentified Armed Group (Nigeria); Islamic State West Africa Province (ISWAP) and/or Boko Haram - Jamaatu Ahli is-Sunnah lid-Dawati wal-Jihad; Okuama Communal Militia (Nigeria); Military Forces of Nigeria (2023-); Military Forces of Nigeria (2023-); Unidentified Armed Group (Nigeria); Rioters (Nigeria); Islamic State West Africa Province (ISWAP); Military Forces of Nigeria (2023-); Military Forces of Nigeria (2023-); Katsina Communal Militia (Nigeria); Military Forces of Nigeria (2023-); Unidentified Armed Group (Nigeria); Benue Communal Militia (Nigeria); Bassa Ethnic Militia (Nigeria); Islamic State West Africa Province (ISWAP); Katsina Communal Militia (Nigeria); Boko Haram - Jamaatu Ahli is-Sunnah lid-Dawati wal-Jihad; Unidentified Armed Group (Nigeria); Islamic State West Africa Province (ISWAP) and/or Boko Haram - Jamaatu Ahli is-Sunnah lid-Dawati wal-Jihad; Islamic State West Africa Province (ISWAP); Fulani Ethnic Militia (Nigeria); Islamic State West Africa Province (ISWAP) and/or Boko Haram - Jamaatu Ahli is-Sunnah lid-Dawati wal-Jihad; Military Forces of Nigeria (2023-); Military Forces of Nigeria (2023-); Military Forces of Nigeria (2023-); Military Forces of Nigeria (2023-); Military Forces of Nigeria (2023-); Kaduna Communal Militia (Nigeria); Katsina Communal Militia (Nigeria); Katsina Communal Militia (Nigeria); Zamfara Communal Militia (Nigeria); Zamfara Communal Militia (Nigeria); Military Forces of Nigeria (2023-); Zamfara Communal Militia (Nigeria); Boko Haram - Jamaatu Ahli is-Sunnah lid-Dawati wal-Jihad; Unidentified Armed Group (Nigeria); Zamfara Communal Militia (Nigeria); Katsina Communal Militia (Nigeria); Zamfara Communal Militia (Nigeria); Zamfara Communal Militia (Nigeria); Zamfara Communal Militia (Nigeria); Zamfara Communal Militia (Nigeria); Civilians (Nigeria); Islamic State West Africa Province (ISWAP) and/or Boko Haram - Jamaatu Ahli is-Sunnah lid-Dawati wal-Jihad; Montol Ethnic Militia (Nigeria); Civilians (Nigeria); Civilians (Nigeria); Civilians (Nigeria); Civilians (Nigeria); Police Forces of Nigeria (2023-); Civilians (Nigeria); Boko Haram - Jamaatu Ahli is-Sunnah lid-Dawati wal-Jihad; Military Forces of Nigeria (2023-); Boko Haram - Jamaatu Ahli is-Sunnah lid-Dawati wal-Jihad; Islamic State West Africa Province (ISWAP); Civilians (Nigeria); Boko Haram - Jamaatu Ahli is-Sunnah lid-Dawati wal-Jihad; Boko Haram - Jamaatu Ahli is-Sunnah lid-Dawati wal-Jihad; Civilians (Nigeria); Zamfara Communal Militia (Nigeria); Islamic State West Africa Province (ISWAP) and/or Boko Haram - Jamaatu Ahli is-Sunnah lid-Dawati wal-Jihad; Civilians (Nigeria); Police Forces of Nigeria (2023-); Civilians (Nigeria); IPOB: Indigenous Peoples of Biafra; Zamfara Communal Militia (Nigeria); Zamfara Communal Militia (Nigeria); Civilians (Nigeria); Katsina Communal Militia (Nigeria); Benue Communal Militia (Nigeria); Civilians (Nigeria); Civilians (Nigeria); Civilians (Nigeria); Police Forces of Nigeria (2023-); Zamfara Communal Militia (Nigeria); Katsina Communal Militia (Nigeria); Katsina Communal Militia (Nigeria); Zamfara Communal Militia (Nigeria); Civilians (Nigeria); Zamfara Communal Militia (Nigeria); Kaduna Communal Militia (Nigeria); Katsina Communal Militia (Nigeria); Katsina Communal Militia (Nigeria); Boko Haram - Jamaatu Ahli is-Sunnah lid-Dawati wal-Jihad; Civilians (Nigeria); Civilians (Nigeria); Civilians (Nigeria); Islamic State West Africa Province (ISWAP); Civilians (Nigeria); Civilians (Nigeria); Zamfara Communal Militia (Nigeria); Civilians (Nigeria); Civilians (Nigeria); Katsina Communal Militia (Nigeria); Civilians (Nigeria); Unidentified Armed Group (Nigeria); Military Forces of Nigeria (2023-); Military Forces of Nigeria (2023-); Civilians (Nigeria); Katsina Communal Militia (Nigeria); Islamic State West Africa Province (ISWAP); Katsina State Community Watch Corps (Nigeria); Civilians (Nigeria); Katsina Communal Militia (Nigeria); Civilian JTF: Civilian Joint Task Force; Civilians (Nigeria); Kaduna Communal Militia (Nigeria); Civilians (Nigeria); Military Forces of Nigeria (2023-); Civilians (Nigeria); Okoloba Communal Militia (Nigeria); Katsina Communal Militia (Nigeria); Katsina Communal Militia (Nigeria); Civilians (Nigeria); Rioters (Nigeria); Boko Haram - Jamaatu Ahli is-Sunnah lid-Dawati wal-Jihad; Niger Communal Militia (Nigeria); Kaduna Communal Militia (Nigeria); Civilians (Nigeria); Islamic State West Africa Province (ISWAP); Civilians (Nigeria); Benue Communal Militia (Nigeria); Gbagyi Ethnic Militia (Nigeria); Boko Haram - Jamaatu Ahli is-Sunnah lid-Dawati wal-Jihad; Civilians (Nigeria); Civilians (Nigeria); Civilians (Nigeria); Civilians (Nigeria); Military Forces of Nigeria (2023-); Civilians (Nigeria); Civilians (Nigeria); Islamic State West Africa Province (ISWAP) and/or Boko Haram - Jamaatu Ahli is-Sunnah lid-Dawati wal-Jihad; Islamic State West Africa Province (ISWAP); Zamfara Communal Militia (Nigeria); Islamic State West Africa Province (ISWAP) and/or Boko Haram - Jamaatu Ahli is-Sunnah lid-Dawati wal-Jihad; Islamic State West Africa Province (ISWAP) and/or Boko Haram - Jamaatu Ahli is-Sunnah lid-Dawati wal-Jihad; Kauru Communal Militia (Nigeria); Military Forces of Nigeria (2023-); Police Forces of Nigeria (2023-); Civilians (Nigeria); Civilians (Nigeria); Islamic State West Africa Province (ISWAP); Military Forces of Nigeria (2023-); Civilians (Nigeria); Civilians (Nigeria)
north korea,16,NA,NA,0,NA,NA
norway,2,NA,NA,0,NA,NA
oman,2,NA,NA,0,NA,NA
pakistan,31,2024,South Asia,214,"On 26 March 2024, a TTP suicide bomber exploded himself near a vehicle carrying Chinese nationals in Besham town (Shangla, KPK), in a targeted attack when Chinese nationals were traveling from Islamabad to Kohistan to work on a Chinese dam construction project. 5 Chinese nationals and 1 Pakistani driver were killed in the attack. While TTP denied involvement in the attack, 4 key TTP militants linked with the attack were arrested by CTD personnel. Fatalities coded as 7 including the suicide bomber.; On 25 March 2024, intervening night, 5 militants of Baloch Liberation Army attacked PNS Siddique, a Naval airbase, and engaged in a gunfight with military forces in Turbat city (Kech, Balochistan). All 5 BLA militants and at least 1 personnel of FC were killed in the clash.; On 24 March 2024, a clash took place between two groups of Dahri community, killing 7 and injuring 5 in Wahid Bakhsh Dahri village near Qazi Ahmed town (Shaheed Benazirabad, Sindh), over a land dispute.; On 20 March 2024, 8 BLA militants attempted to infiltrate the Government Port Authority complex on Marine Drive targeting ISI and MI agency offices among other state institutions in Gwadar city (Gwadar, Balochistan). Militants hurled hand grenades and subsequently engaged in a fire exchange with military forces who prevented militants from entering the residential premises. 8 militants, and 2 military personnel were killed in the exchange. BLA sources claim that 25 military personnel were killed in the attack, however, reliable sources indicate only 2 military personnel were killed. 10 fatalities.; On 18 March 2024, military forces conducted an IBO and killed 8 TTP-HGB militants in Mandi Khel area (North Waziristan, KPK). TTP-HGB confirmed 4 militants killed were associated with HGB, however, 4 have not been claimed. The militants were previously involved in an attack against military forces on 16 March 2024 (coded separately). 8 fatalities.; On 16 March 2024, 6 TTP-HGB militants launched an attack on a military installation in Khaddi area (North Waziristan, KPK) after ramming an explosive-laden vehicle. Following the initial explosion, militants exchanged heavy gunfire with military forces, and later carried out suicide bomb attacks. 7 military personnel were killed and 17 others were wounded. 4 militants were killed in the clash, while 2 fled the scene. 11 fatalities and 17 injured.; On 8 March 2024, intervening night, military forces killed eight TTP militants in an operation in North Waziristan district (coded as Miranshah (North Waziristan, KPK)). The operation commenced with the initial killing of four militants, followed by the killing of an additional four as military forces conducted clearance operations in the area. 8 total fatalities.; On 28 February 2024, military forces conducted an IBO against TTP militants in North Waziristan district (coded as Miranshah, North Waziristan, KPK). After an intense fire exchange, 6 militants were killed and 1 military personnel was injured. Weapons, ammunitions, and explosives were also recovered from the site.; On 26 February 2024, a clash took place between the Mahar community and Jatoi tribe, both fired at each other killing 7 people and injuring 12 in in Pano Aqil taluka (Sindh), over control of a piece of state-owned forest land.; On 16 February 2024, intervening night, military forces conducted an IBO and killed 7 TTP militants after an intense fire exchange in Wana area (South Waziristan, KPK). 1 military personnel was also killed in the exchange. Weapons, ammunitions, and explosives were also recovered. 7 militants and 1 military personnel killed.; On 10 February 2024, 6 laborers were shot dead by unidentified assailants (coded as Baloch Separatists) from a farmhouse in the mountainous regions near Qila Saifullah city (Killa Saifullah, Balochistan). Two of the six bodies were found dismembered. One was identified as a business tycoon mine owner, alongside 4 of his employees, and 1 unidentified individual.; On 8 February 2024, TTP militants attacked a police mobile van detonating an IED when the van was patrolling the Gara Aslam area of Kulachi Tehsil (Dera Ismail Khan, KPK) for election security. Subsequently, militants began firing at the vehicle but escaped when additional police contingents arrived. 5 police personnel were killed and 2 others were injured. 3 militants were also later found killed in the Kot Azam area of Kulachi tehsil.; On 7 February 2024, ISPP militants detonated a powerful motorcycle-laden explosive outside the campaign office of an independent electoral candidate in Khanozai Town (Pishin, Balochistan) while the polling agents were being finalized, ahead of the upcoming general elections. The candidate was not present at the site and remained unhurt. 18 people were killed (including likely supporters of the independent candidate based on the location) and 31 others were injured. This was one of the two twin bombings conducted by ISPP (coded separately).; On 7 February 2024, ISPP militants detonated a powerful motorcycle-laden explosive outside the JUI-F election office of a candidate in the main market in Qila Saifullah city (Killa Saifullah, Balochistan) ahead of the upcoming general elections. 12 people were killed while 14 others were injured (including likely JUI-F supporters because of the location). This was one of the two twin bombings conducted by ISPP (coded separately).; On 5 February 2024, over 30 TTP militants attacked police forces at the Chaudhwan Police Station in Daraban Tehsil (Dera Ismail Khan, KPK) from more than three directions. TTP militants attacked police forces with snipers, and later entered the building, firing with automatic weapons and lobbing hand grenades. 10 police personnel were killed and 6 others were injured.; On 31 January 2024, BLA militants (Aslam Acho group) exchanged fire with military forces, FC and Levies personnel during three coordinated attacks in Mach and Kolpur complexes (coded as Kolpur town (Kachhi district, Balochistan)) with government taking control of the area eventually. 24 BLA militants including three suicide bombers along with 4 Pakistan military personnel and 8 civilians including three workers were killed in the incident over three days. 36 fatalities split across two locations and three days, coded based on the latest ISPR press release (6 fatalities each). Additionally, BLA claimed it killed an additional two policemen specifically on this day divided across two locations. Total 7 fatalities coded for this event.; On 31 January 2024, BLA militants (Aslam Acho group) exchanged fire with military forces, FC and Levies personnel during three coordinated attacks in Mach and Kolpur complexes (coded as Mach town (Kachhi district, Balochistan)) with government taking control of the area eventually. 24 BLA militants including three suicide bombers along with 4 Pakistan military personnel and 8 civilians including three workers were killed in the incident over three days. 36 fatalities split across two locations and three days, coded based on the latest ISPR press release (6 fatalities each). Additionally, BLA claimed it killed an additional two policemen specifically on this day divided across two locations. Total 7 fatalities coded for this event.; On 31 January 2024, military forces exchanged fire with militants (coded as Baloch separatists) during an operation in Sambaza town (Zhob district, Balochistan. Seven militants were killed in the encounter.; On 30 January 2024, BLA militants (Aslam Acho group) launched at least 15 rockets and exchanged fire with military forces and Levies personnel during three coordinated attacks in Mach and Kolpur complexes (coded as Kolpur town (Kachhi district, Balochistan)). 24 BLA militants including three suicide bombers along with 4 Pakistan military personnel and 8 civilians including three workers were killed in the incident over three days. BLA claimed 21 soldiers including 5 SSG personnel and 12 FC personnel were killed across two locations on this day. 36 fatalities coded based on the latest ISPR press release, split across two locations and three days. 6 fatalities coded for Kolpur.; On 30 January 2024, BLA militants (Aslam Acho group) comprising Majeed Brigade and Fateh Squad units launched at least 15 rockets, exchanged fire with military forces and Levies personnel during three coordinated attacks in Mach and Kolpur complexes and were able to establish control of Mach city (coded as Mach town (Kachhi district, Balochistan)). 24 BLA militants including three suicide bombers along with 4 Pakistan military personnel and 8 civilians including three workers were killed in the incident over three days. BLA claimed 21 soldiers including 5 SSG personnel and 12 FC personnel were killed across two locations on this day. 36 fatalities coded based on the latest ISPR press release, split across two locations and three days. 6 fatalities coded for Mach.; On 29 January 2024, BLA militants (Aslam Acho group) launched at least 15 rockets and exchanged fire with military forces and Levies personnel during three coordinated attacks in Mach and Kolpur complexes (coded as Kolpur town (Kachhi district, Balochistan)). 24 BLA militants including three suicide bombers along with 4 Pakistan military personnel and 8 civilians including three workers were killed in the incident over three days. BLA claimed 21 soldiers including 5 SSG personnel and 12 FC personnel were killed across two locations on this day. 36 fatalities coded based on the latest ISPR press release, split across two locations and three days. 6 fatalities coded for Kolpur.; On 29 January 2024, BLA militants (Aslam Acho group) launched at least 15 rockets and exchanged fire with military forces, FC and Levies personnel during three coordinated attacks in Mach and Kolpur complexes (coded as Mach town (Kachhi district, Balochistan)). 24 BLA militants including three suicide bombers along with 4 Pakistan military personnel and 8 civilians including three workers were killed in the incident over three days. BLA claimed 58 FC personnel were killed in Mach city on this day of the attack. 36 fatalities coded based on the latest ISPR press release and split across two locations and three days (6 fatalities each). Additionally, another source reported that 2 railway policemen were killed on this day in Mach city. Total 8 fatalities coded for this event.; On 22 January 2024, military forces shot dead 7 militants (coded as Baloch Separatists) in an IBO in Sambaza area of Zhob district (Zhob, Balochistan). Weapons and ammunitions were also recovered. 7 fatalities.; On 13 January 2024, BLF militants attacked military forces and Frontier Corps after planting an IED on an FC vehicle in the general area of Buleda in Kech district (Kech, Balochistan). An intense fire exchange ensued after the explosion. 3 militants and 5 military personnel were killed, while 2 other security forces personnel were injured and 2 military vehicles and 6 motorcycles were also damaged.; On 8 January 2024, militants attacked a police personnel convoy escorting an anti-polio team using an IED in Billoot area of Mamund Tehsil (Bajaur, KPK). 7 police personnel were killed and 29 injured. It is unclear who is responsible for the attack. Both TTP and ISKP claimed responsibility for the attack.; On 2 January 2024, unidentified assailants (coded as TTP) fired at six barbers from Punjab province in a targeted ethnic attack at Moski village in Mir Ali tehsil (North Waziristan district, KP). Six persons including two minors were killed in the incident. Police suspect the killings aim to instill fear, linked to recent warnings against certain haircuts and beard shavings allegedly against Islamic principles.; On 2 January 2024, BLF militants conducted an IED explosion targeting a military convoy at Mand town (Kech district, Balochistan). BLF claimed seven army personnel were killed.",TTP: Tehreek-i-Taliban Pakistan; BLA: Baloch Liberation Army; Rioters (Pakistan); BLA: Baloch Liberation Army; Military Forces of Pakistan (2022-); TTP-HGB: Tehreek-i-Taliban Pakistan-Hafiz Gul Bahadur; Military Forces of Pakistan (2022-); Military Forces of Pakistan (2022-); Mahar Tribal Militia (Pakistan); Military Forces of Pakistan (2022-); Baloch Separatists (Pakistan); TTP: Tehreek-i-Taliban Pakistan; Islamic State Pakistan Province (ISPP); Islamic State Pakistan Province (ISPP); TTP: Tehreek-i-Taliban Pakistan; BLA-AA: Baloch Liberation Army-Aslam Acho; BLA-AA: Baloch Liberation Army-Aslam Acho; Military Forces of Pakistan (2022-); BLA-AA: Baloch Liberation Army-Aslam Acho; BLA-AA: Baloch Liberation Army-Aslam Acho; BLA-AA: Baloch Liberation Army-Aslam Acho; BLA-AA: Baloch Liberation Army-Aslam Acho; Military Forces of Pakistan (2022-); BLF: Baloch Liberation Front; TTP: Tehreek-i-Taliban Pakistan; TTP: Tehreek-i-Taliban Pakistan; BLF: Baloch Liberation Front; Civilians (China); Military Forces of Pakistan (2022-); Rioters (Pakistan); Military Forces of Pakistan (2022-); TTP-HGB: Tehreek-i-Taliban Pakistan-Hafiz Gul Bahadur; Military Forces of Pakistan (2022-); TTP: Tehreek-i-Taliban Pakistan; TTP: Tehreek-i-Taliban Pakistan; Jatoi Tribal Militia (Pakistan); TTP: Tehreek-i-Taliban Pakistan; Civilians (Pakistan); Police Forces of Pakistan (2022-); Civilians (Pakistan); Civilians (Pakistan); Police Forces of Pakistan (2022-); Military Forces of Pakistan (2022-); Military Forces of Pakistan (2022-); Baloch Separatists (Pakistan); Military Forces of Pakistan (2022-); Military Forces of Pakistan (2022-); Military Forces of Pakistan (2022-); Military Forces of Pakistan (2022-); Baloch Separatists (Pakistan); Military Forces of Pakistan (2022-); Police Forces of Pakistan (2022-); Civilians (Pakistan); Military Forces of Pakistan (2022-)
palestine,468,2024,Middle East,9432,"On 31 March 2024, Israeli warplanes struck a group of Palestinians in Bani Suheila (Khan Yunis, Gaza Strip), leaving 11 fatalities and dozens of injuries.; On 31 March 2024, Palestinian militants (likely Hamas) clashed with Israeli troops in Khan Yunis - Al Amal (Khan Yunis, Gaza Strip), amid Israeli artillery fire and airstrikes. IDF said that at least 15 militants were killed by sniper fire in western Khan Yunis (coded to this location). Fatalities were coded as at least 15.; On 31 March 2024, Israeli forces killed more than 15 Palestinian gunmen (unidentified groups) by sniper fire and aerial attacks in central Gaza Strip, coded to Deir al Balah (Deir El Balah, Gaza Strip). Fatalities coded as at least 15.; On 31 March 2024, clashes continued between Palestinian militants (likely Hamas and PIJ) and Israeli forces who raided the Al Shifa Hospital and the nearby areas in Gaza - Northern Remal (Gaza City, Gaza Strip) amid airstrikes and artillery fire. Meanwhile, Hamas sniped a soldier and fired mortar shells toward troops near the Nasser complex. Also, the Mujahideen Brigades and Al Aqsa Martyrs Brigade - Nidal Al-Amoude fired missiles toward Israeli troops in the same area. A number of Palestinians were killed and injured. [On 5 February 2025, 28 bodies were recovered from under the rubble in Northern Remal. These fatalities were coded to this event].; On 30 March 2024, Israeli warplanes struck a house and targets in Al Maghazi refugee camp (Deir El Balah, Gaza Strip), leaving dozens of fatalities and injuries. Fatalities coded as 12.; On 30 March 2024, Israeli warplanes struck a house northwest of Al Maghazi camp (Deir El Balah, Gaza Strip) leaving fatalities and injuries. [Palestinian Ministry of Health reported 32782 fatalities upto 30 March 2024. 41 fatalities not attributed to specific events split across 2 events on 30 March. 20 fatalities coded to this event.]; On 30 March 2024, Israeli tanks opened fire on Palestinians clans committees for securing aid trucks near the Kuwait roundabout in Gaza - Az Zaytun (Gaza City, Gaza Strip), leaving at least 12 fatalities and 30 injuries.; On 30 March 2024, Israeli warplanes struck Palestinian farmers while collecting potatoes in North Gaza, coded to Jabalya (North Gaza, Gaza Strip). Unspecified number of fatalities. [Palestinian Ministry of Health reported 32782 fatalities upto 30 March 2024. 41 fatalities not attributed to specific events split across 2 events on 30 March. 21 fatalities coded to this event.]; On 29 March 2024, Israeli warplanes struck the a group of police officers (Hamas) stationed in the Gaza - Shujaiyya club (Gaza City, Gaza Strip), killing at least 15 police officers and civilians and injuring 30 others. Also, at least 8 Palestinians were killed in an airstrike that targeted a passing car in Shujaiyya, killing a Hamas police officer along with his family and other civilians and children. Total fatalities at least 23.; On 29 March 2024, Israeli warplanes struck houses near Al Shifa Hospital in Gaza - Northern Remal (Gaza City, Gaza Strip), leaving 10 fatalities, including a woman and her 6 children.; On 29 March 2024, Israeli warplanes struck a house and other targets in Al Maghazi refugee camp (Deir El Balah, Gaza Strip), leaving at least 6 fatalities and a number of injuries.; On 29 March 2024, Israeli warplanes struck houses in Gaza - Nasr (Gaza City, Gaza Strip), leaving an unspecified number of fatalities. [Palestinian Ministry of Health reported 32705 fatalities upto 29 March 2024. 22 fatalities not attributed to specific events split across 3 events on 29 March. 7 fatalities coded to this event.]; On 29 March 2024, Israeli warplanes struck houses in Gaza - Tal el Hawa (Gaza City, Gaza Strip), leaving an unspecified number of fatalities. [Palestinian Ministry of Health reported 32705 fatalities upto 29 March 2024. 22 fatalities not attributed to specific events split across 3 events on 29 March. 7 fatalities coded to this event.]; On 29 March 2024, Israeli warplanes struck the Gaza - Az Zaytun (Gaza City, Gaza Strip), leaving fatalities and injuries including children. [Palestinian Ministry of Health reported 32705 fatalities upto 29 March 2024. 22 fatalities not attributed to specific events split across 3 events on 29 March. 8 fatalities coded to this event.]; On 28 March 2024, Palestinian militants (likely Hamas) clashed with Israeli troops in Khan Yunis - Al Amal and its nearby areas west of Khan Yunis city (Khan Yunis, Gaza Strip). 8 Israeli soldiers were injured. The IDF killed dozens of gunmen. Fatalities coded as 12.; On 28 March 2024, Israeli forces opened fire on Palestinians while waiting for an aid convoy east of Gaza City, coded to Gaza - Shujaiyya (Gaza City, Gaza Strip), leaving 6 fatalities.; On 28 March 2024, Israeli warplanes struck houses and buildings in Gaza - Southern Remal (Gaza City, Gaza Strip). Meanwhile, the artillery opened fire and shelled the same area. Dozens of Palestinians were killed and others injured. Fatalities coded as 12.; On 28 March 2024, 12 Palestinians were killed in an Israeli airstrike that targeted a house northeast of Rafah, coded to Yibna (Rafah, Gaza Strip). Also, Israeli artillery and tanks shelled targets east of Rafah. Fatalities coded as 12.; On 27 March 2024, Israeli artillery and tanks shelled targets east of Gaza City, coded to Gaza - Shujaiyya (Gaza City, Gaza Strip). Also, Israeli artillery struck a group of Palestinians near the Karni crossing (Al Mintar) east of Gaza City, leaving at least 8 fatalities and a number of injuries.; On 27 March 2024, Israeli warplanes struck targets in Al Burayj refugee camp (Deir El Balah, Gaza Strip), leaving 5 fatalities. Also, a woman was killed in a separate airstrike in the camp. Total fatalities were 6.; On 27 March 2024, Israeli warplanes struck a house and other targets west of Gaza City, coded to Gaza - Southern Remal (Gaza City, Gaza Strip), leaving 8 fatalities and a number of injuries, including children and women.; On 27 March 2024, Israeli warplanes struck a house in Khirbet al Adas (Rafah, Gaza Strip), leaving 11 fatalities (including woman and children) and a number of injuries.; On 26 March 2024, Israeli warplanes and artillery struck houses near Al Shifa Hospital in Gaza - Northern Remal (Gaza City, Gaza Strip), leaving 30 fatalities. Also, Israeli UAVs opened fire on Palestinians in the vicinity of Al Mamadani (Al Ahli) Hospital in the same location. Fatalities coded at least 30.; On 26 March 2024, Israeli warplanes struck tents belonging to displaced Palestinians in Al Mawasi (Khan Yunis), Gaza Strip. 12 Palestinians including children were killed, and others were injured.; On 26 March 2024, clashes continued between Palestinian militants (likely Hamas and PIJ) and Israeli forces who raided the Al Shifa Hospital and the nearby areas in Gaza - Northern Remal (Gaza City, Gaza Strip) amid airstrikes and artillery fire. Meanwhile, Hamas and PIJ militants targeted military vehicles with anti-tanks shells and RBGs and fired mortar rounds toward troops near Al Shifa. Also, the Al Aqsa Martyrs Brigade targeted troops with mortar shells. The IDF confirmed that 31 soldiers were injured in Gaza Strip during the past 48 hours. IDF claimed that they killed dozens of militants in clashes, coded as 12.; On 26 March 2024, Israeli warplanes struck a house hosting displaced people north of Rafah, coded to Khirbet al Adas (Rafah, Gaza Strip), leaving 19 fatalities, including 9 children, and dozens of injuries.; On 25 March 2024, Palestinian militants (likely Hamas and PIJ) clashed with Israeli troops who surrounded the Al Amal Hospital and the nearby areas in Khan Yunis - Al Amal (Khan Yunis, Gaza Strip) amid artillery and airplane fire. IDF confirmed the killing of at least 30 gunmen in close-quarters clashes and airstrikes and artillery fire. Fatalities coded at least 30.; On 25 March 2024, Israeli artillery fired shells toward Palestinians waiting for aid in Gaza - Shujaiyya (Gaza City, Gaza Strip) leaving fatalities and injuries. [Palestinian Ministry of Health reported 32414 fatalities upto 25 March 2024. 29 fatalities not attributed to specific events split across 2 events on 25 March. 14 fatalities coded to this event.]; On 25 March 2024, Israeli warplanes struck a house in the Saudi neighborhood in western Rafah, coded to Tal as Sultan (Rafah, Gaza Strip), leaving fatalities and injuries. [Palestinian Ministry of Health reported 32414 fatalities upto 25 March 2024. 29 fatalities not attributed to specific events split across 2 events on 25 March. 15 fatalities coded to this event.]; On 25 March 2024, Israeli artillery struck a group of Palestinians in the Al Mughraqa (Gaza City, Gaza Strip), leaving 6 fatalities.; On 24 March 2024, Israeli warplanes struck a house in Deir al Balah city (Deir El Balah, Gaza Strip), leaving at least 22 fatalities, mostly women and children.; On 24 March 2024, Israeli warplanes struck a house in Al Barahmeh area west of Rafah, coded to Tal as Sultan (Rafah, Gaza Strip), leaving 8 fatalities and a number of injuries.; On 24 March 2024, Hamas militants clashed with Israeli troops who surrounded the Al Amal Hospital and the nearby areas in Khan Yunis - Al Amal (Khan Yunis, Gaza Strip) amid artillery and airplanes fire. A CRCS worker and a displaced person were killed by Israeli fire. Fatalities coded at least 2. IDF claimed that they killed over 20 militants in Al Amal in clashes on this day. Total fatalities coded as 22 (20 militants + 2 civilians); On 24 March 2024, Israeli warplanes struck a house in Al Junaina area east of Rafah, coded to Yibna (Rafah, Gaza Strip), leaving at least 8 fatalities. Meanwhile, artillery and tanks shelled targets in the same area. Also, 5 Palestinians were killed in an airstrike targeted a house in Al Junaina. Total fatalities were at least 13.; On 23 March 2024, clashes continued between Palestinian militants (Likely Hamas and PIJ) and Israeli forces conducting operations in Al Shifa Hospital and its surrounding areas in Gaza - Northern Remal (Gaza City, Gaza Strip) amid artillery and warplane fire. Meanwhile, Hamas militants fired mortar rounds and targeted tanks and troops carriers with anti-tank shells and IEDs. Also, Al Aqsa Martyrs Brigade exchanged fire with IDF troops. Palestinian sources reported that Israeli forces killed health workers and set fire to a building in Al Shifa hospital. The IDF confirmed the killing of more than 170 gunmen since the operation began (150 fatalities were coded between 18-22 March 2024). And an Israeli soldier was killed and another one was injured. Fatalities coded as at least 21 (20 militants coded to this date, in addition to one confirmed IDF fatality).; On 23 March 2024, Israeli warplanes struck the Al Haker area in Deir al Balah city (Deir El Balah, Gaza Strip), leaving 8 fatalities and several injuries.; On 23 March 2024, Israeli forces opened fire on Palestinians waiting for aid trucks near the Kuwait roundabout in Gaza - Az Zaytun (Gaza City, Gaza Strip), leaving 19 fatalities and 23 injuries. The IDF denied its involvement in the incident.; On 22 March 2024, Israeli warplanes struck a house in An Nasr (Rafah, Gaza Strip), leaving 8 fatalities and number of injuries.; On 22 March 2024, clashes continued between Palestinian militants (Hamas and PIJ) and Israeli troops who are conducting an operation in Al Shifa Hospital and its surrounding areas in Gaza - Northern Remal (Gaza City, Gaza Strip). Meanwhile, Israeli forces struck targets in the area using tank fire and airstrikes. Also, the PIJ sniped a soldier, and the PIJ and the Al Aqsa Martyrs Brigade fired mortar shells at troops. IDF confirmed that 11 soldiers were injured in Gaza Strip (coded to this location). Also, Israeli troops destroyed and struck a building inside the hospital complex. The IDF also confirmed that its troops killed so far more than 150 gunmen ( 140 fatalities were coded between 18-21 March 2024). Total fatalities coded are at least 10.; On 22 March 2024, Israeli warplanes struck houses northwest of Gaza City, coded to Gaza - Ash Shati' Camp (Gaza City, Gaza Strip), leaving 10 fatalities.; On 22 March 2024, Israeli forces clashed with militants (coded as Hamas) in central Gaza Strip (coded to Deir al Balah) and killed about 15 militants.; On 21 March 2024, clashes continued between Palestinian militants (Hamas and PIJ) and Israeli troops who are conducting an operation in Al Shifa Hospital and its surrounding areas in Gaza - Northern Remal (Gaza City, Gaza Strip). Meanwhile, Israeli forces struck targets in the area using tank fire and airstrikes. The IDF confirmed that its troops killed so far more than 140 gunmen (at least 90 fatalities were coded between 18-20 March 2024). Meanwhile, Hamas and PIJ militants targeted Israeli tanks with al-Yassin and RBG shells, and Hamas fired mortar rounds at troops and sniped a soldier. The total fatalities coded are at least 50.; On 21 March 2024, Israeli troops killed at least 22 Palestinian militants (likely Hamas) in Central Gaza Strip, coded to Deir El Balah (Deir al Balah, Gaza strip), likely in clashes and by airstrikes.; On 20 March 2024, Israeli warplanes struck houses and apartments near Al Shawwa tower and Al Shifa hospital and on the outskirts of Al Kenz mosque in Gaza - Northern Remal (Gaza City, Gaza Strip), leaving dozens of fatalities and a number of injuries. Also, artillery struck houses and apartments in the same area. Fatalities coded as 12.; On 20 March 2024, clashes continued between Palestinian militants (Hamas and PIJ) and Israeli troops who are conducting an operation in Al Shifa Hospital and its surrounding areas in Gaza - Northern Remal (Gaza City, Gaza Strip). Meanwhile, Israeli forces struck targets in the area using tank fire and airstrikes. The IDF also confirmed that its troops killed so far more than 90 gunmen (50 fatalities were coded on 18 and 19 March 2024). Meanwhile, Palestinian militants targeted Israeli tanks with al-Yassin and tandem shells. The total fatalities coded are at least 40.; On 20 March 2024, Israeli warplanes struck targets including a house in An Nusayrat refugee camp (Deir El Balah, Gaza Strip), leaving at least 27 fatalities, majority were displaced people. Meanwhile, artillery shelled targets in the same area.; On 20 March 2024, Israeli warplanes struck a house in Al Burayj refugee camp (Deir El Balah, Gaza Strip), leaving 6 fatalities.; On 20 March 2024, 20 Palestinians were killed in an Israeli airstrike that targeted a building west of Gaza city, coded to Gaza - Southern Remal (Gaza City, Gaza Strip). Also, warplanes struck another house west of Gaza, leaving 2 fatalities, including a woman. Total fatalities were 22.; On 20 March 2024, Israeli warplanes struck a house in Al Tabeh area east of Rafah, coded to Yibna (Rafah, Gaza Strip), leaving at least 6 fatalities. Meanwhile, artillery and tanks shelled targets east of Rafah. Casualties unknown. Total fatalities were at least 6.; On 20 March 2024, Israeli warplanes struck and killed 6 Hamas gunmen northern Gaza Strip, coded to Jabalya (North Gaza, Gaza Strip). Also, an airstrike targeted a Hamas tunnel shaft in Northern Gaza.; On 19 March 2024, Israeli warplanes struck targets in Gaza - Sheikh Radwan (Gaza City, Gaza Strip). Meanwhile, warplanes struck a house in the same area, killing 6 Palestinians. Fatalities coded as 6.; On 19 March 2024, clashes continued between Palestinian militants (likely Hamas and PIJ) and Israeli troops who are conducting an operation in Al Shifa Hospital and its surrounding areas in Gaza - Northern Remal (Gaza City, Gaza Strip). Israeli forces used tank fire and airstrikes during the operation. The IDF confirmed that its troops have killed so far more than 50 gunmen (40 fatalities were coded on 18 March 2024) and arrested about 200 more militants, including senior Hamas and PIJ (coded separately). In addition, an Israeli commander was killed in the same area and 8 more soldiers were injured in the Gaza Strip (coded to this location). Meanwhile, the Hamas, PIJ, and Mujahideen Brigades targeted Israeli tanks with al-Yassin, RBG, and tandem shells. The total fatalities were at least 11 (at least 10 Palestinian gunmen and 1 Israeli soldier).; On 19 March 2024, Israeli warplanes carried out airstrikes and struck 2 houses near Abdel-Shafi junction and Al-Mishal institution in Gaza - Southern Remal (Gaza City, Gaza Strip), leaving an unspecified number of fatalities and injuries. Unspecified number of fatalities coded as 3. Also, 15 Palestinians were killed in an airstrike that targeted a house in the same area. Total fatalities were at least 18 (15 confirmed, 3 unspecified).; On 19 March 2024, Israeli warplanes struck 2 houses in An Nusayrat refugee camp (Deir El Balah, Gaza Strip), leaving a number of fatalities and injuries. Fatalities coded as 3. Also, 5 Palestinians were killed in an airstrike targeting a car (likely passing) near the UNRWA office; among those killed were the chief of central Gaza police (Hamas) and a police officer. Total fatalities coded as 8 (3 unspecified, 5 confirmed).; On 19 March 2024, Israeli forces opened fire on a gathering for aid distribution popular committees (established by Gazan clans and likely supported by Hamas) at the Kuwait roundabout in Gaza - Az Zaytun (Gaza City, Gaza Strip), leaving at least 23 fatalities and injuring others, among those killed was the head of the committee.; On 18 March 2024, Israeli warplanes opened fire and struck houses in streets of Al Jalaa, Al Wihda, and Al Nasr, Gaza City (Gaza City, Gaza Strip). At least 9 Palestinians were killed.; On 18 March 2024, Hamas militants exchanged fire with Israeli troops who raided Al Shifa Hospital and its surrounding areas in Gaza - Northern Remal (Gaza City, Gaza Strip). Israeli forces used tank fire and airstrikes during the operation. The head of the operations directorate of Hamas' internal security (police) was killed in an exchange of fire with soldiers. Also, Israeli troops confiscated weapons and money and arrested gunmen during the first-day operation. The IDF said that its troops killed some 20 militants inside the hospital, and another 20 were killed in the vicinity of the hospital. The IDF also acknowledged the killing of a soldier. Palestinian sources said that dozens of civilians were killed by Israeli fire. Total fatalities were at least 41 (at least 40 militants, 1 confirmed soldier).; On 18 March 2024, Israeli warplanes struck a house in An Nusayrat refugee camp (Deir El Balah, Gaza Strip), leaving 9 fatalities and a number of injuries.; On 18 March 2024, Israeli warplanes struck houses in Al Junaina area east of Deir El Balah, coded to Deir al Balah Camp (Deir al Balah, Gaza Strip). Also, artillery and tanks shelled targets east of Deir al Balah city. Total 14 fatalities reported in Al Junaina area and Khirbet al Adas were split across 2 events, 7 fatalities coded.; On 18 March 2024, Israeli warplanes struck a house in Jabalya town (North Gaza, Gaza Strip), leaving at least 8 fatalities and a number of injuries.; On 18 March 2024, Israeli warplanes struck houses in Musabbah area and Khirbet al Adas (Rafah, Gaza Strip). Total 14 fatalities reported in Al Junaina area and Khirbet al Adas were split across 2 events, 7 fatalities coded.; On 17 March 2024, Israeli warplanes struck a house in the Beshara neighborhood of Deir al Balah city (Deir El Balah, Gaza Strip), leaving at least 11 fatalities, including 3 children and women.; On 17 March 2024, Israeli warplanes struck houses in Gaza - Ash Shati' Camp (Gaza City, Gaza Strip), leaving an unspecified number of fatalities and injuries. [Palestinian Ministry of Health reported 31726 fatalities upto 17 March 2024. 64 fatalities not attributed to specific events split across 3 events on 17 March. 6 fatalities coded to this event.]; On 17 March 2024, Israeli warplanes struck a house in Gaza - Nasr (Gaza City, Gaza Strip), leaving a number of fatalities and injuries. [Palestinian Ministry of Health reported 31726 fatalities upto 17 March 2024. 64 fatalities not attributed to specific events split across 3 events on 17 March. 6 fatalities coded to this event.]; On 17 March 2024, Israeli warplanes struck a house in Gaza - Sheikh Radwan (Gaza City, Gaza Strip), leaving a number of fatalities and injuries. [Palestinian Ministry of Health reported 31726 fatalities upto 17 March 2024. 64 fatalities not attributed to specific events split across 3 events on 17 March. 6 fatalities coded to this event.]; On 16 March 2024, Israeli warplanes struck a house in An Nusayrat refugee camp (Deir El Balah, Gaza Strip), leaving 7 fatalities and 10 more injuries.; On 16 March 2024, Israeli warplanes struck and killed approx. 18 Hamas militants in central Gaza Strip, coded to Deir al Balah (Deir El Balah, Gaza Strip).; On 15 March 2024, Israeli warplanes struck 2 houses in An Nusayrat refugee camp (Deir El Balah, Gaza Strip), leaving at least 36 fatalities and dozens of injuries.; On 15 March 2024, Israeli warplanes struck a building near Al Shefa Hospital in Gaza - Southern Remal (Gaza City, Gaza Strip), leaving dozens of fatalities and injuries. Fatalities coded as 12.; On 15 March 2024, Israeli warplanes struck targets south of Deir al Balah city, coded to Wadi as Salqa (Deir El Balah, Gaza City). Casualties unknown. [IDF claimed that it killed more than 250 Hamas militants in Central Gaza from 1 - 15 March 2024 through airstrikes and ground operations. Of these, 175 fatalities are already documented in Deir El Balah, and the remaining 75 fatalities are split across 4 events, with 19 fatalities coded to this event.]; On 15 March 2024, Israeli warplanes struck a land north of An Nusayrat refugee camp (An Nusayrat - North, Deir El Balah, Gaza Strip). IDF claimed that they killed about 15 militants (coded as Hamas Movement) in Nusayrat area on this day, coded to this location.; On 15 March 2024, Israeli artillery struck targets in Deir al Balah (Deir El Balah, Gaza Strip), leaving injuries. IDF claimed that they killed about 10 militants (coded as Hamas Movement) in Central Gaza (coded to this event).; On 14 March 2024, Israeli warplanes struck a passing car in Gaza - Sheikh Radwan (Gaza City, Gaza Strip) leaving at least 2 fatalities and dozens of injuries. Meanwhile, 8 Palestinians were killed dozens were injured in an airstrike targeted a warehouse for distributing aid in the same area. Also, a child was killed in UAV fire. Total fatalities were at least 11.; On 14 March 2024, Israeli warplanes struck houses in An Nusayrat refugee camp (Deir El Balah, Gaza Strip), leaving 5 fatalities and a number of injuries. Meanwhile, at least 10 Palestinians were killed in an airstrike targeted a warehouse for distributing aid. Total fatalities were at least 15.; On 14 March 2024, Israeli warplanes struck a house and other targets in Al Burayj refugee camp (Deir El Balah, Gaza Strip), leaving 9 fatalities and 15 injuries.; On 14 March 2024, at least 21 Palestinians were killed, and 150 more were injured while they were waiting for aid trucks at the Kuwait roundabout in Gaza - Az Zaytun (Gaza City, Gaza Strip). Palestinian sources accused Israeli forces of firing from tanks and helicopters toward the gatherings. The IDF denied that its troops opened fire, claiming that Palestinian gunmen opened fire on crowds of civilians.; On 13 March 2024, Israeli warplanes struck a house in Gaza - Ad Darraj (Gaza City, Gaza Strip), leaving 7 fatalities and 4 injuries, including children. Meanwhile, a number of Palestinians were injured in an airstrike targeted a house in Al Sahaba Street area of Ad Darraj. Total fatalities were 7.; On 13 March 2024, Israeli warplanes struck a house in Al Burayj refugee camp (Deir El Balah, Gaza Strip), leaving 6 fatalities and a number of injuries.; On 13 March 2024, Israeli forces opened fire at Palestinians who were waiting for aid trucks at the Kuwait roundabout in Gaza - Az Zaytun (Gaza City, Gaza Strip), leaving 6 fatalities and at least 83 injuries.; On 13 March 2024, Israeli warplanes struck a house in Gaza - Az Zaytun (Gaza City, Gaza Strip), leaving 8 fatalities, including 4 children and 2 women.; On 12 March 2024, Israeli warplanes struck a residential area in Al Qararah (Khan Yunis, Gaza Strip), leaving 11 fatalities.; On 12 March 2024, Israeli warplanes struck targets including a house in Deir al Balah city (Deir El Balah, Gaza Strip), leaving at least 8 fatalities. Also, 10 Palestinians were killed and others were injured in an airstrike targeted a house in Al Mahata area of Deir al Balah city. Total confirmed fatalities were at least 18.; Around 12 March 2024, Israeli military forces killed more than 100 Hamas militants in Al Qararah and Abasan al Kabirah (Khan Yunis, Gaza Strip) using sniper fire, airstrikes and artillery fire. Fatalities split across 2 events. 50 fatalities were coded to Al Qararah.; Around 12 March 2024, Israeli military forces killed more than 100 Hamas militants in Al Qararah and Abasan al Kabirah (Khan Yunis, Gaza Strip) using sniper fire, airstrikes and artillery fire. Fatalities split across 2 events. 50 fatalities were coded to Abasan al Kabirah.; On 12 March 2024, Israeli warplanes struck targets in An Nusayrat refugee camp (Deir El Balah, Gaza Strip). Casualties unknown. [IDF claimed that it killed more than 250 Hamas militants in Central Gaza from 1 - 15 March 2024 through airstrikes and ground operations. Of these, 175 fatalities are already documented in Deir El Balah, and the remaining 75 fatalities are split across 4 events, with 19 fatalities coded to this event.]; On 12 March 2024, Israeli artillery struck the Khuzaa town (Khan Yunis, Gaza Strip), leaving a number of fatalities and injuries. [On 23 January 2025, 9 bodies were recovered from under the rubble in Khuzaa. These fatalities were coded to this event].; On 12 March 2024, Israeli warplanes struck Palestinian houses in Gaza - Az Zaytun (Gaza City, Gaza Strip), leaving 10 fatalities and around 20 injuries. Also, 7 Palestinians, including 5 children, were killed while 6 more persons were injured in a separate airstrike targeted a house in the same location. Total fatalities were 17.; On 11 March 2024, Israeli forces opened fire at Palestinians who were waiting for aid trucks at the Kuwait roundabout in Gaza - Az Zaytun (Gaza City, Gaza Strip), leaving 7 fatalities and at least 38 injuries.; On 11 March 2024, Israeli warplanes struck a house in Gaza - Az Zaytun (Gaza City, Gaza Strip), leaving 21 fatalities and dozens of injures, including women and children.; On 10 March 2024, Israeli warplanes struck tents belong to displaced people in Al Mawasi (Khan Yunis), Gaza Strip. As a result, 15 Palestinians were killed and dozens were injured.; On 10 March 2024, Israeli forces carried out airstrikes and fired artillery targeting several locations in Deir al Balah (Deir El Balah, Gaza Strip). Casualties unknown. [IDF claimed that it killed more than 250 Hamas militants in Central Gaza from 1 - 15 March 2024 through airstrikes and ground operations. Of these, 175 fatalities are already documented in Deir El Balah, and the remaining 75 fatalities are split across 4 events, with 18 fatalities coded to this event.]; On 10 March 2024, Israeli warplanes struck targets in Az Zawayda (Deir El Balah, Gaza Strip). Casualties unknown. [IDF claimed that it killed more than 250 Hamas militants in Central Gaza from 1 - 15 March 2024 through airstrikes and ground operations. Of these, 175 fatalities are already documented in Deir El Balah, and the remaining 75 fatalities are split across 4 events, with 19 fatalities coded to this event.]; On 10 March 2024, Israeli warplanes struck houses in An Nusayrat refugee camp (Deir El Balah, Gaza Strip), causing a fire near the An Nusayrat market. An unspecified number of people were killed, fatalities coded as 3 for this location. The IDF also announced airstrikes targeted in An Nusayrat targeting Marwan Issa, the deputy head of Hamas's military wing, with no confirmation about his killing, but 5 persons were killed in the attack. On 26 March 2024, the IDF confirmed that Marwan Issa was killed along with other Hamas commanders in that airstrike. Total fatalities were at least 9 (6 militant confirmed, 3 civilians unspecified).; On 10 March 2024, Israeli warplanes struck a house in Gaza - Tal el Hawa (Gaza Strip, Gaza City), leaving 10 fatalities including women and children.; On 9 March 2024, Israeli artillery shelled the western areas of Khan Yunis city (coded to Khan Yunis - West (Municipal Stadium), Gaza Strip). 11 Palestinian bodies were recovered from the western areas of the city.; On 9 March 2024, Israeli troops killed at least 20 unidentified Palestinian militants via firearms and airstrikes in Khan Yunis (Gaza Strip).; On 9 March 2024, at least 5 Palestinians were killed in airstrikes targeted 2 houses in Deir al Balah city (Deir El Balah, Gaza Strip). Meanwhile, Israeli artillery shelled targets in Deir al Balah city, leaving 5 fatalities in Deir al Balah city and An Nusayrat.5 fatalities of the shelling were split across 2 events (2 fatalities were coded to Deir al Balah). Total fatalities were coded as at least 7.; On 9 March 2024, Israeli warplanes carried out strikes in Al Quran area of Az Zawayda (Deir El Balah, Gaza Strip), leaving 8 fatalities and a number of injuries, including children.; On 9 March 2024, Israeli warplanes struck a house west of An Nusayrat camp (An Nusayrat - West, Deir El Balah, Gaza Strip), leaving 10 fatalities and dozens of injuries, including children.; On 9 March 2024, Israeli forces killed at least 13 Palestinian militants in central Gaza Strip, coded to Deir al Balah area (Deir El Balah, Gaza Strip), likely by aerial attacks. Fatalities coded as 13 as per IDF claim.; On 9 March 2024, Israeli troops killed a Palestinian militant cell by airstrikes in Hamad city (Khan Yunis, Gaza Strip). IDF claimed that they killed about 17 militants in Khan Yunis in a series of strikes, coded to this event.; On 9 March 2024, Israeli warplanes carried out airstrikes in Gaza - Az Zaytun (Gaza City, Gaza Strip). Casualties unknown. Meanwhile, the artillery struck houses and displaced people in the same area, leaving 6 fatalities. Total fatalities at least 6.; On 9 March 2024, Israeli artillery struck Palestinian houses in Jabalya town (North Gaza, Gaza Strip), leaving 9 fatalities, including children.; On 8 March 2024, Israeli warplanes and artillery struck targets in several locations of Khan Yunis city (Gaza Strip), leaving 24 fatalities in Khan Yunis city (9 fatalities coded to this location).; On 8 March 2024, 9 Palestinians were killed by an airstrike in Al Heker area of Deir al Balah, and Israeli tanks struck targets in the vicinity of Al Aqsa Hospital in Deir al Balah (Deir El Balah, Gaza Strip), leaving 7 injuries.; On 8 March 2024, Israeli warplanes struck targets in Az Zawayda (Deir El Balah, Gaza Strip), leaving 8 fatalities and a number of injuries, including children.; On 8 March 2024, Israeli warplanes struck 2 houses in Al Qararah (Khan Yunis, Gaza Strip), leaving at least 12 fatalities and dozens of injuries, including 2 women. Israeli sources claimed that IDF killed about 15 militants the Al Qararah. Total fatalities coded as 17 (15 militants + 2 civilians).; On 8 March 2024, Israeli warpanes struck targets in central Gaza Strip (coded to Deir al Balah). IDF claimed that it killed about 10 militants (coded as Hamas Movement) using airstrikes.; On 8 March 2024, Israeli warplanes struck a house in Gaza - At Tuffah (Gaza City, Gaza Strip), leaving a number of fatalities and injuries. [Palestinian Ministry of Health reported 30960 fatalities upto 8 March 2024. 11 fatalities not attributed to specific events split across 2 events on 8 March. 6 fatalities coded to this event.]; On 7 March 2024, Israeli warplanes struck houses in Al Hasyaneh area west of An Nusayrat camp (An Nusayrat - West, Deir El Balah, Gaza Strip). Israeli airstrikes killed 35 Palestinians in west of An Nusayrat and in Deir al Balah city on this day. 20 Fatalities were coded to this location.; On 7 March 2024, Israeli warplanes struck houses in Al Barakeh area of Deir al Balah city (Deir El Balah, Gaza Strip), leaving 35 fatalities in west of An Nusayrat and in Deir al Balah city. 15 fatalities were coded to this location. Also, 9 Palestinians were killed and several of others were injured in airstrikes targeting houses in Deir al Balah. Total fatalities coded as 24 (9 confirmed, 15 unknown).; On 7 March 2024, Israeli warpanes struck targets in central Gaza Strip (coded to Deir al Balah). IDF claimed that it killed about 15 militants (coded as Hamas Movement) using sniper fire, aircraft and fighter jets.; On 7 March 2024, Israeli warplanes and snipers killed 'numerous' gunmen from Hamas in Hamad city (Khan Yunis, Gaza Strip). [On 14 March 2024, 15 bodies were recovered from under the rubble in Hamad. These fatalities were coded to this event].; On 6 March 2024, Israeli warplanes struck targets in the Khan Yunis city (Khan Yunis, Gaza Strip). 29 bodies were recovered on the same day in several locations of Khan Younis city (24 fatalities coded to this location).; On 6 March 2024, Israeli warplanes struck a house in Deir al Balah city (Deir El Balah, Gaza Strip), leaving a number of fatalities and several injuries. 17 Palestinians were killed in an evening airstrike in Deir al Balah and An Nusayrat camp (8 fatalities coded to Deir al Balah).; On 6 March 2024, Israeli warplanes struck houses in An Nusayrat refugee camp (Deir El Balah, Gaza Strip), leaving a number of injuries. Meanwhile, artillery shelled targets in the same area. 17 Palestinians were killed in an evening airstrike in Deir al Balah and An Nusayrat camp (9 fatalities coded to An Nusayrat).; On 6 March 2024, Israeli warplanes carried out airstrikes in Al Qararah (Khan Yunis, Gaza Strip). IDF claimed that they killed 6 militants in strikes in Al Qararah.; On 6 March 2024, Israeli warplanes struck and killed a Hamas commander who was responsible for the rocket-firing units, coded to Deir al Balah city (Deir El Balah, Gaza Strip). Total fatalities coded as 1. Additionally, IDF claimed that they killed about 10 militants in Central Gaza, coded to this event. Total fatalities coded as 10.; On 6 March 2024, Israeli warplanes struck Hamas gunmen in Hamad city (Khan Yunis, Gaza Strip). IDF claimed they they killed an unspecified number of militants. [On 13 March 2024, 17 bodies were recovered from under the rubble in Hamad. These fatalities were coded to this event].; On 6 March 2024, Israeli forces opened fire toward Palestinians in Wadi Gaza south of Al Mughraqa (Gaza City, Gaza Strip), leaving 7 fatalities and a number of injuries.; On 5 March 2024, Israeli warplanes and artillery struck targets in Khan Yunis city (Khan Yunis, Gaza Strip). 23 bodies were recovered on the same day in several locations of Khan Younis city (21 fatalities coded to this location).; On 5 March 2024, Israeli warplanes struck a house in Al Mahaleh area of Deir al Balah city (Deir El Balah, Gaza Strip), killing 7 Palestinians, including a journalist.; On 5 March 2024, Israeli military forces killed around 20 Palestinian militants (unidentified) in central Gaza Strip, coded to Deir El Balah (Deir al Balah, Gaza Strip), likely by airstrikes and artillery fire.; On 5 March 2024, Israeli warplanes struck a residential complex in al-Huja area of Mukhayyam Jabalya Camp (North Gaza, Gaza Strip), leaving at least 7 fatalities and injuring dozens.; On 4 March 2024, Israeli warplanes struck a house near the European hospital in Al Fukhari (Khan Yunis, Gaza Strip), leaving 10 fatalities and a number of injuries.; On 4 March 2024, 30 Palestinians were killed since the morning in several locations of Khan Younis city (coded to Khan Yunis), likely by Israeli airstrikes and artillery fire. 20 fatalities were coded to this location.; On 4 March 2024, Israeli artillery and tanks shelled targets east of Deir El Balah, coded to Deir al Balah Camp (Deir al Balah, Gaza Strip). IDF claimed to have killed about 20 militants (coded as Hamas) using airstrikes, shelling and sniper attacks in Central Gaza on this day, coded to this event.; On 4 March 2024, Israeli warplanes struck a house in Deir al Balah city (Deir El Balah, Gaza Strip) leading to unspecified fatalities. [Palestinian Ministry of Health reported 30631 fatalities upto 4 March 2024. 18 fatalities not attributed to specific events split across 3 events on 4 March. 6 fatalities coded to this event.]; On 4 March 2024, Israeli warplanes struck a house in Mukhayyam Jabalya camp (North Gaza, Gaza Strip). Meanwhile, Israeli artillery shelled houses in the camp leading to unspecified fatalities. [Palestinian Ministry of Health reported 30631 fatalities upto 4 March 2024. 18 fatalities not attributed to specific events split across 3 events on 4 March. 6 fatalities coded to this event.]; On 4 March 2024, Israeli artillery struck an apartment in Hamad city (Khan Yunis, Gaza Strip) leading to unspecified fatalities. [Palestinian Ministry of Health reported 30631 fatalities upto 4 March 2024. 18 fatalities not attributed to specific events split across 3 events on 4 March. 6 fatalities coded to this event.]; On 4 March 2024, Israeli warplanes struck 2 houses in Rafah city (Rafah, Gaza Strip), leaving 19 fatalities.; On 3 March 2024, Israeli warplanes struck a house hosting displaced people in An Nusayrat refugee camp (Deir El Balah, Gaza Strip), killing at least 12 Palestinians and injuring a number of others.; On 3 March 2024, Israeli warplanes struck a truck delivering aid to Palestinians gathered in Deir al Balah city (Deir El Balah, Gaza Strip), killing at least 8 Palestinians and injuring a number of others.; On 3 March 2024, Israeli warplanes struck a house in Mukhayyam Jabalya camp (North Gaza, Gaza Strip), killing 10 persons and injuring a number of Palestinians.; On 3 March 2024, Israeli struck militant targets in central Gaza strip (coded to Deir al Balah) and killed about 15 militants (coded as Hamas) using airstrikes, shelling and sniper attacks.; On 3 March 2024, Israeli warplanes and artillery struck the Hamad city including towers and apartments (Khan Yunis, Gaza Strip) leading to unspecified number of fatalities. [Palestinian Ministry of Health reported 30534 fatalities upto 3 March 2024. 46 fatalities not attributed to specific events split across 2 events on 3 March. 23 fatalities coded to this event.]; On 3 March 2024, Israeli warplanes struck a house west of Hamad city (Khan Yunis, Gaza Strip) leading to unspecified number of fatalities. [Palestinian Ministry of Health reported 30534 fatalities upto 3 March 2024. 46 fatalities not attributed to specific events split across 2 events on 3 March. 23 fatalities coded to this event.]; On 3 March 2024, Israeli warplanes struck a house in Khirbet al Adas (Rafah, Gaza Strip), leaving 7 fatalities and a number of injuries.; On 2 March 2024, Israeli warplanes struck 2 houses east of Deir El Balah, coded to Deir al Balah Camp (Deir al Balah, Gaza Strip), killing 15 Palestinians and injuring dozens. Also, artillery and tanks shelled targets in the same area. The total fatalities were 15.; On 2 March 2024, Israeli warplanes struck tents hosting displaced Palestinians in Al Emirati Hospital in Tal as Sultan (Rafah, Gaza Strip). As a result, 11 Palestinians were killed, including a paramedic and 50 persons were injured.; On 2 March 2024, Israeli warplanes struck a house hosting 70 persons in Mukhayyam Jabalya Camp (North Gaza, Gaza Strip), killing more than 20 Palestinians.; On 2 March 2024, Israeli forces clashed with militants in central Gaza strip (coded to Deir al Balah) and killed dozens of militants (coded as Hamas) in ground operations.; On 2 March 2024, Israeli warplanes struck houses in Gaza - Az Zaytun (Gaza City, Gaza Strip), killing at least 10 Palestinians and injuring dozens in several locations within Gaza City, coded to Gaza - Az Zaytun. Also, 2 persons were killed in an airstrike that targeted the central of Az Zaytun. Meanwhile, the artillery struck targets in the same area. Total fatalities were at least 12.; On 2 March 2024, Israeli warplanes struck a house in As Salam (Rafah, Gaza Strip), leaving 19 fatalities and a number of injuries, including children.; On 1 March 2024, Hamas militants detonated 2 IED against Israeli troops who were inside a house in Khan Yunis - As Sater (Khan Yunis, Gaza Strip). The IDF confirmed the killing of 3 soldiers and the injuring of 14 more in an explosion in Khan Yunis (coded to this location). Also, several Hamas militants were killed during the incident likely in clashes (fatalities coded as 3). Total fatalities coded as 6 (3 unknown Palestinians, 3 confirmed Israelis).; On 1 March 2024, Israeli warplanes struck a house in Al Burayj refugee camp (Deir El Balah, Gaza Strip), killing 10 Palestinians and injuring a number of others.; On 1 March 2024, Israeli warplanes struck targets in Abu Arif street in Deir al Balah city (Deir El Balah, Gaza Strip), leaving 11 fatalities.; On 1 March 2024, Israeli warplanes struck targets including a passing car, gathering, and a school hosting displaced people in Hamad city (Khan Yunis, Gaza Strip), leaving 6 fatalities.; On 1 March 2024, Israeli warplanes carried out airstrikes while artillery and tanks shelled east of Khan Yunis, coded to Bani Suheila (Khan Yunis, Gaza Strip). IDF claimed that they killed 8 militants in a series of strikes in Khan Yuni, coded to this event.; On 1 March 2024, Palestinian militants (likely Hamas) clashed with Israeli troops in Al Attar area west of Khan Yunis (coded to Khan Yunis - West (Municipal Stadium), Gaza Strip). IDF claimed that they killed dozens of militants in clashes. Fatalities coded as 12.; On 1 March 2024, Israeli forces clashed with militants in central Gaza strip (coded to Deir al Balah) and killed about 20 militants (coded as Hamas) using airstrikes, shelling and ground operations.; On 1 March 2024, Israeli tanks fired shells and killed 7 Palestinians in Gaza - Az Zaytun (Gaza City, Gaza Strip).; On 29 February 2024, Israeli warplanes struck houses in Khan Yunis city (Khan Yunis, Gaza Strip), leaving 3 fatalities. Total fatalities in Khan Yunis area during the day were 22 (15 fatalities were coded to this location).; On 29 February 2024, Israeli warplanes struck a house in western Khan Yunis city (Khan Yunis - West (Municipal Stadium)). 3 Palestinians were killed and 3 children were injured. Also, tanks opened fire and shelled targets near Al Aqsa University. Also, 4 Palestinians were killed in an airstrike that targeted a tent belonging to displaced people. Total confirmed fatalities were 7.; On 29 February 2024, Israeli warplanes struck a residential area in Al Mughraqa (Gaza City, Gaza Strip), causing fatalities and injuries. [Palestinian Ministry of Health reported 30228 fatalities upto 29 February. 43 fatalities not attributed to specific events added to 1 event on 29 February. 43 fatalities coded to this event.]; On 29 February 2024, Israeli warplanes struck houses and residential areas in Gaza - Az Zaytun (Gaza City, Gaza Strip), leaving dozens of fatalities and injuries. Fatalities coded as 12.; On 29 February 2024, Israeli forces likely opened fire on Palestinians who were waiting for aid trucks at Al Rasheed Street in Gaza - Ash Shaykh Ijlin (Gaza City, Gaza Strip). As a result, 118 Palestinians were killed, and at least 760 persons were injured. Israel's military stated that 'tanks fired warning shots but did not strike the lorries, adding many of the dead were trampled or run over'. Hamas rejected Israel's account, saying there was 'undeniable' evidence of 'direct firing at citizens'. The UN Security Council scheduled a closed-door emergency meeting to discuss the incident during which 14 of the council's 15 members supported the motion blaming Israel for 'opening fire', but the US blocked it.; On 28 February 2024, Israeli warplanes struck the Al Qararah (Khan Yunis, Gaza Strip), killing at least 6 Palestinians and injuring several persons.; On 28 February 2024, Israeli warplanes carried out airstrikes while the artillery struck targets in Khan Yunis city (Khan Yunis, Gaza Strip). 14 Palestinians were killed since morning in Khan Yunis (7 were coded to this location); On 28 February 2024, Israeli warplanes struck a residential area in An Nusayrat refugee camp (Deir El Balah, Gaza Strip), killing at least 14 Palestinians and injuring dozens.; On 28 February 2024, PIJ gunmen clashed with Israeli forces while Hamas militants fired RBG shells at soldiers and attacked an Israeli troop with 2 IEDs in Abasan al Kabirah (Khan Yunis, Gaza Strip). Also, the Al Aqsa Martyrs Brigade targeted another tank with an IED in the same area. IDF claimed that a number of militants were killed in the clash. Unspecified fatalities coded as 10.; On 28 February 2024, Israeli warplanes struck and killed a likely Hamas militant cell in central Gaza, coded to Deir al Balah (Deir El Balah, Gaza Strip). Unknown fatalities coded as 10.; On 28 February 2024, Hamas militants clashed with Israeli troops near the Nasser Hospital west of Khan Yunis (coded to Khan Yunis - West (Municipal Stadium), Gaza Strip), claiming that a soldier was shot dead from short range and another one was injured. Also, Hamas gunmen targeted 2 tanks with tandem and al-Yasin shells west of the city. Claimed fatalities coded 0. Meanwhile, IDF warplanes killed a number of militants (unknown fatalities coded as 10).; On 28 February 2024, Palestinian militants (Hamas) clashed with Israeli troops and fired mortar shells in Gaza - Az Zaytun (Gaza City, Gaza Strip) amid tank fire. Meanwhile, IDF troops killed a number of militants in the same area. Fatalities coded as 10.; On 27 February 2024, 6 Palestinians were killed (likely by Israeli artillery fire) in Abasan al Kabirah (Khan Yunis, Gaza Strip).; On 27 February 2024, Israeli tanks opened fire and shelled targets in western Khan Yunis and near the Nasser Hospital (coded to Khan Yunis - West (Municipal Stadium), Gaza Strip), leaving at least 8 fatalities.; On 27 February 2024, Israeli warplanes struck a group of Palestinians in Al Qararah (Khan Yunis, Gaza Strip), leaving a number of fatalities. [Palestinian Ministry of Health reported 29954 fatalities upto 27 February. 26 fatalities not attributed to specific events added to 1 event on 27 February. 26 fatalities coded to this event.]; On 27 February 2024, Israeli warplanes struck targets in Gaza - Az Zaytun (Gaza City, Gaza Strip), killing at least 10 Palestinians. Meanwhile, the artillery shelled targets in the same area.; On 27 February 2024, Palestinian militants (Hamas and PIJ) clashed with Israeli troops in Gaza - Az Zaytun (Gaza City, Gaza Strip) amid tank fire. Palestinian militants destroyed a number of Israeli vehicles by anti-tank shells, ambushed soldiers and fired mortar shells at troops. The IDF confirmed that 2 soldiers were killed and another 7 were injured in the Gaza Strip, coded to this location. Also, the IDF said that its troops killed a number of militants and destroyed infrastructure (coded as 10). The total fatalities were coded as 12 (2 confirmed Israelis, 10 unknown Palestinians).; On 26 February 2024, Israeli warplanes struck targets west of An Nusayrat camp (An Nusayrat - West, Deir El Balah, Gaza Strip), killing an unspecified number of Palestinians. [Palestinian Ministry of Health reported 29878 fatalities upto 26 February. 10 fatalities not attributed to specific events added to 1 event on 26 February. 10 fatalities coded to this event.]; On 26 February 2024, Israeli warplanes struck a house in Rafah city (Rafah, Gaza Strip), killing 9 Palestinians including children and women.; On 25 February 2024, 8 Palestinians were killed in Khan Yunis - As Sater (Khan Yunis, Gaza Strip), likely by Israeli artillery and tank fire.; On 25 February 2024, Palestinian militants (likely Hamas) clashed with IDF troops operating in Abasan al Kabirah (Khan Yunis, Gaza Strip) amid artillery fire. The IDF confirmed that 2 soldiers were killed and another 3 were injured in southern Gaza Strip (coded to this location). IDF claimed that dozens of militants were killed in the clashes. Dozens of fatalities coded as 12.; On 25 February 2024, Palestinian militants (likely Hamas) clashed with IDF troops operating in the vicinity of the Nasser Hospital west of Khan Yunis (coded to Khan Yunis - West (Municipal Stadium), Gaza Strip). IDF claimed that it killed many militants in clashes. Unspecified fatalities coded as 10.; On 25 February 2024, Israeli troops clashed with militants (Coded as Hamas) in central Gaza (coded to Deir al Balah, Gaza Strip) killing over 10 militants.; On 25 February 2024, Israeli artillery and warplanes opened fire at thousands of Palestinians who were waiting for the aid trucks at Al Rashid Street between Al Nabulsi junction and Street 10, coded to Gaza - Ash Shaykh Ijlin (Gaza City, Gaza Strip). As a result, at least 10 persons were killed, and another 15 were injured.; On 25 February 2024, Israeli warplanes opened fire and artillery struck houses in Gaza - Az Zaytun (Gaza City, Gaza Strip), killing at least 10 Palestinians in Az Zaytoun and Sabra and injuring more than 50 persons. At least 7 fatalities were coded to Az Zaytoun. Also, at least 15 persons were killed by an airstrike targeted a house in the same area. Total fatalities were at least 22.; On 25 February 2024, Palestinian militants (likely Hamas ) clashed with IDF troops operating in Gaza - Az Zaytun (Gaza City, Gaza Strip). The IDF claimed that its troops killed about 30 militants in Zaytun using airstrikes and in ground operations.; On 24 February 2024, Israeli warplanes struck houses in An Nusayrat refugee camp (Deir El Balah, Gaza Strip), leaving 6 fatalities and a number of injuries.; On 24 February 2024, Palestinian militants (likely Hamas ) clashed with IDF troops operating in Khan Yunis - Al Amal (Khan Yunis, Gaza Strip). IDF said that its troops killed dozens of Hamas militants in Khan Yunis (coded to this location). Fatalities coded as 12.; On 24 February 2024, Hamas militants sniped a soldier, targeted a tank with a tandem shell, and detonated an IED against Israeli troops carrier south of Gaza - Az Zaytun (Gaza City, Gaza Strip). IDF confirmed the killing of a soldier in northern Gaza Strip (coded to this location). IDF claimed that a number of militants were killed in Zaytun area on this day (coded to this event). Unspecified number of fatalities coded as 10.; On 24 February 2024, Israeli warplanes struck a house hosting displaced families in Rafah city (Rafah, Gaza Strip), leaving 8 fatalities and a number of injuries, including children.; On 23 February 2024, Israeli artillery and tanks shelled targets east of Khan Yunis, coded to Bani Suheila (Khan Yunis, Gaza Strip). Meanwhile, warplanes struck a group of Palestinians gathered east of the city, killing 9 persons and injuring a number of others.; On 23 February 2024, Israeli warplanes struck a group of Palestinians at the Nablusi roundabout in Gaza city (Gaza Strip), killing 15 persons.; On 23 February 2024, Israeli warplanes struck a house in Deir al Balah city (Deir El Balah, Gaza Strip), killing 24 Palestinians, including women and children, and injuring a number of others.; On 23 February 2024, the PIJ and Mujahideen Brigades sniped Israeli soldiers in the Japanese neighborhood west of Khan Yunis city (coded to Khan Yunis - Al Amal, Gaza Strip). IDF claimed that it killed 8 militants in 3 separate incidents.; On 23 February 2024, Israeli artillery and tanks shelled targets east of Rafah, coded to Yibna (coded to Yibna, Gaza Strip). Meanwhile, warplanes struck a house east of Rafah, killing 6 persons and number of injuries.; On 23 February 2024, Hamas militants clashed with Israeli forces and the DFLP targeted a tank with RPG shells in Gaza - Az Zaytun (Gaza City, Gaza Strip). IDF claimed that it killed many militants using airstrikes and encounters in Zaytun on this day. Unspecified fatalities coded as 10.; On 22 February 2024, Hamas militants fired a TBG shell at Israeli soldiers who were inside a houses west of Khan Yunis (coded to Khan Yunis - West (Municipal Stadium), Gaza Strip). Casualties unknown. Meanwhile, IDF killed 15 militants (unidentified) west of Khan Yunis.; On 22 February 2024, Israeli warplanes struck targets and 4 houses in Deir al Balah city (Deir El Balah, Gaza Strip), leaving 40 fatalities and 100 injuries.; On 22 February 2024, Israeli warplanes struck a house in Gaza - Sabra (Gaza City, Gaza Strip), killing 7 persons and injuring others.; On 22 February 2024, PIJ militants fired mortar shells toward Israeli troops operating in Gaza - Az Zaytun (Gaza City, Gaza Strip). Casualties unknown. Also, Hamas militants targeted an Israeli tank with al-Yasin shells in the same area. Casualties unknown. Meanwhile, IDF killed at least 20 militants (likely PIJ or Hamas) in the same area.; On 22 February 2024, Israeli forces launched airstrikes and artillery fire that targeted houses in Gaza - Az Zaytun (Gaza City, Gaza Strip). As a result, 20 Palestinians were killed and dozens were injured.; On 22 February 2024, Israeli warplanes struck houses and a mosque in Rafah city (Rafah, Gaza Strip), killing 7 Palestinians and injuring several of others.; On 21 February 2024, 9 Palestinians were killed and another 11 were injured (likely by Israeli tanks fire) in Al Mawasi (Khan Yunis), Gaza Strip. Also, tanks targeted the tents of displaced people in the same area.; On 21 February 2024, Israeli warplanes struck houses in An Nusayrat refugee camp (Deir El Balah, Gaza Strip), leaving 37 fatalities an dozens of injuries.; On 21 February 2024, Israeli warplanes struck a passing car in Deir al Balah city (Deir El Balah, Gaza Strip), killing 6 Palestinians. Meanwhile, 23 persons were killed in airstrikes that targeted houses in the city. The total fatalities were 29.; On 21 February 2024, Israeli warplanes struck a house west of An Nusayrat camp (An Nusayrat - West, Deir El Balah, Gaza Strip), killing 17 Palestinians and injuring dozens.; On 21 February 2024, Hamas militants fired TBG shells at 2 Israeli soldiers who were inside 2 houses and exchanged fire with them from a short-range in Al Hawouz area west of Khan Yunis (coded to Khan Yunis - West (Municipal Stadium), Gaza Strip). Hamas claimed that the soldiers were killed and injured. Also, Hamas said that its fighters attacked an Israeli tank with an IED. Claimed fatalities coded 0. Meanwhile, IDF said that its troops killed over 15 militants (unidentified) during clashes west of Khan Yunis. Total fatalities coded as 15.; On 21 February 2024, Israeli forces continued their operations in Gaza - Az Zaytun (Gaza City, Gaza Strip) amid airstrikes and artillery fire that targeted houses and people. As a result, dozens of Palestinians were killed and injured. Fatalities coded as 6. Also, a journalist was killed and a number of Palestinians were injured in an airstrike in the same area. Total fatalities were coded as 7 (1 confirmed and 6 unknown).; On 21 February 2024, Hamas militants clashed with IDF troops, sniped a soldier, and targeted tanks with al-Yasin shells in Gaza - Az Zaytun (Gaza City, Gaza Strip). Meanwhile, the PIJ detonated 2 IEDs against 2 tanks in the same area. Also, PFLP said that its militants clashed with Israeli forces. The IDF confirmed that a soldier was killed and several others were injured during their operation in Az Zaytun. Israeli fatalities coded 1. Meanwhile, IDF said that its troops killed about 20 militants during clashes in Az Zaytun. Palestinian fatalities coded as 20. The total fatalities were 21 (1 Israeli confirmed, 20 Palestinian).; On 20 February 2024, Israeli warplanes and artillery struck residential areas in Khan Yunis city (Khan Yunis, Gaza Strip), leaving 6 fatalities and injuring 15 persons.; On 20 February 2024, Hamas militants detonated an IED against Israeli troops consisting of 6 soldiers who were inside a house in Bloc C west of Khan Yunis (coded to Khan Yunis - West (Municipal Stadium), Gaza Strip). Hamas claimed that soldiers were killed and injured. Claimed fatalities coded as 0. Meanwhile, IDF said that its troops killed dozens of militants (unidentified) during clashes west of Khan Yunis by aircraft, sniping, and tank fire. Palestinian fatalities coded as 12.; On 20 February 2024, 6 Palestinians were killed (likely by Israeli artillery fire) in Al Mawasi (Khan Yunis) - Gaza Strip.; On 20 February 2024, Israeli warplanes carried out airstrikes in Khuzaa (Khan Yunis, Gaza Strip), killing 8 Palestinians.; On 20 February 2024, Israeli warplanes struck houses in An Nusayrat refugee camp (Deir El Balah, Gaza Strip), leaving 14 fatalities and a number of injuries.; On 20 February 2024, Israeli warplanes struck houses in Deir al Balah city (Deir El Balah, Gaza Strip), leaving 12 fatalities and 10 injuries.; On 20 February 2024, Israeli warplanes struck a house south in Deir al Balah city (coded to Wadi as Salqa) (Deir El Balah, Gaza Strip), killing 15 Palestinians and injuring several of others.; On 20 February 2024, Israeli warplanes carried out airstrikes in Al Jawazat and Al Junainah areas east of Rafah, coded to Yibna (coded to Yibna, Gaza Strip), killing 8 Palestinians from the same family after targeting their house. Meanwhile, Israeli artillery and tanks shelled targets east of Rafah.; On 20 February 2024, Israeli military forces raided Gaza - Az Zaytun (Gaza City, Gaza Strip) amid continuing airstrikes and artillery fire that targeted houses, killing at least 15 Palestinians and injuring dozens. Additionally, Israeli UAVs opened fire on Palestinians walking between streets. And thousands of Palestinians were forced to flee to the western areas of Gaza City. Also, in a separate incident dozens of Palestinians were killed and injured after being targeted by warplanes and tanks. The total fatalities were coded as at least 21 (15 confirmed and 6 unknown).; On 20 February 2024, Hamas militants clashed with IDF troops and targeted 2 tanks and a troop carrier with al-Yasin and tandem shells south of Gaza - Az Zaytun (Gaza City, Gaza Strip), claiming that soldiers were killed and injured. Claimed fatalities coded 0. On the same day, the IDF confirmed that a soldier was killed and another 22 were injured within the last 24 hours (coded to this location). The Israeli confirmed fatalities coded to this location were 1. IDF claimed that dozens of militants were killed in the neighborhood of Zaytun, coded as 12.; On 19 February 2024, Israeli warplanes and artillerystruck houses in several locations of central Gaza (coded to Deir al Balah city (Deir El Balah, Gaza Strip), leaving 10 fatalities, coded to this location.; On 19 February 2024, Israeli warplanes and artillery struck a house west of An Nusayrat camp (An Nusayrat - West, Deir El Balah, Gaza Strip), leaving an unspecified number of fatalities. [Palestinian Ministry of Health reported 29195 fatalities upto 19 February 2024. 30 fatalities not attributed to specific events split across 2 events on 19 Febraury. 15 fatalities coded to this event.]; On 19 February 2024, Israeli warplanes struck at least 3 houses in Gaza - Az Zaytun (Gaza City, Gaza Strip), leaving an unspecified number of fatalities and injuries. Also, 3 persons were injured by artillery fire. [Palestinian Ministry of Health reported 29195 fatalities upto 19 February 2024. 30 fatalities not attributed to specific events split across 2 events on 19 Febraury. 15 fatalities coded to this event.]; On 18 February 2024, Israeli warplanes struck houses in Gaza - Sheikh Radwan (Gaza City, Gaza Strip), leaving 7 fatalities from Afifi family.; On 18 February 2024, Israeli warplanes struck houses in Khan Yunis city (Khan Yunis, Gaza Strip), killing 20 Palestinians.; On 18 February 2024, Israeli warplanes carried out airstrikes targeting facilities belonging to an unspecified militant group in Khan Yunis city (Gaza Strip), killing at least 15 militants. Meanwhile, another 20 militants were killed by tank fire. Total fatalities were at least 35.; On 18 February 2024, Israeli warplanes and artillery struck houses in An Nusayrat refugee camp (Deir El Balah, Gaza Strip), leaving at least 40 fatalities in 3 locations (Deir al Balah, An Nusayrat, Az Zawayda). 11 Fatalities coded to this location.; On 18 February 2024, Israeli warplanes struck a house in Az Zawayda (Deir El Balah, Gaza Strip), leaving at least 40 fatalities in 3 locations (Deir al Balah, An Nusayrat, Az Zawayda). 17 confirmed fatalities coded to this location.; On 18 February 2024, Israeli warplanes struck houses in Deir al Balah city (Deir El Balah, Gaza Strip), leaving at least 40 fatalities in 3 locations (Deir al Balah, An Nusayrat, Az Zawayda). 12 Fatalities coded to this location.; On 18 February 2024, Israeli warplanes struck a house in Al Brawk (Deir El Balah, Gaza Strip), killing 8 Palestinians and injuring others.; On 18 February 2024, Israeli warplanes struck targets west of Deir al Balah, coded to Al Musaddar (Deir El Balah, Gaza Strip). IDF claime that they killed more than 10 militants during airstrikes in central Gaza on this day (coded to this event).; On 18 February 2024, Israeli warplanes struck houses in Gaza - Az Zaytun (Gaza City, Gaza Strip), leaving 10 fatalities in Gaza City, coded to this location. Also, 5 Palestinians were killed in an airstrike targeted a gathering of people while waiting truck aid at the Kuwait roundabout. Total fatalities coded as 15.; On 18 February 2024, Israeli warplanes struck 9 houses in Rafah city (Rafah, Gaza Strip), killing 13 Palestinians and injuring dozens.; On 17 February 2024, Israeli warplanes targeted 10 houses in Deir al Balah city and Az Zawayda (Deir El Balah, Gaza Strip), killing at least 40 persons and injuring dozens. Fatalities split across 2 locations, and 20 of 40 fatalities were coded to this location.; On 17 February 2024, Israeli warplanes struck a house in Deir al Balah city (Deir El Balah, Gaza Strip), leaving 6 injuries, including 2 Palestinian children. Meanwhile, an airstrikes targeted 10 houses and a Hamas site in Deir al Balah city and Az Zawayda, killing at least 40 persons and injuring dozens. Fatalities split across 2 locations, and 20 fatalities were coded to this location. Also, 3 Palestinians were killed in an airstrike targeted an apartment in the same location. Total fatalities were at least 23.; On 17 February 2024, Israeli warplanes struck a house in Gaza - Sabra (Gaza City, Gaza Strip), killing 11 Palestinians from the Masoud and Mugrabi family, including 6 bodies still under the rubble. Meanwhile, the artillery struck targets in the same area.; On 17 February 2024, Palestinian militants (likely Hamas) clashed with IDF troops in central Gaza Strip, coded to Deir al Balah (Deir El Balah, Gaza Strip). IDF said that its troops killed several militants, coded as 10.; On 17 February 2024, Hamas militants clashed with Israeli troops in Khan Yunis city (Khan Yunis, Gaza Strip). Meanwhile, IDF said the its troops killed a Hamas cell and an airstrike targeted other fighters while firing rockets. Unknown fatalities among Palestinians coded as 10.; On 17 February 2024, Israeli warplanes and artillery struck 5 houses in An Nusayrat refugee camp (Deir El Balah, Gaza Strip), leaving a number of fatalities and injuries. [Palestinian Ministry of Health reported 28985 fatalities upto 17 February. 17 fatalities not attributed to specific events added to 1 event on 17 February. 17 fatalities coded to this event.]; On 17 February 2024, Israeli warplanes an agricultural land hosting displaced people in Khirbet al Adas (Rafah, Gaza Strip), killing 7 Palestinians, including a woman and 3 children.; On 17 February 2024, Israeli warplanes carried out airstrikes in Al Shaboura refugee camp of Mukhayyam Rafah (Rafah Camp, Gaza Strip), leaving 6 fatalities and 9 injuries.; On 16 February 2024, Israeli airplanes struck a house in An Nasr (Rafah, Gaza Strip), killing 7 people.; On 16 February 2024, Israeli warplanes struck a residential building in Gaza - Sheikh Radwan (Gaza City, Gaza Strip), causing unspecified fatalities. [Palestinian Ministry of Health reported 28858 fatalities upto 16 February 2024. 42 fatalities not attributed to specific events added to 1 event on 16 Febraury. 42 fatalities coded to this event.]; On 16 February 2024, Israeli warplanes and artillery struck civilian homes in Rafah (Gaza Strip), killing 15 people. Another strike targeted IDPs tents, causing unspecified casualties. It's unclear if the strike on IDP tents caused fatalities.; On 15 February 2024, Israeli warplanes conducted airstrikes in An Nusayrat refugee camp (Deir El Balah, Gaza Strip). One strike targeted a house in as Sawarha area in the western part of the camp, killing 12 people from one family.; On 15 February 2024, Israeli warplanes conducted airstrikes targeting Deir al Balah city (Deir El Balah, Gaza Strip). One strike targeted central Deir El Balah city, causing unspecified injuries but no fatalities. Another strike targeted Abu Arban area near Al Aqsa martyrs hospital in Deir al Balah city, killing 6 people and injuring 18 others.; On 15 February 2024, Israeli forces clashed with militants (coded as Hamas Movement) in Khan Yunis area (coded to Khan Yunis, Gaza Strip). IDF claimed that dozens of militants were killed, coded as 12.; On 15 February 2024, Israeli warplanes struck targets in Al Burayj refugee camp (Deir El Balah, Gaza Strip), causing unspecified fatalities. [Palestinian Ministry of Health reported 28775 fatalities upto 15 February 2024. 28 fatalities not attributed to specific events split across 3 events on 15 Febraury. 9 fatalities coded to this event.]; On 15 February 2024, Israeli warplanes and tanks struck central and western Khan Yunis city (coded to Khan Yunis - West (Municipal Stadium), Gaza Strip), causing dozens of fatalities and injuries. Unknown fatalities coded as 12.; On 15 February 2024, Israeli warplanes struck targets in Gaza - Ash Shaykh Ijlin (Gaza City, Gaza Strip), causing unspecified fatalities and injuries. [Palestinian Ministry of Health reported 28775 fatalities upto 15 February 2024. 28 fatalities not attributed to specific events split across 3 events on 15 Febraury. 10 fatalities coded to this event.]; On 15 February 2024, Israeli warplanes and artillery struck 2 houses in Jabalya - Tel-Zaatar (North Gaza, Gaza Strip), killing 6 people.; On 15 February 2024, Israeli warplanes struck targets in Gaza - Tal el Hawa (Gaza City, Gaza Strip), causing unspecified fatalities and injuries. [Palestinian Ministry of Health reported 28775 fatalities upto 15 February 2024. 28 fatalities not attributed to specific events split across 3 events on 15 Febraury. 9 fatalities coded to this event.]; On 15 February 2024, Israeli forces continued their raids in south of Gaza (coded to Rafah, Gaza Strip) during which they clashed with militants (coded as Hamas Movement) and killed a number of them, including 2 killed by a drone strike. Unspecified fatalities coded as 10.; On 14 February 2024, Israeli warplanes struck a car in Gaza - Sheikh Radwan (Gaza City, Gaza Strip), killing 4-6 people, including a journalist. Another strike hit a house in Al Jalaa street, killing 5 people, including prominent political analyst Ayman Al-Rafati. 9 fatalities coded.; On 14 February 2024, Israeli warplanes struck houses in An Nusayrat refugee camp (Deir El Balah, Gaza Strip), killing 2 people and injuring 5 others in one house. Another strike killed 15 people in another house. Total fatalities coded 17.; On 14 February 2024, the IDF and Shin Bet forces conducted a drone strike in Gaza City (Gaza Strip), killing about 15 militants including a commander in Hamas's Shati Battalion.; On 14 February 2024, Israeli forces detected a militant squad (coded as Hamas Movement) approaching them near the coast of Central Gaza (coded to Al Brawk, Deir El Balah, Gaza Strip) and engaged in a clash. IDF claimed that they killed an unspecified number of militants, coded as 10.; On 14 February 2024, Israeli warplanes conducted several airstrikes in Deir al Balah (Deir El Balah, Gaza Strip). One strike struck a house east of Al-Mazraa area. Another strike hit the site of Brigade 14 on Salah El Din street. Unspecified casualties. [Palestinian Ministry of Health reported 28663 fatalities upto 14 February 2024. 18 fatalities not attributed to specific events split across 2 events on 14 Febraury. 18 fatalities coded to this event.]; On 14 February 2024, Israeli warplanes targeted areas east of Deir al Balah (coded to Deir al Balah Camp, Gaza Strip), causing unspecified fatalities and injuries. [Palestinian Ministry of Health reported 28663 fatalities upto 14 February 2024. 18 fatalities not attributed to specific events split across 2 events on 14 Febraury. 18 fatalities coded to this event.]; On 14 February 2024, Israeli warplanes conducted airstrikes in Tal el Hawa and Gaza - Az Zaytun (Gaza City, Gaza Strip), killing 9 people in total. Another strike targeted the vicinity of Al Ahli Baptist hospital in Gaza - Az Zaytun, causing 2 injuries, but no fatalities. Another drone strike killed 1 person and injured another in the vicinity of Ali Ibn Abi Taleb Mosque in Az Zaytun. 6 fatalities coded to Az Zaytun and 4 coded to Tal el Hawa.; On 13 February 2024, Israeli warplanes struck a civilian car in Al Jalaa street in Gaza - Sheikh Radwan (Gaza City, Gaza Strip), killing 6 people, including an infant. Another strike hit a gathering in al-Lababidi, killing 1 person and injuring 2 others. Total fatalities coded 7.; On 13 February 2024, Israeli warplanes struck houses in An Nusayrat refugee camp (Deir El Balah, Gaza Strip), killing 6 people from the same family and an unspecified number of people from another family. Total fatalities coded as 7.; On 13 February 2024, Hamas militants clashed with Israeli troops and tanks in Abasan al Kabirah (Khan Yunis, Gaza Strip). Israeli forces sustained 7 casualties during the clashes, including unspecified fatalities. Hamas militants also detonated an explosive device targeting 5 Israeli troops inside a building, claiming to have killed the commander of the Gaza Division's Southern Brigade's 630th Battalion, acting company commander in the Gaza Division's Southern Brigade's 630th Battalion, and a soldier. The blast also injured 2 other soldiers. Claimed fatalities coded 0. IDF claimed that they killed a number of militants in the clahses in Absan area. Unspecified fatalities coded as 10.; On 13 February 2024, Israel warplanes also struck a group of Palestinian militants in Khan Yunis transferring explosives to a motorcycle, killing an unspecified number of them. Unknown fatalities coded as 10.; On 13 February 2024, militants (coded as Hamas Movement) clashed with Israeli forces in central Gaza (coded to Deir al Balah. Gaza Strip). IDF claimed that they killed over 10 militants, including 2 who they killed by directing airstrikes.; On 13 February 2024, Israeli warplanes struck Al Burayj refugee camp (Deir El Balah, Gaza Strip). Unspecified casualties. [Palestinian Ministry of Health reported 28576 fatalities upto 13 February 2024. 49 fatalities not attributed to specific events split across 2 events on 13 Febraury. 25 fatalities coded to this event.]; On 13 February 2024, Israeli warplanes conducted at least 3 airstrikes striking targets east of Rafah (coded to Yibna, Gaza Strip), including a house, a police station, and agricultural land in Al Shoka village. Another strike targeted Zalata area. Unspecified casualties. [Palestinian Ministry of Health reported 28576 fatalities upto 13 February 2024. 49 fatalities not attributed to specific events split across 2 events on 13 Febraury. 24 fatalities coded to this event.]; On 12 February 2024, Israeli military airplanes struck a house in Al Baraka street in Al Brawk (Deir El Balah, Gaza Strip), killing 15 people.; On 12 February 2024, Israeli forces shot at Palestinians in Naser medical complex in Khan Yunis - West (Municipal Stadium) (Khan Yunis, Gaza Strip), killing 7 people and injuring 14 others. IDF claimed that 2 of the killed people were militants (coded as Hamas).; On 12 February 2024, Israeli artillery shelled targets west of Khan Yunis. Coded to Khan Yunis - West (Municipal Stadium) (Khan Yunis, Gaza Strip). IDF claimed that it killed over 30 militants (coded as Hamas Movement) in west Khan Yunis in clashes.; On 12 February 2024, Israeli Forces directed warplanes towards a squad of militants (coded as Hamas Movement) in central Gaza (coded to Deir al Balah, Gaza Strip) and struck them, killing about 10 militants.; On 12 February 2024, overnight, Israeli military airplanes struck al Huda mosque in Yibna refugee camp (Rafah, Gaza Strip), while dozens of displaced Palestinians were sheltering inside it. This was part of at least 40 Israeli airstrikes in Rafah on 12 February 2024, which destroyed over 14 houses and 3 mosques. On 12 February 2024, Hamas movement claimed that Israeli strikes over Gaza killed 3 Israeli hostages captured on 7 October 2023, but Israeli forces did not confirm this claim. Hamas's claim for Israeli hostage fatalities coded 0. [Palestinian Ministry of Health reported 28473 fatalities upto 12 February 2024. 59 fatalities not attributed to specific events split across 4 events on 12 Febraury. 15 fatalities coded to this event.]; On 12 February 2024, Israeli military airplanes struck a house in Khirbat Al Shaer in Khirbet al Adas (Rafah, Gaza Strip), killing an unspecified number of people. This was part of at least 40 Israeli airstrikes in Rafah on 12 February 2024, which destroyed over 14 houses and 3 mosques. On 12 February 2024, Hamas movement claimed that Israeli strikes over Gaza killed 3 Israeli hostages captured on 7 October 2023, but Israeli forces did not confirm this claim. Hamas's claim for Israeli hostage fatalities coded 0. [Palestinian Ministry of Health reported 28473 fatalities upto 12 February 2024. 59 fatalities not attributed to specific events split across 4 events on 12 Febraury. 15 fatalities coded to this event.]; On 12 February 2024, Israeli warplanes conducted an airstrike targeting houses and Al Rahma mosque in Al Shabourah refugee camp / Mukhayyam Rafah (Rafah Camp, Gaza Strip), killing an unspecified number of people. Dozens of displaced Palestinians where sheltering inside Al Rahma mosque at the time of the airstrike. This was part of at least 40 Israeli airstrikes in Rafah on 12 February 2024, which destroyed over 14 houses and 3 mosques. On 12 February 2024, Hamas movement claimed that Israeli strikes over Gaza killed 3 Israeli hostages captured on 7 October 2023, but Israeli forces did not confirm this claim. Hamas's claim for Israeli hostage fatalities coded 0. [Palestinian Ministry of Health reported 28473 fatalities upto 12 February 2024. 59 fatalities not attributed to specific events split across 4 events on 12 Febraury. 15 fatalities coded to this event.]; On 12 February 2024, Israeli military airplanes conducted airstrikes targeting residential buildings and the vicinity of the Kuwait hospital and the vicinity of the Palestinian Red Crescent in Rafah city (Gaza Strip), causing an unspecified number of fatalities. Another strike hit a house in Jenina area in eastern Rafah, causing an unspecified number of fatalities, including a journalist. This was part of at least 40 Israeli airstrikes in Rafah on 12 February 2024, which destroyed over 14 houses and 3 mosques. On 12 February 2024, Hamas movement claimed that Israeli strikes over Gaza killed 3 Israeli hostages captured on 7 October 2023, but Israeli forces did not confirm this claim. Hamas's claim for Israeli hostage fatalities coded 0. [Palestinian Ministry of Health reported 28473 fatalities upto 12 February 2024. 59 fatalities not attributed to specific events split across 4 events on 12 Febraury. 14 fatalities coded to this event.]; On 11 February 2024, Israeli military warplanes conducted airstrikes targeting targets between Khan Yunis refugee camp and Al Mashroo area. Coded to Khan Yunis - West (Municipal Stadium) (Khan Yunis, Gaza Strip). The strikes destroyed several buildings that were more than 3 stories in height. Israeli defense forces claimed that the strikes targeted 3 weapons storage facilities and a militant cell [presumably Hamas] that fired at troops. IDF claimed that 7 militants were killed by ground forces and another 6 militants were killed by shelling in Khan Yunis on this day (coded to this event). Total fatalities coded as 13.; On 11 February 2024, Israeli military warplanes conducted airstrikes targeting Khan Yunis - Al Amal (Khan Yunis, Gaza Strip). Unspecified casualties. [Palestinian Ministry of Health reported 28340 fatalities upto 11 February 2024. 122 fatalities not attributed to specific events split across 3 events on 11 Febraury. 41 fatalities coded to this event.]; On 11 February 2024, Israeli artillery shelled Al Maghazi refugee camp (Deir El Balah, Gaza Strip). Unspecified casualties. [Palestinian Ministry of Health reported 28340 fatalities upto 11 February 2024. 122 fatalities not attributed to specific events split across 3 events on 11 Febraury. 41 fatalities coded to this event.]; On 11 February 2024, Israeli artillery shelled targets east of Al Musaddar (Deir El Balah, Gaza Strip). Unspecified casualties. [Palestinian Ministry of Health reported 28340 fatalities upto 11 February 2024. 122 fatalities not attributed to specific events split across 3 events on 11 Febraury. 40 fatalities coded to this event.]; On 11 February 2024, Israeli military airplanes struck a house sheltering displaced Palestinians east of Rafah (Gaza Strip), killing at least 25 people and injuring dozens more.; On 10 February 2024, Israeli military warplanes struck houses in An Nasr (Rafah, Gaza Strip), killing at least 11 people from the same family.; On 10 February 2024, Israeli snipers shot and killed Palestinians in Gaza city (Gaza Strip). Israeli snipers killed 11 Palestinians over 9 and 10 February 2024. 11 Fatalities split across 2 events. 6 fatalities coded here.; On 10 February 2024, Israeli warplanes carried out airstrikes in Al Baraka area of Deir al Balah city (Deir El Balah, Gaza Strip), killing 5 people, including a child, and injuring an unspecified number of others. A second airstrike targeted a house in Al Nakheel area, killing at least 4 people. Other strikes targeted houses in Al Hekr areas and the vicinity of Al Bukhari mosque in Deir al Balah, casualties unknown. Total fatalities coded as 9.; On 10 February 2024, Israeli military warplanes struck targets west of Gaza City (Gaza Strip). Unspecified casualties. [Palestinian Ministry of Health reported 28176 fatalities upto 10 February 2024. 41 fatalities not attributed to specific events split across 4 events on 10 Febraury. 10 fatalities coded to this event.]; On 10 February 2024, Israeli military warplanes struck targets near the Islamic university in Gaza - Southern Remal (Gaza City, Gaza Strip). Unspecified casualties. [Palestinian Ministry of Health reported 28176 fatalities upto 10 February 2024. 41 fatalities not attributed to specific events split across 4 events on 10 Febraury. 10 fatalities coded to this event.]; On 10 February 2024, Israeli military warplanes struck targets in Khan Yunis - As-Sameen (Khan Yunis, Gaza Strip). Unspecified casualties. [Palestinian Ministry of Health reported 28176 fatalities upto 10 February 2024. 41 fatalities not attributed to specific events split across 4 events on 10 Febraury. 10 fatalities coded to this event.]; On 10 February 2024, Israeli military warplanes struck targets in Qizan an Najjar (Khan Yunis, Gaza Strip). Unspecified casualties. [Palestinian Ministry of Health reported 28176 fatalities upto 10 February 2024. 41 fatalities not attributed to specific events split across 4 events on 10 Febraury. 11 fatalities coded to this event.]; On 10 February 2024, Israeli warplanes struck targets, including houses, in Al Jenena and Abu Halawa areas in Rafah (Gaza Strip), killing at least 16 people. Another airstrike targeted an empty agricultural land near the borders with Egypt without causing casualties.; On 9 February 2024, Israeli warplanes struck a house in An Nasr (Rafah, Gaza Strip), killing 11 Palestinians and injuring a number of others.; On 9 February 2024, Israeli troops killed 17 Palestinian militants (at least 2 were from Hamas) likely in an exchange of fire and airstrikes west of Khan Yunis (coded to Khan Yunis - West (Municipal Stadium) (Gaza Strip).; On 9 February 2024, Israeli warplanes struck houses in Gaza - Southern Remal (Gaza City, Gaza Strip), leaving dozens of fatalities and injuries in several locations of Gaza city (fatalities coded to this location). Meanwhile, the artillery struck targets in the same area. Unknown fatalities coded as 12.; On 9 February 2024, Israeli artillery struck targets west of Khan Yunis (coded to Khan Yunis - West (Municipal Stadium)) (Gaza Strip), killing and injuring an unspecified number of Palestinians. Unknown fatalities coded as 10. In addition, warplanes struck targets in the same area [casualties unknown]. Fatalities coded as 10.; On 9 February 2024, Israeli warplanes struck houses at the eastern entrance of Beit Hanoun town (North Gaza, Gaza Strip), leaving a number of unspecified fatalities. [Palestinian Ministry of Health reported 28064 fatalities upto 9 February 2024. 33 fatalities not attributed to specific events split across 2 events on 9 Febraury. 17 fatalities coded to this event.]; On 9 February 2024, Israeli warplanes struck houses in Gaza - Tal el Hawa (Gaza City, Gaza Strip). Casualties unknown. [On 11 February 2024, 100 bodies were recovered from under the rubble in Remal and Tal el Hawa, these fatalities split across 4 events, 25 fatalities were coded to this event].; On 9 February 2024, Israeli warplanes struck houses in Jabalya town (North Gaza, Gaza Strip), killing and injuring an unspecified number of Palestinians. [Palestinian Ministry of Health reported 28064 fatalities upto 9 February 2024. 33 fatalities not attributed to specific events split across 2 events on 9 Febraury. 16 fatalities coded to this event.]; On 9 February 2024, Israeli snipers shot dead 9 Palestinians and injured 11 others southwest of Gaza city, coded to Gaza - Tal el Hawa (Gaza City, Gaza Strip).; On 9 February 2024, Israeli warplanes struck houses and apartments in Rafah city (Rafah, Gaza Strip), killing 8 Palestinians.; On 8 February 2024, Israeli warplanes struck houses in Gaza - Northern Remal (Gaza City, Gaza Strip), killing dozens of Palestinians and injuring a number of others. Unknown fatalities coded as 12. Meanwhile, the artillery shelled the Shifa hospital and killed 5 persons. Total fatalities coded as 17 (12 unknown, 5 confirmed).; On 8 February 2024, Israeli warplanes struck houses in Gaza - Sabra (Gaza City, Gaza Strip), killing dozens of Palestinians and injuring a number of others. Meanwhile, Israeli artillery shelled targets in the same area. Unknown fatalities coded as 12.; On 8 February 2024, PIJ militants fired a missile at Israeli troops operating in Al Hawouz area west of Khan Yunis (coded to Khan Yunis - West (Municipal Stadium)) (Gaza Strip). The IDF confirmed that its troops clashed with Palestinian militants and killed a cell by an airstrike. On 9 February, IDF claimed that they killed 15 militants in Khan Yunis on 8 February (coded to this event).; On 8 February 2024, Israeli snipers shot dead 8 Palestinians while filling water near Naser Hospital west of Khan Yunis (coded to Khan Yunis - West (Municipal Stadium), Gaza Strip).; On 8 February 2024, Israeli UAVs opened fire west of Gaza city (including the areas of Tayaran, Saraya, Sinaa, Jamiat), coded to Gaza - Southern Remal (Gaza City, Gaza Strip), killing and injuring an unspecified number of Palestinians. [Palestinian Ministry of Health reported 27947 fatalities upto 8 February. 20 fatalities not attributed to specific events added to 1 event on 9 February. 20 fatalities coded to this event.]; On 8 February 2024, Israeli warplanes struck houses in Gaza - Az Zaytun (Gaza City, Gaza Strip), killing dozens of Palestinians and injuring a number of others. Meanwhile, the artillery shelled targets in the same area. Unknown fatalities coded as 12.; On 8 February 2024, Israeli UAVs opened fire and struck targets (including houses) in Gaza - Tal el Hawa (Gaza City, Gaza Strip). Casualties unknown. [On 11 February 2024, 100 bodies were recovered from under the rubble in Remal and Tal el Hawa, these fatalities split across 4 events, 25 fatalities were coded to this event].; On 7 February 2024, Israeli warplanes struck a group of people while they were filling water jugs in Gaza - Sabra (Gaza City, Gaza Strip), killing 13 Palestinians and injuring a number of others.; On 7 February 2024, Israeli warplanes struck a house in Tal as Sultan (Rafah, Gaza Strip), killing 12 Palestinians injuring a number of others.; On 7 February 2024, Al Aqsa Martyrs Brigade clashed with Israeli troops west of Gaza city, coded to Gaza - Southern Remal (Gaza City, Gaza Strip). Meanwhile, the Mujahideen Brigades fired an anti-tank shell at a merkava tank in the same area. Also, PIJ and Al Aqsa Martyrs Brigade - Nidal Al-Amoude jointly attacked troops by missiles and Hamas targeted them with mortar shells amid heavy exchange of fire. IDF claimed that they killed 10 militants on this day in northern Gaza (coded to this event).; On 7 February 2024, Hamas militants clahsed with IDF troops in center of Gaza (Coded to Deir al Balah, Gaza Strip) during which IDF killed 4 militants and a number of others. Total fatalities coded as 14 (4 confirmed + 10 unspecified).; On 7 February 2024, Israeli warplanes carried out airstrikes and destroyed a number of houses in Khan Yunis city (Khan Yunis, Gaza Strip) amid artillery fire, killing and injuring a number of Palestinians. [Palestinian Ministry of Health reported 27840 fatalities upto 7 February 2024. 34 fatalities not attributed to specific events split across 3 events on 7 Febraury. 17 fatalities coded to this event.]; On 7 February 2024, Hamas militants targeted Israeli troops who were in a house with a TBG shell west of Khan Yunis (coded to Khan Yunis - West (Municipal Stadium), Gaza Strip), claiming that a number of soldiers were killed and injured. Meanwhile, PIJ said that its fighters killed 7 soldiers after targeting them with a TBG shell in Al Haouz area west of the city. Also, Hamas and PIJ jointly clashed with troops and targeted them by shells. Claimed fatalities by militants coded 0. In Addition, IDF claimed that they killed over 20 militants in clashes in Khan Yunis (coded to this event).; On 7 February 2024, Israeli warplanes struck a house in Gaza - Az Zaytun (Gaza City, Gaza Strip), killing and injuring a number of Palestinians. [Palestinian Ministry of Health reported 27840 fatalities upto 7 February 2024. 34 fatalities not attributed to specific events split across 3 events on 7 Febraury. 17 fatalities coded to this event.]; On 6 February 2024, Israeli artillery and tanks struck targets and opened fire in Khan Yunis - Al Amal, including the vicinity of Al Amal hospital (Khan Yunis, Gaza Strip), where shrapnel reached the hospital yard. Meanwhile, warplanes struck the Hennawi school hosting displaced people, killing 14 Palestinians and injuring a number of others. The total fatalities were 14.; On 6 February 2024, PIJ militants clashed with Israeli troops west of Khan Yunis city (coded to Khan Yunis - West (Municipal Stadium), Gaza Strip). Also, Hamas militants detonated a Shawz IED against a bulldozer and targeted tanks and troops with al-Yasin and TBG shells in the same area. Hamas claimed that a number of soldiers were killed and injured after targeting troops with a TBG shell. Meanwhile, Israeli tanks and warplanes struck targets in the same area. Claimed fatalities coded as 0. In addition, IDF troops killed at least 15 Hamas militants in Khan Yunis (coded to this location). Confirmed Hamas fatalities were at least 15.; On 6 February 2024, Israeli warplanes struck a house in Hamad city (Khan Yunis, Gaza Strip), killing 6 Palestinians and injuring a number of others.; On 6 February 2024, PIJ militants targeted an Israeli tank with an RBG shell in Khan Yunis - Al Amal (Khan Yunis, Gaza Strip). Meanwhile, fighters affiliated with the DFLP clashed with Israeli troops and targeted them with an RBG shell. IDF claimed that they killed a number of militants, including 3 who fired anti-tank missiles at israeli forces. Unspecified fatalities coded as 10.; On 6 February 2024, PIJ militants clashed with Israeli troops in Khan Yunis - City Centre (Khan Yunis, Gaza Strip). IDF claimed that it killed 4 militants and a number of others in Khan Yunis on this day. 14 fatalities (4 confirmed + 10 unspecified) coded to this event; On 6 February 2024, Israeli warplanes struck targets and houses in Gaza - Southern Remal (Gaza City, Gaza Strip), killing and injuring a number of Palestinians. [On 11 February 2024, 100 bodies were recovered from under the rubble in Remal and Tal el Hawa, these fatalities split across 4 events, 25 fatalities were coded to this event].; On 6 February 2024, Israeli warplanes struck a house east of Jabalya (North Gaza, Gaza Strip), killing 10 Palestinians injuring another 10.; On 6 February 2024, an Israeli warplane struck a passing police car in Khirbet al Adas (Rafah, Gaza Strip), killing 6 police officers affiliated with Hamas.; On 5 February 2024, Israeli warplanes struck targets (including houses) and opened fire in the vicinity of Naser hospital and Khan Yunis camp and west of Khan Yunis (coded to Khan Yunis - West (Municipal Stadium), Gaza Strip). Meanwhile, artillery shelled targets in the same area. As a result, 14 Palestinians including children were killed.; On 5 February 2024, Israeli warplanes struck a house in Az Zawayda (Deir El Balah, Gaza Strip), killing 8 Palestinians, including children.; On 5 February 2024, Hamas militants clashed with Israeli troops and targeted them with TBG shells west of Khan Yunis (coded to Khan Yunis - West (Municipal Stadium), Gaza Strip). The IDF confirmed the injuring of 5 soldiers in southern Gaza strip (coded to this location). IDF claimed that they killed over 15 militants on 5 February in clashes in Khan Yunis.; On 5 February 2024, Israeli warplanes carried out airstrikes in Gaza - Southern Remal (Gaza City, Gaza Strip). Meanwhile, the artillery struck targets in the same area. IDF claimed that it killed 10 militants in Gaza City area (coded to this location) by shooting at close range and using aerial fire.; On 5 February 2024, Israeli forces clashed with militants (coded as Hamas) in Central Gaza (coded to Deir al Balah, Gaza Strip) and in a joint operation of ground forces and warplanes killed unspecified number of militants. Unspecified fatalities coded as 10.; On 5 February 2024, Israeli warplanes opened fire east of Al Burayj camp (Deir El Balah, Gaza Strip), killing and injuring a number of Palestinians. [Palestinian Ministry of Health reported 27585 fatalities upto 5 February 2024. 34 fatalities not attributed to specific events split across 3 events on 5 Febraury. 12 fatalities coded to this event.]; On 5 February 2024, Israeli warplanes and artillery struck targets in An Nusayrat refugee camp (Deir El Balah, Gaza Strip), killing and injuring a number of Palestinians. [Palestinian Ministry of Health reported 27585 fatalities upto 5 February 2024. 34 fatalities not attributed to specific events split across 3 events on 5 Febraury. 11 fatalities coded to this event.]; On 5 February 2024, Israeli artillery and tanks struck targets in Khan Yunis - Al Amal, including the vicinity of Al Amal hospital (Khan Yunis, Gaza Strip), killing and injuring a number of Palestinians. [Palestinian Ministry of Health reported 27585 fatalities upto 5 February 2024. 34 fatalities not attributed to specific events split across 3 events on 5 Febraury. 11 fatalities coded to this event.]; On 4 February 2024, Israeli warplane struck targets west of Khan Yunis, including in the vicinity of Al Aqsa University and Al Namsawi area (coded to Khan Yunis - West (Municipal Stadium), Gaza Strip). 10 persons were killed in Khan Yunis (coded to this location).; On 4 February 2024, Israeli warplanes struck a house in Al Haker and Al Barakah areas of Deir al Balah city (Deir El Balah, Gaza Strip), killing 10 Palestinians and injuring a number of others, including children.; On 4 February 2024, Israeli warplanes struck houses west of Deir al Balah city (coded to Al Musaddar, Gaza Strip), leaving 15 fatalities and dozens of injuries in Deir al Balah city. Fatalities split across 2 evetns, and 8 fatalities coded to this event.; On 4 February 2024, Palestinian militants (likely Hamas) clashed with Israeli troops in central Gaza City (Gaza City, Gaza Strip). Casualties Unknown. IDF claimed that they killed 7 Hamas militants during clashes in north of the Gaza Strip (coded to this location). Fatalities coded as 7.; On 4 February 2024, Palestinian militants (likely Hamas) clashed with Israeli troops and targeted tanks and vehicles with anti-tank shells west of Khan Yunis (coded to Khan Yunis - West (Municipal Stadium), Gaza Strip). IDF confirmed that 5 soldiers and officers were injured in Gaza Strip (coded to this location). In addition, a warplane struck and killed a number of militants including a PIJ sniper in Khan Yunis (coded to this location). IDF confirmed that 4 militants and 1 PIJ militant was killed in the clashes. Militant fatalities coded as 5. On 5 February, IDF claimed that dozens of militants were killed on this day in clashes. Total fatalities coded as 12.; On 4 February 2024, Israeli warplanes struck a civilian passing car east of Rafah city (coded to Yibna, Gaza Strip), killing and injuring a number of Palestinians. Meanwhile, artillery and tanks shelled targets in the same area. Casualties unknown. [Palestinian Ministry of Health reported 27478 fatalities upto 4 February. 51 fatalities not attributed to specific events added to 1 event on 4 February. 51 fatalities coded to this event.]; On 3 February 2024, Israeli warplanes struck targets, including a house and residential towers in Gaza - Southern Remal (Gaza City, Gaza Strip), killing 10 Palestinians and injuring another 8 persons.; On 3 February 2024, Israeli warplanes struck houses near Al Amal hospital in Khan Yunis - Al Amal (Khan Yunis, Gaza Strip). Meanwhile, Israeli artillery and tanks struck targets and opened fire at the Al Amal hospital hosting displaced people, causing fatalities and injuries. [Palestinian Ministry of Health reported 27365 fatalities upto 3 February 2024. 46 fatalities not attributed to specific events split across 3 events on 3 Febraury. 16 fatalities coded to this event.]; On 3 February 2024, Israeli warplanes struck houses and a mosque in Deir al Balah city (Deir El Balah, Gaza Strip), causing fatalities and injuries. [Palestinian Ministry of Health reported 27365 fatalities upto 3 February 2024. 46 fatalities not attributed to specific events split across 3 events on 3 Febraury. 15 fatalities coded to this event.]; On 3 February 2024, Israeli warplanes struck houses in Qishta area of Rafah city (Rafah, Gaza Strip), causing fatalities and injuries. [Palestinian Ministry of Health reported 27365 fatalities upto 3 February 2024. 46 fatalities not attributed to specific events split across 3 events on 3 Febraury. 15 fatalities coded to this event.]; On 3 February 2024, Israeli warplanes struck 2 houses in Al Junainah (Rafah, Gaza Strip), killing 26 Palestinians and injuring a number of others. Meanwhile, artillery and tanks shelled targets in the same area. Also, a child was killed and another person was injured in an airstrike that targeted Hasan Salameh tower in the same area. The total fatalities were 27.; On 2 February 2024, Hamas militants clashed with IDF troops and targeted tanks with anti-tank shells west of Khan Yunis, including Khan Yunis camp (coded to Khan Yunis - West (Municipal Stadium), Gaza Strip). IDF said its troops killed more than 20 militants during clashes in western Khan Yunis, where warplanes and tanks struck military sites and targets. Palestinian fatalities reported were at least 20.; On 2 February 2024, Israeli Forces identified a number of militants who were trying to transfer weapons in Shati area (coded to Gaza - Ash Shati' Camp, Gaza City, Gaza Strip) and directed a warplane towards them. IDF claimed to have killed the militant cell. Unspecified fatalities coded as 10.; On 2 February 2024, Israeli Forces clashed with militants (coded as Hamas) in Central Gaza (coded to Deir al Balah, Gaza Strip). IDF claimed that they killed hundreds of militants and destroyed a significant tunnel route. 100 fatalities coded to this event.; On 1 February 2024, Palestinian militants (likely Hamas) exchanged fire with IDF troops in Khan Yunis - Al Amal (Khan Yunis, Gaza Strip). IDF claimed that they killed 20 militants in clashes on this day. 20 fatalities split across 2 events on 1 February, 10 fatalities coded to this event.; On 1 February 2024, Hamas militants clashed with IDF troops and targeted them with shells west of Khan Yunis, including Khan Yunis camp and near Naser hospital, (coded to Khan Yunis - West (Municipal Stadium), Gaza Strip). The IDF confirmed that 5 soldiers were injured in Gaza Strip (coded to this location). Israeli fatalities unknown. Also, Israeli troops directed UAVs against militants and sniped and killed a number of them. IDF claimed that they killed 20 militants in clashes on this day. 20 fatalities split across 2 events on 1 February, 10 fatalities coded to this event; On 1 February 2024, militants (coded as Hamas Movement) clashed with Israeli Forces in Gaza - Ash Shati' Camp (Gaza City, Gaza Strip) killing about 10 militants in the clash.; On 1 February 2024, Israeli warplanes and artillery struck targets and opened fire in Gaza - Southern Remal (Gaza City, Gaza Strip), killing and injuring a number of Palestinians. [Palestinian Ministry of Health reported 27131 fatalities upto 1 February 2024. 65 fatalities not attributed to specific events split across 3 events on 1 Febraury. 21 fatalities coded to this event.]; On 1 February 2024, Israeli warplanes and artillery struck targets and opened fire in Gaza - Tal el Hawa (Gaza City, Gaza Strip), killing and injuring a number of Palestinians. [Palestinian Ministry of Health reported 27131 fatalities upto 1 February 2024. 65 fatalities not attributed to specific events split across 3 events on 1 Febraury. 22 fatalities coded to this event.]; On 1 February 2024, Israeli warplanes struck 2 houses in Gaza - Az Zaytun (Gaza City, Gaza Strip), killing a number of Palestinians and injuring dozens. [Palestinian Ministry of Health reported 27131 fatalities upto 1 February 2024. 65 fatalities not attributed to specific events split across 3 events on 1 Febraury. 22 fatalities coded to this event.]; On 31 January 2024, Israeli warplanes and artillery struck targets and opened fire in Khan Yunis - City Centre (Khan Yunis, Gaza Strip), killing 6 Palestinians in Khan Yunis (coded to this location).; On 31 January 2024, Israeli military forces (likely) detained and killed 30 Palestinians whose bodies were later discovered decomposed at a school in Beit Lahiya (North Gaza, Gaza Strip), where they were found with their hands tied and eyes covered.; On 31 January 2024, Palestinian militants (likely Hamas) exchanged fire with IDF troops northeast of Al Burayj camp (Deir El Balah, Gaza Strip). IDF claimed that it killed over 10 militants in clashes in central Gaza, coded to this location. They later killed several more militants in the same area, coded as 10. Total fatalities coded as 20.; On 31 January 2024, Hamas, Mujahideen Brigades, and PIJ militants clashed with IDF troops using firearms and anti-tank shells amid Israeli artillery fire west of Khan Yunis areas including Khan Yunis camp and Al Namsawi (coded to Khan Yunis - West (Municipal Stadium), Gaza Strip). Also, IDF struck militants by UAVs and tank fire, killing a number of them (fatalities coded as 10). The IDF confirmed that 10 soldiers were injured in the Gaza Strip (coded to this location). Unknown Palestinian fatalities coded as 10.; On 31 January 2024, Israeli warplanes struck houses in Gaza - Southern Remal (Gaza City, Gaza Strip). Meanwhile, artillery shelled and opened fire in the same area. Casualties unknown. [On 11 February 2024, 100 bodies were recovered from under the rubble in Remal and Tal el Hawa, these fatalities split across 4 events, 25 fatalities were coded to this event].; On 31 January 2024, Israeli warplanes struck houses in Gaza - Az Zaytun (Gaza City, Gaza Strip) and Al Jalas street in the same area, killing 7 Palestinians. Meanwhile, artillery struck targets in the same area. Casualties unknown.; On 31 January 2024, Israeli warplanes struck a house east of Jabalya town (North Gaza, Gaza Strip). Casualties unknown. [On 4 February 2024, dozens of bodies were recovered from under the rubble in the area of Jabalya (North Gaza), these fatalities were coded to this event as 12].; On 30 January 2024, Israeli warplanes struck a house in Al Hadaba area of Deir al Balah city (Deir El Balah, Gaza Strip), killing 11 Palestinians and injuring a number of others.; On 30 January 2024, Hamas militants exchanged fire with IDF troops amid artillery fire in Al Dahrah area of Khan Yunis camp (coded to Khan Yunis - West (Municipal Stadium), Gaza Strip), where Israeli tanks struck the Al Farouq Mosque in the camp. And Hamas operatives targeted vehicles with anti-tank shells. Also, PIJ militants targeted 2 tanks and a bulldozer with RBG shells, clashed with IDF troops and fired mortar shells at Israeli forces. In addition, Al Aqsa Martyrs Brigade clashed with IDF troops west of the city. IDF confirmed that 3 soldiers were killed and 26 more were injured during past hours (coded to this location). In addition, IDF confirmed that a number of militants were killed by airstrikes, coded as 10. Total fatalities coded as 13 (3 confirmed Israelis, 10 unknown Palestinians).; On 30 January 2024, an Israeli UAV killed a militant cell while approaching IDF troops in central Gaza Strip, coded to Deir al Balah (Deir El Balah, Gaza Strip). Fatalities coded as 10.; On 30 January 2024, Israeli warplanes struck targets and houses west of Khan Yunis and in the area of the industrial zone and Khan Yunis camp (coded to Khan Yunis - West (Municipal Stadium), Gaza Strip). Meanwhile, artillery shelled targets in the vicinity of Naser Hospital west of the city, in which the hospital was placed under siege. Also, warplanes struck a house near Naser Hospital, leaving an unspecified number of fatalities. Additionally, a Palestinian woman was killed, and several persons were injured in an airstrike targeting a house in Khan Yunis camp, west of the city. [Palestinian Ministry of Health reported 26900 fatalities upto 30 January 2024. 74 fatalities not attributed to specific events split across 2 events on 30 January. 37 fatalities coded to this event.] Total fatalities coded as 38 (1 known + 37 unspecified).; On 30 January 2024, Israeli warplanes struck houses in Gaza - Northern Remal (Gaza City, Gaza Strip), leaving an unspecified number of fatalities and injuries including a girl. Also, artillery targeted the vicinity of Al Shifa Hospital and Al Shuhadaa Street in the same area. Casualties unknown. [Palestinian Ministry of Health reported 26900 fatalities upto 30 January 2024. 74 fatalities not attributed to specific events split across 2 events on 30 January. 37 fatalities coded to this event.]; On 29 January 2024, Israeli UAVs struck 2 Palestinian ambulances in Gaza City (Gaza Strip), leaving an unspecified number of fatalities and injuries. Unknown fatalities coded as 3. Also, warplanes targeted a passing car in Gaza City and killed 5 civilians from the same family. Meanwhile, the artillery struck several locations and targets in the city. Total fatalities coded as 8 (5 confirmed and 3 unknown).; On 29 January 2024, Israeli warplanes struck a house in Gaza - At Tuffah (Gaza City, Gaza Strip), killing 25 Palestinians and injuring a number of others.; On 29 January 2024, Israeli warplanes struck a house west of Az Zawayda (Deir El Balah, Gaza Strip), killing 14 Palestinians.; On 29 January 2024, Israeli warplanes struck houses in Gaza - Sabra (Gaza City, Gaza Strip), killing at least 20 Palestinians and injuring a number of others.; On 29 January 2024, Israeli warplanes struck houses in Gaza - Southern Remal (Gaza City, Gaza Strip), killing and injuring dozens of Palestinians. Unknown fatalities coded as 12. Also, Israeli artillery shelled an UNRWA school hosting displaced people, killing at least 10 Palestinians. Total fatalities coded as 22 (10 confirmed, 12 unknown).; On 29 January 2024, Palestinian militants (likely Hamas) exchanged fire with IDF troops amid artillery shelling in Gaza - Az Zaytun (Gaza City, Gaza Strip). As a result, a number of Palestinians were killed. Unknown fatalities coded as 10.; On 29 January 2024, Palestinian militants (likely Hamas) exchanged fire with IDF troops amid artillery shelling in Gaza - Tal el Hawa (Gaza City, Gaza Strip). As a result, a number of Palestinians were killed. Unknown fatalities coded as 10.; On 28 January 2024, Palestinian militants exchanged fire with IDF troops west of Khan Yunis city (coded to Khan Yunis - West (Municipal Stadium)) (Gaza Strip). Meanwhile, Hamas militants attacked 11 Israeli military vehicles during 48 hours of fighting. Also, the PIJ clashed with IDF troops in several location of the city (coded to this location). IDF said that at least 2 militants were killed in airstrikes in Khan Yunis (coded to this location), and another militants were killed in face-to-face clashes in the area. Total Palestinian fatalities were at least 11.; On 28 January 2024, Israeli warplanes struck a house west of An Nusayrat refugee camp (An Nusayrat - West, Deir El Balah, Gaza Strip), killing at least 23 Palestinians and injuring a number of others. Also, warplanes struck another house in Al Sawarha area west of the camp, killing 4 Palestinians. The total confirmed fatalities were at least 27.; On 28 January 2024, Israeli warplanes struck a house in Gaza - Ash Shati' Camp (Gaza City, Gaza Strip), killing 10 Palestinians and injuring a number of others, including a journalist.; On 28 January 2024, Israeli artillery struck targets and opened fire in the vicinity of Al Amal Hospital in Khan Yunis - Al Amal (Khan Yunis, Gaza Strip). Also, at least one Palestinian was killed and 10 others were injured in an artillery shelling that targeted a school hosting displaced people in Al Amal. Fatalities coded as at least 1. Meanwhile, Israeli artillery shelled other targets, including a house in Khan Yunis - Al Amal, killing an unspecified number of Palestinians and injuring others. [Palestinian Ministry of Health reported 26637 fatalities upto 28 January 2024. 142 fatalities not attributed to specific events split across 3 events on 28 January. 47 fatalities coded to this event.] Total fatalities coded as 48 (at least 1 known + 47 presumed).; On 28 January 2024, Israeli gunboats shelled targets along the coast of Khan Yunis (coded to Khan Yunis Port) (Gaza Strip), leaving an unspecified number of fatalities and injuries. [Palestinian Ministry of Health reported 26637 fatalities upto 28 January 2024. 142 fatalities not attributed to specific events split across 3 events on 28 January. 47 fatalities coded to this event.]; On 28 January 2024, Israeli warplanes struck targets in Gaza - Tal el Hawa (Gaza City, Gaza Strip), killing and injuring an unspecified number of Palestinians, including women and children. Meanwhile, gunboats and artillery struck targets and opened fire at in same area. [Palestinian Ministry of Health reported 26637 fatalities upto 28 January 2024. 142 fatalities not attributed to specific events split across 3 events on 28 January. 47 fatalities coded to this event.]; On 28 January 2024, Israeli warplanes struck a house in Gaza - Az Zaytun (Gaza City, Gaza Strip), killing at least 8 Palestinians and injuring dozens. Meanwhile, IDF tanks targeted a group of Palestinians who were waiting aid trucks in same area, injuring a number of them. The total confirmed fatalities were at least 8.; On 28 January 2024, Palestinian militants (likely Hamas) exchanged fire with IDF troops in Jabalya town (North Gaza, Gaza Strip). IDF said that its troops killed a number of militants in northern Gaza on that day (coded to this location). Unknown fatalities coded as 10.; On 27 January 2024, Israeli warplanes struck a number of houses in Khan Yunis city (Khan Yunis, Gaza Strip), killing 9 Palestinians, including women.; On 27 January 2024, Israeli artillery and tanks struck targets near the industrial zone and the PRCS office west of Khan Yunis, (coded to Khan Yunis - West (Municipal Stadium), Gaza Strip), injuring 5 Palestinians. Also, Israeli tanks and artillery shelled targets in the vicinity of Naser Hospital, killing 28 Palestinians and wounding a number of others. Also, 4 Palestinians were killed and dozens were injured in an airstrike that targeted Al Malalha area, meanwhile other airstrikes targeted a house in Jourat al-Aqqad west of the city. Additionally, tanks opened fire in the vicinity of Khan Yunis Camp. The total fatalities were 32.; On 27 January 2024, PIJ militants clashed with IDF troops, targeted a Merkava tank and a troops carrier with a shell, and fired mortar rounds toward IDF troops operating west of Khan Yunis city, including the areas of Naser Hospital and the PRCS office (coded to Khan Yunis - West (Municipal Stadium)) (Gaza Strip). Also, Hamas operatives clashed with IDF troops and targeted vehicles with anti-tank shells west of the city. Additionally, Al Aqsa Martyrs Brigade - Nidal Al-Amoude exchanged fire with Israeli forces in the same area. Casualties unknown among IDF troops. In parallel, IDF declared the killing of at least 11 Palestinian militants in several incidents using artillery fire and airstrikes in the Gaza Strip on that day (coded to this location). Total fatalities among Palestinian militants were at least 11.; On 27 January 2024, Israeli warplanes struck a number of houses in Deir al Balah city (Deir El Balah, Gaza Strip), killing 7 Palestinians.; On 27 January 2024, Israeli artillery and tanks fired shells in Gaza - Sabra (Gaza City, Gaza Strip), leaving an unspecified number of fatalities and injuries among Palestinians. U[Palestinian Ministry of Health reported 26422 fatalities upto 27 January 2024. 93 fatalities not attributed to specific events added to 1 event on 27 January. 93 fatalities coded to this event.]; On 27 January 2024, Israeli warplanes carried out strikes in Khan Yunis - City Centre (Khan Yunis, Gaza Strip). Meanwhile, artillery and tanks shelled targets in the same area. Casualties unknown. [On 2 February 2024, 12 bodies were recovered from under the rubble in Khan Yunis - City Centre, these fatalities were coded to this event].; On 26 January 2024, Israeli warplanes struck a house in Al Haker area of Deir al Balah city (Deir El Balah, Gaza Strip), killing 6 Palestinians and injuring a number of others.; On 26 January 2024, Palestinian militants clashed with IDF troops west of Khan Yunis Camp (coded to Khan Yunis - West (Municipal Stadium), Gaza Strip), near the Jordan Hospital and Naser Hospital. Meanwhile, Hamas fighters targeted Israeli vehicles with anti-tank shells west of Khan Yunis. Israeli warplanes and tanks opened fire in the same area, killing dozens of Hamas militants. Unknown fatalities coded as 12. IDF also claimed to have killed additional 5 and 6 militants in separate instances in Khan Yunis, coded to this event. Total fatalities coded as 23 (12 unspecified +11 known); On 26 January 2024, Israeli artillery struck targets in Beit Lahiya (North Gaza, Gaza Strip). Unspecified casualties. [Palestinian Ministry of Health reported 26257 fatalities between 7 October - 26 January. 138 fatalities not attributed to specific events split across 3 events on 26 January 2024. 46 fatalities coded to this event.]; On 26 January 2024, Israeli warplanes struck targets in the vicinity of the Naser Hospital west of Khan Yunis, meanwhile artillery and tanks opened fire and shelled the same area (coded to Khan Yunis - West (Municipal Stadium)) (Gaza Strip). Unspecified number of casualties. [Palestinian Ministry of Health reported 26257 fatalities between 7 October - 26 January. 138 fatalities not attributed to specific events split across 3 events on 26 January 2024. 46 fatalities coded to this event.]; On 26 January 2024, Israeli artillery shelled targets north of Al Burayj Camp (Deir El Balah, Gaza Strip). Casualties unknown. [On 1 February 2024, 6 bodies were recovered from under the rubble in north of Al Burayj, these fatalities were coded to this event].; On 26 January 2024, Israeli artillery struck targets in Jabalya town (North Gaza, Gaza Strip). Unspecified casualties. [Palestinian Ministry of Health reported 26257 fatalities between 7 October - 26 January. 138 fatalities not attributed to specific events split across 3 events on 26 January 2024. 46 fatalities coded to this event.]; On 25 January 2024, Palestinian militants clashed with Israeli forces near Khan Yunis Camp west of Khan Yunis (coded to Khan Yunis - West (Municipal Stadium), Gaza Strip). Meanwhile, the PIJ fired mortar shells toward IDF troops operating . Also, Hamas militants targeted 2 Israeli tanks with al-Yasin shells west of the city. Additionally, the Mujahideen Brigades fired a surface-to-air missile toward an Israeli helicopter. IDF killed at least 6 militants in airstrikes, artillery fire, and exchanges of fire during the day in the area. Also, IDF declared that a soldier was killed and 47 were injured in Gaza Strip in this day (coded to this location). Total fatalities were at least 7 (6 Palestinians and 1 Israeli).; On 25 January 2024, Israeli warplanes struck houses in Al Hasayna and west of An Nusayrat (An Nusayrat - West, Deir El Balah, Gaza Strip), killing 11 Palestinians, including a journalist, and injuring a number of others.; On 25 January 2024, Israeli warplanes struck a house in Al Maghazi refugee camp (Deir El Balah, Gaza Strip), killing 13 Palestinians.; On 25 January 2024, a heavy exchange of fire occurred between Palestinian militants (coded as Hamas) and the IDF special forces in Khan Yunis - City Centre (Khan Yunis, Gaza Strip). IDF claimed that it killed unspecified number of Hamas militants in this clash. Unspecified number of fatalities coded as 10.; On 25 January 2024, Israeli warplanes struck targets and houses in the vicinity of the PRCS office and Naser Hospital west of Khan Yunis, meanwhile artillery and tanks shelled the area of the Naser Hospital west of Khan Yunis (coded to Khan Yunis - West (Municipal Stadium), Gaza Strip). Also, Israeli UAVs opened fire and struck targets in the same area. Meanwhile, tanks shelled targets in Al Dahra junction, killing and injuring an unspecified number of Palestinians. [Palestinian Ministry of Health reported 26083 fatalities upto 25 January 2024. 103 fatalities not attributed to specific events added to 1 event on 25 January. 103 fatalities coded to this event.]; On 25 January 2024, Israeli tanks opened fire and fired shells toward Palestinians who were waiting for aid trucks in Gaza - Az Zaytun (Gaza City, Gaza Strip). As a result, at least 20 Palestinians were killed and another 150 were injured.; On 24 January 2024, Palestinian militants clashed with IDF troops west of Khan Yunis and near Naser Hospital and Hamas fighters fired mortar rounds and targeted 4 Merkava tanks with al-Yasin anti-tank shells west of Khan Yunis (coded to Khan Yunis - West (Municipal Stadium), Gaza Strip). Also, PIJ clashed with Israeli forces in the same area. Meanwhile, Hamas operatives detonated a booby-trapped house among 10 soldiers and claimed that they killed and injuring a group of soldiers who were inside a house after targeting them with a TBG shell. Claimed fatalities coded as 0. IDF said claimed that its troops killed 'numerous' Hamas militants by snipers, airstrikes, and tank fire. Unknown Hamas fatalities coded as 10. the IDF confirmed that a soldier was killed in the Gaza Strip that day (coded to this event). Total fatalities coded as 11 (1 confirmed Israeli fatality, 10 unknown Hamas fatalities).; On 24 January 2024, Israeli warplanes and tanks struck the UNRWA vocational college northwest of Khan Yunis - Al Amal (Khan Yunis, Gaza Strip), killing at least 14 displaced people, including women and children, and injuring dozens of Palestinians. The IDF denied responsibility for the attack saying that there is a possibility that Hamas shells caused this incident.; On 24 January 2024, Israeli tanks opened fire and struck targets in the vicinity of Al Amal Hospital in Khan Yunis - Al Amal (Khan Yunis, Gaza Strip). IDF claimed that it killed 4 and 6 militants during 2 instances in Al Amal area by directing air force towards them. Total fatalities coded as 10.; On 24 January 2024, Israeli warplanes and artillery struck targets in Al Burayj refugee camp (Deir El Balah, Gaza Strip) leading to fatalities. [Palestinian Ministry of Health reported 25900 fatalities upto 24 January 2024. 121 fatalities not attributed to specific events split across 2 events on 24 January. 60 fatalities coded to this event.]; On 24 January 2024, Israeli warplanes struck targets in Gaza City (Gaza City, Gaza Strip) leading to fatalities. [Palestinian Ministry of Health reported 25900 fatalities upto 24 January 2024. 121 fatalities not attributed to specific events split across 2 events on 24 January. 61 fatalities coded to this event.]; On 24 January 2024, Israeli warplanes struck a house in Jabalya town (North Gaza, Gaza Strip), killing 14 Palestinians and injuring more than 20 other persons.; On 23 January 2024, Israeli warplanes struck tents belonging to displaced Palestinians in Al Mawasi (Khan Yunis) - Gaza Strip, leaving at least 7 fatalities and dozens of injuries, including women and children.; On 23 January 2024, Israeli warplanes and artillery struck houses and targets west of Gaza City (coded to Gaza - Southern Remal) (Gaza City, Gaza Strip), killing 20 Palestinians.; On 23 January 2024, armed clashed occurred between Hamas militants and the IDF near Naser Hospital west of Khan Yunis (coded to Khan Yunis - West (Municipal Stadium), Gaza Strip). Also, PIJ militants fired Mortar shells toward IDF troops stationed west of Khan Yunis camp and they detonated an IED against a tank in the Japanese neighborhood. And Hamas militants struck 3 Merkava tanks using al-Yasin shells and detonated an IED against troops who were in a building, and claimed that 3 soldiers were killed. Claimed fatalities coded 0. 14 Israeli soldiers were injured, 3 in serious condition, coded to this location. The IDF declared that its troops killed dozens of Hamas militants. In another statement, IDF claimed they killed more than 100 Hamas militants in west of Khan Yunis on this day. Fatalities coded as 100.; On 23 January 2024, Israeli warplanes struck the PRCS office west of Khan Yunis (coded to Khan Yunis - West (Municipal Stadium), Gaza Strip), injuring a number of Palestinians, including displaced people. Also, the artillery shelled targets in the vicinity of Naser Hospital and Al Aqsa University west of the city. Meanwhile, warplanes struck targets in Khan Yunis refugee camp west of the city, killing 8 Palestinians. Confirmed fatalities were 8.; On 23 January 2024, Israeli warplanes struck Palestinians on the coast of Khan Yunis, coded to Khan Yunis Port (Khan Yunis, Gaza Strip), killing an unspecified number of Palestinians and injuring dozens. Also, Israeli gunboats shelled targets along the coast of Khan Yunis. Casualties unknown. [Palestinian Ministry of Health reported 25700 fatalities upto 23 January 2024. 55 fatalities not attributed to specific events split across 2 events on 22 January. 27 fatalities coded to this event.]; On 23 January 2024, Israeli warplanes struck a passing vehicle carrying displaced Palestinians on the coastal road between Khan Yunis and Deir El Balah, northwest of Al Mawasi (Khan Yunis) - Gaza Strip, leaving an unspecified number of fatalities and injuries. [Palestinian Ministry of Health reported 25700 fatalities upto 23 January 2024. 55 fatalities not attributed to specific events split across 2 events on 22 January. 28 fatalities coded to this event.]; On 23 January 2024, Israeli warplanes struck a house in Jabalya town (North Gaza, Gaza Strip), killing 7 Palestinians, including women and injuring others.; On 22 January 2024, Israeli artillery struck several targets including a school hosting displaced people in Al Mawasi (Khan Yunis) - Gaza Strip, killing 40 Palestinians and injuring dozens. Also, the artillery and tanks struck targets in the vicinity of Al Aqsa University and Al Khair Hospital in Al Mawasi leaving unspecified fatalities. [Palestinian Ministry of Health reported 25490 fatalities upto 22 January 2024. 111 fatalities not attributed to specific events split across 4 events on 22 January. 27 fatalities coded to this event.] Total fatalities coded as 67 (40 known + 27 presumed).; On 22 January 2024, Israeli warplanes struck a house and other targets in the vicinity of Naser Hospital, west of Khan Yunis, Khan Yunis - West (Municipal Stadium) - Gaza Strip, causing a number of fatalities and injuries. And 12 Palestinians were killed, including a woman and 3 children. Also, warplanes struck a house in Khan Yunis Camp, west of the city. [Palestinian Ministry of Health reported 25490 fatalities upto 22 January 2024. 111 fatalities not attributed to specific events split across 4 events on 22 January. 28 fatalities coded to this event.] Total fatalities coded as 40 (12 known + 28 presumed).; On 22 January 2024, Israeli warplanes struck a house in Beit Lahiya (North Gaza, Gaza Strip), killing and injuring a number of Palestinians, including 2 confirmed deaths. [Palestinian Ministry of Health reported 25490 fatalities upto 22 January 2024. 111 fatalities not attributed to specific events split across 4 events on 22 January. 28 fatalities coded to this event.] Total fatalities coded as 30 (2 known + 28 presumed).; On 22 January 2024, Israeli artillery struck a group of people in Gaza - Az Zaytun (Gaza City, Gaza Strip), killing and injuring a number of Palestinians, including 2 confirmed deaths. [Palestinian Ministry of Health reported 25490 fatalities upto 22 January 2024. 111 fatalities not attributed to specific events split across 4 events on 22 January. 28 fatalities coded to this event.] Total fatalities coded as 30 (2 known + 28 presumed).; On 22 January 2024, an exchange of fire occurred between Palestinian militants (coded as Hamas) and IDF troops in al-Tawam and west of Jabalya (North Gaza, Gaza Strip). IDF claimed that it killed 1 militant by opening fire and a number of others by directing an aircraft in North Gaza, coded to this event. Total fatalities coded as 10 (1 confirmed + 9 unspecified); On 21 January 2024, IDF troops killed 15 Palestinian militants (coded as Hamas) in Gaza - Ad Darraj and Gaza - At Tuffah (Gaza City, Gaza Strip). Fatalities split across 2 events coded for each location, 8 fatalities were coded to this location.; On 21 January 2024, IDF troops killed 15 Palestinian militants (coded as Hamas) in Gaza - Ad Darraj and Gaza - At Tuffah (Gaza City, Gaza Strip). Fatalities split across 2 events, 7 were coded to this location.; On 21 January 2024, Israeli warplanes struck targets including houses in Al Heker area of Deir al Balah city (Deir El Balah, Gaza Strip), killing 2 Palestinians. Also, 4 Palestinians were killed in an airstrike that targeted a house in Al Sawarha area in in the city. Total fatalities were 6.; On 21 January 2024, an exchange of fire occurred between Palestinian militants (coded as Hamas) and IDF troops amid artillery fire in Khan Yunis city (Khan Yunis, Gaza Strip). Also, a number of Palestinian militants were killed in sniping and air attacks. Fatalities among militants coded as 10.; On 21 January 2024, Israeli warplanes struck targets in the vicinity of Al Amal Hospital and in Khan Yunis - Al Amal (Khan Yunis, Gaza Strip), leaving an unspecified number of fatalities and dozens of injuries among Palestinians. Also, 7 persons were injured in an airstrike that targeted a house. [Palestinian Ministry of Health reported 25295 fatalities upto 21 January 2024. 140 fatalities not attributed to specific events split across 4 events on 21 January. 34 fatalities coded to this event.]; On 21 January 2024, Israeli warplanes struck a house west of An Nusayrat (An Nusayrat - West, Deir El Balah, Gaza Strip), leaving an unspecified number of fatalities and injuries. [Palestinian Ministry of Health reported 25295 fatalities upto 21 January 2024. 140 fatalities not attributed to specific events split across 4 events on 21 January. 34 fatalities coded to this event.]; On 21 January 2024, Israeli warplanes struck a house in Gaza - Az Zaytun (Gaza City, Gaza Strip), leaving an unspecified number of fatalities. [Palestinian Ministry of Health reported 25295 fatalities upto 21 January 2024. 140 fatalities not attributed to specific events split across 4 events on 21 January. 34 fatalities coded to this event.]; On 21 January 2024, Israeli snipers killed a number of Palestinians and injured others in Al Katiba area of Gaza - Tal el Hawa (Gaza City, Gaza Strip). [Palestinian Ministry of Health reported 25295 fatalities upto 21 January 2024. 140 fatalities not attributed to specific events split across 4 events on 21 January. 34 fatalities coded to this event.]; On 20 January 2024, an Israeli UAV struck and killed a Palestinian in Khan Yunis city (Khan Yunis, Gaza Strip). Also, 11 Palestinians were killed and other people were injured in airstrikes and artillery shelling in Khan Yunis city. Total fatalities were 12.; On 20 January 2024, Israeli warplanes and artillery struck targets in Al Burayj refugee camp (Deir El Balah, Gaza Strip), killing 20 Palestinians in Al Burayj, Al Maghazi, and Al Musaddar. Fatalities split across 3 events, 7 were coded to this location. Also, a Palestinian was killed by an airstrike while attempting to recover a body from under the rubble. Total fatalities coded as 8.; On 20 January 2024, Israeli warplanes and artillery struck targets in Al Maghazi refugee camp (Deir El Balah, Gaza Strip), killing 20 Palestinians in Al Burayj, Al Maghazi, and Al Musaddar. Fatalities split across 3 events, 7 were coded to this location.; On 20 January 2024, Israeli warplanes and artillery struck targets in Al Musaddar (Deir El Balah, Gaza Strip), killing 20 Palestinians in Al Burayj, Al Maghazi, and Al Musaddar. Fatalities split across 3 events, 6 were coded to this location.; On 20 January 2024, Israeli warplanes struck targets in An Nusayrat refugee camp (Deir El Balah, Gaza Strip), leaving an unspecified number of Palestinian fatalities, injuries, and missing people. Also, 4 Palestinians were killed in an airstrike that targeted an apartment. [Palestinian Ministry of Health reported 25105 fatalities upto 20 January 2024. 106 fatalities not attributed to specific events split across 2 events on 20 January. 53 fatalities coded to this event.] Total fatalities were 57 (4 known + 53 presumed).; On 20 January 2024, heavy exchange of fire occurred between Hamas militants and IDF troops operating east of Jabalya town (North Gaza, Gaza Strip) amid airstrikes and artillery fire. IDF claimed that it killed a number of militants during a clash in northern Gaza, coded to this event. Unspecified number of fatalities coded as 10.; On 20 January 2024, Israeli warplanes struck a house in Jabalya town (North Gaza, Gaza Strip), leaving 10 fatalities and 21 injuries.; On 20 January 2024, Israeli warplanes and artillery struck targets in Khan Yunis - As-Sameen (Khan Yunis, Gaza Strip). Casualties unknown. [Palestinian Ministry of Health reported 25105 fatalities up to 20 January 2024. 106 fatalities not attributed to specific events split across 2 events on 20 January. 53 fatalities coded to this event.]; On 19 January 2024, Israeli warplanes struck a house west of Khan Yunis, Khan Yunis - West (Municipal Stadium) - Gaza Strip, leaving 8 Palestinian fatalities. Also, 29 Palestinian bodies were recovered from under the rubble west of Khan Yunis. Total fatalities coded as 37.; On 19 January 2024, Israeli warplanes struck an apartment near Al Shifa hospital in Gaza - Northern Remal (Gaza City, Gaza Strip), killing 15 Palestinians and injuring a number of others.; On 19 January 2024, Israeli artillery struck targets east of Al Maghazi Camp (Deir El Balah, Gaza Strip), killing 7 Palestinians.; On 19 January 2024, Israeli warplanes struck targets in Gaza - Ash Shaykh Ijlin (Gaza City, Gaza Strip), leaving a number of fatalities and injuries among Palestinians. [Palestinian Ministry of Health reported 24927 fatalities upto 19 January 2024. 86 fatalities not attributed to specific events split across 2 events on 19 January. 43 fatalities coded to this event.]; On 19 January 2024, Israeli warplanes struck targets in Gaza - Tal el Hawa (Gaza City, Gaza Strip), leaving a number of fatalities and injuries among Palestinians. [Palestinian Ministry of Health reported 24927 fatalities upto 19 January 2024. 86 fatalities not attributed to specific events split across 2 events on 19 January. 43 fatalities coded to this event.]; On 18 January 2024, Israeli warplanes carried out airstrikes in An Nusayrat refugee camp (Deir El Balah, Gaza Strip), causing fatalities and injuries. [Palestinian Ministry of Health reported 24762 fatalities upto 18 January 2024. 28 fatalities not attributed to specific events split across 4 events on 18 January. 28 fatalities coded to this event.]; On 18 January 2024, Israeli warplanes carried out airstrikes in Al Maghazi refugee camp (Deir El Balah, Gaza Strip), causing fatalities and injuries. [Palestinian Ministry of Health reported 24762 fatalities upto 18 January 2024. 28 fatalities not attributed to specific events split across 4 events on 18 January. 28 fatalities coded to this event.]; On 18 January 2024, Israeli warplanes carried out airstrikes in Al Burayj refugee camp (Deir El Balah, Gaza Strip), causing fatalities and injuries. [Palestinian Ministry of Health reported 24762 fatalities upto 18 January 2024. 28 fatalities not attributed to specific events split across 4 events on 18 January. 28 fatalities coded to this event.]; On 18 January 2024, Israeli warplanes and artillery struck targets in Mukhayyam Jabalya Camp (North Gaza, Gaza Strip), causing fatalities and injuries. [Palestinian Ministry of Health reported 24762 fatalities upto 18 January 2024. 28 fatalities not attributed to specific events split across 4 events on 18 January. 28 fatalities coded to this event.]; On 18 January 2024, Israeli warplanes carried out airstrikes in Jabalya (North Gaza, Gaza Strip). IDF claimed that it killed unspecified number of militants in air strikes against militants operating near a school. Unspecified number fatalities coded as 10.; On 17 January 2024, Israeli warplanes struck houses in Gaza - Ad Darraj (Gaza City, Gaza Strip), killing 25 Palestinians and injuring dozens.; On 17 January 2024, Israeli warplanes struck houses west of Khan Yunis, Khan Yunis - West (Municipal Stadium) - Gaza Strip, leaving 7 Palestinian fatalities.; On 17 January 2024, Hamas militants clashed with IDF troops amid artillery shelling in Khan Yunis - City Centre (Khan Yunis, Gaza Strip). Casualties unknown. [IDF claimed that its ground fighters killed 40 militants in Khan Yunis on this day, of which 3 are already coded. 37 fatalities not attributed to specific events split across 3 events on 17 January. 13 fatalities coded to this event.]; On 17 January 2024, heavy armed clashes occurred between Palestinian militants (coded as Hamas Movement) and IDF troops on the outskirts of Naser Hospital and Al Namsawi area, west of Khan Yunis city, Khan Yunis - West (Municipal Stadium) - Gaza Strip. Meanwhile, Israeli artillery struck targets in the area. Casualties unknown. [IDF claimed that its ground fighters killed 40 militants in Khan Yunis on this day, of which 3 are already coded. 37 fatalities not attributed to specific events split across 3 events on 17 January. 12 fatalities coded to this event.]; On 17 January 2024, Israeli warplanes struck the Al Maghazi refugee camp (Deir El Balah, Gaza Strip), causing an unspecified number of fatalities and injuries. Meanwhile, artillery struck targets in the same area. Casualties unkown. [Palestinian Ministry of Health reported 24620 fatalities upto 17 January 2024. 65 fatalities not attributed to specific events split across 3 events on 17 January. 21 fatalities coded to this event.]; On 17 January 2024, Israeli warplanes struck the Al Burayj refugee camp (Deir El Balah, Gaza Strip), causing an unknown number of fatalities and injuries. Meanwhile, artillery struck targets in the same area. Casualties unknown. [Palestinian Ministry of Health reported 24620 fatalities upto 17 January 2024. 65 fatalities not attributed to specific events split across 3 events on 17 January. 22 fatalities coded to this event.]; On 17 January 2024, Israeli warplanes carried out airstrikes in Mukhayyam Jabalya Camp (North Gaza, Gaza Strip), causing an unknown number of fatalities and injuries. [Palestinian Ministry of Health reported 24620 fatalities upto 17 January 2024. 65 fatalities not attributed to specific events split across 3 events on 17 January. 22 fatalities coded to this event.]; On 17 January 2024, Israeli warplanes struck a house and killed 19 Palestinians including children and women, east of Rafah (coded to Yibna, Gaza Strip). Meanwhile, artillery shelled targets in the same area. Total fatalities were 19.; On 17 January 2024, Hamas militants clashed with IDF troops using firearms and a TGB shell and targeted an Israeli Merkava tank and a D9 bulldozer with al-Yasin anti-tank shells in Khan Yunis - As-Sameen (Khan Yunis, Gaza Strip). Casualties unknown. [IDF claimed that its ground fighters killed 40 militants in Khan Yunis on this day, of which 3 are already coded. 37 fatalities not attributed to specific events split across 3 events on 17 January. 12 fatalities coded to this event.]; On 16 January 2024, Israeli warplanes carried out airstrikes on the outskirts of Naser Hospital and west of Khan Yunis, Khan Yunis - West (Municipal Stadium) - Gaza Strip, killing 7 Palestinians.; On 16 January 2024, Israeli warplanes struck houses in Al Nafaq street in Gaza - Shujaiyya (Gaza City, Gaza Strip), killing 20 Palestinians.; On 16 January 2024, Israeli warplanes carried out airstrikes in Khan Yunis city (Khan Yunis, Gaza Strip), and the artillery struck targets in the same area. As a result, at least 13 Palestinians were killed and several others were injured.; On 16 January 2024, Israeli warplanes struck targets and opened fire toward houses in Al Maghazi Camp (Deir El Balah, Gaza Strip), leaving 7 fatalities in Al Maghazi and Al Burayj refugee camp. Fatalities split across 2 events, and 4 of 7 fatalities coded to this location. Also, another 13 Palestinian bodies were recovered from under the rubble. Total fatalities coded to this location 17.; On 16 January 2024, Israeli warplanes struck a house in Gaza - Sabra (Gaza City, Gaza Strip), killing 20 Palestinians and injuring a number of others.; On 16 January 2024, Hamas and PIJ militants fired Mortar rounds toward IDF troops operating in Khan Yunis City (Khan Yunis, Gaza Strip). Meanwhile, Israeli helicopter opened fire and killed a number of militants. Unknown fatalities coded as 10. Additionally, 2 other militants were killed by ground forces. Total fatalities coded as 12.; On 16 January 2024, Palestinian militants (coded as Hamas Movement) exchanged fire with IDF troops in Al Karamah and Al Mukhabarat area northwest of Gaza city, Gaza - Ash Shati' Camp (Gaza City, Gaza Strip). Meanwhile, Israeli warplanes struck and killed 9 militants.; On 16 January 2024, Israeli military forces clashed with militants (coded as Hamas) in Beit Lahiya (North Gaza, Gaza Strip) killing dozens of militants. Fatalities coded as 12.; On 16 January 2024, Israeli warplanes struck a house in Gaza - Az Zaytun (Gaza City, Gaza Strip), killing 11 Palestinians and injuring a woman.; On 16 January 2024, Israeli warplanes struck a house south of Khan Yunis city, Khan Yunis - Jourat Al-Loot (Khan Yunis, Gaza Strip), killing more than 11 Palestinians and injuring a number of others.; On 16 January 2024, Israeli warplanes struck groups of people in Khirbet al Adas (Rafah, Gaza Strip), killing and injuring an unspecified number of Palestinians. [Palestinian Ministry of Health reported 24448 fatalities upto 16 January 2024. 14 fatalities not attributed to specific events added to 1 event on 16 January. 14 fatalities coded to this event.]; On 15 January 2024, Israeli artillery struck a group of Palestinians west of Khan Yunis city, Khan Yunis - West (Municipal Stadium) (Khan Yunis, Gaza Strip), leaving 8 fatalities and 15 injuries.; On 15 January 2024, Israeli warplanes struck targets in Gaza - Sabra (Gaza City, Gaza Strip), leaving at least 20 Palestinian fatalities and dozens of injuries.; On 15 January 2024, Israeli warplanes carried out airstrikes while artillery shelled targets in Khan Yunis city (Khan Yunis, Gaza Strip), killing 16 Palestinians including 6 children.; On 15 January 2024, Israeli warplanes carried out airstrikes near the European hospital in Al Fukhari (Khan Yunis, Gaza Strip), causing an unspecified number of fatalities and injuries. [Palestinian Ministry of Health reported 24448 fatalities upto 15 January. 107 fatalities not attributed to specific events split across 4 events on 15 January 2024. 26 fatalities coded to this event.]; On 15 January 2024, Israeli warplanes opened fire east of Al Maghazi refugee camp (Deir El Balah, Gaza Strip), causing an unspecified number of fatalities and injuries. [Palestinian Ministry of Health reported 24448 fatalities upto 15 January. 107 fatalities not attributed to specific events split across 4 events on 15 January 2024. 27 fatalities coded to this event.]; On 15 January 2024, Israeli warplanes carried out airstrikes and the artillery shelled targets in Al Maghazi refugee camp (Deir El Balah, Gaza Strip), causing an unspecified number of fatalities and injuries. [Palestinian Ministry of Health reported 24448 fatalities upto 15 January. 107 fatalities not attributed to specific events split across 4 events on 15 January 2024. 27 fatalities coded to this event.]; On 15 January 2024, Israeli artillery struck a house in Gaza - Az Zaytun (Gaza City, Gaza Strip), killing 12 Palestinians and injuring another 15 persons.; On 15 January 2024, Israeli warplanes struck houses on the outskirts of Qizan an Najjar (Khan Yunis, Gaza Strip), causing an unspecified number of fatalities and injuries. [Palestinian Ministry of Health reported 24448 fatalities upto 15 January. 107 fatalities not attributed to specific events split across 4 events on 15 January 2024. 27 fatalities coded to this event.]; On 15 January 2024, Israeli artillery struck a house in Miraj area north of Rafah city (coded to Khirbet al Adas, Gaza Strip), killing 11 Palestinians and injuring several of others, including children and women.; On 14 January 2024, Israeli warplanes struck houses in Gaza - Ad Darraj (Gaza City, Gaza Strip), leaving 50 Palestinian fatalities.; On 14 January 2024, PIJ sniped an Israeli soldier in Khan Yunis - City Centre (Khan Yunis, Gaza Strip). Meanwhile, IDF confirmed the killing of 2 Palestinian militants in an airstrike. Also, another 9 militants were killed by a tank fire in the same area. Total Palestinian fatalities were 11.; On 14 January 2024, Israeli warplanes struck houses in Al Maghazi Camp (Deir El Balah, Gaza Strip). Total 6 fatalities reported in Al Maghazi and Al Burayj refugee camp split across 2 events, and 3 fatalities coded to this location. Also, 10 bodies were recovered from the same area. Total fatalities coded as 13.; On 14 January 2024, Israeli warplanes struck 2 houses in Rafah city (Rafah, Gaza Strip), inflicting 23 fatalities, the majority of them being displaced people.; On 13 January 2024, Israeli warplanes struck a house in Gaza - Ad Darraj (Gaza City, Gaza Strip), leaving 20 Palestinian fatalities, including women and children.; On 13 January 2024, Israeli warplanes and artillery struck targets and houses in Khan Yunis city (Khan Yunis, Gaza Strip), leaving 20 fatalities.; On 13 January 2024, Israeli warplanes struck houses in Al Dawa area north of An Nusayrat Camp (An Nusayrat - North, Deir El Balah, Gaza Strip), leaving dozens of fatalities and a number of injuries among Palestinians. Also, the artillery shelled targets in the same area. Fatalities coded as 12.; On 13 January 2024, Palestinian militants clashed with IDF troops and targeted a number of vehicles with shells and IEDs (Shawaz) in Khan Yunis city (Khan Yunis, Gaza Strip). Meanwhile, Israeli tanks shelled targets in the same area. IDF claimed that a number of militants were killed in the clashes in Khan Yunis on this day. Unspecified number of fatalities coded as 10.; On 13 January 2024, Israeli warplanes carried out airstrikes in Az Zawayda (Deir El Balah, Gaza Strip). Meanwhile, the artillery shelled targets in the same area. As a result, an unspecified number of Palestinians were killed. [Palestinian Ministry of Health reported 23968 fatalities between 7 October - 13 January. 48 fatalities not attributed to specific events split across 4 events on 13 January 2024. 12 fatalities coded to this event.]; On 13 January 2024, Israeli warplanes struck 2 passing Palestinian vehicles in Abasan al Kabirah (Khan Yunis, Gaza Strip), leaving an unspecified number of Palestinian fatalities and injuries. [Palestinian Ministry of Health reported 23968 fatalities between 7 October - 13 January. 48 fatalities not attributed to specific events split across 4 events on 13 January 2024. 12 fatalities coded to this event.]; On 13 January 2024, Israeli artillery struck houses in street 10 of Gaza - Az Zaytun (Gaza City, Gaza Strip), leaving an unspecified number of Palestinian fatalities and injuries. [Palestinian Ministry of Health reported 23968 fatalities between 7 October - 13 January. 48 fatalities not attributed to specific events split across 4 events on 13 January 2024. 12 fatalities coded to this event.]; On 13 January 2024, Israeli artillery struck houses in Gaza - Tal el Hawa (Gaza City, Gaza Strip), leaving an unspecified number of Palestinian fatalities and injuries. [Palestinian Ministry of Health reported 23968 fatalities between 7 October - 13 January. 48 fatalities not attributed to specific events split across 4 events on 13 January 2024. 12 fatalities coded to this event.]; On 12 January 2024, Israeli warplanes struck a house in Al Mashala area of Deir al Balah city (Deir El Balah, Gaza Strip), killed 6 Palestinians and injuring a number of others.; On 12 January 2024, Palestinian militants (coded as Hamas Movement) clashed with Israeli forces amid artillery fire in Al Maghazi refugee camp (Deir El Balah, Gaza Strip). IDF confirmed the killing of a soldier in central Gaza, coded to this location. IDF claimed that it killed about 20 militants in the clash. Total fatalities coded as 21 (20 Hamas militants + 1 IDF soldier); On 12 January 2024, Israeli warplanes carried out airstrikes and struck the al-Dadda building in Bani Suheila (Khan Yunis, Gaza Strip). IDF claimed that it killed 7 militants (coded as Hamas) in the strike towards the building.; On 12 January 2024, Israeli artillery and gunboats shelled targets, including a residential tower in Az Zawayda (Deir El Balah, Gaza Strip), leaving an unspecified number of fatalities and injuries. [Palestinian Ministry of Health reported 23843 fatalities between 7 October - 12 January. 107 fatalities not attributed to specific events split across 3 events on 12 January 2024. 26 fatalities coded to this event.]; On 12 January 2024, Israeli artillery shelled targets in Al Burayj refugee camp (Deir El Balah, Gaza Strip), leaving an unspecified number of fatalities and injuries. [Palestinian Ministry of Health reported 23843 fatalities between 7 October - 12 January. 70 fatalities not attributed to specific events split across 3 events on 12 January 2024. 26 fatalities coded to this event.]; On 12 January 2024, Israeli artillery shelled targets in An Nusayrat refugee camp (Deir El Balah, Gaza Strip), leaving an unspecified number of fatalities and injuries. [Palestinian Ministry of Health reported 23843 fatalities between 7 October - 12 January. 107 fatalities not attributed to specific events split across 3 events on 12 January 2024. 27 fatalities coded to this event.]; On 12 January 2024, Israeli warplanes struck a house near Rafah Crossing southeast of Rafah (coded to Yibna, Gaza Strip), leaving 10 fatalities and a number of injuries.; On 11 January 2024, Israeli warplanes carried out airstrikes in Al Fukhari (Khan Yunis, Gaza Strip), killing 6 persons.; On 11 January 2024, Palestinian militants (coded as Hamas Movement) clashed with Israeli forces in Al Maghazi refugee camp (Deir El Balah, Gaza Strip). IDF said that 3 militants were killed by an airstrike and another 8 were shot dead by snipers. Total Palestinian fatalities were 11.; On 11 January 2024, Israeli warplanes struck a house in Shokat as Sufi (Rafah, Gaza Strip), killing 9 persons from Abu Snimah family.; On 11 January 2024, Hamas militants clashed with IDF troops who were inside a house and targeted them with a-Yasin shells in Khan Yunis city (Khan Yunis, Gaza Strip) and claimed that the soldiers were killed and injured. Claimed fatalities coded 0. IDF said that a Palestinian cell of 3 militants were killed by an airstrike. The IDF also claimed that 2 Palestinians were separately 'eliminated' while placing an explosive device in the same area. Later they detected 2 more militants on a roof and killed them by another airstrike. Total Palestinian fatalities coded as 7.; On 11 January 2024, Israeli artillery shelled targets and a house in An Nusayrat refugee camp (Deir El Balah, Gaza Strip) leaving unspecified fatalities. [Palestinian Ministry of Health reported 23708 fatalities between 7 October - 11 January. 158 fatalities not attributed to specific events added to 2 events on 11 January 2024. 79 fatalities coded to this event.]; On 11 January 2024, Israeli warplanes struck residential buildings in Gaza - Sabra (Gaza City, Gaza Strip), leaving an unspecified number of fatalities, including women and children. [Palestinian Ministry of Health reported 23708 fatalities between 7 October - 11 January. 158 fatalities not attributed to specific events added to 2 events on 11 January 2024. 79 fatalities coded to this event.]; On 11 January 2024, Israeli tanks struck a group of Palestinians who were waiting for the aid trucks at the sea road southwest of Gaza City (coded to Gaza - Tal el Hawa) (Gaza City, Gaza Strip), leaving dozens of fatalities and several of injuries. Unknown fatalities coded as 12.; On 11 January 2024, Israeli warplanes struck a passing car and a group of people in Al Manarah area, east of Qizan an Najjar (Khan Yunis, Gaza Strip), leaving at least 8 fatalities and a number of injuries.; On 10 January 2024, Israeli artillery struck targets east of Khan Yunis city (coded to Bani Suheila) (Khan Yunis, Gaza Strip), leaving dozens of fatalities and injuries among Palestinians including displaced people. Fatalities coded as 12.; On 10 January 2024, Israeli warplanes struck a house in Khan Yunis refugee camp, west of Khan Yunis (coded to Khan Yunis - West (Municipal Stadium)) (Gaza Strip). As a result, 7 Palestinians were killed and 25 more persons were injured.; On 10 January 2024, Israeli artillery struck targets in Al Burayj and Al Maghazi refugee camps (Deir El Balah, Gaza Strip), killing 20 Palestinians in Al Burayj and Al Maghazi, with at least 4 in confirmed in Al Maghazi. Fatalities were split across 2 events, 10 fatalities coded to this location.; On 10 January 2024, Israeli artillery struck targets in Al Burayj and Al Maghazi refugee camps (Deir El Balah, Gaza Strip), killing 20 Palestinians in Al Burayj and Al Maghazi, with at least 4 in Al Maghazi. Fatalities were split across 2 events, 10 fatalities coded to this location.; On 10 January 2024, Israeli warplanes struck a house and agricultural land northwest of Rafah city (coded to Tal as Sultan, Gaza Strip). Rescue workers pulled out 15 bodies from the rubble of a house, including 4 children.; On 10 January 2024, Israeli warplanes carried out airstrikes in An Nusayrat refugee camp (Deir El Balah, Gaza strip) leading to unspecified fatalities. [Palestinian Ministry of Health reported 23489 fatalities upto 10 January 2024. 26 fatalities not attributed to specific events split across 3 events on 10 January. 8 fatalities coded to this event.]; On 10 January 2024, Israeli warplanes carried out strikes north of An Nusayrat refugee camp (An Nusayrat - North, Deir El Balah, Gaza strip) leading to unspecified fatalities. [Palestinian Ministry of Health reported 23489 fatalities upto 10 January 2024. 26 fatalities not attributed to specific events split across 3 events on 10 January. 9 fatalities coded to this event.]; On 10 January 2024, Israeli warplanes carried out strikes west of An Nusayrat refugee camp (An Nusayrat - West, Deir El Balah, Gaza strip) leading to unspecified fatalities. [Palestinian Ministry of Health reported 23489 fatalities upto 10 January 2024. 26 fatalities not attributed to specific events split across 3 events on 10 January. 9 fatalities coded to this event.]; On 10 January 2024, Israeli warplanes struck a house and an ambulance belonging to the PRCS in Deir al Balah city (Deir El Balah, Gaza Strip), at least 40 Palestinians were wounded or killed, including 2 journalists and 4 paramedics.; On 10 January 2024, Israeli soldiers positioned in Gaza - Ash Shaykh Ijlin (Gaza City, Gaza Strip) opened fire and killed 6 Palestinians, and injured a number of others.; On 10 January 2024, Israeli warplanes carried out strikes while artillery struck targets south of Khan Yunis city (coded to Khan Yunis - Jourat Al-Loot) (Gaza Strip), leaving fatalities and injuries among Palestinians, including displaced people. IDF claimed that its aircrafts targetting militants killing over 10 militants (coded as Hamas). Fatalities coded as 10.; On 9 January 2024, Israeli warplanes struck a house in Al Maghazi refugee camp (Deir El Balah, Gaza Strip), leaving an unspecified number of fatalities and injuries among Palestinians, fatalities coded as 10. Also, 4 Palestinians were killed in a separate incident. The total fatalities were coded as 14 (10 unknown, 4 confirmed).; On 9 January 2024, unidentified Palestinian militants exchanged fire with IDF troops and threw grenades at them in Khan Yunis (Gaza Strip). The IDF published a video showing it killed militants and claimed to kill around 40 militants in it's operations on this day, coded to this event.; On 9 January 2024, Israeli warplanes and artillery struck targets in Khan Yunis - City Centre (Khan Yunis, Gaza Strip) and destroyed the al-Fara residential tower, killing and injuring an unspecified number of Palestinians. [Palestinian Ministry of Health reported 23357 fatalities upto 9 January 2024. 61 fatalities not attributed to specific events split across 6 events on 9 January. 10 fatalities coded to this event.]; On 9 January 2024, Israeli warplanes carried out heavy airstrikes in Az Zawayda (Deir El Balah, Gaza Strip), killing and injuring an unspecified number of Palestinians.. Meanwhile, the artillery struck targets in the same area. Casualties unknown. [Palestinian Ministry of Health reported 23357 fatalities upto 9 January 2024. 61 fatalities not attributed to specific events split across 6 events on 9 January. 10 fatalities coded to this event.]; On 9 January 2024, Israeli warplanes struck a car and houses in An Nusayrat refugee camp (Deir El Balah, Gaza Strip), leaving an unspecified number of fatalities and injuries among Palestinians. [Palestinian Ministry of Health reported 23357 fatalities upto 9 January 2024. 61 fatalities not attributed to specific events split across 6 events on 9 January. 10 fatalities coded to this event.]; On 9 January 2024, Israeli warplanes carried out strikes near Al Aqsa Hospital and struck a house in Deir al Balah city (Deir El Balah, Gaza Strip), leaving an unspecified number of fatalities and injuries among Palestinians. [Palestinian Ministry of Health reported 23357 fatalities upto 9 January 2024. 61 fatalities not attributed to specific events split across 6 events on 9 January. 10 fatalities coded to this event.]; On 9 January 2024, Israeli warplanes carried out airstrikes west of Gaza City (coded to Gaza - Southern Remal) (Gaza City, Gaza Strip), leaving an unspecified number of fatalities and injuries among Palestinians. [Palestinian Ministry of Health reported 23357 fatalities upto 9 January 2024. 61 fatalities not attributed to specific events split across 6 events on 9 January. 11 fatalities coded to this event.]; On 9 January 2024, Israeli warplanes struck the house and 2 apartments in Tal as Sultan (Rafah, Gaza Strip), killing 18 Palestinians inluding 10 children and injuring dozens.; On 9 January 2024, Israeli warplanes and artillery struck targets including houses and a mosque in Qizan an Najjar (Khan Yunis, Gaza Strip), killing and injuring an unspecified number of Palestinians. [Palestinian Ministry of Health reported 23357 fatalities upto 9 January 2024. 61 fatalities not attributed to specific events split across 6 events on 9 January. 10 fatalities coded to this event.]; On 8 January 2024, Israeli warplanes carried out airstrikes in Gaza City (Gaza Strip), killing 9 Palestinians.; On 8 January 2024, Israeli warplanes carried out airstrikes in Khan Yunis city (Khan Yunis, Gaza Strip). Meanwhile, the artillery shelled targets, killing 8 Palestinians and injuring one person.; On 8 January 2024, Israeli warplanes struck a house west of Deir al Balah city (coded to Al Musaddar, Gaza Strip), killing 8 Palestinians and injuring dozens.; On 8 January 2024, Israeli warplanes struck houses in Deir al Balah city (Deir El Balah, Gaza Strip), killing 18 Palestinians and injuring dozens, including children.; On 8 January 2024, Israeli warplanes opened fire and struck houses in An Nusayrat refugee camp (Deir El Balah, Gaza Strip), killing 12 Palestinians and injuring dozens.; On 8 January 2024, Hamas militants exchanged fire with Israeli special forces in Al Burayj refugee camp (Deir El Balah, Gaza Strip). Hamas said that it countered an IDF attempt to release Israeli hostages and killed a number of the troops. Claimed fatalities coded 0. Also, IDF said that 6 soldiers were killed and 30 more were injured due to a detonation that occurred when a misfire from an Israeli tank struck explosives intended to destroy a tunnel during operations in the southern Gaza Strip on that day. 6 fatalities coded to this event.; On 8 January 2024, Israeli warplanes carried out airstrikes south of Rafah city (coded to Shokat as Sufi, Gaza Strip), killing and injuring an unspecified number of fatalities among Palestinians. [Palestinian Ministry of Health reported 23210 fatalities upto 8 January 2024. 15 fatalities not attributed to specific events added to 1 event on 8 January. 15 fatalities coded to this event.]; On 8 January 2024, Israeli artillery struck houses near al-Fara tower and in Al Manarah east of Qizan an Najjar (Khan Yunis, Gaza Strip), killing 14 Palestinians.; On 8 January 2024, Israeli artillery struck targets in Khan Yunis - Jourat Al-Loot (Khan Yunis, Gaza Strip). IDF claimed that it killed more than 10 militants (coded as Hamas) in a clash in south of Khan Yunis using airstrikes and artillery shelling, coded to this location; On 7 January 2024, Israeli warplanes struck a group of Palestinians in Al Araysheh area west of Khan Yunis, Khan Yunis - West (Municipal Stadium) - Gaza Strip, killing 3 Palestinians (including a woman) and injuring 5. Also, 27 Palestinians were killed, including children and a journalist, and another 65 were injured in airstrikes targeted houses hosting displaced people west of Khan Yunis. Total confirmed fatalities were 30.; On 7 January 2024, Israeli warplanes carried out airstrikes in al-Dabeta al-Jourokeya area east of Khan Yunis city, Bani Suheila (Khan Yunis, Gaza Strip), killing 6 Palestinians including 2 girls.; Around 7 January 2024 (as reported), an Israeli airstrike targeted Al-Manara neighborhood, southeast of Khan Yunis (Khan Yunis - Maen, Gaza Strip), resulting in the killing of at least 8 citizens.; On 7 January 2024, Israeli warplanes carried out airstrikes and opened fire on the outskirts of Al Aqsa Hospital in Deir al Balah city (Deir El Balah, Gaza Strip), killing and injuring an unspecified number of Palestinians. Fatalities coded as 10. Also, warplanes killed 2 Palestinians in Abdel-Karim Akkouk street in the city, and another 13 persons were killed in an airstrike that targeted a house. Total fatalities 25 (10 unknown, 15 confirmed).; On 7 January 2024, Hamas militants clashed with Israeli forces north of Khan Yunis city, Khan Yunis - Al Kateebeh (Khan Yunis, Gaza Strip). IDF claimed that it killed dozens of terrorists in the clash in Khan Yunis, coded to this event. Dozens of fatalities coded as 12.; On 7 January 2024, Israeli warplanes struck the house of Abu Elba family in al-Falouja area west of Mukhayyam Jabalya Camp (North Gaza, Gaza Strip), killing at least 20 Palestinians and injuring dozens.; On 7 January 2024, Israeli warplanes struck a school hosting displaced people in Al Maghazi refugee camp (Deir El Balah, Gaza Strip) leading to unspecified number of fatalities. [Palestinian Ministry of Health reported 23084 fatalities upto 7 January 2024. 61 fatalities not attributed to specific events split across 2 events on 7 January. 30 fatalities coded to this event.]; On 7 January 2024, Israeli warplanes struck targets east of Gaza - Az Zaytun (Gaza City, Gaza Strip) leading to unspecified fatalities. [Palestinian Ministry of Health reported 23084 fatalities upto 7 January 2024. 61 fatalities not attributed to specific events split across 2 events on 7 January. 31 fatalities coded to this event.]; On 7 January 2024, Israeli warplanes struck a house in the Al-Zohour area north of Rafah city (coded to Khirbet al Adas, Gaza Strip), injuring a number of Palestinians, including children. Also, an Israeli UAV struck a car belonging to Palestinian journalists, killing 2 journalists and wounding 2 north of Rafah. The IDF said that the 2 journalist working for Al Jazeera were members of Hamas and PIJ and traveling with a militant. Additionally, 11 Palestinians were killed in an airstrike that targeted Miraj area, north of Rafah. Total confirmed fatalities were 13.; On 7 January 2024, Israeli warplanes struck a building hosting displaced people in Rafah city (Rafah, Gaza Strip), killing 7 Palestinians.; On 6 January 2024, Israeli warplanes struck houses in Khan Yunis - City Centre (Khan Yunis, Gaza Strip). Meanwhile, the artillery struck targets in the area, killing 71 civilians, including children.; On 6 January 2024, Israeli warplanes struck a house near Al Shafi mosque in Khan Yunis refugee camp, Khan Yunis - West (Municipal Stadium) - Gaza Strip, killing 7 Palestinians, including children. Also, the artillery shelled targets west of Khan Yunis.; On 6 January 2024, Israeli warplanes fired white phosphorus bombs on the tents of displaced people while artillery shelled targets in An Nusayrat refugee camp (Deir El Balah, Gaza Strip). Also, warplanes struck houses and killed 16 people from al-Shebrawi family. HRW and other international organizations have accused Israel of using white phosphorous bombs.; On 6 January 2024, Israeli forces launched an airstrike targeting the Al Shuhadaa square in Jenin (Jenin, West Bank) resulting in the death of 6. 1 other was injured, and later died in the hospital.; On 6 January 2024, Hamas militants clashed with Israeli forces in Khan Yunis city (Khan Yunis, Gaza Strip). Meanwhile, IDF claimed that its ground troops killed numerous militants and destroyed tunnel shafts. Unspecified fatalities coded as 10.; On 6 January 2024, IDF warplanes struck militant targets (coded as Hamas) in Beit Lahiya (North Gaza, Gaza Strip) killing an unspecified number of militants, coded as 10.; On 6 January 2024, Israeli warplanes struck a group of Palestinians near al-Saraya junction in Gaza - Az Zaytun (Gaza Strip, Gaza City), killing 10 persons and injuring dozens.; On 6 January 2024, Israeli warplanes struck a house in Al Manarah area, east of Qizan an Najjar (Khan Yunis, Gaza Strip), killing 18 Palestinians and injuring dozens, including children and women.; On 5 January 2024, Israeli warplanes struck houses and tents of displaced people in Khan Yunis City (Khan Yunis, Gaza Strip), killing 12 Palestinians and injuring several of others. Meanwhile, the artillery struck targets.; On 5 January 2024, Palestinian militants (coded as Hamas Movement) clashed with Israeli forces in Khan Yunis - City Centre (Khan Yunis, Gaza Strip). IDF claimed that it killed around 20 Hamas militants during clashes in Khan Yunis on this day, coded to this event.; On 5 January 2024, Israeli warplanes and artillery struck targets and houses in Deir al Balah city (Deir El Balah, Gaza Strip), leaving an unspecified number of fatalities. [Palestinian Ministry of Health reported 22722 fatalities upto 5 January 2024. 104 fatalities not attributed to specific events added to 1 event on 5 January. 104 fatalities coded to this event.]; On 4 January 2024, Israeli warplanes struck agricultural land west of Khan Yunis, Khan Yunis - West (Municipal Stadium) - Gaza Strip. As a result, 6 displaced Palestinians were killed. Also, the artillery targeted a group of Palestinians and killed 2 women. Total fatalities coded as 8.; On 4 January 2024, Israeli warplanes struck tents of displaced people in Al Mawasi (Khan Yunis) (Gaza Strip), killing 14 Palestinians, including children.; On 4 January 2024, Israeli warplanes carried out airstrikes in Gaza City (Gaza City, Gaza Strip), killing at least 39 Palestinians in several locations. The IDF said that a Palestinian commander who was in charge of PIJ's military operations in northern Gaza was killed, coded to this location.; On 4 January 2024, Israeli warplanes struck 3 houses in Khan Yunis City (Khan Yunis, Gaza Strip), killing 7 Palestinians.; On 4 January 2024, Israeli warplanes and artillery struck houses in Al Maghazi refugee camp (Deir El Balah, Gaza Strip), killing 22 Palestinians and injuring several others.; On 4 January 2024, Israeli warplanes struck a house east of Khan Yunis, Bani Suheila (Khan Yunis, Gaza Strip). Casualties unknown. Meanwhile, the artillery struck targets in the area. IDF claimed that it killed 6 militants (coded as Hamas) using targetted fighter jets in east of Khan Yunis area, coded to this location.; On 4 January 2024, Israeli warplanes opened fire toward displaced Palestinians while artillery struck houses in Al Musaddar (Deir El Balah, Gaza Strip), killing dozens of Palestinians and injuring others. Fatalities coded as 12.; On 3 January 2024, Israeli warplanes carried out airstrikes west of Al Qararah (Khan Yunis, Gaza Strip), leaving 7 fatalities.; On 3 January 2024, Israeli warplanes struck houses, the Al Khulafa Mosque, and in the vicinity of Naser Hospital, west of Khan Yunis, Khan Yunis - West (Municipal Stadium) - Gaza Strip, where at least 20 Palestinians were killed, including displaced people, and dozens of others were injured. Also, 14 Palestinians were killed in a separate airstrike that targeted a house. Total fatalities coded as at least 34 persons.; On 3 January 2024, Israeli warplanes struck a house west of Deir al Balah (coded to Al Musaddar, Gaza Strip), leaving 7 fatalities and a number of injuries.; On 3 January 2024, Hamas and PIJ militants fired together Mortar shells toward Israeli troops operating east of Gaza - At Tuffah (Gaza City, Gaza Strip). IDF claimed that they directed an aircraft towards the militant squad killing an unspecified number of militants. Unspecified fatalities coded as 10.; On 3 January 2024, Israeli warplanes struck a house east of Al Maghazi refugee camp (Deir El Balah, Gaza Strip), leaving an unspecified number of fatalities and dozens of injuries among Palestinians. [Palestinian Ministry of Health reported 22438 fatalities upto 3 January 2024. 17 fatalities not attributed to specific events split across 2 events on 3 January. 17 fatalities coded to this event.]; On 3 January 2024, Israeli warplanes struck a house in Mukhayyam Jabalya Camp (North Gaza, Gaza Strip), leaving an unspecified number of fatalities. [Palestinian Ministry of Health reported 22438 fatalities upto 3 January 2024. 17 fatalities not attributed to specific events split across 2 events on 3 January. 18 fatalities coded to this event.]; On 3 January 2024, Israeli warplanes struck a group of people in As Salam (Rafah, Gaza Strip), leaving 7 fatalities and injuring a number of Palestinians.; On 2 January 2024, Israeli warplanes struck the Lulwa school hosting displaced people near Ansar Junction in Gaza - Shujaiyya (Gaza City, Gaza Strip), leaving at least 16 fatalities among Palestinians.; On 2 January 2024, Palestinian militants (coded as Hamas) clashed with Israeli forces amid artillery shelling north of Gaza City, Gaza - Sheikh Radwan (Gaza City, Gaza Strip). IDF claimed that all the militants inside an underground bunker amd tunnel shafts were killed in the clashes. Unspecified number fatalities coded as 10.; On 2 January 2024, Palestinian militants (coded as Hamas) clashed with Israeli forces who attempted to advance toward central Khan Yunis city, Khan Yunis - City Centre (Gaza City, Gaza Strip). IDF claimed that many militants were killed in this clash on this day. Unspecified number of fatalities coded as 10.; On 2 January 2024, Israeli warplanes struck targets and houses in An Nusayrat refugee camp (Deir El Balah, Gaza Strip), leaving an unspecified number of fatalities and injuries among Palestinians. Also warplanes fired white phosphorus bombs in the area. Also, 9 other Palestinian civilians were killed in an airstrike that targeted a house. [Palestinian Ministry of Health reported 22313 fatalities upto 2 January 2024. 44 fatalities not attributed to specific events split across 4 events on 2 January. 11 fatalities coded to this event.] Total fatalities coded as 20 (9 known + 11 presumed). HRW and other international organizations have accused Israel of using white phosphorous bombs.; On 2 January 2024, Israeli warplanes struck the PRCS building in Khan Yunis - Al Amal (Khan Yunis, Gaza Strip), leaving 5 fatalities and a number of injuries among Palestinians (including 2 injured journalists). Also, a number of Palestinians were killed and injured in an airstrike that targeted a house. [Palestinian Ministry of Health reported 22313 fatalities upto 2 January 2024. 44 fatalities not attributed to specific events split across 4 events on 2 January. 11 fatalities coded to this event.] Total fatalities coded as 16 (5 known + 11 presumed).; On 2 January 2024, Israeli artillery struck east of Khan Yunis city, (coded to Bani Suheila, Gaza Strip), leaving an unspecified number of fatalities and injuries among Palestinians. [Palestinian Ministry of Health reported 22313 fatalities upto 2 January 2024. 44 fatalities not attributed to specific events split across 4 events on 2 January. 11 fatalities coded to this event.]; On 2 January 2024, Israeli artillery shelled houses north of An Nusayrat (An Nusayrat - North, Deir El Balah, Gaza Strip), leaving an unspecified number of fatalities and injuries among Palestinians. [Palestinian Ministry of Health reported 22313 fatalities upto 2 January 2024. 44 fatalities not attributed to specific events split across 4 events on 2 January. 11 fatalities coded to this event.]; On 2 January 2024, Israeli forces clashed with militants (coded as Hamas) in Jabalya (North Gaza, Gaza Strip) killing dozens of militants, coded as 12.; On 1 January 2024, Israeli warplanes struck houses in Khan Yunis city (Khan Yunis, Gaza Strip), leaving 9 Palestinian fatalities and dozens of injuries.; On 1 January 2024, Israeli warplanes struck a house in Al Maghazi refugee camp (Deir El Balah, Gaza Strip), leaving a number of injuries among children. Also, 18 persons were killed and several others were injured in separate airstrikes targeting houses. Meanwhile, artillery shelled the area and killed 10 persons. Total confirmed fatalities were 28.; On 1 January 2024, Israeli warplanes struck a house in Deir al Balah city (Deir El Balah, Gaza Strip), leaving 15 fatalities and a number of injuries. Meanwhile, artillery shelled targets in the area.; On 1 January 2024, Israeli army raided a militant comman centre engaging in a clash with militants. The IDF artillery and tanks also shelled militant targets in Gaza - Shujaiyya (Gaza Strip) and directed a warplane towards militants, killing unspecified number of militants. Unspecified number of militants coded as 10.; On 1 January 2024, Israeli warplanes struck targets and houses in An Nusayrat refugee camp (Deir El Balah, Gaza Strip), leaving an unspecified number of fatalities and injuries. [Palestinian Ministry of Health reported 22815 fatalities between 7 October - 1 January 2024. 90 fatalities not attributed to specific events split across 2 events on 1 January. 45 fatalities coded to this event.]; On 1 January 2024, Israeli artillery struck a group of Palestinians in Al Moqawasi area in Gaza - Nasr (Gaza City, Gaza Strip), leaving an unspecified number of fatalities and injuries. [Palestinian Ministry of Health reported 22815 fatalities between 7 October - 1 January 2024. 90 fatalities not attributed to specific events split across 2 events on 1 January. 45 fatalities coded to this event.]; On 1 January 2024, Israeli warplanes carried out airstrikes in Bir al-Naja area, west of Jabalya town (North Gaza, Gaza Strip), leaving 6 Palestinian fatalities. Meanwhile, artillery shelled targets in the area.",Military Forces of Israel (2022-); Hamas Movement; Unidentified Armed Group (Palestine); Hamas Movement; Military Forces of Israel (2022-); Military Forces of Israel (2022-); Military Forces of Israel (2022-); Military Forces of Israel (2022-); Military Forces of Israel (2022-); Military Forces of Israel (2022-); Military Forces of Israel (2022-); Military Forces of Israel (2022-); Military Forces of Israel (2022-); Military Forces of Israel (2022-); Hamas Movement; Military Forces of Israel (2022-); Military Forces of Israel (2022-); Military Forces of Israel (2022-); Military Forces of Israel (2022-); Military Forces of Israel (2022-); Military Forces of Israel (2022-); Military Forces of Israel (2022-); Military Forces of Israel (2022-); Military Forces of Israel (2022-); Hamas Movement; Military Forces of Israel (2022-); Hamas Movement; Military Forces of Israel (2022-); Military Forces of Israel (2022-); Military Forces of Israel (2022-); Military Forces of Israel (2022-); Military Forces of Israel (2022-); Hamas Movement; Military Forces of Israel (2022-); Hamas Movement; Military Forces of Israel (2022-); Military Forces of Israel (2022-); Military Forces of Israel (2022-); Hamas Movement; Military Forces of Israel (2022-); Hamas Movement; Hamas Movement; Hamas Movement; Military Forces of Israel (2022-); Hamas Movement; Military Forces of Israel (2022-); Military Forces of Israel (2022-); Military Forces of Israel (2022-); Military Forces of Israel (2022-); Military Forces of Israel (2022-); Military Forces of Israel (2022-); Hamas Movement; Military Forces of Israel (2022-); Military Forces of Israel (2022-); Military Forces of Israel (2022-); Military Forces of Israel (2022-); Hamas Movement; Military Forces of Israel (2022-); Military Forces of Israel (2022-); Military Forces of Israel (2022-); Military Forces of Israel (2022-); Military Forces of Israel (2022-); Military Forces of Israel (2022-); Military Forces of Israel (2022-); Military Forces of Israel (2022-); Military Forces of Israel (2022-); Military Forces of Israel (2022-); Military Forces of Israel (2022-); Military Forces of Israel (2022-); Military Forces of Israel (2022-); Military Forces of Israel (2022-); Military Forces of Israel (2022-); Military Forces of Israel (2022-); Military Forces of Israel (2022-); Military Forces of Israel (2022-); Military Forces of Israel (2022-); Military Forces of Israel (2022-); Military Forces of Israel (2022-); Military Forces of Israel (2022-); Military Forces of Israel (2022-); Military Forces of Israel (2022-); Military Forces of Israel (2022-); Hamas Movement; Hamas Movement; Military Forces of Israel (2022-); Military Forces of Israel (2022-); Military Forces of Israel (2022-); Military Forces of Israel (2022-); Military Forces of Israel (2022-); Military Forces of Israel (2022-); Military Forces of Israel (2022-); Military Forces of Israel (2022-); Military Forces of Israel (2022-); Military Forces of Israel (2022-); Military Forces of Israel (2022-); Unidentified Armed Group (Palestine); Military Forces of Israel (2022-); Military Forces of Israel (2022-); Military Forces of Israel (2022-); Military Forces of Israel (2022-); Military Forces of Israel (2022-); Military Forces of Israel (2022-); Military Forces of Israel (2022-); Military Forces of Israel (2022-); Military Forces of Israel (2022-); Military Forces of Israel (2022-); Military Forces of Israel (2022-); Military Forces of Israel (2022-); Military Forces of Israel (2022-); Military Forces of Israel (2022-); Military Forces of Israel (2022-); Military Forces of Israel (2022-); Military Forces of Israel (2022-); Military Forces of Israel (2022-); Military Forces of Israel (2022-); Military Forces of Israel (2022-); Military Forces of Israel (2022-); Military Forces of Israel (2022-); Military Forces of Israel (2022-); Military Forces of Israel (2022-); Military Forces of Israel (2022-); Military Forces of Israel (2022-); Military Forces of Israel (2022-); Military Forces of Israel (2022-); Military Forces of Israel (2022-); Military Forces of Israel (2022-); Military Forces of Israel (2022-); Military Forces of Israel (2022-); Military Forces of Israel (2022-); Military Forces of Israel (2022-); Military Forces of Israel (2022-); Military Forces of Israel (2022-); Military Forces of Israel (2022-); Military Forces of Israel (2022-); Military Forces of Israel (2022-); Military Forces of Israel (2022-); Military Forces of Israel (2022-); Military Forces of Israel (2022-); Military Forces of Israel (2022-); Military Forces of Israel (2022-); Military Forces of Israel (2022-); Hamas Movement; Military Forces of Israel (2022-); Military Forces of Israel (2022-); Hamas Movement; Military Forces of Israel (2022-); Military Forces of Israel (2022-); Military Forces of Israel (2022-); Military Forces of Israel (2022-); Hamas Movement; Hamas Movement; Military Forces of Israel (2022-); Military Forces of Israel (2022-); Military Forces of Israel (2022-); Military Forces of Israel (2022-); Military Forces of Israel (2022-); Military Forces of Israel (2022-); Military Forces of Israel (2022-); Military Forces of Israel (2022-); Military Forces of Israel (2022-); PIJ: Palestinian Islamic Jihad; Military Forces of Israel (2022-); Hamas Movement; Hamas Movement; Military Forces of Israel (2022-); Military Forces of Israel (2022-); Military Forces of Israel (2022-); Military Forces of Israel (2022-); Hamas Movement; Military Forces of Israel (2022-); Military Forces of Israel (2022-); Military Forces of Israel (2022-); Hamas Movement; Hamas Movement; Hamas Movement; Military Forces of Israel (2022-); Military Forces of Israel (2022-); Hamas Movement; Military Forces of Israel (2022-); Hamas Movement; Hamas Movement; Military Forces of Israel (2022-); Military Forces of Israel (2022-); Military Forces of Israel (2022-); Military Forces of Israel (2022-); PIJ: Palestinian Islamic Jihad; Military Forces of Israel (2022-); Hamas Movement; Hamas Movement; Military Forces of Israel (2022-); Military Forces of Israel (2022-); PIJ: Palestinian Islamic Jihad; Military Forces of Israel (2022-); Military Forces of Israel (2022-); Military Forces of Israel (2022-); Military Forces of Israel (2022-); Military Forces of Israel (2022-); Military Forces of Israel (2022-); Hamas Movement; Military Forces of Israel (2022-); Hamas Movement; Military Forces of Israel (2022-); Hamas Movement; Military Forces of Israel (2022-); Military Forces of Israel (2022-); Military Forces of Israel (2022-); Military Forces of Israel (2022-); Military Forces of Israel (2022-); Military Forces of Israel (2022-); Military Forces of Israel (2022-); Hamas Movement; Military Forces of Israel (2022-); Military Forces of Israel (2022-); Military Forces of Israel (2022-); Military Forces of Israel (2022-); Military Forces of Israel (2022-); Military Forces of Israel (2022-); Military Forces of Israel (2022-); Military Forces of Israel (2022-); Military Forces of Israel (2022-); Military Forces of Israel (2022-); Military Forces of Israel (2022-); Military Forces of Israel (2022-); Military Forces of Israel (2022-); Military Forces of Israel (2022-); Military Forces of Israel (2022-); Military Forces of Israel (2022-); Hamas Movement; Hamas Movement; Military Forces of Israel (2022-); Military Forces of Israel (2022-); Military Forces of Israel (2022-); Military Forces of Israel (2022-); Military Forces of Israel (2022-); Military Forces of Israel (2022-); Military Forces of Israel (2022-); Military Forces of Israel (2022-); Hamas Movement; Military Forces of Israel (2022-); Military Forces of Israel (2022-); Military Forces of Israel (2022-); Military Forces of Israel (2022-); Military Forces of Israel (2022-); Hamas Movement; Military Forces of Israel (2022-); Military Forces of Israel (2022-); Military Forces of Israel (2022-); Hamas Movement; Military Forces of Israel (2022-); Military Forces of Israel (2022-); Military Forces of Israel (2022-); Military Forces of Israel (2022-); Military Forces of Israel (2022-); Military Forces of Israel (2022-); Military Forces of Israel (2022-); Hamas Movement; Military Forces of Israel (2022-); Military Forces of Israel (2022-); Military Forces of Israel (2022-); Military Forces of Israel (2022-); Military Forces of Israel (2022-); Military Forces of Israel (2022-); Military Forces of Israel (2022-); Military Forces of Israel (2022-); Military Forces of Israel (2022-); Military Forces of Israel (2022-); Military Forces of Israel (2022-); Military Forces of Israel (2022-); Military Forces of Israel (2022-); Military Forces of Israel (2022-); Military Forces of Israel (2022-); Military Forces of Israel (2022-); Military Forces of Israel (2022-); Military Forces of Israel (2022-); Military Forces of Israel (2022-); Military Forces of Israel (2022-); Military Forces of Israel (2022-); Military Forces of Israel (2022-); Military Forces of Israel (2022-); Military Forces of Israel (2022-); Hamas Movement; Military Forces of Israel (2022-); Military Forces of Israel (2022-); Military Forces of Israel (2022-); Military Forces of Israel (2022-); Military Forces of Israel (2022-); Military Forces of Israel (2022-); Military Forces of Israel (2022-); Military Forces of Israel (2022-); Military Forces of Israel (2022-); PIJ: Palestinian Islamic Jihad; Military Forces of Israel (2022-); Military Forces of Israel (2022-); Military Forces of Israel (2022-); Military Forces of Israel (2022-); Military Forces of Israel (2022-); Military Forces of Israel (2022-); Al Aqsa Martyrs Brigade; Hamas Movement; Military Forces of Israel (2022-); Hamas Movement; Military Forces of Israel (2022-); Military Forces of Israel (2022-); PIJ: Palestinian Islamic Jihad; Military Forces of Israel (2022-); PIJ: Palestinian Islamic Jihad; PIJ: Palestinian Islamic Jihad; Military Forces of Israel (2022-); Military Forces of Israel (2022-); Military Forces of Israel (2022-); Military Forces of Israel (2022-); Military Forces of Israel (2022-); Hamas Movement; Military Forces of Israel (2022-); Hamas Movement; Military Forces of Israel (2022-); Military Forces of Israel (2022-); Military Forces of Israel (2022-); Military Forces of Israel (2022-); Military Forces of Israel (2022-); Military Forces of Israel (2022-); Hamas Movement; Hamas Movement; Military Forces of Israel (2022-); Military Forces of Israel (2022-); Military Forces of Israel (2022-); Military Forces of Israel (2022-); Military Forces of Israel (2022-); Military Forces of Israel (2022-); Hamas Movement; Military Forces of Israel (2022-); Hamas Movement; Hamas Movement; Hamas Movement; Hamas Movement; Military Forces of Israel (2022-); Military Forces of Israel (2022-); Military Forces of Israel (2022-); Military Forces of Israel (2022-); Military Forces of Israel (2022-); Hamas Movement; Hamas Movement; Military Forces of Israel (2022-); Military Forces of Israel (2022-); Military Forces of Israel (2022-); Military Forces of Israel (2022-); Hamas Movement; Military Forces of Israel (2022-); Military Forces of Israel (2022-); Military Forces of Israel (2022-); Military Forces of Israel (2022-); Military Forces of Israel (2022-); Military Forces of Israel (2022-); Military Forces of Israel (2022-); Military Forces of Israel (2022-); Hamas Movement; Hamas Movement; Hamas Movement; Military Forces of Israel (2022-); Military Forces of Israel (2022-); Military Forces of Israel (2022-); Military Forces of Israel (2022-); Military Forces of Israel (2022-); Military Forces of Israel (2022-); Hamas Movement; Military Forces of Israel (2022-); Military Forces of Israel (2022-); PIJ: Palestinian Islamic Jihad; Military Forces of Israel (2022-); Military Forces of Israel (2022-); Military Forces of Israel (2022-); Military Forces of Israel (2022-); Hamas Movement; Military Forces of Israel (2022-); Military Forces of Israel (2022-); Military Forces of Israel (2022-); Military Forces of Israel (2022-); PIJ: Palestinian Islamic Jihad; Military Forces of Israel (2022-); Military Forces of Israel (2022-); Hamas Movement; Military Forces of Israel (2022-); Military Forces of Israel (2022-); Hamas Movement; Military Forces of Israel (2022-); Military Forces of Israel (2022-); Military Forces of Israel (2022-); Military Forces of Israel (2022-); Military Forces of Israel (2022-); Military Forces of Israel (2022-); Military Forces of Israel (2022-); Hamas Movement; Military Forces of Israel (2022-); Military Forces of Israel (2022-); Military Forces of Israel (2022-); Military Forces of Israel (2022-); Military Forces of Israel (2022-); Military Forces of Israel (2022-); Military Forces of Israel (2022-); Military Forces of Israel (2022-); Hamas Movement; Military Forces of Israel (2022-); Military Forces of Israel (2022-); Military Forces of Israel (2022-); Hamas Movement; Military Forces of Israel (2022-); Military Forces of Israel (2022-); Military Forces of Israel (2022-); Military Forces of Israel (2022-); Military Forces of Israel (2022-); Military Forces of Israel (2022-); Military Forces of Israel (2022-); Military Forces of Israel (2022-); Military Forces of Israel (2022-); Hamas Movement; Military Forces of Israel (2022-); Military Forces of Israel (2022-); Military Forces of Israel (2022-); Military Forces of Israel (2022-); Military Forces of Israel (2022-); Military Forces of Israel (2022-); Military Forces of Israel (2022-); Military Forces of Israel (2022-); Military Forces of Israel (2022-); Military Forces of Israel (2022-); Military Forces of Israel (2022-); Military Forces of Israel (2022-); Military Forces of Israel (2022-); Military Forces of Israel (2022-); Hamas Movement; Hamas Movement; Military Forces of Israel (2022-); Military Forces of Israel (2022-); Military Forces of Israel (2022-); Military Forces of Israel (2022-); Hamas Movement; Military Forces of Israel (2022-); Military Forces of Israel (2022-); Military Forces of Israel (2022-); Military Forces of Israel (2022-); Military Forces of Israel (2022-); Hamas Movement; Hamas Movement; Military Forces of Israel (2022-); Military Forces of Israel (2022-); Military Forces of Israel (2022-); Military Forces of Israel (2022-); Military Forces of Israel (2022-); Military Forces of Israel (2022-); Military Forces of Israel (2022-); Military Forces of Israel (2022-); Military Forces of Israel (2022-); Military Forces of Israel (2022-); Military Forces of Israel (2022-); Military Forces of Israel (2022-); Military Forces of Israel (2022-); Military Forces of Israel (2022-); PIJ: Palestinian Islamic Jihad; Military Forces of Israel (2022-); Military Forces of Israel (2022-); Military Forces of Israel (2022-); Military Forces of Israel (2022-); Military Forces of Israel (2022-); Hamas Movement; Military Forces of Israel (2022-); Military Forces of Israel (2022-); Military Forces of Israel (2022-); Military Forces of Israel (2022-); Military Forces of Israel (2022-); Hamas Movement; Military Forces of Israel (2022-); Military Forces of Israel (2022-); Military Forces of Israel (2022-); Military Forces of Israel (2022-); Military Forces of Israel (2022-); Military Forces of Israel (2022-); Hamas Movement; Military Forces of Israel (2022-); Hamas Movement; Military Forces of Israel (2022-); Military Forces of Israel (2022-); Military Forces of Israel (2022-); Military Forces of Israel (2022-); Military Forces of Israel (2022-); Military Forces of Israel (2022-); Military Forces of Israel (2022-); Military Forces of Israel (2022-); Military Forces of Israel (2022-); Military Forces of Israel (2022-); Military Forces of Israel (2022-); Military Forces of Israel (2022-); Military Forces of Israel (2022-); Military Forces of Israel (2022-); Military Forces of Israel (2022-); Military Forces of Israel (2022-); Unidentified Armed Group (Palestine); Military Forces of Israel (2022-); Military Forces of Israel (2022-); Military Forces of Israel (2022-); Military Forces of Israel (2022-); Military Forces of Israel (2022-); Military Forces of Israel (2022-); Military Forces of Israel (2022-); Military Forces of Israel (2022-); Military Forces of Israel (2022-); Military Forces of Israel (2022-); Military Forces of Israel (2022-); Military Forces of Israel (2022-); Hamas Movement; Military Forces of Israel (2022-); Military Forces of Israel (2022-); Military Forces of Israel (2022-); Military Forces of Israel (2022-); Military Forces of Israel (2022-); Military Forces of Israel (2022-); Military Forces of Israel (2022-); Hamas Movement; Military Forces of Israel (2022-); Military Forces of Israel (2022-); Military Forces of Israel (2022-); Military Forces of Israel (2022-); Military Forces of Israel (2022-); Military Forces of Israel (2022-); Military Forces of Israel (2022-); Military Forces of Israel (2022-); Military Forces of Israel (2022-); Hamas Movement; Military Forces of Israel (2022-); Military Forces of Israel (2022-); Military Forces of Israel (2022-); Military Forces of Israel (2022-); Hamas Movement; Military Forces of Israel (2022-); Military Forces of Israel (2022-); Military Forces of Israel (2022-); Military Forces of Israel (2022-); Military Forces of Israel (2022-); Military Forces of Israel (2022-); Military Forces of Israel (2022-); Military Forces of Israel (2022-); Military Forces of Israel (2022-); Military Forces of Israel (2022-); Military Forces of Israel (2022-); Hamas Movement; Military Forces of Israel (2022-); Military Forces of Israel (2022-); Military Forces of Israel (2022-); Military Forces of Israel (2022-); Hamas Movement; Hamas Movement; Military Forces of Israel (2022-); Military Forces of Israel (2022-); Military Forces of Israel (2022-); Military Forces of Israel (2022-); Military Forces of Israel (2022-); Military Forces of Israel (2022-); Military Forces of Israel (2022-); Military Forces of Israel (2022-); Military Forces of Israel (2022-); Military Forces of Israel (2022-); Military Forces of Israel (2022-); Military Forces of Israel (2022-); Civilians (Palestine); Military Forces of Israel (2022-); Military Forces of Israel (2022-); Military Forces of Israel (2022-); Civilians (Palestine); Civilians (Palestine); Civilians (Palestine); Civilians (Palestine); Police Forces of Palestine (2007-) Gaza Strip; Civilians (Palestine); Civilians (Palestine); Civilians (Palestine); Civilians (Palestine); Civilians (Palestine); Military Forces of Israel (2022-); Civilians (Palestine); Civilians (Palestine); Civilians (Palestine); Civilians (Palestine); Civilians (Palestine); Civilians (Palestine); Civilians (Palestine); Civilians (Palestine); Civilians (Palestine); Military Forces of Israel (2022-); Civilians (Palestine); Military Forces of Israel (2022-); Civilians (Palestine); Civilians (Palestine); Civilians (Palestine); Civilians (Palestine); Civilians (Palestine); Military Forces of Israel (2022-); Civilians (Palestine); Military Forces of Israel (2022-); Civilians (Palestine); Civilians (Palestine); Civilians (Palestine); Military Forces of Israel (2022-); Civilians (Palestine); Military Forces of Israel (2022-); Military Forces of Israel (2022-); Military Forces of Israel (2022-); Civilians (Palestine); Military Forces of Israel (2022-); Civilians (Palestine); Civilians (Palestine); Civilians (Palestine); Civilians (Palestine); Hamas Movement; Civilians (Palestine); Military Forces of Israel (2022-); Civilians (Palestine); Police Forces of Palestine (2007-) Gaza Strip; Civilians (Palestine); Civilians (Palestine); Military Forces of Israel (2022-); Civilians (Palestine); Civilians (Palestine); Civilians (Palestine); Civilians (Palestine); Civilians (Palestine); Civilians (Palestine); Civilians (Palestine); Civilians (Palestine); Civilians (Palestine); Hamas Movement; Civilians (Palestine); Civilians (Palestine); Hamas Movement; Hamas Movement; Hamas Movement; Civilians (Palestine); Civilians (Palestine); Civilians (Palestine); Civilians (Palestine); Civilians (Palestine); Civilians (Palestine); Civilians (Palestine); Civilians (Palestine); Civilians (Palestine); Civilians (Palestine); Military Forces of Israel (2022-); Military Forces of Israel (2022-); Hamas Movement; Civilians (Palestine); Civilians (Palestine); Civilians (Palestine); Civilians (Palestine); Civilians (Palestine); Hamas Movement; Hamas Movement; Hamas Movement; Civilians (Palestine); Civilians (Palestine); Military Forces of Israel (2022-); Civilians (Palestine); Civilians (Palestine); Civilians (Palestine); Unidentified Armed Group (Palestine); Unidentified Armed Group (Palestine); Civilians (Palestine); Civilians (Palestine); Civilians (Palestine); Civilians (Palestine); Civilians (Palestine); Unidentified Armed Group (Palestine); Hamas Movement; Civilians (Palestine); Civilians (Palestine); Civilians (Palestine); Hamas Movement; Hamas Movement; Civilians (Palestine); Civilians (Palestine); Civilians (Palestine); Hamas Movement; Hamas Movement; Hamas Movement; Civilians (Palestine); Civilians (Palestine); Civilians (Palestine); Unidentified Armed Group (Palestine); Civilians (Palestine); Civilians (Palestine); Civilians (Palestine); Hamas Movement; Civilians (Palestine); Civilians (Palestine); Civilians (Palestine); Civilians (Palestine); Civilians (Palestine); Civilians (Palestine); Civilians (Palestine); Hamas Movement; Civilians (Palestine); Civilians (Palestine); Civilians (Palestine); Civilians (Palestine); Civilians (Palestine); Civilians (Palestine); Military Forces of Israel (2022-); Civilians (Palestine); Civilians (Palestine); Military Forces of Israel (2022-); Civilians (Palestine); Civilians (Palestine); Civilians (Palestine); Hamas Movement; Military Forces of Israel (2022-); Military Forces of Israel (2022-); Civilians (Palestine); Civilians (Palestine); Civilians (Palestine); Civilians (Palestine); Civilians (Palestine); Civilians (Palestine); Civilians (Palestine); Civilians (Palestine); Civilians (Palestine); Military Forces of Israel (2022-); Hamas Movement; Military Forces of Israel (2022-); Military Forces of Israel (2022-); Civilians (Palestine); Civilians (Palestine); Civilians (Palestine); Civilians (Palestine); Military Forces of Israel (2022-); Civilians (Palestine); Civilians (Palestine); Civilians (Palestine); Military Forces of Israel (2022-); Military Forces of Israel (2022-); Military Forces of Israel (2022-); Civilians (Palestine); Civilians (Palestine); Military Forces of Israel (2022-); Civilians (Palestine); Military Forces of Israel (2022-); Military Forces of Israel (2022-); Civilians (Palestine); Civilians (Palestine); Civilians (Palestine); Civilians (Palestine); Military Forces of Israel (2022-); Civilians (Palestine); Military Forces of Israel (2022-); Military Forces of Israel (2022-); Civilians (Palestine); Civilians (Palestine); Military Forces of Israel (2022-); Civilians (Palestine); Civilians (Palestine); Civilians (Palestine); Civilians (Palestine); Civilians (Palestine); Civilians (Palestine); Military Forces of Israel (2022-); Civilians (Palestine); Military Forces of Israel (2022-); Civilians (Palestine); Military Forces of Israel (2022-); Civilians (Palestine); Civilians (Palestine); Civilians (Palestine); Civilians (Palestine); Civilians (Palestine); Civilians (Palestine); Civilians (Palestine); Military Forces of Israel (2022-); Civilians (Palestine); Civilians (Palestine); Civilians (Palestine); Civilians (Palestine); Civilians (Palestine); Unidentified Armed Group (Palestine); Civilians (Palestine); Civilians (Palestine); Civilians (Palestine); Civilians (Palestine); Hamas Movement; Civilians (Palestine); Civilians (Palestine); Civilians (Palestine); Hamas Movement; Civilians (Palestine); Military Forces of Israel (2022-); Military Forces of Israel (2022-); Civilians (Palestine); Civilians (Palestine); Civilians (Palestine); Civilians (Palestine); Civilians (Palestine); Civilians (Palestine); Civilians (Palestine); Civilians (Palestine); Military Forces of Israel (2022-); Civilians (Palestine); Civilians (Palestine); Civilians (Palestine); Civilians (Palestine); Civilians (Palestine); Military Forces of Israel (2022-); Civilians (Palestine); Civilians (Palestine); Hamas Movement; Military Forces of Israel (2022-); Civilians (Palestine); Civilians (Palestine); Civilians (Palestine); Civilians (Palestine); Civilians (Palestine); Hamas Movement; Unidentified Armed Group (Palestine); Military Forces of Israel (2022-); Civilians (Palestine); Civilians (Palestine); Civilians (Palestine); Civilians (Palestine); Hamas Movement; Hamas Movement; Civilians (Palestine); Civilians (Palestine); Civilians (Palestine); Civilians (Palestine); Hamas Movement; Civilians (Palestine); Civilians (Palestine); Civilians (Palestine); Civilians (Palestine); Civilians (Palestine); Civilians (Palestine); Civilians (Palestine); Civilians (Palestine); Civilians (Palestine); Civilians (Palestine); Civilians (Palestine); Civilians (Palestine); Civilians (Palestine); Military Forces of Israel (2022-); Civilians (Palestine); Civilians (Palestine); Civilians (Palestine); Civilians (Palestine); Civilians (Palestine); Civilians (Palestine); Civilians (Palestine); Civilians (Palestine); Civilians (Palestine); Military Forces of Israel (2022-); Civilians (Palestine); Civilians (Palestine); Civilians (Palestine); Civilians (Palestine); Civilians (Palestine); Civilians (Palestine); Military Forces of Israel (2022-); Military Forces of Israel (2022-); Civilians (Palestine); Military Forces of Israel (2022-); Civilians (Palestine); Civilians (Palestine); Military Forces of Israel (2022-); Civilians (Palestine); Military Forces of Israel (2022-); Military Forces of Israel (2022-); Civilians (Palestine); Civilians (Palestine); Police Forces of Palestine (2007-) Gaza Strip; Civilians (Palestine); Civilians (Palestine); Military Forces of Israel (2022-); Hamas Movement; Military Forces of Israel (2022-); Civilians (Palestine); Civilians (Palestine); Civilians (Palestine); Civilians (Palestine); Civilians (Palestine); Civilians (Palestine); Military Forces of Israel (2022-); Military Forces of Israel (2022-); Civilians (Palestine); Civilians (Palestine); Civilians (Palestine); Civilians (Palestine); Civilians (Palestine); Civilians (Palestine); Military Forces of Israel (2022-); Hamas Movement; Military Forces of Israel (2022-); Military Forces of Israel (2022-); Military Forces of Israel (2022-); Military Forces of Israel (2022-); Civilians (Palestine); Civilians (Palestine); Civilians (Palestine); Civilians (Palestine); Civilians (Palestine); Military Forces of Israel (2022-); Military Forces of Israel (2022-); Civilians (Palestine); Civilians (Palestine); Civilians (Palestine); Civilians (Palestine); Military Forces of Israel (2022-); Unidentified Armed Group (Palestine); Civilians (Palestine); Civilians (Palestine); Civilians (Palestine); Civilians (Palestine); Civilians (Palestine); Civilians (Palestine); Civilians (Palestine); Military Forces of Israel (2022-); Military Forces of Israel (2022-); Military Forces of Israel (2022-); Civilians (Palestine); Civilians (Palestine); Civilians (Palestine); Civilians (Palestine); Civilians (Palestine); Civilians (Palestine); Military Forces of Israel (2022-); Civilians (Palestine); Civilians (Palestine); Military Forces of Israel (2022-); Civilians (Palestine); Civilians (Palestine); Civilians (Palestine); Civilians (Palestine); Military Forces of Israel (2022-); Civilians (Palestine); Civilians (Palestine); Civilians (Palestine); Civilians (Palestine); Military Forces of Israel (2022-); Civilians (Palestine); Civilians (Palestine); Military Forces of Israel (2022-) Special Forces; Civilians (Palestine); Civilians (Palestine); Military Forces of Israel (2022-); Civilians (Palestine); Hamas Movement; Civilians (Palestine); Civilians (Palestine); Civilians (Palestine); Civilians (Palestine); Civilians (Palestine); Military Forces of Israel (2022-); Civilians (Palestine); Civilians (Palestine); Civilians (Palestine); Civilians (Palestine); Civilians (Palestine); Civilians (Palestine); Civilians (Palestine); Civilians (Palestine); Military Forces of Israel (2022-); Hamas Movement; Hamas Movement; Civilians (Palestine); Military Forces of Israel (2022-); Civilians (Palestine); Civilians (Palestine); Civilians (Palestine); Civilians (Palestine); Civilians (Palestine); Civilians (Palestine); Civilians (Palestine); Civilians (Palestine); Civilians (Palestine); Military Forces of Israel (2022-); Civilians (Palestine); Civilians (Palestine); Civilians (Palestine); Civilians (Palestine); Civilians (Palestine); Civilians (Palestine); Civilians (Palestine); Civilians (Palestine); Civilians (Palestine); Civilians (Palestine); Civilians (Palestine); Hamas Movement; Civilians (Palestine); Civilians (Palestine); Military Forces of Israel (2022-); Military Forces of Israel (2022-); Civilians (Palestine); Civilians (Palestine); Civilians (Palestine); Civilians (Palestine); Military Forces of Israel (2022-); Civilians (Palestine); Civilians (Palestine); Civilians (Palestine); Civilians (Palestine); Civilians (Palestine); Military Forces of Israel (2022-); Military Forces of Israel (2022-); Hamas Movement; Civilians (Palestine); Civilians (Palestine); Civilians (Palestine); Civilians (Palestine); Civilians (Palestine); Civilians (Palestine); Civilians (Palestine); Civilians (Palestine); Civilians (Palestine); Civilians (Palestine); Civilians (Palestine); Civilians (Palestine); Civilians (Palestine); Military Forces of Israel (2022-); Civilians (Palestine); Civilians (Palestine); Civilians (Palestine); Civilians (Palestine); Civilians (Palestine); Military Forces of Israel (2022-); Civilians (Palestine); Civilians (Palestine); Civilians (Palestine); Civilians (Palestine); Civilians (Palestine); Military Forces of Israel (2022-); Hamas Movement; Civilians (Palestine); Civilians (Palestine); Civilians (Palestine); Civilians (Palestine); Civilians (Palestine); Military Forces of Israel (2022-); Civilians (Palestine); Military Forces of Israel (2022-); Civilians (Palestine); Civilians (Palestine); Civilians (Palestine); Civilians (Palestine); Civilians (Palestine); Civilians (Palestine); Civilians (Palestine); Civilians (Palestine); Civilians (Palestine); Civilians (Palestine); Civilians (Palestine); Civilians (Palestine); Civilians (Palestine); Civilians (Palestine); Hamas Movement; Civilians (Palestine); Military Forces of Israel (2022-); Civilians (Palestine); Civilians (Palestine); Civilians (Palestine); Civilians (Palestine); Civilians (Palestine); Civilians (Palestine); Civilians (Palestine); Civilians (Palestine); Civilians (Palestine); Civilians (Palestine); Civilians (Palestine); Civilians (Palestine); Military Forces of Israel (2022-) Special Forces; Civilians (Palestine); Civilians (Palestine); Hamas Movement; Civilians (Palestine); Civilians (Palestine); Civilians (Palestine); Civilians (Palestine); Military Forces of Israel (2022-); Civilians (Palestine); Civilians (Palestine); Civilians (Palestine); Civilians (Palestine); Civilians (Palestine); Civilians (Palestine); Civilians (Palestine); Civilians (Palestine); Civilians (Palestine); Military Forces of Israel (2022-); Hamas Movement; Civilians (Palestine); Civilians (Palestine); Civilians (Palestine); Military Forces of Israel (2022-); Civilians (Palestine); Civilians (Palestine); Civilians (Palestine); Civilians (Palestine); Civilians (Palestine); Civilians (Palestine); Hamas Movement; Civilians (Palestine); Civilians (Palestine); Civilians (Palestine); Civilians (Palestine); Military Forces of Israel (2022-); Civilians (Palestine); Civilians (Palestine); Civilians (Palestine); Civilians (Palestine); Military Forces of Israel (2022-); Military Forces of Israel (2022-); Civilians (Palestine); Civilians (Palestine); Civilians (Palestine); Civilians (Palestine); Hamas Movement; Civilians (Palestine); Civilians (Palestine); Civilians (Palestine); Hamas Movement; Civilians (Palestine); Civilians (Palestine); Civilians (Palestine)
papua new guinea,4,2024,Oceania,65,"On 18 February 2024, Sikin, Kaekin, and Palinu tribes clashed with Ambulin and Sau Walep tribes in Akom ward (Enga) resulting in the death of at least 49 people. The latter ambushed the former after receiving intelligence of the planned attack. According to the Police Minister, 46 of the dead were hired gunmen from the neighboring districts of Lagaip-Porgera and Kompiam. Security personnel are still retrieving bodies of the deceased from the area. Some reports mentioned that at least 17 tribes were involved in the fight.; On 10 January 2024, rioters torched shops, looted ATMs, and attacked civilians in Port Moresby (National Capital District), resulting in 16 deaths, including some suspected rioters, and injuries to 60. The riot occurred following the desertion of security personnel from their posts due to a payroll dispute (coded separately). The district Governor alleged that some police officers actively encouraged the rioters.",Rioters (Papua New Guinea); Rioters (Papua New Guinea); Rioters (Papua New Guinea); Civilians (Papua New Guinea)
philippines,1,2024,Southeast Asia,13,"On 23 February 2024, 5 NPA militants and a police officer were killed in a joint operation of the 47th Infantry Battalion, 21st Special Forces Company, and Provincial Mobile Force Company in Barangay Campagao (Bilar, Bohol, Central Visayas). A police officer was wounded. Authorities said that one of the slain militants was a top leader of the NPA's Bohol Party Committee (BPC), and another slain militant was a lawyer. Authorities recovered weapons from the rebels.The Communist Party of the Philippines (CPP), National Union of Peoples' Lawyers (NUPL) Cebu, and human rights groups Karapatan said there was no armed encounter, and the 5 militants were apprehended alive and tortured by state forces. They said the militants were summarily executed, even though they were hors de combat and rendered unable to fight. NUPL Cebu said these killings are violations of International Humanitarian Law (IHL). Karapatan said the male militants were ordered to remove their shirts, and they were all ordered to roll in the mud to simulate a firefight with NPA members. The militant lawyer's cadaver showed signs stab wounds and bruises, indicating that they may have been tortured before they were summarily executed. Police said the operation was to serve a warrant on one of the militants, and the militant and his comrades resisted arrest, resulting in an armed encounter. Karapatan said the military stated their forces were engaged in a combat operation and encountered the NPA and did not mention the service of a warrant. Authorities said their operation was 'legitimate' and denied the claims of the groups.; On 18 February 2024, 6 soldiers and at least 1 suspected Dawlah Islamiyah - Maute Group militant were killed in a series of clashes between the Maute Group and soldiers of the 44th Infantry Battalion and the 3rd Scout Ranger Battalion in Barangay Ramain (Munai, Lanao del Norte, Northern Mindanao). There were varying reports on the number of Maute Group fatalities; some stated at least one, two, three, and at least three fatalities. 4 soldiers and an undetermined number of militants were wounded. The first clash occurred between the 44th Infantry Battalion and militants in the barangay. Another encounter arose when the 7th Scout Ranger Company encountered a separate Maute Group members in a different area of the barangay. The military recovered weapons from the rebels.",NPA: New People's Army; Maute Group; Military Forces of the Philippines (2022-); Military Forces of the Philippines (2022-)
poland,5,NA,NA,0,NA,NA
puerto rico,1,NA,NA,0,NA,NA
qatar,12,NA,NA,0,NA,NA
russia,238,2024,Europe,937,"On 22 March 2024, at least 4 suspected Tajik Islamic State militants shot at civilians and set on fire the Krokus City Hall venue in Krasnogorsk (Moscow Oblast). At least 139 people were killed. Over 182 people were wounded, including at least two citizens of Belarus, one of Armenia, one citizen of Azerbaijan, and one citizen of Moldova. The Islamic State in Khorasan Province (ISKP) has credibly claimed responsibility for the attack.; On 20 March 2024, Russian forces clashed with LSR, RDK and the Sibir Battalion around Kozinka (Grayvoronskiy, Belgorod). Up to 650 paramilitary fighters were killed; 2 armored vehicles, and 2 multiple rocket launchers were destroyed. [Russian MoD reported 650 fatalities. Coded as 10 fatalities]. LSR and other paramilitary groups participating in the incursion have claimed that they killed 651 Russian soldiers, wounded 908 and captured 37 over the course of the incursion between 12-20 March 2024. Fatalities split across 9 events and coded as 73. Overall fatalities coded as 83.; On 18 March 2024, Russian air forces and artillery struck the Russian Volunteer Corps near Kozinka, Belgorod. According to Russian sources, up to 40 Ukrainian soldiers were killed, 2 IFVs, 3 cars [Russian MoD reported 40 fatalities. Coded as 10 fatalities].; On 18 March 2024, Russian forces clashed with LSR, RDK and the Sibir Battalion around Kozinka (Grayvoronskiy, Belgorod). Around 150 paramilitary fighters were killed; 2 tanks, 3 cars, and an RM-70 multiple rocket launcher destroyed. [Russian MoD reported 150 fatalities. Coded as 10 fatalities]. LSR and other paramilitary groups participating in the incursion have claimed that they killed 651 Russian soldiers, wounded 908 and captured 37 over the course of the incursion between 12-20 March 2024. Fatalities split across 9 events and coded as 73. Overall fatalities coded as 83.; On 15 March 2024, Russian forces clashed with Russian Volunteer Corps near Kozinka, Belgorod. According to Russian sources, more than 30 RDK soldiers were killed, 3 tanks, 3 armored vehicles and an artillery system were destroyed near Popivka, Spodariushino and Kozinka [Russian MoD reported 30 fatalities. Coded as 10 fatalities split across 3 events. 3 fatalities coded to this event]. LSR and other paramilitary groups participating in the incursion have claimed that they killed 651 Russian soldiers, wounded 908 and captured 37 over the course of the incursion between 12-20 March 2024. Fatalities split across 9 events and coded as 72. Overall fatalities coded as 75.; On 15 March 2024, Russian forces clashed with Russian Volunteer Corps near Spodariushino, Belgorod. According to Russian sources, more than 30 RDK soldiers were killed, 3 tanks, 3 armored vehicles and an artillery system were destroyed near Popivka, Spodariushino and Kozinka [Russian MoD reported 30 fatalities. Coded as 10 fatalities split across 3 events. 3 fatalities coded to this event]. LSR and other paramilitary groups participating in the incursion have claimed that they killed 651 Russian soldiers, wounded 908 and captured 37 over the course of the incursion between 12-20 March 2024. Fatalities split across 9 events and coded as 73. Overall fatalities coded as 76.; On 13 March 2024, according to Russian sources, Ukrainian Forces launched assault actions on Russian Forces in the border area of Spodariushino, Belgorod. 195 Ukrainian soldiers were killed in the area of Spodariushino. [Russian MoD reported 195 fatalities. Coded as 10 fatalities]. LSR and other paramilitary groups participating in the incursion have claimed that they killed 651 Russian soldiers, wounded 908 and captured 37 over the course of the incursion between 12-20 March 2024. Fatalities split across 9 events and coded as 72. Overall fatalities coded as 82.; On 12 March 2024, Russian forces clashed with LSR and the Siberian battalion around Spodariushino (Grayvoronskiy, Belgorod). According to Russian sources, 40 troops were killed near Nekhoteevka and Spodariushino. Near Spodariushino, the Russian military destroyed 2 tanks. [Russian MoD reported 40 fatalities. Coded as 10 fatalities split across 2 events. 5 fatalities coded to this event]. LSR and other paramilitary groups participating in the incursion have claimed that they killed 651 Russian soldiers, wounded 908 and captured 37 over the course of the incursion between 12-20 March 2024. Fatalities split across 9 events and coded as 72. Overall fataliites coded as 77.; On 12 March 2024, Russian forces clashed with LSR and the Siberian battalion around Nekhoteevka (Belgorodskiy, Belgorod). According to Russian sources, 40 members of paramilitary groups were killed near Nekhoteevka and Spodariushino. Near Nekhoteevka, the Russian military destroyed 3 tanks and an armoured personnel carrier. [Russian MoD reported 40 fatalities. Coded as 10 fatalities split across 2 events. 5 fatalities coded to this event]. LSR and other paramilitary groups participating in the incursion have claimed that they killed 651 Russian soldiers, wounded 908 and captured 37 over the course of the incursion between 12-20 March 2024. Fatalities split across 9 events and coded as 72. Overall fatalities coded as 77.; On 12 March 2024, Russian forces clashed with LSR and the Siberian battalion in Tyotkino (Glushkovskiy, Kursk). At least one civilian was wounded. LSR and other paramilitary groups participating in the incursion have claimed that they killed 651 Russian soldiers, wounded 908 and captured 37 over the course of the incursion between 12-20 March 2024. Fatalities split across 9 events and coded as 72.; On 12 March 2024, Russian forces clashed with LSR and the Siberian battalion in Gorkovsky (Grayvoronskiy, Belgorod). LSR and other paramilitary groups participating in the incursion have claimed that they killed 651 Russian soldiers, wounded 908 and captured 37 over the course of the incursion between 12-20 March 2024. Fatalities split across 9 events and coded as 72.; On 23 February 2024, Ukrainian Forces shot down an A-50 aircraft of the Russian Forces in the area of Azov Sea near Yeysk, Krasnodar. Aircraft debris later landed near Trudovaya Armeniya, Krasnodar. Ukrainian security services also stated that Ukrainian Forces shot down the aircraft with a modernized S-200 air defense system and that all 10 crewmembers of the Russian A-50 died in the crash.; On 15 February 2024, Ukrainian military struck with 14 missiles the city of Belgorod (Belgorodskiy, Belgorod). The Russian military claimed to have intercepted the projectiles, but their debris killed 7 civilians and wounded 19 others. They also damaged 23 apartment buildings, 52 houses, 90 cars, 5 agrarian facilities, 7 garages, a a playpen and a barn. The Russian military also shot down a Ukrainian drone above the city.; On 24 January 2024, suspected Ukrainian military shot down a Russian military airplane around Yablonovo (Korochanskiy, Belgorod). The plane was allegedly carrying 65 Ukrainian prisoners of war for a swap, 6 crew members and 3 guards, who are all presumed dead, but analysts have put into question whether prisoners of war were actually on the plane, as no bodies are visible in the photos of the crash site. Ukraine has not explicitly confirmed its involvement, but did not deny it, arguing instead that Russia did not alert it to the fact that there were prisoners of war on the plane, thus making it a legitimate target.",Islamic State Khorasan Province (ISKP); LSR: Freedom of Russia Legion; Military Forces of Russia (2000-) Air Force; LSR: Freedom of Russia Legion; RDK: Russian Volunteer Corps; RDK: Russian Volunteer Corps; Military Forces of Ukraine (2019-); LSR: Freedom of Russia Legion; LSR: Freedom of Russia Legion; LSR: Freedom of Russia Legion; LSR: Freedom of Russia Legion; Military Forces of Ukraine (2019-); Military Forces of Ukraine (2019-); Military Forces of Ukraine (2019-); Civilians (Russia); Military Forces of Russia (2000-); RDK: Russian Volunteer Corps; Military Forces of Russia (2000-); Military Forces of Russia (2000-); Military Forces of Russia (2000-); Military Forces of Russia (2000-); Military Forces of Russia (2000-); Military Forces of Russia (2000-); Military Forces of Russia (2000-); Military Forces of Russia (2000-); Military Forces of Russia (2000-) Air Force; Civilians (Russia); Military Forces of Russia (2000-)
rwanda,3,NA,NA,0,NA,NA
saudi arabia,4,2024,Middle East,7,"Other: On 27 February 2024, Saudi authorities executed seven individuals on various charges, including 'treason,' 'endangering security through terrorism,' financing terrorist organizations,' and 'espionage aimed at destabilizing society and undermining national unity' (coded to capital Riyadh). This was the highest number of single-day executions since the execution of 81 people in March 2022. Saudi authorities have executed a total of 31 people since the beginning of 2024.",Government of Saudi Arabia (2015-); Civilians (Saudi Arabia)
senegal,2,NA,NA,0,NA,NA
serbia,2,NA,NA,0,NA,NA
singapore,3,NA,NA,0,NA,NA
slovakia,2,NA,NA,0,NA,NA
somalia,7,2024,Eastern Africa,1122,"On 29 March 2024, Al Shabaab threw a hand grenade, targeting Kenyan civilians in Dhobley town (Afmadow, Lower Juba). Six Kenyan traders were killed and another was injured. Al Shabaab claimed responsibility.; On 27 March 2024, government security forces (SNA) attacked Al Shabaab position near Duuray village (Waajid, Bakool). Six militants were killed.; On 26 March 2024, Al Shabaab launched an attack against government security forces (SNA) and Abgal clan militia at a base in Fiiqaay area in Daru Naciim village near Run-nirgod village (Adan Yabaal, Middle Shabelle). The militants overran, briefly took over the base and later withdrew. 67 people were killed from both sides. 35 militants and 32 soldiers.; On 26 March 2024, Al Shabaab clashed with government security forces (SNA/Gorgor/Danab), Galmudug security forces and Habar Gedir clan militia in Bacad-Farah Adan village near Xarardheere town (Xarardheere, Mudug). Both sides exchanged heavy gunfire. 55 were killed from both sides. Al Shabaab claimed killing 15 soldiers and Government claimed killing 40 militants.; On 23 March 2024, a suicide vehicle-borne IED (SVBIED) by Al Shabaab detonated, targeting government security forces (SNA and Stabilization forces, part of SNA) at a base in Busley village (Marka, Lower Shabelle), followed by heavy exchange from both sides. Al Shabaab claimed to have killed more than 57 soldiers. One suicide bomber and nine militants were killed.; On 21 March 2024, Al Shabaab ambushed government security forces (SNA) passing in between Daniga Balow and Baasra village (Afgooye, Lower Shabelle). The clash was initiated with RPGs and followed by a heavy exchange of gunfire from both sides. Al Shabaab claimed killing 21 soldiers and injuring 18 others.; On 21 March 2024, Al Shabaab attacked government security forces (SNA) at a base in Bar-Sanguun village (Kismaayo, Lower Juba). The militants overrun the base. Eight soldiers were killed soldiers and injured several others. Al Shabaab claimed responsibility.; On 21 March 2024, Al Shabaab ambushed government security forces (SNA) passing in between Afgooye and Jambaluul village (Afgooye, Lower Shabelle). The clash was initiated with RPGs and followed by heavy exchange of gunfire from both sides. Al Shabaab claimed killing 10 soldiers and injured six others.; On 19 March 2024, international forces (described as likely US forces, coded as military forces of the United States), in coordination with government security forces (SNA), conducted an airstrike against Al Shabaab position in Bagdaad village (Afgooye, Lower Shabelle) and Baldooska village (coded separately). The government claimed 39 militants were killed, 15 were killed in Bagdaad and 24 in Baldooska. 21 civilians were killed, including farmers, and several others were injured in Bagdaad. Al Shabaab accused the Turkish forces of targeting civilians. Fatalities coded as 36.; On 19 March 2024, international forces (described as likely US forces, coded as military forces if the United States), in coordination with government security forces (SNA), conducted an airstrike against Al Shabaab position in Baldooska village (Afgooye, Lower Shabelle) and Bagdaad village (coded separately). Government claimed 39 militants were killed, 15 were killed in Bagdaad and 24 in Baldooska. Al Shabaab accused the Turkish forces of targeting civilians.; On 18 March 2024, Al Shabaab ambushed a government security forces (NISA) convoy in the vicinity of Jambaluul village (Afgooye, Lower Shabelle). Both sides exchanged gunfire. Al Shabaab claimed killing nine soldiers and injured six others.; On 16 March 2024, Al Shabaab attacked Jubaland security forces at a base near Ras Kamboni village (Badhaadhe, Lower Juba). Al Shabaab claimed killing six soldiers.; On 15 March 2024, government security forces (SNA) and Habar Gedir clan militia conducted an operation targeting the Al Shabaab hideout in Dumaaye village (Xarardheere, Mudug). Seven militants were killed, including a senior militant.; On 14 March 2024, government security forces (SNA) and Hirshabelle police forces clashed with Hiiraan State militia at the front gate of the administration's side in Lamagalay administration center in Belet Weyne town (Belet Weyne, Hiiraan). Hiiraan State militia took control over the police station and regional administration center. The security forces regain the Belet Weyne Police Station. At least six were killed from both sides and six, including three civilians, were injured.; On 14 March 2024, government security forces (SNA) ambushed Al Shabaab members riding three motorbikes near Haween village (Baydhaba, Bay). Seven militants were killed.; On 14 March 2024, overnight, a suicide vehicle-borne IED (SVBIED) by Al Shabaab detonated, targeting civilians, mostly Banadir administration and federal government officials and lawmakers in SYL hotel in Mogadishu - Hamar Weyne (Banadir), followed by heavy exchange between security forces (NISA, police-Harmacad and Gorgor) and Al Shabaab for about 12 hours. Two suicide bombers and at least ten people, including six militants, were killed. Several government officials were injured. Al Shabaab claimed to have killed 28 people and injured over 40 others.; On 12 March 2024, Dir clan clashed with Habar Gedir Saad sub-clan near Tawfiiq village (Jariiban, Mudug) over clan revenge. Eight people were killed from both sides.; On 12 March 2024, pastoralists from Dir and Sheeqaal clan clashed in Af Barwaaqo village (Hobyo, Mudug) over land dispute and clan revenge. Eight people were killed from both sides.; On 9 March 2024, Al Shabaab ambushed government security forces (SNA) and US AFRICOM in a joint in Kam Jiron area near Kismayo town (Kismaayo, Lower Juba). Al Shabaab claimed killing eight soldiers and ten others were injured.; On 4 March 2024, Jubaland security forces, government security forces (SNA/Danab) and Jubaland Intelligence and Security Agency conducted an operation targeting Al Shabaab position in Turdho village (Jamaame, Lower Juba), Malayle, Baxar Saafka and Musa Haji village (coded as Jamaame) (coded separately). Both sides exchanged gunfire. 35 militants were killed and several others were injured. 35 fatalities split between 3 locations, coded as 12.; On 4 March 2024, Jubaland security forces, government security forces (SNA/Danab) and Jubaland Intelligence and Security Agency conducted an operation targeting Al Shabaab position in Malayle village (Jamaame, Lower Juba), Turdho, Baxar Saafka and Musa Haji village (coded as Jamaame) (coded separately). Both sides exchanged gunfire. 35 militants were killed and several others were injured. 35 fatalities split between 3 locations, coded as 12.; On 4 March 2024, Jubaland security forces, government security forces (SNA/Danab) and Jubaland Intelligence and Security Agency conducted an operation targeting Al Shabaab positions in Baxar Saafka and Musa Haji village, near Jamaame town (Jamaame, Lower Juba), Turdho, and Malayle village (coded separately). Both sides exchanged gunfire. 35 militants were killed. 35 fatalities split between 3 locations, coded as 11.; On 3 March 2024, Jubaland security forces, government security forces (SNA) and Jubaland Intelligence and Security Agency conducted an operation targeting Al Shabaab positions in Wirkooy village (Jamaame, Lower Juba). Both sides exchanged gunfire. At least 30 militants were killed and several others were captured.; On 3 March 2024, Jubaland security forces, government security forces (SNA/Danab) and Jubaland Intelligence and Security Agency conducted an operation targeting Al Shabaab position in Baarka village (Jamaame, Lower Juba). Both sides exchanged gunfire. 19 militants were killed and nine others were captured.; On 2 March 2024, government security forces (SNA/Gorgor/Danab) conducted an operation, including airstrikes, against Al Shabaab in Sumadaale village near Ceel Dheer town (Ceel Dheer, Galgaduud) and Qalan qal, and Sumadaale (coded separately). The operation was supported by airstrikes from unidentified forces (described as international forces, coded as unidentified military forces). 23-40 militants were killed and several others were injured. 23 fatalities split between 3 locations (Cali Yabaal, Qalan qal, and Sumadaale), coded as 7.; On 2 March 2024, government security forces (SNA/Gorgor/Danab) conducted airstrikes and operations against Al Shabaab who were gathering in Cali Yabaal village near Cowswayne village (Ceel Dheer, Galgaduud) and Qalan qal, and Sumadaale (coded separately). The operation was supported by airstrikes from unidentified forces (described as international forces, coded as unidentified military forces). 23-40 militants were killed and 20 others were injured. 23 fatalities split between 3 locations (Cali Yabaal, Qalan qal, and Sumadaale), coded as 8.; On 2 March 2024, government security forces (SNA/Gorgor/Danab) conducted an operation, including airstrikes, against Al Shabaab in Qalan qal village near Galcad village (Ceel Dheer, Galgaduud) and Cali Yabaal, and Sumadaale (coded separately). The operation was supported by airstrikes from unidentified forces (described as international forces, coded as unidentified military forces). 23-40 militants were killed and several others were injured. 23 fatalities split between 3 locations (Cali Yabaal, Qalan qal, and Sumadaale), coded as 8.; On 2 March 2024, Jubaland security forces, government security forces (SNA) and Jubaland Intelligence and Security Agency attacked Al Shabaab positions in Bar-Sanguun village (Kismaayo, Lower Juba). The forces confiscated several weapons. Both sides exchanged gunfire. Nine militants and three soldiers were killed and several others were injured.; On 2 March 2024, Al Shabaab ambushed Jubaland security forces, government security forces (SNA) and Jubaland Intelligence and Security Agency convoy in Wirkooy village (Jamaame, Lower Juba) and Baxar Saafka village (coded as Jamaame) (coded separately). Both sides exchanged gunfire. Al Shabaab claimed killing 19 soldiers. 19 fatalities split between 2 locations, coded as 10.; On 2 March 2024, Al Shabaab ambushed Jubaland security forces, government security forces (SNA) and Jubaland Intelligence and Security Agency convoy in Baxar Saafka village, near Jamaame town (Jamaame, Lower Juba) and Wirkooy village (coded separately). Both sides exchanged gunfire. Al Shabaab claimed killing 19 soldiers. 19 fatalities split between 2 locations, coded as 9.; On 29 February 2024, unidentified forces (described as international forces, coded as unidentified military forces), in coordination with government security forces (SNA), conducted an airstrike targeting Al Shabaab in Cali Yabaal village near Cowswayne village (Ceel Dheer, Galgaduud). At least 15 militants were killed and 22 others were injured.; On 26 February 2024, government security forces (SNA) and Habar Gedir clan militia conducted an operation targeting Al Shabaab hideouts in Baraag Cali-gaduud village near Xarardheere town (Xarardheere, Mudug). Ten militants were killed.; On 25 February 2024, unidentified forces (coded as unidentified military forces) conducted an airstrike targeting Al Shabaab in Arabow village (Bu'aale, Middle Juba). About 20 militants were killed, including foreign fighters.; On 24 February 2024, US AFRICOM, in coordination with government security forces (NISA), conducted an airstrike targeting an Al Shabaab checkpoint in Jilib-Marca town area (Marka, Lower Shabelle). Over 30 militants were killed.; On 19 February 2024, government security forces (SNA) and Abgal clan militia clashed with Al Shabaab in between Cali Yabaal and Oswein village (Ceel Dheer, Galgaduud). The security forces destroyed the Al Shabaab bases and seized several weapons. Al Shabaab claimed killing seven soldiers and injured nine others.; On 17 February 2024, unidentified forces (described as international forces, coded as unidentified military forces), in coordination with government security forces (SNA), conducted an airstrike targeting Al Shabaab position in Kurtunwaarey village (Kurtunwaarey, Lower Shabelle). Seven militants were killed, including four senior members.; On 16 February 2024, government security forces (SNA) and Abgal clan militia, during an operation, targeted Al Shabaab hideouts in Ceel Wadalan village near Ceel Dheer town (Ceel Dheer, Galgaduud). The operation was supported by an airstrike from an unidentified military force. Seven militants were killed, and a senior militant was arrested.; On 14 February 2024, government security forces (SNA/Danab/Bancroft) and unidentified forces (described as international forces, coded as unidentified military forces), raided Al Shabaab positions in Ugunji village (Qoryooley, Lower Shabelle). Both sides exchanged heavy gunfire. Seven militants were killed, including senior officials.; On 13 February 2024, government security forces (SNA) and Abgal clan militia conducted an operation targeting Al Shabaab positions in Baraag Sheekh Cabdullaahi area, near Ceel Dheer village (Ceel Dheer, Galgaduud). 15 militants were killed.; On 13 February 2024, an IED planted by Al Shabaab detonated, targeting ATMIS UPDF troops convoy passing in between Danow and Golweyn village (Marka, Lower Shabelle). Al Shabaab claimed to have killed six soldiers and injured two others.; On 11 February 2024, US AFRICOM, in coordination with government security forces (SNA), conducted airstrikes targeting Al Shabaab positions near Jamaame town (Jamaame, Lower Juba). At least 20 militants were killed.; On 10 February 2024, government security forces (SNA/Danab/Bancroft) and Jubaland security forces conducted an operation against the Al Shabaab hideout in Yaaq Dabel, near Kismayo town (Kismaayo, Lower Juba). Fatalities coded as 29 based on Hiiraan (latest report) - 27 militants and 2 soldiers. 36 militants and five soldiers were injured.; On 10 February 2024, Al Shabaab wearing military uniforms and armed with a machine gun opened fire at a senior officer and instructors inside General Gordon Training Centre (GGTC) in Mogadishu - Hodan (Banadir). Eighteen soldiers were killed including foreign instructors from the United Arab Emirates (UAE), Bahrain and twenty others were injured. Al Shabaab militants claimed responsibility for the attack.; On 9 February 2024, pastoralists from Habar Gedir Saad sub-clan militia clashed with the Leelkayse clan militia over a dispute on grazing land in Jiic boor village (Gaalkacyo, Mudug) and Laama ariboob (coded separately). At least 20 people were killed from both sides and more than 30 people were injured. 20 fatalities split between 2 locations, coded as 10.; On 9 February 2024, pastoralists from Habar Gedir Saad sub-clan militia clashed with the Leelkayse clan militia over a dispute on grazing land in Laama ariboob village (Galdogob, Mudug) and Jiic boor (coded separately). At least 20 people were killed from both sides and more than 30 people were injured. 20 fatalities split between 2 location and coded as 10.; On 7 February 2024, an IED planted by Al Shabaab detonated, targeting government security forces (SNA) convoy near Xaaji-Cali village (Cadale, Middle Shabelle). Al Shabaab claimed to have killed eight SNA soldiers and injured two others.; Detonation: On 6 February 2024, an IED detonated on the hands of Al Shabaab militants who were preparing the device in Beer Yabual village (Bulo Burto, Hiraan) and killed at least six Al Shabaab.; On 6 February 2024, suspected Al Shabaab planted four IEDs to various shops detonated simultaneously inside the Bakara market in Mogadishu - Hawl Wadaag (Banadir). At least seven people mostly civilian bystanders and business owners were killed while eight others were injured.; On 5 February 2024, Al Shabaab raided three houses in Belet Xaawo town (Belet Xaawo, Gedo). 7 civilians were killed and six others were injured, including four ethnic Oromo Ethiopian nationals.; On 4 February 2024, Jubaland Intelligence and Security Agency soldiers clashed with Al Shabaab in Singaleer village near Bar-Sanguun village (Kismaayo, Lower Juba). Seven people were killed including two government soldiers and five militants. Two soldiers were injured. Al Shabaab claimed responsibility.; On 3 February 2024, suicide vehicle-borne IED (SVBIED) by Al Shabaab detonated, targeting government security forces (SNA), Galmudug security forces and Habar Gedir clan militias at a base in Shabeellow village (Hobyo, Mudug). The attack was followed by exchange of gunfire from both sides. Al Shabaab overran five bases and briefly took control of the bases, and withdrew shortly after. 26 people were killed including 21 militants and five SNA soldiers. Several others were injured. Al Shabaab claimed responsibility.; On 30 January 2024, overnight, Al Shabaab launched an attack against Southwest State Special Police Forces (SWSPF) at checkpoint at the Barwaaqo area in Baidoa town (Baydhaba, Bay).The attack began with several rounds of RPGs, followed by clashes between the two sides. Al Shabaab claimed to have killed seven police officers and injured five others. Unspecified number of Al Shabaab militants were also injured.; On 27 January 2024, unidentified forces (described as international forces, coded as unidentified military forces), in coordination with government security forces (SNA), launched an airstrike against Al Shabaab garage in Buqda Caqable village (Bulo Burto, Hiraan). Six militants were killed and unspecified number were injured.; On 27 January 2024, unidentified military forces conducted an airstrike against Al Shabaab in Cali Heyle village near Ceel Dheer town (Ceel Dheer, Galgaduud). The strike destroyed a vehicle, and several Al Shabaab were killed. Unspecified fatalities coded as 10.; On 25 January 2024, unidentified forces (described as international forces, coded as unidentified military forces), in coordination with government security forces (NISA), conducted an airstrike against Al Shabaab positions in Galhareeri town (Ceel Buur, Galgaduud). The airstrike destroyed three Al Shabaab positions including a radio station. Government forces claimed to have killed at least 30 militants.; On 24 January 2024, Three suicide vehicle-borne IED (SVBIED) by Al Shabaab detonated, targeting military bases of government security forces (SNA/Gorgor/Danab), Galmudug security forces and Habar Gedir clan militias in Caad village (Xarardheere, Mudug). The attack was followed by heavy exchange of gunfire from both sides. Al Shabaab overran five bases and briefly took control of the bases, and withdrew shortly after. Al Shabaab claimed to have killed 191 soldiers and injured several others. Over 50 people were killed from both sides.; On 19 January 2024, unidentified forces (coded as unidentified military forces) conducted an airstrike against Al Shabaab position in Fiidow village (Jowhar, Middle Shabelle). At least 10 Al Shabaab armed group were killed.; On 19 January 2024, unidentified military forces conducted an airstrike against Al Shabaab in Buur Xaano village (Jowhar, Middle Shabelle). Several Al Shabaab were killed, including senior members; unspecified fatalities coded as 10.; On 19 January 2024, overnight, Al Shabaab launched an attack against Kaxda police station and exchanged fire with police forces in Mogadishu - Kaxda (Banadir). Al Shabaab claimed killing six police officers and injured three others.; On 16 January 2024, Al Shabaab suicide bomber detonated a suicide vest, targeting civilian employee and officials of Banadir Region Administration (BRA) who were gathered in Jawi coffee house in Mogadishu - Hamar Weyne (Banadir). Seven people were killed including the suicide bomber and five others were injured. Al Shabaab claimed responsibility.; On 14 January 2024, Al Shabaab shot and killed seven men in a public gathering in Jilib town (Jilib, Middle Juba). The victims were accused of spying for US forces. Al Shabaab claimed responsibility.; On 12 January 2024, an IED planted by Al Shabaab detonated, targeting a minibus traveling from Qoryooley heading to Mogadishu, near Shalaambood village (Marka, Lower Shabelle). Seven civilians were killed and three others were injured.; On 12 January 2024, an IED planted by Al Shabaab, triggered by a civilian minibus, in Ceel Waregow village (Marka, Lower Shabelle) detonated. Seven people were killed.; On 10 January 2024, Omar Mahmud and Issa Mahmud sub-clan militias from Majeerteen clashed in the vicinity of Maraaga village near Laascaanood town (Laas Caanood, Sool). The motive of the clash was due to dispute over captured anti-aircraft technical vehicle previously seized from Somaliland. At least ten people including civilians were killed.; On 10 January 2024, an IED planted by Al Shabaab detonated, targeting a convoy of government security forces (SNA) near Camaara village (Xarardheere, Mudug). Eight soldiers were killed. Al Shabaab claimed responsibility.; On 6 January 2024, government security forces (Gorgor/SNA), Galmudug security forces, and Habar Gedir clan militia conducted a joint operation against Al Shabaab position in Jeex-jeex area in between Camaara and Caad village (Xarardheere, Mudug). The militants then ambushed the security forces. The operation was supported by airstrikes from unidentified forces (described as international forces, coded as unidentified military forces). Government claimed to have killed about 76 Al Shabaab. Al Shabaab claimed killing 11 soldiers including a Battalion commander. Total number of fatalities coded as 87.; On 5 January 2024, an IED planted by Al Shabaab detonated, targeting a convoy of ATMIS KDF troops in between Kwamola and Ras Kamboni village (Badhaadhe, Lower Juba). Al Shabaab claimed killing seven soldiers.; On 2 January 2024, an IED planted by Al Shabaab detonated, targeting government security forces (SNA) at a checkpoint in Bulo Mareer town (Marka, Lower Shabelle). Four soldiers and two civilian bystanders were killed and four others were injured. Al Shabaab claimed responsibility.; On 1 January 2024, unidentified forces (coded as unidentified military forces) conducted an airstrike targeting Al Shabaab position in Buula Fuulaay village near Hudur town (Xudur, Bakool). At least 20 militants were killed.; On 1 January 2024, government security forces (Danab/Bancroft/SNA), Galmudug security forces, and Habar Gedir clan militia conducted a joint operation against Al Shabaab in Jeex-jeex area in between Camaare and Caad village (Xarardheere, Mudug). The operation was supported by airstrikes from unidentified forces (described as international forces, coded as unidentified military forces) . Government claimed killing 46 Al Shabaab fighters.; On 1 January 2024, US forces in collaboration with government security forces (SNA) conducted airstrikes targeting Al Shabaab in Armoley area near Jamaame town (Jamaame, Lower Juba). Six militants including a local leader were killed.",Al Shabaab; Military Forces of Somalia (2022-); Al Shabaab; Al Shabaab; Al Shabaab; Al Shabaab; Al Shabaab; Al Shabaab; Military Forces of the United States (2021-2025); Military Forces of the United States (2021-2025); Al Shabaab; Al Shabaab; Military Forces of Somalia (2022-); Military Forces of Somalia (2022-); Military Forces of Somalia (2022-); Al Shabaab; Dir Clan Militia (Somalia); Dir Clan Militia (Somalia); Al Shabaab; Military Forces of Somalia (2022-) Jubaland Security Force; Military Forces of Somalia (2022-) Jubaland Security Force; Military Forces of Somalia (2022-) Jubaland Security Force; Military Forces of Somalia (2022-) Jubaland Security Force; Military Forces of Somalia (2022-) Jubaland Security Force; Military Forces of Somalia (2022-); Military Forces of Somalia (2022-); Military Forces of Somalia (2022-); Military Forces of Somalia (2022-) Jubaland Security Force; Al Shabaab; Al Shabaab; Unidentified Military Forces; Military Forces of Somalia (2022-); Unidentified Military Forces; Military Forces of the United States (2021-2025); Military Forces of Somalia (2022-); Unidentified Military Forces; Military Forces of Somalia (2022-); Military Forces of Somalia (2022-); Military Forces of Somalia (2022-); Al Shabaab; Military Forces of the United States (2021-2025); Military Forces of Somalia (2022-) Special Forces; Al Shabaab; Habar Gedir-Saad Sub-Clan Militia (Somalia); Habar Gedir-Saad Sub-Clan Militia (Somalia); Al Shabaab; Al Shabaab; Al Shabaab; Al Shabaab; Military Forces of Somalia (2022-) Jubaland Intelligence and Security Agency; Al Shabaab; Al Shabaab; Unidentified Military Forces; Unidentified Military Forces; Unidentified Military Forces; Al Shabaab; Unidentified Military Forces; Unidentified Military Forces; Al Shabaab; Al Shabaab; Al Shabaab; Al Shabaab; Al Shabaab; Majeerteen-Omar Mahmud Sub-Clan Militia (Somalia); Al Shabaab; Military Forces of Somalia (2022-) Special Forces; Al Shabaab; Al Shabaab; Unidentified Military Forces; Military Forces of Somalia (2022-) Special Forces; Military Forces of the United States (2021-2025); Civilians (Kenya); Al Shabaab; Military Forces of Somalia (2022-); Military Forces of Somalia (2022-); Military Forces of Somalia (2022-); Military Forces of Somalia (2022-); Military Forces of Somalia (2022-); Military Forces of Somalia (2022-); Al Shabaab; Al Shabaab; Military Forces of Somalia (2022-) National Intelligence and Security Agency; Military Forces of Somalia (2022-) Jubaland Security Force; Al Shabaab; Hiiraan State Militia; Al Shabaab; Military Forces of Somalia (2022-) National Intelligence and Security Agency; Habar Gedir-Saad Sub-Clan Militia (Somalia); Sheeqaal Clan Militia (Somalia); Military Forces of Somalia (2022-); Al Shabaab; Al Shabaab; Al Shabaab; Al Shabaab; Al Shabaab; Al Shabaab; Al Shabaab; Al Shabaab; Al Shabaab; Military Forces of Somalia (2022-) Jubaland Security Force; Military Forces of Somalia (2022-) Jubaland Security Force; Al Shabaab; Al Shabaab; Al Shabaab; Al Shabaab; Al Shabaab; Al Shabaab; Al Shabaab; Al Shabaab; Al Shabaab; ATMIS: African Union Transition Mission in Somalia (2022-2024) (Uganda); Al Shabaab; Al Shabaab; Military Forces of Somalia (2022-); Leelkayse Clan Militia (Somalia); Leelkayse Clan Militia (Somalia); Military Forces of Somalia (2022-); NA; Civilians (Somalia); Civilians (Somalia); Al Shabaab; Military Forces of Somalia (2022-); Police Forces of Somalia (2022-) Southwest Special Police Forces; Al Shabaab; Al Shabaab; Al Shabaab; Military Forces of Somalia (2022-); Al Shabaab; Al Shabaab; Police Forces of Somalia (2022-); Civilians (Somalia); Civilians (Somalia); Civilians (Somalia); Civilians (Somalia); Majeerteen-Issa Mahmud Sub-Clan Militia (Somalia); Military Forces of Somalia (2022-); Al Shabaab; ATMIS: African Union Transition Mission in Somalia (2022-2024) (Kenya); Military Forces of Somalia (2022-); Al Shabaab; Al Shabaab; Al Shabaab
somaliland,1,NA,NA,0,NA,NA
south africa,15,2024,Southern Africa,6,"On 22 January 2024, a mob stoned and killed six men in Tembisa (Ekurhuleni, Gauteng). The men are accused of committing crimes such as mugging, housebreaking, and rape. Police arrested two male suspects.",Rioters (South Africa); Civilians (South Africa)
south korea,13,NA,NA,0,NA,NA
spain,5,NA,NA,0,NA,NA
sri lanka,1,NA,NA,0,NA,NA
stateless,1,NA,NA,0,NA,NA
sudan,3,2024,Northern Africa,1977,"Around 31 March 2024 (as reported), RSF attacked residents in Al Aziz (Sennar, Sennar) for unspecified reasons. 9 people were killed.; On 30 March 2024, unspecified ethnic militia on motorbikes attacked civilians in Kega (Ar Reif Ash Shargi, South Kordofan), after SAF repelled SPLM-N-Abdelaziz attack in El Koaik (coded separately). The head of the Kiga tribe was killed and in addition to many civilians, unspecified civilians fatalities coded as 10. Fatalities coded as 11 (1+10).; On 30 March 2024, SPLM-N-Abdelaziz launched a multifront offensive from Keiga and southeast Kadugli direction on SAF in El Koaik (Ar Reif Ash Shargi, South Kordofan). SAF repelled SPLM-N-Abdelaziz attack and killed many soldiers in addition to capture many military vehicles. Many civilians were killed, unspecified civilians fatalities coded as 10. 204 families were displaced. Unspecified SPLM-N fatalities coded as 10. Fatalities coded as 20 (10+10).; On 30 March 2024, SAF ambushed RSF in Abu Halima Street (Bahri, Khartoum). SAF destroyed many RSF vehicles including 7 fuel tanks and killed many RSF soldiers. Unspecified fatalities coded as 10.; On 29 March 2024, SLM/A-Nur and RSF clashed near El Fasher (Al Fasher, North Darfur). 17 SLM/A-Nur and an unspecified number of RSF were killed. Unspecified number of RSF fatalities coded as 3, total fatalities coded as 20 (17+3). SLM/A-Nur claimed it was transporting an administrative unit into El Fasher when RSF attacked its convoy, while RSF claimed the group was transporting military supplies. RSF later claimed the clash was an 'accident'.; On 29 March 2024, SAF airstrikes targeted RSF in the vicinity of Babanussa (Babanusa, West Kordofan). 6 civilians were killed.; On 29 March 2024, RSF attacked residents in Al Haidab (Sennar, Sennar) for unspecified reasons and imposed a blockade on the village. 6-7 people were killed.; On 29 March 2024, RSF attacked residents in Abu Amnah (Sennar, Sennar) and looted the village. 11-16 people were killed and 15-26 others were injured.; On 27 March 2024, clashes between RSF and SAF continued in Wad Al Bashir bridge in Ombada (Um Bada, Khartoum). RSF claimed they overtook the bridge. SAF denied RSF claims. Both claimed they inflicted losses on rival equipment and lives. Unspecified fatalities coded as 10.; On 27 March 2024, clashes between SAF, backed by SLM/A-Minnawi (some reports mentioned SAF was backed by JEM-Gibiril Ibrahim), and RSF continued in Libya Market (Um Bada, Khartoum). SAF claimed they advanced in the area. RSF claimed they killed dozens of SAF and SLM/A-Minnawi on 26 and 27 March (coded separately). Fatalities coded as 12 split over two days. Fatalities coded as 6.; On 27 March 2024, RSF attacked and displaced residents in Al Takala Jubara (Al Hasahisa, Al Jazirah) for unspecified reasons. 8 people were killed and 30-37 others were injured.; On 27 March 2024, clashes between SAF and RSF continued in Omdurman - Al Doha (Omdurman, Khartoum). SAF claimed they advanced in the area and regained control over the neighborhood. SAF claimed they killed more than 30 RSF soldiers, wounded and captured many other soldiers.; On 26 March 2024, clashes between SAF, backed by SLM/A-Minnawi, and RSF continued in Libya Market (Um Bada, Khartoum). SAF advanced in the area. RSF claimed they killed dozens of SAF and SLM/A-Minnawi on 26 and 27 March. Fatalities coded as 12 split over two days. Fatalities coded as 6.; On 26 March 2024, clashes between SAF and RSF continued in Kadaro (Bahri, Khartoum), with SAF artillery targeting RSF commander location and killing the commander and his force. A SAF soldier was killed. SAF destroyed at least 8 RSF military vehicles. Unspecified fatalities coded as 10, fatalities coded as 11.; On 24 March 2024, clashes between SAF and RSF continued in Kadaro (Bahri, Khartoum), RSF shelled artillery while SAF airstrikes repelled RSF attack and inflected losses on RSF lives and destroyed several RSF vehicles. SAF captured many RSF military vehicles. Unspecified fatalities coded as 10.; On 23 March 2024, clashes between SAF and RSF continued in Kadaro (Bahri, Khartoum). SAF ambushed RSF and inflected losses on RSF lives, equipment, and vehicles. Unspecified fatalities coded as 10.; On 22 March 2024, suspected RSF attacked a passengers vehicle who were transferring wounded people in Takal Farajab village (Um Dam Haj Ahmed, North Kordofan), for an unspecified reason. The armed men shot, slaughtered some of the victims, and cut a finger of the one victim who survived. 8 were killed and one was wounded.; On 22 March 2024, clashes between RSF and SAF continued in Signal Corps base in Khartoum North - Kobar (Bahri, Khartoum), with SAF airstrikes targeting RSF being reported. SAF ambushed RSF and destroyed many RSF vehicles and soldiers gatherings. SAF claimed they killed 217 RSF (reported by one source) and many were wounded. Unspecified RSF fatalities coded as 10.; On 21 March 2024, RSF-allied Mahriya and Misseriya clashed in a market in Foro Burunga (Foro Baranga, West Darfur) after Mahriya were accused of stealing a Misseriya vehicle that was previously looted from Khartoum. 11 people were killed and 5 others were injured.; On 20 March 2024, clashes between SAF and RSF continued in Kadaro (Bahri, Khartoum). SAF ambushed RSF and destroyed RSF military vehicles, killed and ambushed many RSF soldiers. Unspecified RSF fatalities coded as 10.; On 20 March 2024, clashes between RSF and SAF continued in Signal Corps base in Khartoum North - Kobar (Bahri, Khartoum), with exchange of artillery shelling being reported. Many SAF soldiers were killed. Unspecified SAF fatalities coded as 10.; On 19 March 2024, clashes between RSF and SAF continued in Babanussa (Babanusa, West Kordofan), with airstrikes and artillery shelling being reported. 11 were killed and other were wounded. Large numbers of civilians were killed and wounded and dozens of soldiers were killed on 17, 18 and 19 March. Soldier fatalities coded as 12 and unspecified civilians fatalities in a high intensity clash coded as 10. Fatalities coded as 22, 11 unspecified fatalities split over three days. Fatalities coded as 14 (11+3).; On 18 March 2024, clashes between SAF and RSF continued in Al Mijir 5 (Al Fao, Gedaref), with SAF airstrikes and artillery shelling being reported. SAF claimed to have killed tens of RSF and that 2 SAF were killed. Fatalities coded as 12 (10+2).; On 18 March 2024, clashes between RSF and SAF backed by General Intelligence Service continued in Signal Corps base in Khartoum North - Kobar (Bahri, Khartoum), with SAF airstrikes targeting RSF and exchange of artillery shelling being reported. SAF destroyed two RSF tanks and an armored vehicle and captured two tanks. SAF repelled RSF attack and killed dozens of RSF soldiers. RSF withdrew north to Halfayat Al Muluk. Fatalities coded as 12.; On 17 March 2024, clashes between SAF and RSF continued in Kadaro (Bahri, Khartoum), with SAF artillery shelling being reported. SAF ambushed RSF and destroyed 11 RSF military vehicles, a fuel truck and several motorbikes. SAF killed dozens of RSF soldiers. Fatalities coded as 12.; On 16 March 2024, clashes between RSF and SAF continued in Babanussa (Babanusa, West Kordofan), with SAF airstrikes targeting RSF and exchange of artillery shelling being reported. Dozens of soldiers from both sides were killed on 15 and 16 March. Fatalities coded as 12 and split over two days. Fatalities coded as 6.; On 16 March 2024, RSF attacked residents in Bilala (Janub Al Jazirah, Al Jazirah) for unspecified reasons. 6 civilians were killed.; On 16 March 2024, clashes between RSF and SAF backed by General Intelligence Service continued in Signal Corps base in Khartoum North - Kobar (Bahri, Khartoum). RSF claimed they destroyed SAF military vehicles and shot down a fighter drone in addition to kill dozens of soldiers while SAF claimed they repelled RSF attack and killed large number of RSF soldiers and destroyed 7 RSF military vehicles and armored vehicle in addition to capture several military vehicles. SAF fatalities coded as 12, and RSF unspecified fatalities coded as 10. Fatalities coded as 22 (12+10).; On 15 March 2024, clashes between SAF and RSF continued in Babanussa (Babanusa, West Kordofan), with airstrikes being reported. Dozens of soldiers from both sides were killed on 15 and 16 March. Fatalities coded as 12 and split over two days. Fatalities coded as 6.; On 15 March 2024, RSF attacked and looted the market of Qurdud Nyama (Abassiya, South Kordofan). Three SPLM-N-Abdelaziz soldiers and 4-9 civilians were killed and others were wounded. Civilians and commercial properties were looted. Civilians were displaced to Al Abbasiya. Fatalities coded as 7 (3+4).; On 15 March 2024, RSF killed 7-8 residents and injured 9 others in Um Jires (Al Hasahisa, Al Jazirah) and looted the village.; On 14 March 2024, SAF airstrikes targeted a school in El Hadra (Delami, South Kordofan), El Kergil, Habila, and El Geniziaa Moro villages (coded separately). 11 students and 2 teachers were killed and 45 were wounded. 100 families were displaced.; On 14 March 2024, clashes between SAF and RSF continued in Kadaro (Bahri, Khartoum). SAF destroyed RSF military vehicles and killed many soldiers. Unspecified fatalities in a high intensity clash coded as 10.; On 14 March 2024, clashes between SAF and RSF continued in Omdurman - Al-Mulazmin (Omdurman, Khartoum). SAF killed 6 RSF soldiers. SAF captured an RSF military vehicle and ambulance.; On 13 March 2024, Rizeigat camel herders (coded as Rizeigat ethnic militia and pastoralists) clashed with Mararit, Sharfa, Gamar, and Al-Falata farmers in Tuwal Valley (El Salam, South Darfur) after Rizeigat herded their camels to the other groups farms. 10 people were killed.; On 12 March 2024, clashes between SAF and RSF continued in Radio and TV Commission in Omdurman - Al-Mulazmin (Omdurman, Khartoum), with artillery shelling being reported. SAF regained control over the neighborhood including Radio and TV Commission buildings and Ali Abdel Fattah Students Housing. SAF destroyed many RSF vehicles and a supply crossing the River Nile and captured 120 RSF military vehicles, quantities of weapons, ammunition, and drones jamming systems. SAF captured many RSF soldiers including 14 South Sudanese militants fighting with RSF. SAF killed many RSF soldiers. SAF released the abducted civilians. Unspecified fatalities in a high intensity clash coded as 10.; On 12 March 2024, clashes between SAF and RSF continued in Omdurman - Al Arda (Omdurman, Khartoum), with SAF fighter drones and artillery shelling targeted RSF. The RSF tried to flee the siege imposed by SAF in Radio and Tv Commission buildings while other RSF attacked SAF defenses from the west to open a passage for the escaping forces. SAF claimed they destroyed 40 RSF military vehicles and killed dozens of RSF soldiers and arrested many RSF soldiers (some reports mentioned a claim of 150 fatalities). Fatalities coded as 12.; On 11 March 2024, clashes between SAF and RSF continued in Kadaro (Bahri, Khartoum). SAF destroyed 7 RSF military vehicles and two fuel trucks and captured several motorbikes and fuel. SAF killed many RSF soldiers. Unspecified fatalities in a high intensity clash coded as 10.; On 11 March 2024, clashes between SAF and RSF continued in Radio and Tv Commission in Omdurman - Al-Mulazmin (Omdurman, Khartoum), while the RSF tried to flee the siege imposed by SAF. SAF claimed they have eliminated the force and captured their equipment. Unspecified fatalities in a high intensity clash coded as 10.; On 10 March 2024, SAF ambushed RSF in the vicinity of Babanussa (Babanusa, West Kordofan), with SAF airstrikes targeted RSF. Many RSF were killed. Unspecified fatalities in a high intensity clash coded as 10.; On 10 March 2024, SAF backed by Abu Tira and Hamar militia clashed with RSF in Umm Simeima (Um Dam Haj Ahmed, North Kordofan). 23 RSF and 1 SAF were killed, and 2 SAF were wounded, and 9 RSF were captured by SAF. Al-Rahman cafeteria, and the Mafriya collection point were burned. SAF captured two RSF vehicles.; On 9 March 2024, clashes between SAF and RSF continued in Babanussa (Babanusa, West Kordofan), with SAF airstrikes being reported on the city and its vicinity. Many civilians were killed. Unspecified civilians fatalities in a high intensity clash coded as 10. SAF repelled the RSF attack and inflected losses on RSF across two days. Unspecified RSF fatalities in a high intensity clash coded as 10 split over two days. Fatalities coded as 15 (10+5).; Around 6 March 2024 (week of), SAF airstrikes targeted a mosque and several houses in Dar Al Salam in Ombada (Um Bada, Khartoum). Three worshippers and a family were killed. Unspecified fatalities coded as 3. Fatalities coded as 6 (3+3).; On 4 March 2024, RSF clashed with residents (coded as El Udayyah communal militia) in El Udayyah (Al Idia, West Kordofan), after RSF attacked Al Hmeid weekly market and killed at least three people and others were wounded. At least one civilian and 2 RSF were killed due to the clashes (3+3).; On 3 March 2024, RSF clashed with other RSF it described as 'criminals' in Katara (Al Hasahisa, Al Jazirah) after residents complained of RSF violations in the area. RSF claimed 23 RSF were killed and an unspecified number were injured.; On 2 March 2024, clashes between SAF and RSF continued in Wad Al Haddad (Janub Al Jazirah, Al Jazirah). SAF killed an unspecified 'large' number of RSF. Unspecified number of RSF fatalities coded as 10.; Around 2 March 2024 (as reported), RSF attacked multiple villages and burned it between Ar Rahad and Um Rawaba (location coded to Umm Rawaba, North Kordofan). 285 people were killed (unverified). Unspecified number of fatalities coded as 10.; Around 2 March 2024 (as reported), RSF attacked civilians in El Rahad (Ar Rahad, North Kordofan). 75 people were killed (unverified). Unspecified number of fatalities coded as 10.; On 1 March 2024, clashes between SAF and RSF continued in Hattab (Sharg An Neel, Khartoum). SAF destroyed 22 RSF military vehicles and killed about 50 RSF soldiers across 29 February - 1 March. Fatalities coded as 50 split between two days. Fatalities coded as 25.; On 29 February 2024, clashes between SAF and RSF continued in Hattab (Sharg An Neel, Khartoum). SAF destroyed 22 RSF military vehicles and killed about 50 RSF soldiers across 29 February - 1 March. Fatalities coded as 50 split between two days. Fatalities coded as 25.; On 27 February 2024, clashes between SAF and RSF continued in Kadaro (Bahri, Khartoum). SAF claimed they destroyed 16 RSF vehicles and captured weapons and killed dozens of RSF soldiers across two days (26 and 27 of February). Fatalities coded as 12 and split between two days. Fatalities coded as 6.; On 27 February 2024, RSF clashed with residents (coded as Al Sharef Mukhtar communal militia) in Al Sharef Mukhtar (Janub Al Jazirah, Al Jazirah), with shelling being reported, and looted the village. 10-16 people were killed and residents were displaced to El Managil and White Nile state.; On 26 February 2024, clashes between SAF and RSF continued in Kadaro (Bahri, Khartoum). SAF claimed they destroyed 16 RSF vehicles and captured weapons and killed dozens of RSF soldiers across two days (26 and 27 of February). Fatalities coded as 12 and split between two days. Fatalities coded as 6.; On 25 February 2024, RSF attacked and displaced residents in Tanoub (Al Hasahisa, Al Jazirah) after storming the village (likely to loot civilians' belongings, as they were similarly described as storming other villages they previously looted). 7 people were killed and 12 others were injured.; On 25 February 2024, an armed group (unclear if SAF or RSF, coded as an unidentified armed group) shelled artillery targeting blocks 1, 2, and 12 of Al Nahda neighborhood in Khartoum - Al Azhari (Khartoum, Khartoum). 7-11 civilians were killed and 4-24 were wounded.; On 24 February 2024, clashes between RSF and SAF continued in 22nd Infantry Division in Babanussa (Babanusa, West Kordofan). SAF inflected 'huge' losses on RSF lives and equipment. Unspecified fatalities in a high intensity clash coded as 10.; On 24 February 2024, clashes between SAF and RSF continued in Omdurman - Abu Rof (Omdurman, Khartoum). SAF regained control over the area and deployed reinforcement. SAF inflected losses on RSF lives and equipment. Unspecified fatalities in a high intensity clash coded as 10.; On 23 February 2024, SAF ambushed RSF in Hattab (Sharg An Neel, Khartoum). 20 RSF soldiers were killed. SAF captured two pickup trucks, a motorbike and 10 machine guns. At least 10 civilians were killed across Khartoum tri-cities. 10 fatalities split across 10 locations. Fatalities coded as 21 (20+1).; On 22 February 2024, Shugara Forces (mostly from Berti) clashed with RSF in Umm Keddada (Um Kadadah, North Darfur) due to RSF 'harassment' of locals. At least 13 Shugara and RSF were killed, and more than 20 were injured.; On 22 February 2024, an armed group (unclear if SAF or RSF, coded as an unidentified armed group) shelled artillery targeting blocks 1, 3, 4 of Al Nahda neighborhood in Khartoum - Al Azhari (Khartoum, Khartoum). 7 civilians were killed.; On 22 February 2024, RSF attacked residents in Cap Al Jidad (Al Kamlin, Al Jazirah) and looted the village. 7 people were killed and 2 others were injured.; Around 21 February 2024 (between 21 February - 22 February), gunmen (coded as Darfur communal militia) and SLM/A-Minnawi killed 14 civilians and injured 2 others on a commercial convoy in Tortahan (Yassin, East Darfur) and looted the vehicles.; Around 21 February 2024 (as reported), RSF attacked Al Quoz, Al Mahatta, Umm Dabaker, Al Adiyat Al Sharqiya and Al Ghariba villages and Abu Hamra (Um Rawaba, North Kordofan). RSF killed many civilians. Unspecified number of fatalities coded as 10.; Around 21 February 2024 (between 7 February - 6 March), RSF killed 6 residents in Al Biselab (Al Hasahisa, Al Jazirah) for unspecified reasons.; On 20 February 2024, SAF airstrikes targeted Al Nem IDP camp and Al Tadamun and Al Sikka Hadid neighborhoods in Ed Daein (Ad Duayn, East Darfur). 9-15 people were killed (including South Sudanese refugees) and 13 others were injured.; Around 20 February 2024 (as reported), RSF tortured and killed 13 abductees in Wad Medani (Medani Al Kubra, Al Jazirah) for unspecified reasons. No further information.; On 19 February 2024, clashes between RSF and SAF continued in Engineers Corps base in Omdurman - Al Muhandiseen (Omdurman, Khartoum). SAF repelled RSF and inflected huge losses on RSF, and one SAF soldier was killed. SAF captured 5 RSF military vehicles, a truck, and a tank. Unspecified number of fatalities coded as 10. Fatalities coded as 11 (10+1). SAF sent reinforcement to Engineers Corps base including tanks.; On 19 February 2024, RSF killed 8-12 residents and injured 30 others in Al Miejina (Al Hasahisa, Al Jazirah) after storming the village (likely to loot civilians' belongings, as they were similarly described as 'storming' other villages they previously looted).; Around 19 February 2024 (as reported), RSF killed 9 residents in Al Aziza (As Suki, Sennar) after raiding the village.; On 19 February 2024, SAF crossed the bridge and clashed with RSF in Halfayat Al Muluk (Bahri, Khartoum). SAF destroyed many RSF equipment and killed many soldiers. Unspecified number of fatalities coded as 10.; Around 19 February 2024 (as reported), clashes between SAF and RSF continued in Sennar Sugar Factory area near Al Uwaysab (Sennar, Sennar). Around 28 RSF were killed (reported by one source).; On 19 February 2024, SAF air-raids targeted houses and civic facilities in Hamrat El Sheikh (Soudari, North Kordofan). The hospital of village went out of service. Civilians were displaced to Souwani, Al Frda, Um Sunta. Many civilians were killed and wounded. Unspecified number of fatalities coded as 10. A report mentioned the air-raids were targeting an RSF gathering in the area.; On 19 February 2024, clashes between SAF and RSF continued in Al Shegilab (Jebel Awlia, Khartoum). SAF killed dozens of RSF soldiers. Fatalities coded as 12.; Around 18 February 2024 (as reported), RSF attacked Nuba in El Quarud (Abu Kershola, South Kordofan), Tongolo, Karnkadi, Zalataya, and Kotma (coded separately). At least 50-60 civilians were killed including aid workers in 5 villages and others were wounded or abducted. Fatalities split between 5 villages. Fatalities coded as 10. RSF burned the village. Civilians were displaced to Karkaraiah, Hajar Al Jwad, and Al Kergil villages.; Around 18 February 2024 (as reported), RSF attacked Nuba in Zalataya (Delami, South Kordofan), Tongolo, Karnkadi, El Quarud, and Kotma (coded separately). At least 50-60 civilians were killed including aid workers in 5 villages and others were wounded or abducted. Fatalities split between 5 villages. Fatalities coded as 10. RSF burned the village. Civilians were displaced to Karkaraiah, Hajar Al Jwad, and Al Kergil villages.; Around 18 February 2024 (as reported), RSF attacked Nuba in Karnkadi (Habila, South Kordofan), Tongolo, Zalataya, El Quarud, and Kotma (coded separately). At least 50-60 civilians were killed including aid workers in 5 villages and others were wounded or abducted. Fatalities split between 5 villages. Fatalities coded as 10. RSF burned the village. Civilians were displaced to Karkaraiah, Hajar Al Jwad, and Al Kergil villages.; Around 18 February 2024 (as reported), RSF attacked Nuba in Kotma (Habila, South Kordofan) Tongolo, Karnkadi, El Quarud, and Zalataya (coded separately). At least 50-60 civilians were killed including aid workers in 5 villages and others were wounded or abducted. Fatalities split between 5 villages. Fatalities coded as 10. RSF burned the village. Civilians were displaced to Karkaraiah, Hajar Al Jwad, and Al Kergil villages.; Around 18 February 2024 (as reported), RSF attacked Nuba Tongolo (Habila, South Kordofan), Zalataya, Karnkadi, El Quarud, and Kotma (coded separately). At least 50-60 civilians were killed including aid workers in 5 villages and others were wounded or abducted. Fatalities split between 5 villages. Fatalities coded as 10. RSF burned the village. Civilians were displaced to Karkaraiah, Hajar Al Jwad, and Al Kergil villages.; On 18 February 2024, RSF killed 6-7 residents and injured 12 others in Al Uqdah (Al Manaqil, Al Jazirah) after looting the village. Civilians were displaced to SAF-controlled El Managil.; Around 17 February 2024 (as reported), RSF attacked multiple villages around Jebel Dair (Ar Rahad, North Kordofan). 18 civilians were killed and others were wounded. Many villages were burned. RSF published a video threatening to attack Abu Kershola and Al Fayid Um Abdalla areas.; Around 15 February 2024 (as reported), clashes between SAF and RSF continued in El Fasher (Al Fasher, North Darfur). SAF claimed to have inflicted 'significant' losses on RSF. Unspecified number of fatalities coded as 10.; On 15 February 2024, RSF attacked and displaced residents in Al Sharef Mukhtar (Janub Al Jazirah, Al Jazirah) for unspecified reasons. 7 people were killed and 9 others were injured.; On 12 February 2024, RSF clashed with residents (coded as Habila communal militia) in Wata village (location coded to Habila, South Kordofan). The militia destroyed 4 RSF vehicles and killed many RSF. 76 civilians were killed and 17 women were abducted by RSF and were subjected sexual violence in the events between 9 - 12 February. Fatalities split over 8 events. Fatalities coded as 10.; On 12 February 2024, clashes between SAF and RSF continued in Engineers Corps base in Omdurman - Al Muhandiseen (Omdurman, Khartoum), with SAF fighter drones and artillery shelling being reported. Conflicting reports about RSF control over Engineers Corps. SAF denied RSF claims of victories. SAF claimed they inflected huge losses on RSF lives. Unspecified fatalities in a high intensity clash coded as 10.; On 12 February 2024, clashes between RSF and SAF continued in Public Services Complex in Omdurman - Banat Gharb (Omdurman, Khartoum). SAF claimed they killed dozens of RSF soldiers and destroyed many RSF military vehicles. Fatalities coded as 12.; On 11 February 2024, clashes between RSF and SAF in Engineers Corps base in Omdurman - Al Muhandiseen (Omdurman, Khartoum), with RSF artillery shelling being reported. Dozens of soldiers were killed in Shaabie market (coded separately) and Al Muhandiseen. Fatalities coded as 12 and split over two locations. Fatalities coded as 6.; On 11 February 2024, SAF and RSF exchanged artillery shelling in Omdurman - Al Waha (Omdurman, Khartoum). Dozens of civilians were killed and other were wounded. Fatalities coded as 12.; On 11 February 2024, clashes between SAF and RSF continued in Shaabie market and Old Omdurman neighborhoods in Omdurman - Downtown (Omdurman, Khartoum), with SAF fighter drones being reported. SAF advanced in the market while conflicting reports claim that SAF withdrew to Karrari. Dozens of soldiers were killed in Shaabie market (coded separately) and Al Muhandiseen. Fatalities coded as 12 and split over two locations. Fatalities coded as 6.; On 10 February 2024, clashes between SAF and RSF continued in Ombada (Um Bada, Khartoum). SAF controls blocks 1, 2 and 4. Huge casualties from both sides. Unspecified fatalities in a high intensity clash coded as 10.; On 10 February 2024, SPLM-N-Abdelaziz clashed with RSF in Habila (Habila, South Kordofan). Many were killed and wounded across two days. SPLM-N-Abdelaziz overtook the city from RSF. 3000 people were displaced. A report mentioned that SPLM-N was backed by Public Defense Forces. 76 civilians were killed and 17 women were abducted by RSF and were subjected sexual violence in the events between 9 - 12 February. Fatalities split over 8 events. Fatalities coded as 10.; On 10 February 2024, for a second day, pastoralist militia (described as RSF and Janjaweed affiliated, coded as unidentified communal militia) clashed with residents (coded as Teital communal militia) in Teital village (location coded to Habila, South Kordofan). The village was burned and civilians were displaced. No further information. 76 civilians were killed and 17 women were abducted by RSF and were subjected sexual violence in the events between 9 - 12 February. Fatalities split over 8 events. Fatalities coded as 10.; On 10 February 2024, clashes between SAF, JSAMF and RSF continued in El Fasher (Al Fasher, North Darfur), with shelling and SAF airstrikes being reported. A 'large' number of civilians were killed and injured. Thousands of people were forced to flee. SAF also claimed it killed a 'large number' of RSF. Unspecified number of civilian and RSF fatalities coded as 20 (10+10).; On 9 February 2024, SPLM-N-Abdelaziz clashed with RSF in Zalataya village (Delami, South Kordofan). Majority of houses in the village was burned. 23 were reported missing in three locations (Tongolo, Zalataya, and Gardood). A report mentioned that SPLM-N was backed by Public Defense Forces. 76 civilians were killed and 17 women were abducted by RSF and were subjected sexual violence in the events between 9 - 12 February. Fatalities split over 8 events. Fatalities coded as 10.; On 9 February 2024, SPLM-N-Abdelaziz clashed with RSF in Gardood Toro (Ghadeer, South Kordofan). 43 families were displaced. 23 were reported missing in three locations (Tongolo, Zalataya, and Gardood). A report mentioned that SPLM-N was backed by Public Defense Forces. 76 civilians were killed and 17 women were abducted by RSF and were subjected sexual violence in the events between 9 - 12 February. Fatalities split over 8 events. Fatalities coded as 10.; On 9 February 2024, SPLM-N-Abdelaziz clashed with RSF in Habila (Habila, South Kordofan), after SPLM-N-Abdelaziz surrounded the city from all directions. Many were killed and wounded across two days. A report mentioned that SPLM-N was backed by Public Defense Forces. 76 civilians were killed and 17 women were abducted by RSF and were subjected sexual violence in the events between 9 - 12 February. Fatalities split over 8 events. Fatalities coded as 10.; On 9 February 2024, pastoralist militia (described as RSF and Janjaweed affiliated, coded as unidentified communal militia) clashed with residents (coded as Teital communal militia) in Teital village (location coded to Habila, South Kordofan). 76 civilians were killed and 17 women were abducted by RSF and were subjected sexual violence in the events between 9 - 12 February. Fatalities split over 8 events. Fatalities coded as 8.; On 9 February 2024, SPLM-N-Abdelaziz clashed with RSF in Tongolo village (Habila, South Kordofan). Most houses in the village were burned. 23 were reported missing in three locations (Tongolo, Zalataya, and Gardood). A report mentioned that SPLM-N was backed by Public Defense Forces. 76 civilians were killed and 17 women were abducted by RSF and were subjected sexual violence in the events between 9 - 12 February. Fatalities split over 8 events. Fatalities coded as 8.; On 9 February 2024, clashes between SAF and RSF continued in El Fasher (Al Fasher, North Darfur), with SAF airstrikes and RSF anti-aircraft fire being reported. SAF claimed killing an unspecified 'large' number of RSF. Unspecified number of fatalities coded as 10.; On 8 February 2024, clashes between SAF and RSF continued in TV and Radio Commission in Omdurman - Al-Mulazmin (Omdurman, Khartoum). SAF destroyed many RSF military vehicles and inflicted losses on RSF in addition to neutralizing snipers on rooftops. Unspecified fatalities in a high intensity clash coded as 10.; On 7 February 2024, RSF and local Arab militias (coded as Kordofan Arab militia) clashed with an unspecified armed group (coded as unidentified armed group) in Fayu (Habila, South Kordofan). During the clash, RSF and the local Arab militias raped female civilians, killed other civilians, and looted and destroyed personal property. RSF also abducted four women and girls. 5 civilians and 7 unspecified armed individuals were killed. Total fatalities coded as 12.; On 4 February 2024, armed youths from Twic Dinka allied with Gai Machiek (coded as SSPM/A) attacked using heavy weapons Abathok village (in the Abyei disputed area), 14 people were killed, including MSF staff, three people were abducted, and an unspecified number of houses and markets were burned. The victims of the attack are likely Ngok Dinka, who lives in the area. The Twic county commissioner denied being involved.; On 4 February 2024, clashes between SAF and RSF continued in Shaabi market in Omdurman - Downtown (Omdurman, Khartoum). SAF inflicted huge losses on RSF and equipment. SAF deployed reinforcements, set free hostages from RSF and some houses controlled by them. Unspecified fatalities in a high intensity clash coded as 10.; On 4 February 2024, armed youth suspected of being from the Nuer and Twic Dinka communities carried out coordinated attacks in different villages in Rumamier Payam (Abyei disputed area), killing 19 people, including 2 INGO national staff members, while 18 other civilians were injured. Additionally, the attackers raided at least 1000 cattle and set several houses and a market on fire. Victims are likely from the Ngok Dinka community who reside in the area.; On 4 February 2024, RSF shelled artillery targeting SAF in Khartoum - Military Armory Complex (Khartoum, Khartoum). SAF responded and claimed to have inflicted losses on RSF and equipment and expelled RSF from civilian houses. Unspecified fatalities in a high intensity clash coded as 10.; On 4 February 2024, clashes between SAF and RSF continued in General Command HQ in Khartoum (Khartoum, Khartoum), with fighter drones and artillery shelling being reported. Many were killed and wounded. Unspecified fatalities in a high intensity clash coded as 10.; On 3 February 2024, clashes between SAF and RSF continued in Omdurman and Shaabi markets in Omdurman - Downtown (Omdurman, Khartoum), with SAF artillery shelling being reported. Unspecified fatalities in a high intensity clash coded as 10.; On 3 February 2024, SAF launched sweep operation and clashed with RSF in Khartoum - Military Armory Complex (Khartoum, Khartoum). SAF inflicted huge losses on RSF and equipment. SAF set free civilian hostages from RSF and some houses controlled by them. Unspecified fatalities in a high intensity clash coded as 10.; On 1 February 2024, a landmine left by an unidentified group exploded near Kedber (Delami, South Kordofan). Six civilians were killed and six were wounded.; On 1 February 2024, clashes between RSF and SAF continued in Khartoum - Military Armory Complex (Khartoum, Khartoum). SAF repelled RSF attack. SAF inflected losses on RSF lives and equipment. Unspecified fatalities in a high intensity conflict zone coded as 10.; On 30 January 2024, SAF fighter drones targeted RSF in south Khartoum (location coded to Khartoum - Al Azhari, Khartoum). Many were killed and wounded. Unspecified fatalities in a high intensity conflict zone coded as 10.; On 30 January 2024, clashes between SAF and RSF continued in Kadaro (Bahri, Khartoum). SAF destroyed two RSF fuel trucks and many vehicles in addition to losses on lives. Unspecified fatalities in a high intensity conflict zone coded as 10.; On 30 January 2024, clashes between SAF and RSF continued in Omdurman - Downtown (Omdurman, Khartoum), with artillery shelling being reported. SAF deployed reinforcements in Omdurman market. SAF inflected losses on RSF lives and equipment. Unspecified fatalities in a high intensity conflict zone coded as 10.; On 29 January 2024, clashes between SAF and RSF continued in Babanussa (Babanusa, West Kordofan), with exchange of artillery shelling and SAF airstrikes being reported. Hundreds of civilians houses were damaged and many civilians were killed. Civilians displacement continued. Unspecified fatalities in a high intensity conflict zone coded as 10.; On 29 January 2024, RSF launched a special operation targeting SAF Weapons and Ammunition Corps and SAF regained control over the area linking Kadaro and Abu Halima areas on the main road to the Al Gaili and stationed at Al Jarafa bridge northeast of the area Kadaro (Bahri, Khartoum), with airstrikes and artillery shelling being reported. RSF claimed they destroyed 23 SAF military vehicles, killed and wounded more than 280 SAF soldiers (unverified). Unspecified fatalities in a high intensity conflict zone coded as 10.; On 29 January 2024, clashes between SAF and RSF continued in Posta area in Omdurman - Downtown (Omdurman, Khartoum), SAF fighter drones targeted RSF and SAF deployed reinforcements. SAF advanced in the Old Omdurman and controlled Taxes Tower, Omdurman market mosque. SAF inflicted losses on RSF and equipment. Unspecified fatalities in a high intensity conflict zone coded as 10.; On 29 January 2024, RSF attacked civilians in Arbaji (Al Hasahisa, Al Jazirah) as they looted the village. 7 people were killed and 10 others were injured.; On 29 January 2024, clashes between RSF and SAF continued in Khartoum - Military Armory Complex (Khartoum, Khartoum), with RSF tanks and artillery shelling being reported. SAF destroyed a RSF military vehicles, a quadruple cannon, two dual cannons, captured a tank and dual cannon in addition to inflect huge losses on RSF lives and equipment. Dozens of RSF soldiers were killed. Fatalities coded as 12.; On 29 January 2024, clashes between SAF and RSF continued in Signal Corps base in Khartoum North - Kobar (Bahri, Khartoum), with RSF artillery shelling being reported. Huge losses on lives and equipment inflected on both SAF and RSF. Unspecified fatalities in a high intensity conflict zone coded as 10.; On 28 January 2024, SAF air-raids targeted Angola area in Ombada (Um Bada, Khartoum). At least 9 civilians were killed.; On 28 January 2024, clashes between SAF and RSF continued in Kadaro (Bahri, Khartoum). SAF inflected losses on RSF lives and equipment. Unspecified fatalities in a high intensity conflict zone coded as 10.; On 28 January 2024, SAF ambushed RSF convey at unspecified location in North Kordofan (location coded to El Obeid, Sheikan). At least 18 RSF soldiers were killed and dozens were arrested. SAF captured 5 RSF military vehicles and dozens of looted civilians cars.; On 28 January 2024, clashes between SAF and RSF continued in Omdurman market in Omdurman - Downtown (Omdurman, Khartoum). SAF regained control over parts of the market. SAF inflected losses on RSF lives and equipment. Unspecified fatalities in a high intensity conflict zone coded as 10.; On 28 January 2024, unidentified armed assailants ambushed a convoy of vehicles, transporting SSPDF soldiers and civilians from Abiemnhom County of Unity State to Abyei in Kolngol Nyang near Rumamier (the Abyei disputed area), resulting in 14 fatalities, including 11 SSPDF soldiers who were heading to their base in the disputed area. Motive unknown/not reported.; On 27 January 2024, armed youths from Twic allied with Gai Machiek (coded as SSPM/A) attacked Kol-wang-nyang village in Rumamier payam (the Abyei disputed area). 13 people including an SSPDF (assumed off duty) were killed, (the victims of the attack are likely Ngok Dinka, who live the area). The Twic county commissioner denied being involved.; On 27 January 2024, clashes between SAF and RSF continued around Weapons and Ammunition Corps in Kadaro (Bahri, Khartoum), with SAF airstrikes and artillery shelling being reported. Both claimed inflecting huge losses in the other. SAF destroyed an RSF checkpoint near Raihana hospital and overtook an RSF location in addition to Al Joufa bridge. Unspecified fatalities in a high intensity conflict zone coded as 10.; On 27 January 2024, clashes between SAF and RSF continued in Omdurman market in Omdurman - Downtown (Omdurman, Khartoum). SAF claimed they inflected huge losses on RSF lives and equipment. SAF regained control over Al Berir tower and parts of the market. Unspecified fatalities in a high intensity conflict zone coded as 10.; On 27 January 2024, members of Twic section of the Dinka clashed with the Ngok section of the Dinka in Athony (Abyei disputed area), leaving 12 people dead and 6 others injured. The clash also led to around 100 Nuer IDPs seeking shelter at the UNISFA base in the area. Motivation unknown/not reported.; On 27 January 2024, clashes between SAF and RSF continued in Hattab (Sharg An Neel, Khartoum), with RSF artillery shelling being reported. Both claimed inflicted huge losses in the other. SAF set up checkpoints in the market of the area advanced toward Ed Babkir. RSF claimed they repelled SAF attack. At least 6 RSF were killed.; On 27 January 2024, armed youths from Twic allied with Gai Machiek (coded as SSPM/A) attacked and clashed with Abyei youths (coded as Ngok Dinka) at Nyinkuac IDP site in Abyei town (the Abyei disputed area). Between 17 to 22 people were killed and 35 people were wounded, with fatalities coded as 17. The Twic county commissioner and the Unity state minister of information denied being involved.; On 27 January 2024, armed youths from Twic allied with Gai Machiek (coded as SSPM/A) attacked Kadhiang village (location coded to the nearest area Aganytok, the Abyei disputed area). 14 people were killed, and four people were wounded (the victims of the attack are likely Ngok Dinka, who lives in the area). The Twic county commissioner and the Unity state minister of information denied being involved.; On 27 January 2024, clashes between SAF and RSF continued in Signal Corps base in Khartoum North - Kobar (Bahri, Khartoum). SAF claimed that they inflected huge losses on RSF. Unspecified fatalities in a high intensity conflict zone coded as 10.; On 26 January 2024, clashes between RSF and SAF continued in Babanussa (Babanusa, West Kordofan), with airstrikes and artillery shelling being reported. Many RSF soldiers were killed. Unspecified fatalities in a high intensity clash coded as 10.; On 26 January 2024, SAF launched a sweep operation and clashed with RSF at unspecified locations in Omdurman (location coded to Omdurman - Downtown, Khartoum). Dozens of RSF were killed. Fatalities coded as 12.; On 25 January 2024, clashes between RSF and SAF continued in Al Wihda, Al Tarbia, Abu Ismail and Al Sahafa neighborhoods in Babanussa (Babanusa, West Kordofan), with artillery shelling being reported. RSF entered parts of 22nd SAF Infantry Division. Many RSF and 10-dozens of civilians were killed and wounded. Civilian displacement continued. Unspecified RSF fatalities coded as 10. Fatalities coded as 20 (10+10).; On 24 January 2024, clashes between RSF and SAF continued in Al Salam, Bashma, University Education, Abu Ismail, Babanusa Dairy Factory neighborhoods, in addition to the railway headquarters and Babanusa market in Babanussa (Babanusa, West Kordofan), with SAF airstrikes on Babanussa Dairy factory and artillery shelling being reported. SAF repelled RSF attack. RSF looted the market, the local police headquarters, the railway headquarters, and several government facilities. RSF overrun some SAF defensive positions. Huge civilian displacement was reported. SAF destroyed 33 RSF vehicles. 45 RSF soldiers were killed (reported only by one source), and dozens wounded. At least 7 civilians were killed. At least 23 civilians were killed, 30 were wounded and 6 were abducted between 22-24 of January. 14 unspecified fatalities (23 minus 2 civilians killed on the 23rd and 7 civilians killed on the 24th) split over three days. Fatalities coded as 56 (45+7+4).; On 24 January 2024, clashes between SAF and RSF continued in Omdurman and Shabie markets in Omdurman - Downtown (Omdurman, Khartoum), with artillery shelling being reported. SAF regained control over Taxes and Al Barka towers and the area became free from RSF presence. 30 RSF (reported by one source) and one police officer (likely fighting with SAF) were killed.; On 23 January 2024, clashes between RSF and SAF continued in Al-Tarbiyah and Abu Ismail, south of Al-Wahda neighborhoods in Babanussa (Babanusa, West Kordofan), with SAF airstrikes and RSF anti-aircraft fire and artillery shelling being reported. RSF took control over several police stations and published videos from inside the 22nd SAF Infantry Division. Health facilities went out of service. Babanussa college was looted and vandalized. Thousands of civilians were displaced. SAF shot down an RSF fighter drone. At least 2 civilians were killed and dozens were wounded. At least 23 civilians were killed, 30 were wounded and 6 were abducted between 22-24 of January, 14 unspecified fatalities (23 minus 2 civilians killed on the 23rd and 7 civilians killed on the 24th) split over three days. Fatalities coded as 7 (2+5). RSF evicted civilians (through unspecified means) and besieged SAF in 22nd SAF Infantry Division.; On 23 January 2024, clashes between SAF and RSF continued in El Obeid (Sheikan, North Kordofan). SAF repelled RSF outside the city and captured many vehicles (military and looted vehicles) and weapons. SAF inflected huge losses on RSF lives and equipment. Unspecified fatalities in a high intensity clash coded as 10.; On 22 January 2024, SAF airstrikes targeted RSF-controlled gold mining areas in Songo (Al Radoum, South Darfur). 8 people were killed, others were injured, and the mine was significantly damaged.; On 22 January 2024, SAF airstrikes targeted RSF in Al Qalaa and Al Andalus neighborhoods in Wad Medani (Medani Al Kubra, Al Jazirah). An unspecified number of civilians were killed and injured. Unspecified number of fatalities coded as 10.; On 22 January 2024, SAF air-raids targeted Um Skina, Tayba, Um Samoaa, and Bitikha villages (locations not found, coded to Muglad, Abyei, West Kordofan). 8 civilians were killed and four were wounded in the four locations.; On 22 January 2024, RSF clashed with local militia (coded as unidentified communal militia) after RSF attacked civilians at Abu Grein village (location coded to Umm Rawaba, Um Rawaba, North Kordofan). 10 people were killed, 5 RSF and 5 civilians, and 13 other civilians were wounded and 5 were abducted.; Around 21 January 2024 (as reported), a landmine left by SAF exploded after being triggered by a bus travelling from Sharg Al Jazirah to Shendi (Shendi, River Nile). 10 civilians were killed.; On 21 January 2024, SAF air-raids targeted Ab Khabob village about 5 KMs west of El Muglad and Tayba village near Muglad (Abyei, West Kordofan). In Ab Khabob village, 11 civilians were killed, one was wounded. many houses were damaged and large number of cattle heads were killed. In Tayba village, 2 civilians were killed and 24 heads of cattle were killed. Fatalities coded as 13 (11+2).; On 19 January 2024, clashes between SAF and RSF continued in Jabal Moya (Sennar, Sennar). An unspecified number of RSF were killed, while RSF claimed it killed 9 SAF and injured dozens. Unspecified number of RSF fatalities coded as 3. Total fatalities coded as 12 (9+3).; On 19 January 2024, clashes between SAF and RSF continued in an unspecified location 4km from Sennar Sugar Factory area near Al Uwaysab (Sennar, Sennar, Sennar). An unspecified 'large' number of RSF were killed. Unspecified number of fatalities coded as 10.; On 17 January 2024, SAF airstrikes targeted RSF in Al Zorg (Kutum, North Darfur). 9-12 civilians were killed and 15 were injured.; On 15 January 2024, SAF airstrikes targeted Um Algura locality (location coded to Village 31, Um Algura, Al Jazirah). 20 civilians were killed and others were seriously injured (reported by one source).; On 14 January 2024, clashes between SAF and RSF continued in Al Jabal Al Azraq (Blue Mountain) and Al Musawwarat Al Safra and Al Nagaa historical site 45km south of Shendi (Shendi, River Nile), with SAF airstrikes being reported. SAF claimed it lost 3 members and killed all RSF in the area. Unspecified number of RSF fatalities coded as 10. Total fatalities coded as 13 (3+10).; On 14 January 2024, SAF airstrikes targeted SAF in neighborhoods 1 and 3 in Al Gitaina (Al Gitaina, White Nile). 7 civilians and RSF were killed, 9 were injured, and residents were displaced to Ad Douiem, Kosti, and Rabak. RSF prevented residents from moving at night and closed shops and health centers.; On 13 January 2024, Habbaniyah and Abu Darak clashed in Um Kherein village in Al Radoum locality (location coded to Radom, Al Radoum, South Darfur) for unspecified reasons. 11-13 people were killed, 7 others were injured, and 40 families were displaced to Buram locality and Ajam village.; On 12 January 2024, SAF fighter drones targeted Khartoum - Soba West (Khartoum, Khartoum). 18 civilians were killed and 35 were wounded in Aboja market. 15 houses were damaged.; On 12 January 2024, SAF airstrikes targeted unspecified locations in Kutum locality (location coded to Kutum, Kutum, North Darfur). 12 people were killed and 15 others were injured.; On 11 January 2024, RSF shelled artillery targeting Khartoum - Alsalamah (Jebel Awlia, Khartoum). At least 12 civilians were killed.; On 10 January 2024, RSF clashed with SAF backed by SPLM-N-Abdelaziz (SAF and SPLM-N collaborating in defending Dilling but aren't allied) in Dilling (Dilling, South Kordofan), after RSF infiltrated into Dilling from the direction of Al-Tomat neighborhood. RSF entered Dilling market as well as multiple neighborhoods including Al Maasir and Al Goz and looted from civilians. SAF airstrikes were reported. SAF and SPLM-N repelled RSF attack and inflected huge losses on lives and equipment. About 47 RSF were killed. Two bodies were hung up with chains stripped half-naked. SPLM-N captured 13 RSF military vehicles and SAF 8 vehicles and also destroyed more than 5 RSF vehicles. RSF targeted a mosque by artillery shelling and dozens of civilians were wounded. Hundreds of civilians were displaced. RSF attacked Om Bakhita hospital threatened health workers and looted their belongings including phones.; On 9 January 2024, clashes between SAF and RSF continued in Sinada and Omdurman - Al Abbasiya (Omdurman, Khartoum). SAF captured RSF military vehicles, weapons and money. SAF inflected 'huge losses' on RSF lives and equipment. SAF from Engineers Corps advanced and controlled the area. Unspecified fatalities in a high intensity clash coded as 10.; On 9 January 2024, SAF fighter drones targeted Khartoum - Mayo (Khartoum, Khartoum). 23 civilians were killed in Aboja market and others were wounded.; On 9 January 2024, clashes between SAF and RSF continued in Omdurman market in Omdurman - Downtown (Omdurman, Khartoum). SAF inflected huge losses on RSF including lives and equipment. Unspecified fatalities in a high intensity clash coded as 10.; On 8 January 2024, clashes between SAF and RSF continued in Engineers Corps base in Omdurman - Al Muhandiseen (Omdurman, Khartoum). SAF inflected losses on RSF including lives and equipment. SAF regained control over the area. Unspecified fatalities in a high intensity conflict zone coded as 10.; On 8 January 2024, clashes between SAF and RSF continued in Kadaro (Bahri, Khartoum). Many soldiers were killed. Unspecified fatalities in a high intensity clash coded as 10.; On 7 January 2024, SAF launched a sweep operation and clashed with RSF in southern neighborhoods of El Obeid (Sheikan, North Kordofan). SAF repelled RSF and captured many equipment. SAF killed dozens of RSF soldiers. Fatalities coded as 12.; On 6 January 2024, clashes between SAF and RSF continued in SAF Military Area in Wadi Seidna (Karrari, Khartoum). SAF claimed they inflected 'huge' losses on RSF lives and equipment in addition to captured two military vehicles, two mortars, two motorbikes, three machine guns, one RPG, and many wounded. Unspecified fatalities in a high intensity clash coded as 10.; On 6 January 2024, SAF air-raids targeted RSF while RSF responded with anti-aircraft fire in Al Jarif East (Sharg An Neel, Khartoum). RSF shot down a SAF fighter jet, and RSF claimed one of the pilots was killed and the other was captured while other reports claim it was fighter drone. Many civilians were killed in '13' intersection. Unspecified fatalities in a high intensity clash coded as 10. Fatalities coded as 11 (1+10).; On 6 January 2024, RSF clashed with SAF backed by SPLM-N-Abdelaziz (the SPLM-N doesn't ally with SAF and intervened to defend civilians as Dilling is away from their control areas in Nuba Mountains) in Dilling (Dilling, South Kordofan). SPLM-N repelled RSF attack. Hawazmah (who are affiliated with RSF) neighborhoods including Al Qouz, Al Matar (airport), and Abu Zaid were burned, RSF accused SAF and SPLM-N of ethnic cleansing against Hawazamah as RSF claimed that Hawazamah were targeted by artillery shelling by SAF and SPLM-N and many were killed. Unspecified fatalities in a high intensity clash coded as 10.; On 5 January 2024, SAF fighter drones targeted RSF in the Central market in Khartoum - Al Sahafa (Khartoum, Khartoum). Many street traders were killed and wounded. Unspecified fatalities in a high intensity conflict coded as 10.; Around 4 January 2024 (as reported), SAF put the commander of the Dilling garrison under house arrest and killed at least 6 officers (military), one of them was crucified on charges of cooperating with RSF, in Dilling (Dilling, South Kordofan).; On 3 January 2024, RSF attacked civilians in the blocks of 16, 51, 52 of Ombada (Um Bada, Khartoum). At least 9 were killed and others were wounded.; On 1 January 2024, RSF and Arab militias (coded as Kordofan Arab militia) attacked civilians in Nuba-majority Fayu (Habila, South Kordofan). RSF killed at least 15 civilians, abducted more than 18 women and girls for sexual slavery, enforced suspected conscription on 5 abducted men, and looted and destroyed residents' commercial and personal property. RSF targeted the SAF base in the town, but SAF had already withdrawn on an unspecified day.; On 1 January 2024, Twic Dinka armed individuals clashed with Ngok Dinka individuals in Akur Riang (Abyei, Abyei), resulting in the killing of 7 people while five others were injured. The motive for the attack is unknown.; On 1 January 2024, Twic Dinka and Ngok Dinka armed individuals clashed in Nyalou, near Rumamier (Abyei, Abyei), leaving 6 people dead and five others injured. The reasons behind the fighting are unknown.",Rapid Support Forces; Unidentified Ethnic Militia (Sudan); SPLM-N-Abdelaziz: Sudan People's Liberation Movement (North) (Abdelaziz al-Hilu faction); Military Forces of Sudan (2019-); SLM/A-Nur: Sudan Liberation Movement/Army (Abdul Wahid al-Nur Faction); Military Forces of Sudan (2019-); Rapid Support Forces; Rapid Support Forces; Rapid Support Forces; Military Forces of Sudan (2019-); Rapid Support Forces; Military Forces of Sudan (2019-); Military Forces of Sudan (2019-); Military Forces of Sudan (2019-); Military Forces of Sudan (2019-); Military Forces of Sudan (2019-); Rapid Support Forces; Rapid Support Forces; Mahriya Clan Militia (Sudan); Military Forces of Sudan (2019-); Rapid Support Forces; Rapid Support Forces; Military Forces of Sudan (2019-); Rapid Support Forces; Military Forces of Sudan (2019-); Rapid Support Forces; Rapid Support Forces; Rapid Support Forces; Military Forces of Sudan (2019-); Rapid Support Forces; Rapid Support Forces; Military Forces of Sudan (2019-); Military Forces of Sudan (2019-); Military Forces of Sudan (2019-); Rizeigat Ethnic Militia (Sudan); Military Forces of Sudan (2019-); Military Forces of Sudan (2019-); Military Forces of Sudan (2019-); Military Forces of Sudan (2019-); Military Forces of Sudan (2019-); Military Forces of Sudan (2019-); Military Forces of Sudan (2019-); Military Forces of Sudan (2019-); Rapid Support Forces; Rapid Support Forces; Military Forces of Sudan (2019-); Rapid Support Forces; Rapid Support Forces; Military Forces of Sudan (2019-); Military Forces of Sudan (2019-); Military Forces of Sudan (2019-); Rapid Support Forces; Military Forces of Sudan (2019-); Rapid Support Forces; Unidentified Armed Group (Sudan); Rapid Support Forces; Military Forces of Sudan (2019-); Military Forces of Sudan (2019-); Shugara Forces; Unidentified Armed Group (Sudan); Rapid Support Forces; Darfur Communal Militia (Sudan); Rapid Support Forces; Rapid Support Forces; Military Forces of Sudan (2019-); Rapid Support Forces; Rapid Support Forces; Rapid Support Forces; Rapid Support Forces; Military Forces of Sudan (2019-); Military Forces of Sudan (2019-); Military Forces of Sudan (2019-); Military Forces of Sudan (2019-); Rapid Support Forces; Rapid Support Forces; Rapid Support Forces; Rapid Support Forces; Rapid Support Forces; Rapid Support Forces; Rapid Support Forces; Military Forces of Sudan (2019-); Rapid Support Forces; Rapid Support Forces; Military Forces of Sudan (2019-); Rapid Support Forces; Rapid Support Forces; Military Forces of Sudan (2019-); Military Forces of Sudan (2019-); Military Forces of Sudan (2019-); SPLM-N-Abdelaziz: Sudan People's Liberation Movement (North) (Abdelaziz al-Hilu faction); Unidentified Communal Militia (Sudan); Military Forces of Sudan (2019-); SPLM-N-Abdelaziz: Sudan People's Liberation Movement (North) (Abdelaziz al-Hilu faction); SPLM-N-Abdelaziz: Sudan People's Liberation Movement (North) (Abdelaziz al-Hilu faction); SPLM-N-Abdelaziz: Sudan People's Liberation Movement (North) (Abdelaziz al-Hilu faction); Unidentified Communal Militia (Sudan); SPLM-N-Abdelaziz: Sudan People's Liberation Movement (North) (Abdelaziz al-Hilu faction); Military Forces of Sudan (2019-); Military Forces of Sudan (2019-); Rapid Support Forces; Twic Clan Militia (South Sudan); Military Forces of Sudan (2019-); Nuer Ethnic Militia (South Sudan); Rapid Support Forces; Military Forces of Sudan (2019-); Military Forces of Sudan (2019-); Military Forces of Sudan (2019-); Unidentified Armed Group (Sudan); Rapid Support Forces; Military Forces of Sudan (2019-); Military Forces of Sudan (2019-); Military Forces of Sudan (2019-); Military Forces of Sudan (2019-); Military Forces of Sudan (2019-); Military Forces of Sudan (2019-); Rapid Support Forces; Rapid Support Forces; Rapid Support Forces; Military Forces of Sudan (2019-); Military Forces of Sudan (2019-); Military Forces of Sudan (2019-); Military Forces of Sudan (2019-); Unidentified Armed Group (South Sudan); Twic Clan Militia (South Sudan); Military Forces of Sudan (2019-); Military Forces of Sudan (2019-); Twic Clan Militia (South Sudan); Military Forces of Sudan (2019-); Twic Clan Militia (South Sudan); Twic Clan Militia (South Sudan); Military Forces of Sudan (2019-); Rapid Support Forces; Military Forces of Sudan (2019-); Rapid Support Forces; Rapid Support Forces; Military Forces of Sudan (2019-); Rapid Support Forces; Military Forces of Sudan (2019-); Military Forces of Sudan (2019-); Military Forces of Sudan (2019-); Military Forces of Sudan (2019-); Rapid Support Forces; Military Forces of Sudan (2019-); Military Forces of Sudan (2019-); Military Forces of Sudan (2019-); Military Forces of Sudan (2019-); Military Forces of Sudan (2019-); Military Forces of Sudan (2019-); Military Forces of Sudan (2019-); Military Forces of Sudan (2019-); Habbaniyah Ethnic Militia (Sudan); Military Forces of Sudan (2019-); Military Forces of Sudan (2019-); Rapid Support Forces; Rapid Support Forces; Military Forces of Sudan (2019-); Military Forces of Sudan (2019-); Military Forces of Sudan (2019-); Military Forces of Sudan (2019-); Military Forces of Sudan (2019-); Military Forces of Sudan (2019-); Military Forces of Sudan (2019-); Military Forces of Sudan (2019-); Rapid Support Forces; Military Forces of Sudan (2019-); Military Forces of Sudan (2019-); Rapid Support Forces; Rapid Support Forces; Twic Clan Militia (South Sudan); Twic Clan Militia (South Sudan); Civilians (Sudan); Civilians (Sudan); Military Forces of Sudan (2019-); Rapid Support Forces; Rapid Support Forces; Rapid Support Forces; Civilians (Sudan); Civilians (Sudan); Military Forces of Sudan (2019-); Rapid Support Forces; Civilians (Sudan); Rapid Support Forces; Rapid Support Forces; Rapid Support Forces; Rapid Support Forces; Rapid Support Forces; Civilians (Sudan); Military Forces of Sudan (2019-); Misseriya Ethnic Militia (Sudan); Rapid Support Forces; Military Forces of Sudan (2019-); Military Forces of Sudan (2019-); Rapid Support Forces; Military Forces of Sudan (2019-); Rapid Support Forces; Military Forces of Sudan (2019-); Civilians (Sudan); Military Forces of Sudan (2019-); Rapid Support Forces; SPLM-N-Abdelaziz: Sudan People's Liberation Movement (North) (Abdelaziz al-Hilu faction); Civilians (Sudan); Civilians (Sudan); Rapid Support Forces; Rapid Support Forces; Mararit Ethnic Militia (Sudan); Rapid Support Forces; Rapid Support Forces; Rapid Support Forces; Rapid Support Forces; Rapid Support Forces; Rapid Support Forces; Rapid Support Forces; Civilians (Sudan); El Udayyah Communal Militia (Sudan); Rapid Support Forces; Rapid Support Forces; Civilians (Sudan); Civilians (Sudan); Rapid Support Forces; Rapid Support Forces; Rapid Support Forces; Al Sharef Mukhtar Communal Militia (Sudan); Rapid Support Forces; Civilians (Sudan); Civilians (Sudan); Military Forces of Sudan (2019-); Rapid Support Forces; Rapid Support Forces; Rapid Support Forces; Civilians (Sudan); Civilians (Sudan); Civilians (Sudan); Civilians (Sudan); Civilians (Sudan); Civilians (Sudan); Civilians (Sudan); Military Forces of Sudan (2019-); Civilians (Sudan); Civilians (Sudan); Rapid Support Forces; Rapid Support Forces; Civilians (Sudan); Rapid Support Forces; Civilians (Sudan); Civilians (Sudan); Civilians (Sudan); Civilians (Sudan); Civilians (Sudan); Civilians (Sudan); Civilians (Sudan); Rapid Support Forces; Civilians (Sudan); Habila Communal Militia (Sudan); Rapid Support Forces; Military Forces of Sudan (2019-); Military Forces of Sudan (2019-); Rapid Support Forces; Rapid Support Forces; Rapid Support Forces; Rapid Support Forces; Teital Communal Militia (Sudan); Rapid Support Forces; Rapid Support Forces; Rapid Support Forces; Rapid Support Forces; Teital Communal Militia (Sudan); Rapid Support Forces; Rapid Support Forces; Rapid Support Forces; Unidentified Armed Group (Sudan); Civilians (Sudan); Rapid Support Forces; Civilians (Sudan); Military Forces of Sudan (2019-); Rapid Support Forces; Rapid Support Forces; Rapid Support Forces; Civilians (Sudan); Military Forces of Sudan (2019-); Rapid Support Forces; Rapid Support Forces; Rapid Support Forces; Rapid Support Forces; Rapid Support Forces; Rapid Support Forces; Civilians (Sudan); Military Forces of Sudan (2019-); Military Forces of Sudan (2019-); Civilians (Sudan); Rapid Support Forces; Rapid Support Forces; Rapid Support Forces; Military Forces of South Sudan (2011-); Civilians (Sudan); Rapid Support Forces; Rapid Support Forces; Ngok Clan Militia (Sudan); Rapid Support Forces; Ngok Clan Militia (Sudan); Civilians (Sudan); Rapid Support Forces; Military Forces of Sudan (2019-); Rapid Support Forces; Military Forces of Sudan (2019-); Military Forces of Sudan (2019-); Rapid Support Forces; Military Forces of Sudan (2019-); Rapid Support Forces; Rapid Support Forces; Civilians (Sudan); Civilians (Sudan); Unidentified Communal Militia (Sudan); Civilians (Sudan); Civilians (Sudan); Rapid Support Forces; Rapid Support Forces; Rapid Support Forces; Civilians (Sudan); Rapid Support Forces; Rapid Support Forces; Abu Darak Clan Militia (Sudan); Civilians (Sudan); Civilians (Sudan); Civilians (Sudan); Military Forces of Sudan (2019-); Rapid Support Forces; Civilians (Sudan); Rapid Support Forces; Rapid Support Forces; Rapid Support Forces; Rapid Support Forces; Rapid Support Forces; Rapid Support Forces; Military Forces of Sudan (2019-); Rapid Support Forces; Military Forces of Sudan (2019-); Civilians (Sudan); Civilians (Sudan); Ngok Clan Militia (Sudan); Ngok Clan Militia (Sudan)
sweden,16,NA,NA,0,NA,NA
switzerland,3,NA,NA,0,NA,NA
syria,31,2024,Middle East,646,"On 29 March 2024, clashes took place after HTS infiltrated into regime forces and Hezbollah positions on Urum al-Sughra axis in Aleppo countryside, in conjunction with HTS shelling regime positions with heavy artillery and Katyusha rockets on the same axis. Clashes resulted in killing of six HTS members and nine regime officer. 15 fatalities.; On 29 March 2024, a landmine previously planted by unknown gunmen exploded in Ash Shula badia in Deir ez Zor countryside, killing and injuring a number of regime soldiers. Unspecified fatalities coded to 10.; On 29 March 2024, JWS members infiltrated into QSD's Al Akrad Front-backed Idleb Revolutionaries Brigade positions on Khalidiyah (Buwayhej) axis in Aleppo countryside, which resulted in killing and injuring a number of JWS members. Unspecified fatalities coded to 10.; On 29 March 2024, Israeli warplanes conducted airstrikes targeting pro-Iran, Hezbollah, and regime forces positions and rockets depot near a training center in Aleppo - Jibreen area and Al Safira Military Base and Defence Factories in Aleppo countryside, killing thirty six regime soldiers, seven Hezbollah members, and three pro-Iran militiamen. Total fatalities is 53. Fatalities split to both locations as follows; Aleppo - Jibreen 28, Al Safira Military Base and Defence Factories 25.; On 29 March 2024, Israeli warplanes conducted airstrikes targeting pro-Iran, Hezbollah, and regime forces positions and rockets depot near a training center in Aleppo - Jibreen area and Al Safira Military Base and Defence Factories in Aleppo countryside, killing thirty six regime soldiers, seven Hezbollah members, and three pro-Iran militiamen. Total fatalities is 53. Fatalities split to both locations as follows; Aleppo - Jibreen 28, Al Safira Military Base and Defence Factories 25.; On 28 March 2024, opposition rebels targeted regime forces positions on Al Burayj axis in Idleb countryside with a guided missile, killing and injuring a number of regime soldiers. Unspecified fatalities coded to 10.; On 26 March 2024, Omar Bin Al 'as Brigade operating under HTS launched an attack on Syrian regime and Hezbollah positions on Al Burayj axis in the countryside of Idleb, killing 5 members of the former and 1 member of the latter. 6 fatalities.; Around 26 March 2024 (week of), IS members executed 8 members of the Syrian 11th Armored Division on the road of Kaba Jeb - Sokhneh in the countryside of Deir ez Zor. These soldiers had previously gone missing in the area. 8 fatalities.; On 25 March 2024, IS members attacked a group of pro-Iran militia members on the road of Kaba Jeb - Sokhneh in the countryside of Deir ez Zor, killing 6 members of the latter. The targeted group had been conducting a search for members who were missing in the area. 6 fatalities.; On 23 March 2024, IS militants attacked a group of truffle pickers in the Hima badia coded to Ramthan in rural northern Ar Raqqa, killing six including four QDW members and two civilians while three others remain missing. 6 fatalities.; On 22 March 2024, opposition rebels targeted a canon type 57 on Regiment 46 - Military Base axis in Aleppo countryside with a guided missile destroying it, and killing its crew. Unspecified fatalities coded to 10.; On 21 March 2024, IS members launched an attack on a group of truffle collectors and QDW members in the badia of Al-Rasafah in the countryside of Ar Raqqa, killing five individuals and kidnapping six others. On 23 March, the corpses of four of the abductees were discovered. Two more corpses were found on 25 March. The casualties included seven civilians, including a child, and four QDW members. 11 fatalities.; On 19 March 2024, HTS forces launched an attack on Syrian regime positions on Kabani axis in the countryside of Lattakia, killing ten members of the latter. 10 fatalities.; On 16 March 2024, a landmine planted by unidentified gunmen in Al Sabkhah area in rural eastern Deir ez Zor, killing nineteen truffle pickers including twelve women and injuring three others. The victims are all Albu Mana' tribal group members. 19 fatalities.; On 16 March 2024, a landmine previously planted by suspected IS fighters in the Rajm al Ajuz area in rural southern Ar Raqqa detonated, killing between thirteen and twenty truffle pickers and injuring eight others including women who were traveling in a vehicle. The victims were from al Sharida village. 13 fatalities coded.; On 16 March 2024, a landmine planted by unidentified gunmen in the badia of Bishri Mountain - Deir-ez-Zor detonated, killing between eleven and fifteen truffle pickers including men and women who were traveling in a vehicle. 11 fatalities coded.; On 16 March 2024, a minefield previously planted by opposition rebels along the Nahshabba axis in rural northern Lattakia detonated, killing several regime members. Unspecified fatalities coded as 10.; On 14 March 2024, unknown gunmen attacked QDW positions in Bishri Mountain - Deir-ez-Zor, killing and injuring an unknown number of QDW members. Unspecified fatalities coded to 10.; On 12 March 2024, suspected IS members targeted a military truck of the Syrian regime forces with an IED along the road of Al-Ward - Oil Field in the countryside of Deir ez Zor, killing six members of the latter and wounding eight others. 6 fatalities.; On 9 March 2024, a landmine previously planted by ISIL members in Deir-ez-Zor - Harabesh area detonated killing six individuals and injuring four others who were all traveling in a vehicle to collect truffles. 6 fatalities.; On 9 March 2024, a landmine previously planted by unidentified gunmen in the badia of Bishri Mountain - Deir-ez-Zor detonated, killing six truffle collectors and wounding two others. 6 fatalities.; On 9 March 2024, opposition rebels carried out an infiltration operation against regime members along the Busraton axis in rural western Aleppo, killing and injuring an unknown number of regime members. Unspecified fatalities coded as 10.; On 7 March 2024, IS members ambushed QDW members in the area of Kherbet Duwayzin in Homs countryside, killing six QDW members. 6 fatalities.; On 7 March 2024, an IED planted by local armed groups exploded targeting a group of regime soldiers near a mosque in Nawa town in Dara countryside, causing casualties. Unspecified fatalities coded to 10.; On 5 March 2024, opposition rebels targeted Syrian regime positions with unspecified means on Hantutin axis in the countryside of Idleb, destroying a tank. Subsequently, when soldiers gathered near the damaged tank, opposition rebels targeted them, killing and wounding unspecified number of them. unspecified fatalities coded to 10.; On 4 March 2024, an IED planted by unidentified armed group detonated along the road of Ash Shula in the countryside of Deir ez Zor, targeting a vehicle for the Islamic Revolutionary Guard Corps, killing six members and wounding others. 6 fatalities.; On 3 March 2024, Al Fath Al Mubeen Operation Room infiltrated Syrian regime positions on Qebtan al Jabal axis in the countryside of Aleppo, killing 8 members of the latter and wounding others. 8 fatalities.; On 2 March 2024, HTS-affiliated Khalid bin al-Walid Battalions attacked a regime position along the Nahshabba axis in rural northern Lattakia, killing six including one HTS fighter and five regime members and injuring several other regime members. 6 fatalities.; On 29 February 2024, two IEDs previously planted by unknown gunmen exploded targeting a regime Political Intelligence checkpoint in Kafr Nassij town in Dara countryside, which resulted in casualties. Unspecified fatalities coded to 10.; On 28 February 2024, an IED previously planted by unknown gunmen exploded targeting a regime State Security military vehicle near Kherbet Ghazala town in Dara countryside, causing casualties. Unspecified fatalities coded to 10.; On 27 February 2024, an IED previously planted by unidentified armed group detonated in a vehicle of the Syrian regime forces in the badia of Tabni in the countryside Deir ez Zor, killing and wounding unspecified number of the latter. Unknown fatalities coded to 10.; On 25 February 2024, an IED previously planted by IS members detonated in badia of Al-Rasafah in the countryside of Ar Raqqa, killing 16 farmers from Abu Khamis Tribal Group, including women, and wounding 8 others. 16 fatalities.; On 24 February 2024, IS fighters attacked a group of QDW fighters who were collecting truffles in the vicinity of Jabal Bal'as in the badia of Homs, resulting in the death of six QDW fighters, while another was wounded, and one member went missing. 6 fatalities.; On 21 February 2024, a suspected Global Coalition drone targeted a pro-Iran militias' weapon depot in Al-Bukamal town in Deir ez Zor countryside, killing an unknown number of pro-Iran militiamen, and injuring more than ten others. Unspecified fatalities coded to 10.; On 17 February 2024, Israeli fighters targeted a regime 9th Armored Division and Hezbollah-affiliated weapons and ammunition depot in the vicinity of Mahjeh in rural northern Dara with shelling, killing seven regime members, wounding several others and causing several explosions. 7 fatalities.; On 15 February 2024, suspected IS members attacked a regime position near Ithariyah town in Hama countryside, killing and injuring an unknown number of regime soldiers. Unspecified fatalities coded to 10.; On 15 February 2024, unknown gunmen attacked a regime bus near Al-Houla town in Homs countryside, killing and injuring an unknown number of regime soldiers. Unspecified fatalities coded to 10.; On 15 February 2024, clashes took place between regime forces and unknown gunmen in Homs - Al-Mazra'ah city, killing and injuring an unknown number of regime soldiers. Unspecified fatalities coded to 10.; On 12 February 2024, the Menbij Military Council operating under QSD attacked JWS positions on Hamran axis in the countryside of Aleppo, killing three members of the latter and wounding three others as well as destroying a vehicle. On 16 February 2024, the three wounded members succumbed to their injuries. 6 fatalities.; On 12 February 2024, IS members attacked Syrian regime positions in Kherbet Duwayzin area in the countryside of Homs, killing nine members of the latter and wounding three others. 9 fatalities.; On 10 February 2024, suspected Tribal and Clan Forces attacked a QSD position in Jabal al Basira in rural eastern Deir ez Zor and targeted the same position with an RPG before fleeing, killing and injuring several QSD fighters. Unspecified fatalities coded as 10.; On 8 February 2024, clashes took place between regime-affiliated state security members and regime-affiliated military intelligence members in As-Sanamayn town in Dara countryside with machine guns and RPGs over an old dispute over imposing control in the city, killing five regime-affiliated state security and military intelligence members and three civilians including a woman and a child and injuring a regime intelligence member. Around 13 February, the body of a regime intelligence member was found with signs of torture and gunshots in As-Sanamayn killed by regime-affiliated state security members who shot and abudcted him after they raided his home on 8 February. 9 fatalities.; On 7 February 2024, Israeli warplanes conducted airstrikes targeting a building in Al Hamra street in the city of Homs - Ghota, resulting in the collapse of the building and the killing of eight individuals, including 6 civilians and 2 members of pro-Iran militias as well as wounding 13 individuals. The Syrian Air Defense Force attempted to intercept the airstrikes with anti-aircraft missiles, some of them fell on the city wounding unspecified number of civilians. 8 fatalities.; On 6 February 2024, local militants from the Shamiya region who are Tribal and Clan Forces members targeted a QSD-affiliated position in the Hawayij Thiban area in rural Deir ez Zor, triggering clashes between both groups, killing and injuring several fighters. Unspecified fatalities coded as 10.; On 6 February 2024, Syrian regime forces lost contact with a military convoy comprising three vehicles and transporting ten soldiers of the 18th Division near the Halihla Oil field in the countryside of Homs. On 12 February 2024, they were found killed by an unidentified armed group. 10 fatalities.; On 5 February 2024, Islamic Resistance in Iraq carried out a drone attack on US forces at the Global Coalition in Omar - Oil Fields in the countryside of Deir ez Zor, killing 6 members of QSD and wounding 18 others who were at a training facility in the base. 6 fatalities.; On 2 February 2024, US warplanes conducted airstrikes at midnight targeting positions held by IRGC, Hezbollah, and pro-Iran militias in Al Tamo neighborhood, the Grain Silos, and the commander's house of Abu Al Fadhal al Abbas Brigade in Al-Balloum neighborhood in Al Mayadin city in the countryside of Deir ez Zor, killing 13 members including six members of Hezbollah. 13 fatalities.; On 2 February 2024, US warplanes conducted airstrikes at midnight targeting positions held by Pro-Iran militias in Al Shibli Farms and Al Haydariah farms, killing six members of the latter including two Syrian regime soldiers and wounding others. 6 fatalities.; On 2 February 2024, opposition rebels infiltrated into regime forces positions on Tall Al-Malik axis in Lattakia countryside, killing and injuring an unknown number of regime soldiers. Unspecified fatalities coded to 10.; On 31 January 2024, a suicidal drone by pro-Iran militias targeted a HTS military vehicle between Teftnaz and Maaret Al Naasan towns in Idleb countryside, killing six HTS members, and injuring three others. 6 fatalities.; On 29 January 2024, suspected Israeli forces carried out a rocket attacks targeting a farm in the vicinity of Sayyeda Zeinab in Rural Damascus, killing 8 individuals, including two members of Hezbollah and three local members of the Islamic Revolutionary Guard Corps, and civilians. 8 fatalities.; On 28 January 2024, armed clashes continued for the second consecutive day between an IS cell and local armed groups made up of former opposition rebels and affiliated with Dar'a Central Committee and 8th Brigade of the 5th Assault Corps in the town of Nawa in the countryside of Dara, killing seven members of IS, including the commander of Dara region, and two members of the local armed groups as well as wounding three others. 9 fatalities.; On 27 January 2024, armed clashes took place between two unidentified tribal militias in Hamrat Nasir in rural Ar Raqqa, killing and injuring several members. Unspecified fatalities coded as 10.; On 27 January 2024, armed clashes took place between unidentified tribal militias in Jarablus city in rural eastern Aleppo, killing and injuring several individuals. Unspecified fatalities coded as 10.; Around 22 January 2024 (week of), Jordanian forces shot and killed six smugglers and left their corpses near the village of Nasib, where locals discovered them burned and shot with bullets in their heads. 6 fatalities.; On 21 January 2024, members of QSD's Menbij Military Council infiltrated JWS positions on Um Jlud axis, killing one member of Sultan Murad Division and seven members of Menbij Military Council. 8 fatalities.; On 21 January 2024, suspected IS militants attacked a compound of tents inhabited by farmers in the village of Rasm Tineh in the countryside of Hama. The assault resulted in the death of seven civilians, including one child and seven from the Al-Haddadin Tribe. Additionally, the attackers burned six tents and three vehicles, seized 400 sheep, and killed 300 others. 7 fatalities.; On 20 January 2024, Israeli fighters shelled an IRGC-affiliated building in Damascus - Mazzeh neighborhood with a missile, killing thirteen including four IRGC members (one of whom is an Iranian Quds force intelligence head), three pro-Iranian militia members, several regime members and one civilian worker, in addition to four Syrian and Iranian individuals missing and a building destroyed. 13 fatalities.; On 18 January 2024, Jordanian warplanes conducted airstrikes targeting two houses in Orman town in As Sweida countryside, killing ten people, including two girls and four women. 10 fatalities.; On 17 January 2024, clashes took place between YPG and opposition rebels on Al Sayed Ali axis in rural Mare' in Aleppo countryside following an infiltration attempt by YPG, killing seven YPG members. 7 fatalities.; On 17 January 2024, IS members attacked a regime soldiers gathering in Tadmor badia in Homs countryside, killing and injuring a number of members from both sides. Unspecified fatalities coded to 10.; On 10 January 2024, clashes took place between regime forces and Jaysh al Nasr of Al Fath Al Mubeen Operation Room on Al Fatatra axis in Idleb countryside with medium and heavy weapons, killing and injuring an unknown number of regime soldiers. Unspecified fatalities coded to 10.; On 9 January 2024, IS members attacked a regime bus on Third Station road in the badia of Tadmor in Homs, killing nine members of the latter and wounding 22 others. 9 fatalities.; On 8 January 2024, armed clashes took place between the 8th Brigade of the Military Intelligence, supported by unknown armed groups affiliated with former opposition rebels, and a local armed group in the village of Yadudeh in the countryside of Dara. The clash resulted in the death of two members of the former, three of the latter and one civilian. Additionally, four members of the 8th Brigade were wounded, along with seven civilians, including women and children. On 23 January 2024, one of the wounded civilians succumbed to injuries. 9 fatalities.; On 5 January 2024, IS members attacked a QSD military vehicle in Mhemideh town in Deir ez Zor countryside with machine guns, killing and injuring all those oboard. Unspecified fatalities coded to 10.; On 3 January 2024, opposition rebels repelled an attack by regime forces on Busraton axis in Aleppo countryside, killing and injuring a number of regime soldiers. Unspecified fatalities coded to 10.; On 2 January 2024, a minefield planted by unidentified armed group detonated in a group of Syrian regime forces in the badia of Tabni in the countryside of Deir ez Zor, killing six members of the latter. 6 fatalities.",HTS: Hayat Tahrir al Sham; Unidentified Armed Group (Syria); JWS: Syrian National Army; Military Forces of Israel (2022-); Military Forces of Israel (2022-); Opposition Rebels (Syria); HTS: Hayat Tahrir al Sham; Islamic State in Iraq and the Levant (ISIL); Islamic State in Iraq and the Levant (ISIL); Islamic State in Iraq and the Levant (ISIL); Opposition Rebels (Syria); Islamic State in Iraq and the Levant (ISIL); HTS: Hayat Tahrir al Sham; Unidentified Armed Group (Syria); Islamic State in Iraq and the Levant (ISIL); Unidentified Armed Group (Syria); Opposition Rebels (Syria); Unidentified Armed Group (Syria); Islamic State in Iraq and the Levant (ISIL); Islamic State in Iraq and the Levant (ISIL); Unidentified Armed Group (Syria); Opposition Rebels (Syria); Islamic State in Iraq and the Levant (ISIL); Unidentified Armed Group (Syria); Opposition Rebels (Syria); Unidentified Armed Group (Syria); Al Fath Al Mubeen Operation Room; HTS: Hayat Tahrir al Sham; Unidentified Armed Group (Syria); Unidentified Armed Group (Syria); Unidentified Armed Group (Syria); Islamic State in Iraq and the Levant (ISIL); Islamic State in Iraq and the Levant (ISIL); Global Coalition Against Daesh; Military Forces of Israel (2022-); Islamic State in Iraq and the Levant (ISIL); Unidentified Armed Group (Syria); Military Forces of Syria (2000-2024); QSD: Syrian Democratic Forces; Islamic State in Iraq and the Levant (ISIL); Tribal and Clan Forces; Police Forces of Syria (2000-2024) State Security; Military Forces of Israel (2022-); Tribal and Clan Forces; Unidentified Armed Group (Syria); Islamic Resistance in Iraq; Global Coalition Against Daesh; Global Coalition Against Daesh; Opposition Rebels (Syria); Militia (Pro-Iran); Military Forces of Israel (2022-); Military Forces of Syria (2000-2024) 5th Assault Corps; Unidentified Tribal Militia (Syria); Unidentified Tribal Militia (Syria); Military Forces of Jordan (1999-); QSD: Syrian Democratic Forces; Islamic State in Iraq and the Levant (ISIL); Military Forces of Israel (2022-); Military Forces of Jordan (1999-); YPG: Peoples Protection Units; Islamic State in Iraq and the Levant (ISIL); Military Forces of Syria (2000-2024); Islamic State in Iraq and the Levant (ISIL); Military Forces of Syria (2000-2024) Military Intelligence; Islamic State in Iraq and the Levant (ISIL); Military Forces of Syria (2000-2024); Unidentified Armed Group (Syria); Military Forces of Syria (2000-2024); Military Forces of Syria (2000-2024); QSD: Syrian Democratic Forces; Militia (Pro-Iran); Militia (Pro-Iran); Military Forces of Syria (2000-2024); Military Forces of Syria (2000-2024); Military Forces of Syria (2000-2024) 11th Armored Division; Militia (Pro-Iran); QDW: National Defence Forces; Military Forces of Syria (2000-2024); QDW: National Defence Forces; Military Forces of Syria (2000-2024); Civilians (Syria); Civilians (Syria); Civilians (Syria); Military Forces of Syria (2000-2024); QDW: National Defence Forces; Military Forces of Syria (2000-2024); Civilians (Syria); Civilians (Syria); Military Forces of Syria (2000-2024); QDW: National Defence Forces; Military Forces of Syria (2000-2024); Military Forces of Syria (2000-2024); Military Forces of Iran (1989-) Islamic Revolutionary Guard Corps; Military Forces of Syria (2000-2024); Military Forces of Syria (2000-2024); Police Forces of Syria (2000-2024) Political Intelligence; Police Forces of Syria (2000-2024) State Security; Military Forces of Russia (2000-); Civilians (Syria); QDW: National Defence Forces; Militia (Pro-Iran); Military Forces of Syria (2000-2024) 9th Armored Division; Military Forces of Syria (2000-2024); Military Forces of Syria (2000-2024); Unidentified Armed Group (Syria); JWS: Syrian National Army; Military Forces of Syria (2000-2024); QSD: Syrian Democratic Forces; Military Forces of Syria (2000-2024) Military Intelligence; Militia (Pro-Iran); QSD: Syrian Democratic Forces; Military Forces of Syria (2000-2024) 18th Division; Global Coalition Against Daesh; Military Forces of Iran (1989-) Islamic Revolutionary Guard Corps; Militia (Pro-Iran); Military Forces of Syria (2000-2024); HTS: Hayat Tahrir al Sham; Military Forces of Iran (1989-) Islamic Revolutionary Guard Corps; Islamic State in Iraq and the Levant (ISIL); Unidentified Tribal Militia (Syria); Unidentified Tribal Militia (Syria); Smugglers (Syria); JWS: Syrian National Army; Civilians (Syria); Military Forces of Iran (1989-) Islamic Revolutionary Guard Corps; Civilians (Syria); Opposition Rebels (Syria); Military Forces of Syria (2000-2024); Al Fath Al Mubeen Operation Room; Military Forces of Syria (2000-2024); Unidentified Armed Group (Syria); QSD: Syrian Democratic Forces; Opposition Rebels (Syria); Military Forces of Syria (2000-2024)
taiwan,23,NA,NA,0,NA,NA
tajikistan,2,NA,NA,0,NA,NA
thailand,3,NA,NA,0,NA,NA
turkey,12,NA,NA,0,NA,NA
ukraine,216,2024,Europe,7756,"On 28 March 2024, Russian forces engaged in an unsuccessful offensive in the direction of Terny, Donetsk, carrying out airstrikes and were repelled by Ukrainian forces. According to Russian sources, more than 30 Ukrainian soldiers were killed [Russian MoD reported 30 fatalities. Coded as 10 fatalities].; On 27 March 2024, during clashes throughout the day, Ukrainian forces (using aviation, UAVs, missiles and artillery) destroyed in total 31 units of Russian military equipment (i.e., tanks, artillery, boat, radio-electronic warfare system, anti-air defense system), 3 field ammo depots and killed 116 Russian servicemen in Kherson region (coded to Kherson, Kherson region).; On 27 March 2024, during clashes throughout the day, Ukrainian marine forces (using UAVs, missiles and artillery) destroyed in total 2 units of Russian military equipment (i.e., 1 boat, 1 supply truck), 24 UAVs and killed 16 Russian servicemen in Kherson region (coded to Kherson, Kherson region).; On 27 March 2024, Russian military forces shelled near Mykhailivka, Kherson. According to Russian sources, the Ukrainian military lost up to 40 soldiers, including soldiers of territorial defense forces (coded to Robotyne), 3 armored vehicles, 4 cars and 3 artillery systems near Robotyne and Mykhailivka [Russian MoD reported 40 fatalities. Coded as 10 fatalities across 2 events. 5 fatalities coded to this event]. According to Ukrainian sources, a civilian was killed (overall fatalities coded as 6).; On 26 March 2024, during clashes throughout the day, Ukrainian forces (using aviation, UAVs, missiles and artillery) destroyed in total 37 units of Russian military equipment (i.e., tanks, artillery, armored vehicles) and killed 125 Russian servicemen in Kherson region (coded to Kherson, Kherson region).; On 26 March 2024, during clashes throughout the day, Ukrainian marine forces (using UAVs, missiles and artillery) destroyed in total 4 units of Russian military equipment, 36 FPV-drones and killed 12 Russian servicemen in Kherson region (coded to Kherson, Kherson region).; On 26 March 2024, Russian Forces, supported by air force, launched assault actions on Ukrainian Forces in the area of Staromaiorske, Donetsk. The attacks were repelled. According to Russian sources, 60 Ukrainian soldiers were killed in the area of Staromaiorske. [Russian MoD reported 60 fatalities. Coded as 10 fatalities].; On 25 March 2024, during clashes throughout the day, Ukrainian forces (using aviation, UAVs, missiles and artillery) destroyed in total 27 units of Russian military equipment (i.e., anti-aircraft defense system, artillery, radio-electronic warfare system, armored vehicles) and killed 112 Russian soldiers in Kherson region (coded to Kherson, Kherson region).; On 25 March 2024, Russian forces clashed with Ukrainian forces and launched an air strike near Staromaiorske, Donetsk region. On that day, Ukrainian forces repelled 4 Russian attacks near Staromaiorske, southwest of Bilohiria and northwest of Verbove. According to Russian sources, on that day, up to 105 Ukrainian soldiers were killed near Staromaiorske [Russian MoD reported 105 fatalities. Coded as 10 fatalities].; On 25 March 2024, Russian forces engaged in armed clashes, likely small-scale, with Ukrainian forces on Kupiansk axis (coded to Kupiansk, Kharkiv region). According to Russian sources, on that day, up to 20 Ukrainian soldiers were killed on Kupiansk axis [Russian MoD reported 20 fatalities. Coded as 10 fatalities].; On 24 March 2024, during clashes throughout the day, Ukrainian forces (using aviation, UAVs, missiles and artillery) destroyed in total 104 units of Russian military equipment (i.e., anti-aircraft defense system, artillery, mortars, radio-electronic warfare system, armored vehicles, UAVs) and killed 124 Russian soldiers in Kherson region (coded to Kherson, Kherson region).; On 24 March 2024, during clashes throughout the day, Ukrainian marine forces (using UAVs, missiles and artillery) destroyed in total 3 units of Russian military equipment, 1 field ammo depot, 47 FPV-drones and killed 7 Russian soldiers in Kherson region (coded to Kherson, Kherson region).; On 24 March 2024, Russian forces engaged in an unsuccessful offensive near Synkivka, Kharkiv, and were repelled by Ukrainian forces. According to Russian sources, up to 20 Ukrainian servicemen were killed [Russian MoD reported 20 fatalities. Coded as 10 fatalities].; On 23 March 2024, Ukrainian forces shelled Russian positions near Mariupol, Donetsk. At least 7 Russian servicemen were killed and unspecified number of Russian servicemen was injured.; On 23 March 2024, during clashes throughout the day, Ukrainian forces (using aviation, UAVs, missiles and artillery) destroyed in total 73 units of Russian military equipment (i.e., anti-aircraft defense system, artillery, mortars, radio-electronic warfare system, armored vehicles, boat), 3 ammo field depots and killed 152 Russian soldiers in Kherson region (coded to Kherson, Kherson region). Ukrainian forces also shot down 3 Russian drones and missiles, launched by 'Tu-95MC' aircraft.; On 23 March 2024, during clashes throughout the day, Ukrainian marine forces (using UAVs, missiles and artillery) destroyed in total 11 units of Russian military equipment, 51 FPV-drones and killed 25 Russian soldiers in Kherson region (coded to Kherson, Kherson region).; On 23 March 2024, Russian forces engaged in a successful offensive near Urozhaine, Donetsk, clashing with Ukrainian forces. Russian forces carried out airstrikes. According to Russian sources, up to 140 Ukrainian servicemen were killed [Russian MoD reported 140 fatalities. Coded as 10 fatalities].; On 22 March 2024, during clashes throughout the day, Ukrainian forces (using aviation, UAVs, missiles and artillery) destroyed in total 76 units of Russian military equipment (i.e., anti-aircraft defense system, artillery, mortars, radio-electronic warfare system, armored vehicles, five UAVs, a boat), 3 ammo field depots and killed 114 Russian soldiers in Kherson region (coded to Kherson, Kherson region).; On 22 March 2024, Russian forces clashed with Ukrainian forces near Synkivka, Kharkiv region. On that day, Ukrainian forces repelled 3 Russian attacks near Synkivka, Tabaivka, Berestove, Kharkiv region. According to Russian sources, on that day, up to 20 Ukrainian soldiers were killed near Synkivka [Russian MoD reported 20 fatalities. Coded as 10 fatalities to this event].; On 21 March 2024, during clashes throughout the day, Ukrainian forces (using aviation, UAVs, missiles and artillery) destroyed in total 45 units of Russian military equipment (i.e., anti-aircraft defense system, artillery, mortars, radio-electronic warfare system, armored vehicles, UAVs), and killed 137 Russian soldiers in Kherson region (coded to Kherson, Kherson region).; On 21 March 2024, during clashes throughout the day, Ukrainian marine forces (using UAVs, missiles and artillery) destroyed in total 2 units of Russian military equipment, 27 FPV-drones and killed 17 Russian soldiers in Kherson region (coded to Kherson, Kherson region).; On 20 March 2024, during clashes throughout the day, Ukrainian forces (using aviation, UAVs, missiles and artillery) destroyed in total 26 units of Russian military equipment (i.e., artillery, mortars, tanks, radio-electronic warfare system, armored vehicles), 1 ammo supply depot and killed 140 Russian soldiers in Kherson region (coded to Kherson, Kherson region).; On 20 March 2024, during clashes throughout the day, Ukrainian marine forces (using UAVs, missiles and artillery) destroyed in total 2 units of Russian military equipment, 57 FPV-drones and killed 16 Russian soldiers in Kherson region (coded to Kherson, Kherson region).; On 19 March 2024, during clashes throughout the day, Ukrainian forces (using aviation, UAVs, missiles and artillery) destroyed in total 27 units of Russian military equipment (i.e., artillery, mortars, tanks, radio-electronic warfare system, armored vehicles), and killed 169 Russian soldiers in Kherson region (coded to Kherson, Kherson region). Ukrainian forces also shot down a Russian drone coordinating artillery fire.; On 19 March 2024, during clashes throughout the day, Ukrainian marine forces (using UAVs, missiles and artillery) destroyed in total 1 radio-electronic warfare system, 1 military supply truck, 11 FPV-drones and killed 22 Russian soldiers in Kherson region (coded to Kherson, Kherson region).; On 18 March 2024, during clashes throughout the day, Ukrainian forces (using aviation, UAVs, missiles and artillery) destroyed in total 59 units of Russian military equipment (i.e., artillery, mortars, tanks, radio-electronic warfare system, armored vehicles, boats, UAVs), and killed 228 Russian soldiers in Kherson region (coded to Kherson, Kherson region).; On 18 March 2024, during clashes throughout the day, Ukrainian marine forces (using UAVs, missiles and artillery) destroyed in total 5 units of Russian military equipment (4 military supply trucks, 1 boat), 43 FPV-drones and killed 20 Russian soldiers in Kherson region (coded to Kherson, Kherson region).; On 18 March 2024, Russian military forces clashed with and fired at the Ukrainian military near Staromaiorske, Donetsk. According to Russian sources, up to 130 Ukrainian soldiers were killed, a tank, 2 IFVs, 5 cars and an artillery system were destroyed [Russian MoD reported 130 fatalities. Coded as 10 fatalities].; On 18 March 2024, Russian military forces clashed with and fired at the Ukrainian military on the Kupiansk direction (coded to Kupiansk, Kharkiv). According to Russian sources, up to 30 Ukrainian soldiers were killed, an IFV, 4 cars and 3 artillery systems were destroyed [Russian MoD reported 30 fatalities. Coded as 10 fatalities].; On 17 March 2024, during clashes throughout the day, Ukrainian forces (using aviation, UAVs, missiles and artillery) destroyed in total 38 units of Russian military equipment (i.e., artillery, mortars, tanks, radio-electronic warfare system, armored vehicles, boats), 2 ammo depots and killed 142 Russian soldiers in Kherson region (coded to Kherson, Kherson region).; On 17 March 2024, during clashes throughout the day, Ukrainian marine forces (using UAVs, missiles and artillery) destroyed in total 4 units of Russian military equipment, 50 FPV-drones and killed 27 Russian soldiers in Kherson region (coded to Kherson, Kherson region).; On 17 March 2024, Russian forces engaged in an unsuccessful offensive near Synkivka, Kharkiv, and were repelled by Ukrainian forces. Russian forces carried out airstrikes. According to Russian sources, up to 60 Ukrainian servicemen were killed [Russian MoD reported 60 fatalities. Coded as 10 fatalities].; On 16 March 2024, during clashes throughout the day, Ukrainian forces (using aviation, UAVs, missiles and artillery) destroyed in total 22 units of Russian military equipment (i.e., artillery, mortars, tanks, radio-electronic warfare system, armored vehicles), 2 ammo depots and killed 117 Russian soldiers in Kherson region (coded to Kherson, Kherson region).; On 16 March 2024, during clashes throughout the day, Ukrainian marine forces (using UAVs, missiles and artillery) destroyed in total 5 units of Russian military equipment, 37 FPV-drones and killed 11 Russian soldiers in Kherson region (coded to Kherson, Kherson region).; On 15 March 2024, during clashes throughout the day, Ukrainian forces (of Operational Command 'South' using aviation, UAVs, missiles and artillery) destroyed in total 12 units of Russian military equipment (i.e., 1 towed-artillery, 2 mortars, 1 video surveillance system 'Murom-M', 1 CCTV camera, 5 vehicles, 1 boat, 1 radio-electronic warfare system), and killed 35 Russian soldiers in Kherson region (coded to Kherson, Kherson region). Ukrainian military forces intercepted 27 Russian kamikaze drones, some over the Kherson region.; On 15 March 2024, Russian military forces fired missiles at Odesa, Odesa, hitting residential buildings and civilian infrastructure. After medical workers and rescuers arrived, the Russian military shelled the area for the second time. 21 civilians, including medical personnel and an officer of State Emergency Service of Ukraine, were killed, over 70 were wounded. According to Russian sources, the missile hit a deployment of Ukraine's military (Ukrainian version is coded based on photo and video evidence).; On 14 March 2024, during clashes throughout the day, Ukrainian forces (of Operational Command 'South' using aviation, UAVs, missiles and artillery) destroyed in total 7 units of Russian military equipment (i.e., 4 boats, 2 UAVs, 1 quad bike), and killed 44 Russian soldiers in Kherson region (coded to Kherson, Kherson region).; On 14 March 2024, during clashes throughout the day, Ukrainian marine forces (using UAVs, missiles and artillery), destroyed in total 4 units of Russian military equipment (i.e., 1 boat, 2 supply trucks, 1 'Zala' drone), 33 FPV-drones and killed 15 Russian soldiers in their area of operation (coded to Kherson, Kherson region).; On 13 March 2024, during clashes throughout the day, Ukrainian forces (of Operational Command 'South' using aviation, UAVs, missiles and artillery) destroyed in total 16 units of Russian military equipment (i.e., 5 boats, 10 vehicles, 1 towed-artillery), and killed 41 Russian soldiers in Kherson region (coded to Kherson, Kherson region).; On 13 March 2024, during clashes throughout the day, Ukrainian marine forces (using UAVs, missiles and artillery), destroyed in total 4 Russian military vehicles, 24 FPV-drones and killed 7 Russian soldiers in in their area of operation (coded to Kherson, Kherson region).; On 12 March 2024, Russian forces clashed with LSR and the Siberian battalion around Odnorobivka (Bohodukhivskyi, Kharkiv). According to Russian sources, up to 60 troops were killed near Odnorobivka, Kharkiv. [Russian MoD reported 60 fatalities. Coded as 10 fatalities.].; On 12 March 2024, during clashes throughout the day, Ukrainian forces (of Operational Command 'South' using aviation, UAVs, missiles and artillery) destroyed in total 25 units of Russian military equipment (i.e., 3 boats, 2 UAVs 'Lancet', 4 mortars, 2 radio-electronic warfare systems, 1 radio surveillance system, 8 armored vehicles, 5 howitzers), 1 field ammo depot, 1 Observation Point and killed 53 Russian soldiers in Kherson region (coded to Kherson, Kherson region). Ukrainian forces shot down 2 Russian missiles over Kherson region.; On 12 March 2024, during clashes throughout the day, Ukrainian marine forces (using UAVs, missiles and artillery), destroyed in total 3 units of Russian military equipment, 37 FPV-drones and killed 9 Russian soldiers in their area of operation (coded to Kherson, Kherson region).; Around 11 March 2024 (as reported), Ukrainian forces destroyed a Russian 2S4 Tulpan self-propelled howitzer, a field ammunition depot, and shelled Russian infantry with cluster munitions near Dibrova, Luhansk. Russian forces suffered losses. Unspecified fatalities coded at 10.; On 11 March 2024, during clashes throughout the day, Ukrainian forces (of Operational Command 'South' using aviation, UAVs, missiles and artillery) destroyed in total 20 units of Russian military equipment (i.e., 2 boats, 2 UAVs 'Lancet', 9 howitzers, 1 tank, 2 antennas, 4 armored vehicles), 1 field ammo depot and killed 34 Russian soldiers in Kherson region (coded to Kherson, Kherson region).; On 11 March 2024, during clashes throughout the day, Ukrainian marine forces (using UAVs, missiles and artillery), destroyed in total 2 units of Russian military equipment (i.e., 2 attack UAVs 'Lancet'), 46 FPV-drones and killed 10 Russian soldiers in their area of operation (coded to Kherson, Kherson region).; On 11 March 2024, Ukrainian forces clashed by Russian forces supported by artillery near Synkivka, Kharkiv. According to Russian sources, 40 Ukrainian servicemen were killed. [Russian MoD reported 40 fatalities. Coded as 10 fatalities.]; On 10 March 2024, during clashes throughout the day, Ukrainian forces (of Operational Command 'South' using aviation, UAVs, missiles and artillery) destroyed in total 25 units of Russian military equipment (i.e., 1 MLRS 'BM-21', 1 tank, 1 self-propelled howitzer, 9 towed-artillery, 2 mortars, 19 armored vehicles, 1 boat, 1 set of surveillance equipment), 1 field ammo depot and killed 51 Russian soldiers in Kherson region (coded to Kherson, Kherson region). Ukrainian forces shot down 2 Russian drones over Kherson region.; On 10 March 2024, during clashes throughout the day, Ukrainian marine forces (using UAVs, missiles and artillery), destroyed in total 3 units of Russian military equipment (i.e., 1 self-propelled howitzer 'MSTA-B', 2 military vehicles), 50 FPV-drones and killed 18 Russian soldiers in their area of operation (coded to Kherson, Kherson region).; On 10 March 2024, Ukrainian forces engaged in an unsuccessful offensive near Robotyne, Zaporizhia, and were repelled by Russian forces. According to Russian sources, up to 30 Ukrainian servicemen were killed [Russian MoD reported 30 fatalities. Coded as 10 fatalities].; On 10 March 2024, Ukrainian forces engaged in an unsuccessful offensive near Synkivka, Kharkiv, and were repelled by Russian forces. Russian forces carried out airstrikes. According to Russian sources, up to 30 Ukrainian servicemen were killed [Russian MoD reported 30 fatalities. Coded as 10 fatalities].; On 9 March 2024, during clashes throughout the day, Ukrainian forces (of Operational Command 'South' using aviation, UAVs, missiles and artillery) destroyed in total 37 units of Russian military equipment (i.e., 2 self-propelled howitzers, 6 towed-artillery, 5 UAVs, 22 vehicles, 1 boat, 2 generators), and killed 52 Russian soldiers in Kherson region (coded to Kherson, Kherson region).; On 9 March 2024, during clashes throughout the day, Ukrainian marine forces (using UAVs, missiles and artillery), destroyed in total 3 units of Russian military equipment (i.e., 1 UAV 'Lancet', 2 military vehicles), 35 FPV-drones and killed 17 Russian soldiers in their area of operation (coded to Kherson, Kherson region).; On 8 March 2024, during clashes throughout the day, Ukrainian forces (of Operational Command 'South' using aviation, UAVs, missiles and artillery) destroyed in total 28 units of Russian military equipment (i.e., 1 MLRS 'BM-21', 4 towed-artillery, 3 mortars, 14 vehicles, 4 boats, 2 antennas), 1 field ammo depot and killed 62 Russian soldiers in Kherson region (coded to Kherson, Kherson region). Russian air forces launched a 'Kh-59' missile on an unidentifed target in Kherson region. Ukrainian forces shot down two Russian drones above Kherson region.; Around 7 March 2024, Ukrainian forces shelled and destroyed ammunition field storages near Kuzmine, Luhansk. Russian forces suffered losses. Unspecified casualties coded at 10.; On 7 March 2024, during clashes throughout the day, Ukrainian forces (of Operational Command 'South' using aviation, UAVs, missiles and artillery) destroyed in total 28 units of Russian military equipment (i.e., 1 tank, 6 towed-artillery, 1 mortar, 1 radio-electronic warfare system, 1 UAV operation station, 1 UAV 'ZALA', 16 vehicles, 1 boat), 4 observation posts, 1 fortification and killed 74 Russian soldiers in Kherson region (coded to Kherson, Kherson region).; On 7 March 2024, during clashes throughout the day, Ukrainian marine forces (using UAVs, missiles and artillery), destroyed in total 2 units of Russian military equipment (i.e., 1 mortar, 1 military vehicle), 30 FPV-drones and killed 12 Russian soldiers in their area of operation (coded to Kherson, Kherson region).; On 6 March 2024, during clashes throughout the day, Ukrainian forces (of Operational Command 'South' using aviation, UAVs, missiles and artillery) destroyed in total 38 units of Russian military equipment (i.e., 14 towed-artillery, 1 tank, 1 mortar, 2 radio-electronic warfare systems, 18 armored vehicles, 2 boats), 1 ammo supply point, 1 night-vision camera, 1 generator and killed 67 Russian soldiers in Kherson region (coded to Kherson, Kherson region). Ukrainian forces shot down 2 Russian Shahed-131/136 drones over Kherson region.; On 6 March 2024, during clashes throughout the day, Ukrainian marine forces (using UAVs, missiles and artillery), destroyed in total 4 Russian military vehicles, 41 FPV-drones and killed 21 Russian soldiers in their area of operation (coded to Kherson, Kherson region).; On 5 March 2024, during clashes throughout the day, Ukrainian forces (of Operational Command 'South' using aviation, UAVs, missiles and artillery) destroyed in total 49 units of Russian military equipment (i.e., 19 towed-artillery, 3 mortars, 1 video surveillance system 'Murom-M', 1 dome video surveillance station, 6 radio-electronic warfare systems, 4 ground antenna control stations, 15 armored vehicles), 2 fortified dugouts, 2 observation points and killed 75 Russian soldiers in Kherson region (coded to Kherson, Kherson region).; On 5 March 2024, during clashes throughout the day, Ukrainian marine forces (using UAVs, missiles and artillery), destroyed in total 2 Russian military vehicles, 2 mortars, 24 FPV-drones and killed 20 Russian soldiers in their area of operation (coded to Kherson, Kherson region).; On 4 March 2024, during clashes throughout the day, Ukrainian forces (of Operational Command 'South' using aviation, UAVs, missiles and artillery) destroyed in total 26 units of Russian military equipment (i.e., 8 towed-artillery, 3 radio-electronic warfare systems, 12 vehicles, 3 boats), 3 fortified positions and killed 47 Russian soldiers in Kherson region (coded to Kherson, Kherson region).; On 4 March 2024, during clashes throughout the day, Ukrainian marine forces (using UAVs, missiles and artillery), destroyed in total 7 units of Russian military equipment (i.e., 5 vehicles and 2 boats), 37 FPV-drones and killed 12 Russian soldiers in their area of operation (coded to Kherson, Kherson region).; On 3 March 2024, during clashes throughout the day, Ukrainian forces (of Operational Command 'South' using aviation, UAVs, missiles and artillery) destroyed in total 33 units of Russian military equipment (i.e., 7 towed-artillery, 1 self-propelled howitzer, 4 mortars, 2 generators, 18 vehicles, 1 boat), 1 fortified dugout, 1 field ammo depot and killed 69 Russian soldiers in Kherson region (coded to Kherson, Kherson region).; On 3 March 2024, during clashes throughout the day, Ukrainian marine forces (using UAVs, missiles and artillery), destroyed in total 9 units of Russian military equipment (i.e., 6 vehicles, 1 self-propelled howitzer, 2 mortars), 50 FPV-drones and killed 14 Russian soldiers in their area of operation (coded to Kherson, Kherson region).; On 2 March 2024, Russian air forces carried out a drone strike at Odesa. Private houses were damaged. 12 civilians, including 5 children, were killed and 20 civilians were injured.; On 2 March 2024, during clashes throughout the day, Ukrainian forces (of Operational Command 'South' using aviation, UAVs, missiles and artillery) destroyed in total 31 units of Russian military equipment (i.e., 1 anti-aircraft gun, 7 towed-artillery, 1 self-propelled howitzer, 2 automatic grenade launchers 'Plamya', 4 radio-electronic warfare systems, 13 armored vehicles, 1 UAV control station 'ZALA', 1 generator, 1 boat), 1 fuel supply warehouse, 1 field ammo depot, 3 observation points and killed 59 Russian soldiers in Kherson region (coded to Kherson, Kherson region).; On 2 March 2024, during clashes throughout the day, Ukrainian marine forces (using UAVs, missiles and artillery), destroyed in total 4 units of Russian military equipment (i.e., 3 vehicles, 1 boat), 1 fuel supply warehouse, 1 field ammo depot, 49 FPV-drones and killed 11 Russian soldiers in their area of operation (coded to Kherson, Kherson region).; On 2 March 2024, Russian forces engaged in an unsuccessful offensive near Robotyne, Zaporizhia, and were repelled by Ukrainian forces. Russian forces carried out airstrikes. According to Russian sources, up to 40 Ukrainian servicemen were killed [Russian MoD reported 40 fatalities. Coded as 10 fatalities].; On 1 March 2024, during clashes throughout the day, Ukrainian forces (of Operational Command 'South' using aviation, UAVs, missiles and artillery), destroyed in total 31 units of Russian military equipment (i.e., 7 towed-artillery, 1 self-propelled howitzer, 1 anti-aircraft system, 2 automatic-grenade launchers 'Plamya', 4 radio-electronic warfare systems, 13 armored vehicles, 1 UAV 'ZALA' command point, 1 generator, 1 boat), 1 field ammo depot, 1 field fuel depot, 3 observation posts and killed 59 Russian soldiers in the Kherson region (coded to Kherson, Kherson region).; On 1 March 2024, during clashes throughout the day, Ukrainian marine forces (using UAVs, missiles and artillery), in their area of operation, destroyed in total 4 units of Russian military equipment (i.e., 3 vehicles, 1 boat), 1 field fuel depot, 1 field ammo depot, 49 FPV-drones and killed 11 Russian soldiers in Kherson region (coded to Kherson, Kherson region).; On 29 February 2024, Ukrainian Forces killed 47 Russian soldiers and destroyed 9 cannons, 3 electronic warfare stations, 9 armored vehicles, 2 boats and 2 field supply points of Russian forces during clashes and shelling in Kherson region (coded to Kherson, Kherson).; On 28 February 2024, Ukrainian Marines killed 14 Russian soldiers and destroyed an armored personnel carrier, a D-30 122mm howitzer, 2 vehicles, 1 boat and 42 FPV drones of Russian forces during clashes and shelling in the Kherson region (coded to Kherson, Kherson).; On 28 February 2024, Ukrainian Forces killed 54 Russian soldiers and destroyed 8 cannons, 1 video surveillance complex Murom-M, 1 set of antenna system, 10 armored vehicles, 2 boats of Russian forces during clashes and shelling in Kherson region (coded to Kherson, Kherson).; On 28 February 2024, Ukrainian special forces clashed with the Russian military on Tendra Spit near Zaliznyi Port, Kherson. According to Russian sources, 25 Ukrainian soldiers were killed and one was taken as a prisoner of war.; On 27 February 2024, Ukrainian Marines killed 12 Russian soldiers and destroyed 40 FPV drones of Russian forces during clashes and shelling in the Kherson region (coded to Kherson, Kherson).; On 27 February 2024, Ukrainian Forces killed 49 Russian soldiers and destroyed 2 grenade launchers, 2 cannons, 1 mortar, 1 boat, 3 reconnaissance UAVs, 2 UAV launch points and a combat supply point of Russian forces during clashes and shelling in the Kherson region (coded to Kherson, Kherson).; On 26 February 2024, Ukrainian Marines killed 10 Russian soldiers and destroyed a mortar, 2 vehicles, an Orlan UAV, an ammunition cache and 28 FPV drones of Russian forces during clashes and shelling in the Kherson region (coded to Kherson, Kherson).; On 26 February 2024, Ukrainian Forces killed 51 Russian soldiers and destroyed 2 cannons, 1 mortar, 1 electronic warfare station, 1 FPV drone antenna station, 9 armored vehicles, 4 reconnaissance UAVs, 1 boat, 1 munition warehouse and a control post of Russian forces during clashes and shelling in the Kherson region (coded to Kherson, Kherson).; On 25 February 2024, Ukrainian Marines killed 17 Russian soldiers and destroyed an observation post and 37 FPV drones of Russian forces during clashes and shelling in the Kherson region (coded to Kherson, Kherson).; On 25 February 2024, Ukrainian Forces killed 49 Russian soldiers and destroyed 2 cannons, 1 mortar, 1 vehicle, 1 generator and an observation point of Russian forces during clashes and shelling in the Kherson region (coded to Kherson, Kherson).; On 24 February 2024, Russian forces shot and killed 7 Ukrainian servicemen, who were unarmed and surrendered near Bakhmut, Donetsk.; On 24 February 2024, Ukrainian Marines killed 18 Russian soldiers and destroyed a Zala UAV and 26 FPV drones of Russian forces during clashes and shelling in the Kherson region (coded to Kherson, Kherson).; On 24 February 2024, Ukrainian Forces killed 64 Russian soldiers and destroyed 3 cannons, 1 grenade launcher, 1 mortars, 1 reconnaissance UAV, 1 combat UAV, 1 boat, 1 electronic warfare station, 3 vehicles, 4 observation points with fortifications of Russian forces during clashes and shelling in the Kherson region (coded to Kherson, Kherson).; On 23 February 2024, Ukrainian Marines killed 23 Russian soldiers and destroyed 2 vehicles, 1 mortar and 29 FPV drones of Russian forces during clashes and shelling in the Kherson region (coded to Kherson, Kherson).; On 23 February 2024, Ukrainian Forces killed 71 Russian soldiers and destroyed 2 mortars, 4 cannons, 1 video surveillance complex 'Murom-M', 4 vehicles, 2 reconnaissance UAVs, 1 boat and 3 fortifications of Russian forces during clashes and shelling in the Kherson region (coded to Kherson, Kherson).; On 23 February 2024, Russian Forces launched an assault action on Ukrainian Forces in the vicinity of Synkivka, Kharkiv. The attack was repelled. Russian Forces shelled Synkivka with artillery and mortars. According to Russian sources, 55 Ukrainian soldiers were killed in the area of Synkivka. [Russian MoD reported 55 fatalities. Coded as 10 fatalities].; On 22 February 2024, Ukrainian Marines killed 20 Russian soldiers during clashes and shelling in the Kherson region (coded to Kherson, Kherson).; On 22 February 2024, Ukrainian Forces killed 54 Russian soldiers and destroyed 2 anti-aircraft missile complexes, 1 MLRS Grad, 11 cannons, 6 mortars, 3 complexes of electronic warfare, 2 sets of antenna systems, 1 radio station, 1 boat, 4 vehicles, a command and observation point, a UAV control point, 4 field ammunition depots and 8 engineering and fortification structures of Russian forces during clashes and shelling in the Kherson region (coded to Kherson, Kherson).; On 21 February 2024, Ukrainian forces shelled with HIMARS a Russian training ground near Podo-Kalynivka, Kherson region, as a result of which about 60 Russian servicemen were killed.; On 21 February 2024, Ukrainian Marines killed 23 Russian soldiers and destroyed 2 boats, a Zala UAV, an ammunition cache and 56 FPV drones of Russian forces during clashes and shelling in the Kherson region (coded to Kherson, Kherson).; On 21 February 2024, Ukrainian Forces killed 133 Russian soldiers and destroyed 6 cannons, 1 MLRS Grad, 2 mortars, 1 combat and 1 reconnaissance UAVs, 2 boats, 1 ground artillery control station, 12 armored vehicles, 13 fortifications, a communications center and a field ammunition depot of Russian forces during clashes and shelling in the Kherson region (coded to Kherson, Kherson).; On 20 February 2024, Ukrainian military forces fired 'HIMARS' at the Russian training field near Trudivski, Donetsk. Up to 60 Russian soldiers were killed.; On 20 February 2024, Ukrainian Marines killed 28 Russian soldiers and destroyed 3 vehicles, 2 ammunition caches and 52 FPV drones of Russian forces during clashes and shelling in the Kherson region (coded to Kherson, Kherson).; On 20 February 2024, Ukrainian Forces killed 98 Russian soldiers and destroyed 1 tank, 15 cannons, 4 grenade launchers, 16 armored vehicles, 3 sets of antenna, 1 electronic warfare station, a UAV control post and 3 combat supply points of Russian forces during clashes and shelling in the Kherson region (coded to Kherson, Kherson).; On 19 February 2024, Ukrainian forces shelled Russian positions in multiple locations along Kherson axis (coded to Kherson, Kherson region). 69 Russian soldiers were killed, 5 cannons, 5 mortars, 2 boats, 8 vehicles and radiolocation equipment were destroyed.; On 19 February 2024, Ukrainian Marines killed 24 Russian soldiers and destroyed a D-30 122mm howitzer, 5 vehicles, 5 Zala UAVs, 3 ammunition caches and 50 FPV drones of Russian forces during clashes and shelling in the Kherson region (coded to Kherson, Kherson).; On 19 February 2024, Russian forces clashed with Ukrainian forces, launched air strikes and shelled near Synkivka, Kharkiv region. On that day, Ukrainian forces repelled 4 Russian attacks near Synkivka. According to Russian sources, on that day, up to 45 Ukrainian soldiers were killed near Synkivka [Russian MoD reported 45 fatalities. Coded as 10 fatalities].; On 18 February 2024, Ukrainian Marines killed 32 Russian soldiers and destroyed an electronic warfare station and 10 FPV drones of Russian forces during clashes and shelling in the Kherson region (coded to Kherson, Kherson).; On 18 February 2024, Ukrainian Forces killed 88 Russian soldiers and destroyed 4 cannons, 8 armored vehicles, 1 tank, 1 Grad MLRS, 1 mortar, 1 complex of electronic warfare, 1 UAV antenna and a boat of Russian forces during clashes and shelling in the Kherson region (coded to Kherson, Kherson).; On 18 February 2024, following clashes, the Russian forces captured and shot dead 6 Ukrainian prisoners of war near Avdiivka, Donetsk.; On 17 February 2024, Ukrainian Marines killed 13 Russian soldiers and destroyed an electronic warfare station, a quadro-type UAV and 47 FPV drones of Russian forces during clashes and shelling in the Kherson region (coded to Kherson, Kherson).; On 17 February 2024, Ukrainian Forces killed 45 Russian soldiers and destroyed 4 cannons, 1 complex of electronic warfare, 2 reconnaissance UAVs, 2 vehicles, 2 observation points and 5 fortifications of Russian forces during clashes and shelling in the Kherson region (coded to Kherson, Kherson).; On 17 February 2024, Russian forces took control over Avdiivka, Donetsk, as the result of clashing with Ukrainian forces. Russian forces killed 6 injured Ukrainian servicemen.; On 16 February 2024, Ukrainian forces shelled Russian positions in multiple locations on the left bank of Dnipro in the temporarily occupied areas of Kherson region (coded to Kherson, Kherson region). 3 Russian ammo depots were destroyed, 2 reconnaissance drones shot down, 69 Russian soldiers were killed.; On 16 February 2024, Ukrainian Marines killed 23 Russian soldiers and destroyed a mortar, 4 vehicles, 2 ammunition caches and 22 FPV drones of Russian forces during clashes and shelling in the Kherson region (coded to Kherson, Kherson).; On 15 February 2024, Russian Forces, supported by air force, launched an assault action on Ukrainian Forces in the vicinity of Synkivka, Kharkiv. The attack was repelled. Russian Forces shelled Synkivka with artillery and mortars. According to Russian sources, 100 Ukrainian soldiers were killed in the area of Synkivka. [Russian MoD reported 100 fatalities. Coded as 10 fatalities].; On 15 February 2024, Ukrainian Marines killed 19 Russian soldiers during clashes and shelling in the Kherson region (coded to Kherson, Kherson).; On 15 February 2024, Ukrainian Forces killed 62 Russian soldiers and destroyed 4 cannons, 16 armored vehicles, 2 radar combat stations, 1 unit of engineering equipment and 1 generator of Russian forces during clashes and shelling in the Kherson region (coded to Kherson, Kherson).; On 14 February 2024, Ukrainian Marines killed 27 Russian soldiers and destroyed 3 mortars, 4 vehicles and 10 FPV drones of Russian forces during clashes and shelling in the Kherson region (coded to Kherson, Kherson).; On 14 February 2024, Ukrainian Forces killed 68 Russian soldiers, destroyed 7 cannons, 7 armored vehicles and a fuel and lubricants depot of Russian forces during clashes and shelling in the Kherson region (coded to Kherson, Kherson).; On 13 February 2024, Russian forces shelled Ukrainian troops concentration in Tsukurune, Donetsk. According to Russian sources, two Ukrainian IFVs, four military trucks with ammunition and equipment, two mini buses, four vehicles and an ammunition depot were destroyed as well as up to 30 Ukrainian servicemen were killed.; On 13 February 2024, Ukrainian Marines killed 10 Russian soldiers and destroyed 2 mortars, 2 vehicles, 2 ammunition caches and 73 FPV drones of Russian forces during clashes and shelling in the Kherson region (coded to Kherson, Kherson).; On 13 February 2024, Ukrainian Forces killed 72 Russian soldiers and destroyed 1 artillery system, 11 cannons, 4 mortars, 1 complex of electronic warfare, 5 vehicles and 3 field ammunition depots and observation points of Russian forces during clashes and shelling in the Kherson region (coded to Kherson, Kherson).; On 12 February 2024, Ukrainian Marines killed 16 Russian soldiers and destroyed 6 vehicles, including 1 armored vehicle, a mortar and 38 FPV drones of Russian forces during clashes and shelling in the Kherson region (coded to Kherson, Kherson).; On 12 February 2024, Ukrainian Forces killed 42 Russian soldiers, destroyed 3 mortars, 11 armored vehicles and 1 UAV field antenna, and damaged 3 ammunition depots, 2 dugouts, one of which was equipped with electronic warfare equipment of Russian forces during clashes and shelling in the Kherson region (coded to Kherson, Kherson).; On 11 February 2024, Ukrainian Marines killed 29 Russian soldiers and destroyed 2 vehicles and 52 FPV drones of Russian forces during clashes and shelling in the Kherson region (coded to Kherson, Kherson).; On 11 February 2024, Ukrainian Forces killed 70 Russian soldiers and destroyed 1 tank, 1 self-propelled artillery installation, 3 cannons, 1 grenade launcher, 1 boat and 10 vehicles of Russian forces during clashes and shelling in the Kherson region (coded to Kherson, Kherson).; On 10 February 2024, Ukrainian forces fired artillery at Tokmak, Zaporizhia, killing Russian soldiers. An unspecified number of Russian servicemen fatalities coded as 10.; Around 10 February 2024 (as reported), Ukrainian FPV-kamikaze drones and artillery destroyed a Russian command and observation post and an ammunition depot, killing up to 10 Russian servicemen and wounding 2 more in Kozachi Laheri (Kherson).; Around 10 February 2024 (as reported), a Russian APC (MT-LB) with Russian infantry was blown up by a Ukrainian mine, the remaining Russian soldiers were attacked by Ukrainian drone-borne explosives in a forest strip north-west of Synkivka, Kharkiv region, killing in total 9 Russian infantrymen and injuring 3 more.; On 10 February 2024, Ukrainian Marines killed 15 Russian soldiers and destroyed 3 vehicles, a mortar, an anti-tank missile complex and 56 FPV drones of Russian forces during clashes and shelling in the Kherson region (coded to Kherson, Kherson).; On 10 February 2024, Ukrainian Forces killed 68 Russian soldiers and destroyed 11 cannons, a Zala UAV, 11 armored vehicles and 1 boat of Russian forces during clashes and shelling in the Kherson region (coded to Kherson, Kherson).; Around 9 February 2024 (as reported), a group of Ukrainian Luhansk region border guards shelled and killed 11 Russian soldiers (coded to Luhansk, Luhansk).; On 9 February 2024, Russian Shahed 131/136 drones attacked Nemyshlyansky district of Kharkiv, Kharkiv, damaging civilian infrastructure and setting on fire residential buildings. 7 civilians were killed, including three children, and 57 civilians were injured.; On 9 February 2024, Ukrainian Marines killed 16 Russian soldiers and destroyed 5 vehicles, a fuel and lubricants depot, an electronic warfare device and 46 FPV drones of Russian forces during clashes and shelling in the Kherson region (coded to Kherson, Kherson).; On 9 February 2024, Ukrainian Forces killed 57 Russian soldiers and destroyed 15 cannons, 1 self-propelled artillery installation, 1 mortars, 5 vehicles and 1 boat of Russian forces during clashes and shelling in the Kherson region (coded to Kherson, Kherson).; On 8 February 2024, Ukrainian forces shelled Russian positions in multiple locations on the left bank of Dnipro in Kherson region (coded to Kherson, Kherson region). 39 Russian soldiers were killed, 3 Grad MLRS, 3 rocket and artillery systems and other equipment were destroyed. On that day, Ukrainian forces also shot down 4 Russian UAVs over Kherson region.; On 7 February 2024, Ukrainian Marines killed 15 Russian soldiers and destroyed 6 vehicles and 70 FPV drones of Russian forces during clashes and shelling in the Kherson region (coded to Kherson, Kherson).; On 7 February 2024, Ukrainian Forces killed 57 Russian soldiers and destroyed 1 tank, 5 cannons, 2 mortars and 12 vehicles of Russian forces during clashes and shelling in the Kherson region (coded to Kherson, Kherson).; On 6 February 2024, Ukrainian Marines killed 8 Russian soldiers and destroyed 1 vehicles, a 120mm mortar and 27 FPV drones of Russian forces during clashes and shelling in the Kherson region (coded to Kherson, Kherson).; On 6 February 2024, Russian forces successfully repulsed the attacks of Ukrainian forces near Kherson. According to Russian sources, more than 45 Ukrainian soldiers were killed [Russian MoD reported 45 fatalities. Coded as 10 fatalities]. According to Ukrainian sources, Ukrainian forces killed 50 Russian soldiers, destroyed four cannons, a mortar, the Murom video surveillance complex, seven units of armored vehicles and a fuel depot of Russian forces. Overall fatalities coded as 60.; On 5 February 2024, Ukrainian Marines killed 22 Russian soldiers and destroyed 4 vehicles and 41 FPV drones of Russian forces during clashes and shelling in the Kherson region (coded to Kherson, Kherson).; On 5 February 2024, Ukrainian Forces killed 53 Russian soldiers and destroyed 13 vehicles of Russian forces during clashes and shelling in the Kherson region (coded to Kherson, Kherson).; On 4 February 2024, Ukrainian Forces killed 29 Russian soldiers and destroyed 1 vehicle of Russian forces during clashes and shelling in the Kherson region (coded to Kherson, Kherson).; On 4 February 2024, Russian forces engaged in an unsuccessful offensive near Priyutne, Zaporizhia, and were repelled by Ukrainian forces. Russian forces carried out airstrikes. According to Russian sources, more than 145 Ukrainian servicemen were killed [Russian MoD reported 145 fatalities. Coded as 10 fatalities].; On 4 February 2024, Ukrainian forces engaged in an unsuccessful offensive near Yampolivka, Donetsk, and were repelled by Russian forces. Russian forces carried out airstrikes. According to Russian sources, up to 260 Ukrainian servicemen were killed [Russian MoD reported 260 fatalities. Coded as 10 fatalities].; On 3 February 2024, Ukrainian forces launched a 'HIMARS' missile at the restaurant 'Adriatic' in Lysychansk, Luhansk which was used for the military purposes. 28 people, including Russian servicemen, Minister of State Emergency Service of Russian Occupation Government and two local occupation government deputies, were killed.; On 2 February 2024, Ukrainian Marines killed 7 Russian soldiers and destroyed a Zala UAV and 35 FPV drones of Russian forces during clashes and shelling in the Kherson region (coded to Kherson, Kherson).; On 2 February 2024, during clashes throughout the day, Ukrainian forces (of Operational Command 'South' using aviation, UAVs, missiles and artillery) destroyed in total 19 units of Russian military equipment (i.e., 3 tanks, 7 towed-artillery, 6 vehicles, 2 boats, 1 communication antenna), 2 ammo depots and killed 61 Russian soldiers in Kherson region (coded to Kherson, Kherson region).; On 2 February 2024, Ukrainian Forces killed 52 Russian soldiers and destroyed 1 Msta-B howitzer and 1 armored vehicle of Russian forces during clashes and shelling in the Kherson region (coded to Kherson, Kherson).; On 1 February 2024, during clashes throughout the day, Ukrainian forces (of Operational Command 'South' using aviation, UAVs, missiles and artillery) destroyed in total 20 units of Russian military equipment (i.e., 1 MLRS 'BM-21', 9 towed-artillery, 3 UAVs 'Lancet' and 'Merlyn', 7 vehicles), 2 observation posts and killed 32 Russian soldiers in Kherson region (coded to Kherson, Kherson region).; On 1 February 2024, Russian military forces unsuccessfully attacked the Ukrainian military at the left bank of the Dnipro river (likely Krynky, Kherson where clashes previously took place). The Russian military shelled the Ukrainian military on the Kherson direction (likely Krynky). Russian air forces struck Krynky. According to Russian sources, the Ukrainian military lost up to 35 soldiers, a tank, 2 cars and 2 artillery systems [Russian MoD reported 35 fatalities. Coded as 10 fatalities].; On 1 February 2024, Russian air forces struck the Ukrainian territorial defense forces near Urozhaine, Donetsk. According to Russian sources, the Ukrainian military lost up to 100 soldiers, 2 cars and 2 artillery systems [Russian MoD reported 100 fatalities. Coded as 10 fatalities].; On 1 February 2024, Russian military, supported by artillery, advanced for near 2 km near Yampolivka, Donetsk, clashing with the Ukrainian military. The Russian military shelled Yampolivka. According to Russian sources, the Ukrainian military lost up to 270 soldiers, a tank, 3 IFVs, 7 cars and 2 artillery systems [Russian MoD reported 270 fatalities. Coded as 10 fatalities].; On 31 January 2024, during clashes throughout the day, Ukrainian forces (of Operational Command 'South' using aviation, UAVs, missiles and artillery) destroyed in total 6 units of Russian military equipment (i.e., 2 MLRS 'BM-21', 1 tank, 3 towed-artillery), and killed 90 Russian soldiers in Kherson region (coded to Kherson, Kherson region).; On 31 January 2024, during clashes throughout the day, Ukrainian marine forces (using UAVs, missiles and artillery), in their area of operation, destroyed in total 3 Russian military equipment (i.e., 2 towed-artillery vehicles, 1 UAV 'Lancet'), 13 FPV-drones and killed 34 Russian soldiers in Kherson region (coded to Kherson, Kherson region).; On 31 January 2024, Russian and Ukrainian forces exchanged fire in various locations along Kherson axis (coded to Kherson, Kherson region). According to Russian sources, on that day, up to 50 Ukrainian soldiers were killed on Kherson axis [Russian MoD reported 50 fatalities. Coded as 10 fatalities]. According to Ukrainian sources, 32 Russian soldiers were killed, a number of Russian equipment units, 1 Merlin-VR and 2 Lancet drones were destroyed. 2 Russian observation points were destroyed. Total fatalities coded as 42.; On 31 January 2024, Ukrainian air-launched Storm Shadow missiles hit a Russian training camp for special forces near Hvardiyske, Crimea, killing 9 Russian soldiers and wounding up to 10. Military equipment was damaged.; On 31 January 2024, Ukrainian forces fired air-launched Storm Shadow missiles at Belbek Airfield, Crimea, destroying a radiolocation system, two Su-27 and one Su-30 aircraft. 10-12 Russian soldiers were killed.. Casualties unknown.; On 30 January 2024, Russian forces launched a massive offensive with a column of Russian tanks and IFVs north-west of Solodke, Donetsk. Ukrainian forces hit with a drone various Russian military equipment near Solodke. Russian infantrymen also came under Ukrainian artillery fire that killed many Russian soldiers. Unspecified fatalities coded as 10.; On 30 January 2024, during clashes throughout the day, Ukrainian forces (of Operational Command 'South' using aviation, UAVs, missiles and artillery) destroyed in total 9 units of Russian military equipment (i.e., 2 towed-artillery, 2 UAVs 'SuperCam', 2 boats, 3 armored vehicles), and killed 72 Russian soldiers in Kherson region (coded to Kherson, Kherson region).; On 30 January 2024, during clashes throughout the day, Ukrainian marine forces (using UAVs, missiles and artillery), in their area of operation destroyed, 2 Russian IFVs, 2 ammo depots, 38 FPV-drones and killed 27 Russian soldiers in Kherson region (coded to Kherson, Kherson region).; On 30 January 2024, Russian Forces shelled Kherson, Kherson, with artillery, damaging an agricultural enterprise. Ukrainian Forces intercepted a Merlin-VR reconnaissance drone of Russian Forces in the area of Kherson. According to Russian sources, 30 Ukrainian soldiers were killed in the area of Kherson. [Russian MoD reported 30 fatalities. Fatalities coded as 10].; On 29 January 2024, during clashes throughout the day, Ukrainian forces (of Operational Command 'South' using aviation, UAVs, missiles and artillery) destroyed in total 17 units of Russian military equipment (i.e., 1 self-propelled howitzer, 5 towed-artillery, 2 tanks, 1 boat, 7 armored vehicles, 1 field radio-electronic warfare system), 1 UAV control point, 1 field fuel depot, 4 observation posts, 1 field ammo depot and killed 105 Russian soldiers in Kherson region (coded to Kherson, Kherson region).; On 29 January 2024, during clashes throughout the day, Ukrainian marine forces (using UAVs, missiles and artillery), in their area of operation, destroyed 35 Russian FPV-drones and killed 52 Russian soldiers in Kherson region (coded to Kherson, Kherson region).; On 29 January 2024, Russian forces shelled and clashed with Ukrainian forces near Robotyne, Zaporizhia. According to Russian sources, 40 Ukrainian servicemen were killed. [Russian MoD reported 40 fatalities. Coded as 10 fatalities.]; On 29 January 2024, Russian forces shelled and clashed with Ukrainian forces near Synkivka, Kharkiv. Russian sources claim to have gained ground in the village. According to Russian sources, 140 Ukrainian servicemen were killed. [Russian MoD reported 140 fatalities. Coded as 10 fatalities.]; On 28 January 2024, during clashes throughout the day, Ukrainian forces (of Operational Command 'South' using aviation, UAVs, missiles and artillery) destroyed in total 6 units of Russian military equipment (i.e., 1 towed-artillery, 1 vehicle, 1 vehicle with ammo supply, 2 boats, 1 UAV quadcopter 'Mavik-3'), 1 observation post, 1 field ammo depot and killed 77 Russian soldiers in Kherson region (coded to Kherson, Kherson region).; On 28 January 2024, during clashes throughout the day, Ukrainian marine forces (using UAVs, missiles and artillery), in their area of operation, destroyed 1 Russian military vehicle with ammo supply, 1 UAV, 47 FPV-drones and killed 15 Russian soldiers in Kherson region (coded to Kherson, Kherson region).; On 28 January 2024, Russian forces fired mortars and artillery at Ukrainian positions near Muzykivka, Kherson. According to Russian sources, up to 40 Ukrainian servicemen were killed [Russian MoD reported 40 fatalities. Coded as 10 fatalities].; On 28 January 2024, Russian forces engaged in an unsuccessful offensive near Priyutne, Zaporizhia, and were repelled by Ukrainian forces. According to Russian sources, up to 90 Ukrainian servicemen were killed [Russian MoD reported 90 fatalities. Coded as 10 fatalities].; On 27 January 2024, during clashes throughout the day, Ukrainian forces (of Operational Command 'South' using aviation, UAVs, missiles and artillery) destroyed in total 17 units of Russian military equipment (i.e., 7 towed-artillery, 1 tank, 8 armored vehicles, 1 radio antenna equipment), 1 field ammo depot and killed 9 Russian soldiers in Kherson region (coded to Kherson, Kherson region).; On 27 January 2024, during clashes throughout the day, Ukrainian marine forces (using UAVs, missiles and artillery), in their area of operation destroyed 1 Russian mortar, 35 FPV-drones and killed 14 Russian soldiers in Kherson region (coded to Kherson, Kherson region).; On 26 January 2024, Russian forces successfully repulsed the attacks of Ukrainian forces in Kherson region. According to Russian sources, more than 15 Ukrainian soldiers were killed [Russian MoD reported 15 fatalities. Coded as 10 fatalities].; On 25 January 2024, during clashes throughout the day, Ukrainian forces (of Operational Command 'South' using aviation, UAVs, missiles and artillery) destroyed in total 19 units of Russian military equipment (i.e., 1 MLRS 'BM-21', 10 towed-artillery, 8 armored vehicles), 1 UAV command post and killed 17 Russian soldiers in Kherson region (coded to Kherson, Kherson region).; On 25 January 2024, during clashes throughout the day, Ukrainian marine forces (using UAVs, missiles and artillery), in their area of operation destroyed in total 3 units of Russian military equipment (i.e., 1 mortar, 1 towed-artillery, 1 UAV 'Lancet'), 16 FPV-drones and killed 23 Russian soldiers in Kherson region (coded to Kherson, Kherson region).; On 24 January 2024, during clashes throughout the day, Ukrainian forces (of Operational Command 'South' using aviation, UAVs, missiles and artillery) destroyed in total 26 units of Russian military equipment (i.e., 1 MLRS 'BM-21', 13 towed-artillery, 1 mortar, 1 boat, 1 radio-electronic warfare system, 8 armored vehicles), 3 field ammo depots, 3 observation posts and killed 26 Russian soldiers in Kherson region (coded to Kherson, Kherson region).; On 24 January 2024, during clashes throughout the day, Ukrainian marine forces (using UAVs, missiles and artillery), in their area of operation destroyed in total 40 Russian FPV-drones and killed 24 Russian soldiers in Kherson region (coded to Kherson, Kherson region).; On 24 January 2024, Russian military forces shelled the Ukrainian military near Novotiahynka, Kherson. According to Russian sources, the Ukrainian military lost up to 45 soldiers, 3 cars and 3 artillery systems [Russian MoD reported 45 fatalities. Coded as 10 fatalities].; On 23 January 2024, Russian forces launched an S-300 missile strike at Kharkiv, Kharkiv region, damaging residential areas and civilian infrastructure. One of the sections of a multi-apartment house crumbled. 10 civilians were killed, 62 were injured.; On 23 January 2024, during clashes throughout the day, Ukrainian forces (of Operational Command 'South' using aviation, UAVs, missiles and artillery) destroyed in total 26 units of Russian military equipment (i.e., 1 MLRS 'BM-21', 1 tank, 7 towed-artillery, 2 self-propelled howitzers including 2S7 'Pion', 2 boats, 1 video-surveillance system 'Murom-M', 12 vehicles), 1 UAV 'ZALA' command post and killed 11 Russian soldiers in Kherson region (coded to Kherson, Kherson region).; On 23 January 2024, during clashes throughout the day, Ukrainian marine forces (using UAVs, missiles and artillery), in their area of operation destroyed in total 6 units of Russian military equipment (i.e., 1 mortar, 1 UAV 'Lancet', 1 UAV 'ZALA', 3 vehicles), 32 FPV-drones and killed 19 Russian soldiers in Kherson region (coded to Kherson, Kherson region).; On 23 January 2024, Russian and Ukrainia forces exchanged fire in multiple locations across Kherson axis (coded to Kherson, Kherson region). According to Russian sources, on that day, up to 50 Ukrainian soldiers were killed on Kherson axis [Russian MoD reported 50 fatalities. Coded as 10 fatalities]. According to Ukrainian sources, 26 Russian soldiers were killed, a number of Russian military equipment units were destroyed (total fatalities coded as 36).; On 23 January 2024, Russian forces clashed with Ukrainian forces, launched air strikes and shelled near Novomykhaylivka, Donetsk region. Ukrainian forces repelled 16 Russian attacks near Heorhiivka and Novomykhaylivka. According to Russian sources, on that day, up to 105 Ukrainian soldiers were killed near Novomykhaylivka [Russian MoD reported 105 fatalities. Coded as 10 fatalities].; On 22 January 2024, during clashes throughout the day, Ukrainian forces (of Operational Command 'South' using aviation, UAVs, missiles and artillery) destroyed in total 25 units of Russian military equipment (i.e., 1 tank, 6 towed-artillery, 1 UAV 'Lancet', 1 UAV 'KUB', 9 FPV drones, 1 mortar, 3 vehicles, 2 generators), 2 observation posts, 1 field ammo depot and killed 15 Russian soldiers in Kherson region (coded to Kherson, Kherson region).; On 22 January 2024, during clashes throughout the day, Ukrainian marine forces (using UAVs, missiles and artillery), in their area of operation, destroyed in total 3 units of Russian military equipment (i.e., 2 mortars, 1 vehicle), 39 FPV-drones and killed 17 Russian soldiers in Kherson region (coded to Kherson, Kherson region).; On 22 January 2024, Russian Forces shelled Kherson, Kherson, with artillery. Ukrainian Forces shot down Russian UAVs in Kherson region. According to Russian sources, 50 Ukrainian soldiers were killed in Kherson [Russian MoD reported 50 fatalities. Fatalities coded as 10]. 1 civilian was injured.; On 22 January 2024, Russian Forces, supported by air force, launched assault actions on Ukrainian Forces in the area of Novomykhaylivka, Donetsk. The attacks were repelled. Russian Forces shelled Novomykhaylivka with artillery and mortars. According to Russian sources, 105 Ukrainian soldiers were killed in Novomykhaylivka. [Russian MoD reported 105 fatalities. Fatalities coded as 10].; On 21 January 2024, unidentified forces fired artillery at a civilian market in Donetsk - Kirovskyi. killing 28 civilians and injuring 30. Russian and Ukrainian forces accused each other of the shelling, neither version has been independently verified.; On 21 January 2024, during clashes throughout the day, Ukrainian forces (of Operational Command 'South' using aviation, UAVs, missiles and artillery) destroyed in total 20 units of Russian military equipment (i.e., 2 towed-artillery, 5 FPV drones, 9 armored vehicles, 4 boats), 1 observation post, 1 field ammo depot, 1 fuel supply point and killed 14 Russian soldiers in Kherson region (coded to Kherson, Kherson region).; On 21 January 2024, during clashes throughout the day, Ukrainian marine forces (using UAVs, missiles and artillery), in their area of operation, destroyed 1 Russian radio radar station, 16 FPV-drones and killed 37 Russian soldiers in Kherson region (coded to Kherson, Kherson region).; On 20 January 2024, during clashes throughout the day, Ukrainian forces (of Operational Command 'South' using aviation, UAVs, missiles and artillery) destroyed in total 6 units of Russian military equipment (i.e., 1 MLRS 'BM-21', 1 self-propelled howitzer 'Malka', 2 towed-artillery, 1 mortar, 1 boat), 1 observation post, 1 field ammo depot and killed 18 Russian soldiers in Kherson region (coded to Kherson, Kherson region).; On 20 January 2024, during clashes throughout the day, Ukrainian marine forces (using UAVs, missiles and artillery), in their area of operation, destroyed in total 3 units of Russian military equipment (i.e., 2 UAVs 'Lancet', 1 vehicle), 28 FPV-drones and killed 37 Russian soldiers in Kherson region (coded to Kherson, Kherson region).; On 19 January 2024, during clashes throughout the day, Ukrainian forces (of Operational Command 'South' using aviation, UAVs, missiles and artillery) destroyed in total 1 Russian boat and killed 9 Russian soldiers in Kherson region (coded to Kherson, Kherson region).; On 18 January 2024, during clashes throughout the day, Ukrainian marine forces (using UAVs, missiles and artillery), in their area of operation, destroyed in total 7 Russian military equipment (i.e., 1 towed-artillery D-30, 4 UAVs 'Lancet', 2 vehicles), 30 FPV-drones and killed 41 Russian soldiers in Kherson region (coded to Kherson, Kherson region).; On 18 January 2024, during clashes throughout the day, Ukrainian forces (of Operational Command 'South' using aviation, UAVs, missiles and artillery) destroyed in total 46 units of Russian military equipment (i.e., 13 towed-artillery, 4 tanks, 18 vehicles, 2 UAVs 'Lancet', 1 FPV drone, 1 reconnaissance drone 'Merlin', 4 field radio-electronic warfare systems, 1 boat, 1 mobile radio station 'Casta-2E'), 1 field fuel depot, 1 observation post and killed 45 Russian soldiers in Kherson region (coded to Kherson, Kherson region).; On 17 January 2024, during clashes throughout the day, Ukrainian forces (of Operational Command 'South' using aviation, UAVs, missiles and artillery) destroyed in total 46 units of Russian military equipment (i.e., 1 towed-artillery, 1 round artillery reconnaissance station 'SNAR-10' (Leopard), 1 UAV reconnaissance 'Orlan-10', 9 armored vehicles), 1 observation post and killed 16 Russian soldiers in Kherson region (coded to Kherson, Kherson region).; On 17 January 2024, during clashes throughout the day, Ukrainian marine forces (using UAVs, missiles and artillery), in their area of operation, destroyed in total 18 Russian FPV-drones and killed 16 Russian soldiers in Kherson region (coded to Kherson, Kherson region).; On 16 January 2024, during clashes throughout the day, Ukrainian marine forces (using UAVs, missiles and artillery), in their area of operation, destroyed in total 4 units of Russian military equipment (i.e., 1 UAV 'Lancet', 1 vehicle, 2 MLRS 'BM-27'), 2 UAV ground control points, 23 FPV-drones and killed 12 Russian soldiers in Kherson region (coded to Kherson, Kherson region).; On 16 January 2024, during clashes throughout the day, Ukrainian forces (of Operational Command 'South' using aviation, UAVs, missiles and artillery) destroyed in total 28 units of Russian military equipment (i.e., 7 towed-artillery, 2 MLRS 'BM-27', 1 MLRS 'BM-21', 1 mortar, 1 UAV reconnaissance 'Merlin', 1 UAV reconnaissance 'ZALA', 13 vehicles, 2 boats), 1 cellular communication base station and killed 22 Russian soldiers in Kherson region (coded to Kherson, Kherson region).; On 16 January 2024, Ukrainian and Russian military, supported by artillery, clashed near Terny, Donetsk. Both sides claimed success. According to Russian sources, the Ukrainian military lost up to 30 soldiers, 2 APCs and 3 cars [Russian MoD reported 30 fatalities. Coded as 10 fatalities].; On 15 January 2024, Russian and Ukrainian forces exchanged fire in various unspecified locations on Kherson axis. During clashes throughout the day, Ukrainian forces (of Operational Command 'South' using aviation, UAVs, missiles and artillery) destroyed in total 24 units of Russian military equipment (i.e., 1 anti-aircraft system 'OSA', 1 MLRS 'BM-21', 1 tank, 7 towed-artillery, 2 video-surveillance systems 'Murom-M', 1 radio-electronic warfare system, 1 equipment of radio-antenna system, mortar, 2 UAVs reconnaissance 'Merlin', 1 UAV control station, 4 armored vehicles, 3 boats), 1 observation post, 1 field ammo depot and killed 21 Russian soldiers in Kherson region. According to Russian sources, on that day, up to 65 Ukrainian soldiers were killed on Kherson axis [Russian MoD reported 65 fatalities. Coded as 10 fatalities]. Overall fatalities coded as 31.; On 15 January 2024, during clashes throughout the day, Ukrainian marine forces (using UAVs, missiles and artillery), in their area of operation, destroyed in total 2 units of Russian military equipment (i.e., 1 towed-artillery 'D-30', 1 vehicle), 1 ammo depot, 15 FPV-drones and killed 28 Russian soldiers in Kherson region (coded to Kherson, Kherson region).; On 15 January 2024, Russian forces clashed with Ukrainian forces, launched air strikes and shelled near Synkivka, Kharkiv region. On that day, Ukrainian forces repelled 2 Russian attacks near Synkivka. According to Russian sources, on that day, up to 160 Ukrainian soldiers were killed near Synkivka [Russian MoD reported 160 fatalities. Coded as 10 fatalities].; On 14 January 2024, during clashes throughout the day, Ukrainian marine forces (using UAVs, missiles and artillery), in their area of operation, destroyed 17 Russian FPV-drones and killed 16 Russian soldiers in Kherson region (coded to Kherson, Kherson region).; On 14 January 2024, during clashes throughout the day, Ukrainian forces (of Operational Command 'South' using aviation, UAVs, missiles and artillery) destroyed in total 19 units of Russian military equipment (i.e., 1 anti-aircraft system 'Pantsir', 8 towed-artillery, 1 mortar, 1 UAV reconnaissance 'Merlin', 7 vehicles, 1 antenna system), 1 cellular communication base station, 2 observation posts, 2 field ammo depots and killed 17 Russian soldiers in Kherson region (coded to Kherson, Kherson region).; On 14 January 2024, Russian forces clashed with Ukrainian forces near Dibrova, Luhansk. Russian forces carried out airstrikes. According to Russian sources, more than 160 Ukrainian servicemen were killed [Russian MoD reported 160 fatalities. Coded as 10 fatalities].; On 14 January 2024, Russian forces engaged in an unsuccessful offensive near Novomykhaylivka, Donetsk, and were repelled by Ukrainian forces. Russian forces carried out airstrikes. According to Russian sources, more than 140 Ukrainian servicemen were killed [Russian MoD reported 140 fatalities. Coded as 10 fatalities].; On 13 January 2024, during clashes throughout the day, Ukrainian forces (of Operational Command 'South' using aviation, UAVs, missiles and artillery) destroyed in total 4 units of Russian military equipment (i.e., 1 radio-electronic warfare system, 3 vehicles), 1 UAV command control point and killed 38 Russian soldiers in Kherson region (coded to Kherson, Kherson region). Ukrainian forces shot down a Russian 'Merlin' drone over Kherson region.; On 13 January 2024, during clashes throughout the day, Ukrainian marine forces (using UAVs, missiles and artillery), in their area of operation, destroyed 21 Russian FPV-drones and killed 29 Russian soldiers in Kherson region (coded to Kherson, Kherson region).; On 13 January 2024, Russian forces clashed with Ukrainian forces near Dibrova, Luhansk. Russian forces carried out airstrikes. According to Russian sources, more than 80 Ukrainian servicemen were killed [Russian MoD reported 80 fatalities. Coded as 10 fatalities].; On 13 January 2024, Russian forces carried out airstrikes and fired artillery at Ukrainian positions near Yelyzavetivka, Donetsk. According to Russian sources, more than 170 Ukrainian servicemen were killed [Russian MoD reported 170 fatalities. Coded as 10 fatalities].; On 12 January 2024, during clashes throughout the day, Ukrainian forces (of Operational Command 'South' using aviation, UAVs, missiles and artillery) destroyed in total 38 units of Russian military equipment (i.e., 11 towed-artillery including 'Giatsint-B', 2 tanks, 4 FPV-drones, 18 armored/vehicles, 1 boat, 1 power sub-station, 1 communication generator), 2 observation posts, 1 ammo depot, 1 fuel supply point, 1 UAV control antenna and killed 15 Russian soldiers in the Kherson region (coded to Kherson, Kherson region). According to Russian sources, on that day, up to 40 Ukrainian soldiers were killed on Kherson axis [Russian MoD reported 40 fatalities. Coded as 10 fatalities]. Overall fatalities coded as 25.; On 12 January 2024, Russian forces clashed with Ukrainian forces and launched air strikes near Synkivka, Kharkiv region. On that day, Ukrainian forces repelled 9 Russian attacks near Synkivka and Petropavlivka. According to Russian sources, on that day, up to 35 Ukrainian soldiers were killed near Synkivka [Russian MoD reported 35 fatalities. Coded as 10 fatalities]; On 11 January 2024, during clashes throughout the day, Ukrainian marine forces (using UAVs, missiles and artillery), in their area of operation, destroyed 2 units of Russian military equipment (i.e., 1 self-propelled howitzer '2S19', 1 MLRS 'Tornado-G'), 1 field ammo depot, 31 FPV-drones and killed 39 Russian soldiers in Kherson region (coded to Kherson, Kherson region).; On 11 January 2024, during clashes throughout the day, Ukrainian forces (of Operational Command 'South' using aviation, UAVs, missiles and artillery) destroyed in total 16 units of Russian military equipment (i.e., 2 towed-artillery, 1 mortar, 10 armored vehicles, 3 boats), 3 field ammo depots, 1 observation post, 1 communication point and killed 18 Russian soldiers in Kherson region (coded to Kherson, Kherson region).; On 10 January 2024, during clashes throughout the day, Ukrainian marine forces (using UAVs, missiles and artillery), in their area of operation, destroyed 2 Russian APCs, 14 FPV-drones and killed 23 Russian soldiers in Kherson region (coded to Kherson, Kherson region).; On 10 January 2024, during clashes throughout the day, Ukrainian forces (of Operational Command 'South' using aviation, UAVs, missiles and artillery) destroyed in total 16 units of Russian military equipment (i.e., 1 MLRS 'BM-21', 1 self-propelled howitzer '2S19', 1 video-surveillance systems 'Murom-M', 1 radio-electronic warfare system, 11 vehicles, 1 UAV), 2 observation posts and killed 27 Russian soldiers in the Kherson region (coded to Kherson, Kherson region). According to Russian sources, more than 30 Ukrainian soldiers were killed [Russian MoD reported 30 fatalities. Coded as 10 fatalities]. Overall fatalities coded as 37.; On 10 January 2024, Russian air forces carried out airstrikes near Serebrianka, Donetsk. According to Russian sources, more than 160 Ukrainian soldiers were killed [Russian MoD reported 160 fatalities. Coded as 10 fatalities].; On 9 January 2024, during clashes throughout the day, Ukrainian forces (of Operational Command 'South' using aviation, UAVs, missiles and artillery) destroyed in total 4 units of Russian military equipment (i.e., 2 tanks, 2 IFVs), and killed 14 Russian soldiers in the Kherson region (coded to Kherson, Kherson region). Ukrainian forces also shot down two Russian reconnaisance drones above Kherson Oblast.; On 9 January 2024, during clashes throughout the day, Ukrainian marine forces (using UAVs, missiles and artillery), in their area of operation, destroyed in total 5 units of Russian military equipment (i.e., 1 tank, 3 IFVs, 1 APC), 9 FPV-drones and killed 52 Russian soldiers in Kherson region (coded to Kherson, Kherson region).; On 8 January 2024, during clashes throughout the day, Ukrainian marine forces (using UAVs, missiles and artillery), in their area of operation, destroyed in total 12 units of Russian military equipment (i.e., 1 APC, 1 IFV, 6 towed-artillery, 1 mortar, 3 vehicles), 1 field ammo depot, 13 FPV-drones and killed 44 Russian soldiers in Kherson region (coded to Kherson, Kherson region).; On 8 January 2024, during clashes throughout the day, Ukrainian forces (of Operational Command 'South' using aviation, UAVs, missiles and artillery) destroyed in total 23 units of Russian military equipment (i.e., 1 MLRS 'BM-21', 1 APC 'BTR-80', 1 mortar, 5 towed-artillery, 15 armored vehicles), 2 observation posts, 1 field ammo depot and killed 7 Russian soldiers in the Kherson region (coded to Kherson, Kherson region).; On 8 January 2024, Russian and Ukrainian military clashed near Krynky, Kherson. According to Russian sources, up to 25 Ukrainian soldiers were killed, 2 cars and 2 artillery systems destroyed as a result of Russian strikes on the Kherson direction [Russian MoD reported 25 fatalities. Coded as 10 fatalities].; On 8 January 2024, Russian military forces, supported by air forces and artillery, repelled a Ukrainian attack near Priyutne, Zaporizhia. According to Russian sources, up to 80 Ukrainian soldiers were killed, 2 cars and 2 artillery systems destroyed [Russian MoD reported 80 fatalities. Coded as 10 fatalities].; On 7 January 2024, during clashes throughout the day, Ukrainian marine forces (using UAVs, missiles and artillery), in their area of operation, destroyed in total 20 units of Russian military equipment (i.e., 4 APCs, 1 IFV, 1 tank, 5 towed-artillery, 1 anti-aircraft missile system 'Strela-10', 7 vehicles, 1 UAV 'SuperCam'), 6 UAV control points, 23 FPV-drones and killed 51 Russian soldiers in Kherson region (coded to Kherson, Kherson region).; On 7 January 2024, during clashes throughout the day, Ukrainian forces (of Operational Command 'South' using aviation, UAVs, missiles and artillery) destroyed in total 27 units of Russian military equipment (i.e., 1 anti-aircraft missile system 'Strela-10', 1 tank, 3 APCs 'BTR-80', 12 towed-artillery, 6 armored vehicles, 1 radar station 'Kasta-2E2', 2 video surveillance systems 'Murom-M', 1 boat ), 1 UAV control point and killed 8 Russian soldiers in the Kherson region (coded to Kherson, Kherson region).; On 6 January 2024, during clashes throughout the day, Ukrainian marine forces (using UAVs, missiles and artillery), in their area of operation, destroyed in total 4 units of Russian military equipment (i.e., 1 MLRS 'TOS-1A', 2 vehicles, 1 mortar), 14 FPV-drones and killed 26 Russian soldiers in Kherson region (coded to Kherson, Kherson region).; On 6 January 2024, during clashes throughout the day, Ukrainian forces (of Operational Command 'South' using aviation, UAVs, missiles and artillery) destroyed in total 12 units of Russian military equipment (i.e., 1 MLRS 'BM-21', 2 UAVs 'SuperCam', 1 mortar, 1 boat, 5 armored vehicles, 1 video surveillance system 'Murom-M', 1 communication repeater), 3 observation posts, 2 UAV control points and killed 10 Russian soldiers in the Kherson region (coded to Kherson, Kherson region).; On 6 January 2024, Russian forces carried out airstrikes and fired artillery at Ukrainian positions near Dibrova, Luhansk. According to Russian sources, up to 55 Ukrainian servicemen were killed [Russian MoD reported 55 fatalities. Coded as 10 fatalities].; On 6 January 2024, Russian forces launched missiles at Pokrovsk, Donetsk. Private houses were damaged. 11 civilians were killed, including six children, and at least 10 civilians were injured.; On 5 January 2024, during clashes throughout the day, Ukrainian forces (of Operational Command 'South' using aviation, UAVs, missiles and artillery), destroyed in total 13 units of Russian military equipment (i.e., 1 anti-aircraft missile system 'Osa', 1 UAV 'Lancet', 3 towed-artillery, 1 mortar, 6 vehicles, 1 boat), 2 observation posts, 1 UAV launcher and killed 24 Russian soldiers in the Kherson region (coded to Kherson, Kherson region). Ukrainian military forces intercepted 4 Russian kamikaze-drones over the Kherson region.; On 5 January 2024, Russian military forces, supported by artillery, clashed with the Ukrainian military near Krynky, Kherson. According to Russian sources, Ukrainian military lost 45 soldiers, a tank, 4 cars and an artillery system on the Kherson direction [Russian MoD reported 45 fatalities. Coded as 10 fatalities].; On 5 January 2024, Russian and Ukrainian military clashed near Novomykhaylivka, Donetsk. Russian air forces and artillery struck the Ukrainian military near Novomykhaylivka. According to Russian sources, Ukrainian military lost up to 90 soldiers, 2 IFVs, 6 cars [Russian MoD reported 90 fatalities. Coded as 10 fatalities].; On 4 January 2024, Ukrainian forces launched a missile strike at Russian military positions near Saky, Crimea. Presumably Saky airfield was hit. According to Russian sources, on that day, 23 Russian soldiers and officers were killed in missile attacks near Sevastopol and Saky (23 fatalities split across 2 events. 12 fatalities coded to this event).; On 4 January 2024, Ukrainian forces launched a missile strike at Russian military positions near Sevastopol, Crimea. According to Russian sources, on that day, 23 Russian soldiers and officers were killed in missile attacks near Sevastopol and Saky (23 fatalities split across 2 events. 11 fatalities coded to this event).; On 4 January 2024, during clashes throughout the day, Ukrainian forces (of Operational Command 'South' using aviation, UAVs, missiles and artillery), destroyed in total 14 units of Russian military equipment (i.e., 3 towed-artillery, 1 anti-aircraft missile system 'Strela-10', 1 self-propelled howitzer '2S7', 1 UAV 'Kub', 1 APC 'BTR-80', 7 vehicles), 2 observation posts and killed 54 Russian soldiers in Kherson region (coded to Kherson, Kherson region).; On 4 January 2024, during clashes throughout the day, Ukrainian marine forces (using UAVs, missiles and artillery) destroyed in total 8 units of Russian military equipment (i.e., 2 towed-artillery, 1 mortar, 2 armored vehicles, 2 vehicles, 1 UAV 'Lancet'), 24 FPV-drones and killed 35 Russian soldiers in their area of operation (coded to Kherson, Kherson region).; On 3 January 2024, during clashes throughout the day, Ukrainian forces (of Operational Command 'South' using aviation, UAVs, missiles and artillery), destroyed in total 16 units of Russian military equipment (i.e., 1 towed-artillery, 2 anti-aircraft missile systems 'Buk-M3', 1 radar station 'Yastreb-AM', 1 reconnaissance UAV 'Zala', 5 UAVs 'Lancet', 2 mortars, 4 vehicles), 1 field ammo depot and killed 16 Russian soldiers in Kherson region (coded to Kherson, Kherson region).; On 3 January 2024, during clashes throughout the day, Ukrainian marine forces (using UAVs, missiles and artillery) destroyed in total 10 units of Russian military equipment (i.e., 3 vehicles, 1 'Shahed' drone, 2 UAVs 'Lancet', 1 UAV reconnaissance 'Zala', 1 UAV 'SuperCam', 1 anti-aircraft missile systems 'Buk-M1', 1 radar station 'Yastreb'), 22 FPV-drones and killed 28 Russian soldiers in their area of operation (coded to Kherson, Kherson region).; On 2 January 2024, during clashes throughout the day, Ukrainian forces (of Operational Command 'South' using aviation, UAVs, missiles and artillery), destroyed in total 25 units of Russian military equipment (i.e., 20 towed-artillery, 1 UAV reconnaissance 'Merlin', 2 armored vehicles), 1 field ammo depot and killed 17 Russian soldiers in Kherson region (coded to Kherson, Kherson region). Ukrainian Forces intercepted six more Russian unmanned aerial vehicles: five attack Lancet UAVs and a ZALA reconnaissance UAV in Kherson region.; On 2 January 2024, during clashes throughout the day, Ukrainian marine forces (using UAVs, missiles and artillery) destroyed in total 6 units of Russian military equipment (i.e., 2 vehicles, 2 'Shahed' drones, 1 APC, 1 mortar), 23 FPV-drones and killed 39 Russian soldiers in their area of operation (coded to Kherson, Kherson region).; On 1 January 2024, during clashes throughout the day, Ukrainian forces (of Operational Command 'South' using aviation, UAVs, missiles and artillery), destroyed in total 10 units of Russian military equipment (i.e., 2 towed-artillery, 6 vehicles, 1 boat), 1 field ammo depot and killed 36 Russian soldiers in Kherson region (coded to Kherson, Kherson region). Ukrainian forces shot down one Russian recon drones and two Russian Lancet drones above Kherson Oblast.; On 1 January 2024, during clashes throughout the day, Ukrainian marine forces (using UAVs, missiles and artillery) destroyed in total 2 units of Russian military equipment (i.e., 1 reconnaissance UAV 'Zala', 1 'Shahed' drone), 26 FPV-drones and killed 54 Russian soldiers in their area of operation (coded to Kherson, Kherson region).",Military Forces of Russia (2000-); Military Forces of Ukraine (2019-); Military Forces of Ukraine (2019-) Marines; Military Forces of Russia (2000-); Military Forces of Ukraine (2019-); Military Forces of Ukraine (2019-) Marines; Military Forces of Russia (2000-); Military Forces of Ukraine (2019-); Military Forces of Russia (2000-); Military Forces of Russia (2000-); Military Forces of Ukraine (2019-); Military Forces of Ukraine (2019-) Marines; Military Forces of Russia (2000-); Military Forces of Ukraine (2019-); Military Forces of Ukraine (2019-); Military Forces of Ukraine (2019-) Marines; Military Forces of Russia (2000-); Military Forces of Ukraine (2019-); Military Forces of Russia (2000-); Military Forces of Ukraine (2019-); Military Forces of Ukraine (2019-) Marines; Military Forces of Ukraine (2019-); Military Forces of Ukraine (2019-) Marines; Military Forces of Ukraine (2019-); Military Forces of Ukraine (2019-) Marines; Military Forces of Ukraine (2019-); Military Forces of Ukraine (2019-) Marines; Military Forces of Russia (2000-); Military Forces of Russia (2000-); Military Forces of Ukraine (2019-); Military Forces of Ukraine (2019-) Marines; Military Forces of Russia (2000-); Military Forces of Ukraine (2019-); Military Forces of Ukraine (2019-) Marines; Military Forces of Ukraine (2019-); Military Forces of Russia (2000-); Military Forces of Ukraine (2019-); Military Forces of Ukraine (2019-) Marines; Military Forces of Ukraine (2019-); Military Forces of Ukraine (2019-) Marines; LSR: Freedom of Russia Legion; Military Forces of Ukraine (2019-); Military Forces of Ukraine (2019-) Marines; Military Forces of Ukraine (2019-); Military Forces of Ukraine (2019-); Military Forces of Ukraine (2019-) Marines; Military Forces of Russia (2000-); Military Forces of Ukraine (2019-); Military Forces of Ukraine (2019-) Marines; Military Forces of Ukraine (2019-); Military Forces of Ukraine (2019-); Military Forces of Ukraine (2019-); Military Forces of Ukraine (2019-) Marines; Military Forces of Ukraine (2019-); Military Forces of Ukraine (2019-); Military Forces of Ukraine (2019-); Military Forces of Ukraine (2019-) Marines; Military Forces of Ukraine (2019-); Military Forces of Ukraine (2019-) Marines; Military Forces of Ukraine (2019-); Military Forces of Ukraine (2019-) Marines; Military Forces of Ukraine (2019-); Military Forces of Ukraine (2019-) Marines; Military Forces of Ukraine (2019-); Military Forces of Ukraine (2019-) Marines; Military Forces of Russia (2000-) Air Force; Military Forces of Ukraine (2019-); Military Forces of Ukraine (2019-) Marines; Military Forces of Russia (2000-); Military Forces of Ukraine (2019-); Military Forces of Ukraine (2019-) Marines; Military Forces of Ukraine (2019-); Military Forces of Ukraine (2019-) Marines; Military Forces of Ukraine (2019-); Military Forces of Russia (2000-); Military Forces of Ukraine (2019-) Marines; Military Forces of Ukraine (2019-); Military Forces of Ukraine (2019-) Marines; Military Forces of Ukraine (2019-); Military Forces of Ukraine (2019-) Marines; Military Forces of Ukraine (2019-); Military Forces of Russia (2000-); Military Forces of Ukraine (2019-) Marines; Military Forces of Ukraine (2019-); Military Forces of Ukraine (2019-) Marines; Military Forces of Ukraine (2019-); Military Forces of Russia (2000-); Military Forces of Ukraine (2019-) Marines; Military Forces of Ukraine (2019-); Military Forces of Ukraine (2019-); Military Forces of Ukraine (2019-) Marines; Military Forces of Ukraine (2019-); Military Forces of Ukraine (2019-); Military Forces of Ukraine (2019-) Marines; Military Forces of Ukraine (2019-); Military Forces of Ukraine (2019-); Military Forces of Ukraine (2019-) Marines; Military Forces of Russia (2000-); Military Forces of Ukraine (2019-) Marines; Military Forces of Ukraine (2019-); Military Forces of Russia (2000-); Military Forces of Ukraine (2019-) Marines; Military Forces of Ukraine (2019-); Military Forces of Russia (2000-); Military Forces of Ukraine (2019-); Military Forces of Ukraine (2019-) Marines; Military Forces of Russia (2000-); Military Forces of Ukraine (2019-) Marines; Military Forces of Ukraine (2019-); Military Forces of Ukraine (2019-) Marines; Military Forces of Ukraine (2019-); Military Forces of Russia (2000-); Military Forces of Ukraine (2019-) Marines; Military Forces of Ukraine (2019-); Military Forces of Ukraine (2019-) Marines; Military Forces of Ukraine (2019-); Military Forces of Ukraine (2019-) Marines; Military Forces of Ukraine (2019-); Military Forces of Ukraine (2019-); Military Forces of Ukraine (2019-) Air Force; Military Forces of Ukraine (2019-) Air Force; Military Forces of Ukraine (2019-) Marines; Military Forces of Ukraine (2019-); Police Forces of Ukraine (2019-) State Border Guard Service; Military Forces of Russia (2000-) Air Force; Military Forces of Ukraine (2019-) Marines; Military Forces of Ukraine (2019-); Military Forces of Ukraine (2019-); Military Forces of Ukraine (2019-) Marines; Military Forces of Ukraine (2019-); Military Forces of Ukraine (2019-) Marines; Military Forces of Russia (2000-); Military Forces of Ukraine (2019-) Marines; Military Forces of Ukraine (2019-); Military Forces of Ukraine (2019-); Military Forces of Russia (2000-); Military Forces of Ukraine (2019-); Military Forces of Ukraine (2019-); Military Forces of Ukraine (2019-) Marines; Military Forces of Ukraine (2019-); Military Forces of Ukraine (2019-); Military Forces of Ukraine (2019-); Military Forces of Russia (2000-); Military Forces of Russia (2000-) Air Force; Military Forces of Russia (2000-); Military Forces of Ukraine (2019-); Military Forces of Ukraine (2019-) Marines; Military Forces of Russia (2000-); Military Forces of Ukraine (2019-) Air Force; Military Forces of Ukraine (2019-) Air Force; Military Forces of Russia (2000-); Military Forces of Ukraine (2019-); Military Forces of Ukraine (2019-) Marines; Military Forces of Russia (2000-); Military Forces of Ukraine (2019-); Military Forces of Ukraine (2019-) Marines; Military Forces of Russia (2000-); Military Forces of Russia (2000-); Military Forces of Ukraine (2019-); Military Forces of Ukraine (2019-) Marines; Military Forces of Russia (2000-); Military Forces of Russia (2000-); Military Forces of Ukraine (2019-); Military Forces of Ukraine (2019-) Marines; Military Forces of Russia (2000-); Military Forces of Ukraine (2019-); Military Forces of Ukraine (2019-) Marines; Military Forces of Ukraine (2019-); Military Forces of Ukraine (2019-) Marines; Military Forces of Russia (2000-); Military Forces of Russia (2000-); Military Forces of Ukraine (2019-); Military Forces of Ukraine (2019-) Marines; Military Forces of Russia (2000-); Military Forces of Russia (2000-); Military Forces of Ukraine (2019-); Military Forces of Ukraine (2019-) Marines; Military Forces of Russia (2000-); Military Forces of Russia (2000-); Unidentified Military Forces; Military Forces of Ukraine (2019-); Military Forces of Ukraine (2019-) Marines; Military Forces of Ukraine (2019-); Military Forces of Ukraine (2019-) Marines; Military Forces of Ukraine (2019-); Military Forces of Ukraine (2019-) Marines; Military Forces of Ukraine (2019-); Military Forces of Ukraine (2019-); Military Forces of Ukraine (2019-) Marines; Military Forces of Ukraine (2019-) Marines; Military Forces of Ukraine (2019-); Military Forces of Ukraine (2019-); Military Forces of Ukraine (2019-); Military Forces of Ukraine (2019-) Marines; Military Forces of Russia (2000-); Military Forces of Ukraine (2019-) Marines; Military Forces of Ukraine (2019-); Military Forces of Russia (2000-); Military Forces of Russia (2000-); Military Forces of Ukraine (2019-); Military Forces of Ukraine (2019-) Marines; Military Forces of Russia (2000-); Military Forces of Russia (2000-) Air Force; Military Forces of Ukraine (2019-); Military Forces of Russia (2000-); Military Forces of Ukraine (2019-) Marines; Military Forces of Ukraine (2019-); Military Forces of Ukraine (2019-) Marines; Military Forces of Ukraine (2019-); Military Forces of Russia (2000-) Air Force; Military Forces of Ukraine (2019-); Military Forces of Ukraine (2019-) Marines; Military Forces of Ukraine (2019-) Marines; Military Forces of Ukraine (2019-); Military Forces of Russia (2000-); Military Forces of Ukraine (2019-); Military Forces of Ukraine (2019-) Marines; Military Forces of Ukraine (2019-); Military Forces of Ukraine (2019-) Marines; Military Forces of Ukraine (2019-); Military Forces of Russia (2000-) Air Force; Military Forces of Russia (2000-); Military Forces of Ukraine (2019-); Military Forces of Russia (2000-); Military Forces of Russia (2000-); Military Forces of Ukraine (2019-); Military Forces of Ukraine (2019-); Military Forces of Ukraine (2019-); Military Forces of Ukraine (2019-) Marines; Military Forces of Ukraine (2019-); Military Forces of Ukraine (2019-) Marines; Military Forces of Ukraine (2019-); Military Forces of Ukraine (2019-) Marines; Military Forces of Ukraine (2019-); Military Forces of Ukraine (2019-) Marines; Military Forces of Ukraine (2019-); Military Forces of Russia (2000-); Military Forces of Russia (2000-); Military Forces of Ukraine (2019-); Military Forces of Russia (2000-); Military Forces of Russia (2000-); Military Forces of Ukraine (2019-); Military Forces of Russia (2000-); Military Forces of Ukraine (2019-); Military Forces of Ukraine (2019-); Military Forces of Russia (2000-); Military Forces of Russia (2000-); Military Forces of Ukraine (2019-); Military Forces of Russia (2000-); Military Forces of Russia (2000-); Military Forces of Russia (2000-); Military Forces of Ukraine (2019-); Military Forces of Russia (2000-); Military Forces of Ukraine (2019-); Military Forces of Russia (2000-); Military Forces of Russia (2000-); Military Forces of Russia (2000-); Military Forces of Russia (2000-); Military Forces of Russia (2000-); Military Forces of Russia (2000-); Military Forces of Russia (2000-); Military Forces of Russia (2000-); Military Forces of Ukraine (2019-); Military Forces of Ukraine (2019-); Military Forces of Russia (2000-); Military Forces of Russia (2000-); Military Forces of Ukraine (2019-); Military Forces of Russia (2000-); Military Forces of Russia (2000-); Military Forces of Russia (2000-); Civilians (Ukraine); Military Forces of Russia (2000-); Military Forces of Russia (2000-); Military Forces of Russia (2000-); Military Forces of Russia (2000-); Military Forces of Russia (2000-); Military Forces of Russia (2000-); Military Forces of Russia (2000-); Military Forces of Russia (2000-); Military Forces of Russia (2000-); Military Forces of Russia (2000-); Military Forces of Ukraine (2019-); Military Forces of Russia (2000-); Military Forces of Russia (2000-); Military Forces of Russia (2000-); Military Forces of Russia (2000-); Military Forces of Russia (2000-); Military Forces of Russia (2000-); Military Forces of Russia (2000-); Military Forces of Russia (2000-); Military Forces of Russia (2000-); Military Forces of Russia (2000-); Military Forces of Russia (2000-); Military Forces of Russia (2000-); Military Forces of Russia (2000-); Military Forces of Russia (2000-); Military Forces of Russia (2000-); Military Forces of Russia (2000-); Military Forces of Russia (2000-); Military Forces of Russia (2000-); Civilians (Ukraine); Military Forces of Russia (2000-); Military Forces of Russia (2000-); Military Forces of Ukraine (2019-); Military Forces of Russia (2000-); Military Forces of Russia (2000-); Military Forces of Russia (2000-); Military Forces of Russia (2000-); Military Forces of Russia (2000-); Military Forces of Ukraine (2019-) Special Forces; Military Forces of Russia (2000-); Military Forces of Russia (2000-); Military Forces of Russia (2000-); Military Forces of Russia (2000-); Military Forces of Russia (2000-); Military Forces of Russia (2000-); Civilians (Ukraine); Military Forces of Russia (2000-); Military Forces of Russia (2000-); Military Forces of Russia (2000-); Military Forces of Russia (2000-); Military Forces of Ukraine (2019-); Military Forces of Russia (2000-); Military Forces of Russia (2000-); Military Forces of Russia (2000-); Military Forces of Russia (2000-); Military Forces of Russia (2000-); Military Forces of Russia (2000-); Military Forces of Russia (2000-); Military Forces of Russia (2000-); Military Forces of Russia (2000-); Military Forces of Russia (2000-); Military Forces of Ukraine (2019-); Military Forces of Russia (2000-); Military Forces of Russia (2000-); Civilians (Ukraine); Military Forces of Russia (2000-); Military Forces of Russia (2000-); Military Forces of Ukraine (2019-); Military Forces of Russia (2000-); Military Forces of Russia (2000-); Military Forces of Ukraine (2019-); Military Forces of Russia (2000-); Military Forces of Russia (2000-); Military Forces of Russia (2000-); Military Forces of Russia (2000-); Military Forces of Ukraine (2019-); Military Forces of Russia (2000-); Military Forces of Russia (2000-); Military Forces of Russia (2000-); Military Forces of Russia (2000-); Military Forces of Russia (2000-); Military Forces of Russia (2000-); Military Forces of Russia (2000-); Military Forces of Russia (2000-); Military Forces of Russia (2000-); Military Forces of Russia (2000-); Military Forces of Russia (2000-); Military Forces of Russia (2000-); Civilians (Ukraine); Military Forces of Russia (2000-); Military Forces of Russia (2000-); Military Forces of Russia (2000-); Military Forces of Russia (2000-); Military Forces of Russia (2000-); Military Forces of Russia (2000-); Military Forces of Ukraine (2019-); Military Forces of Russia (2000-); Military Forces of Russia (2000-); Military Forces of Russia (2000-); Military Forces of Ukraine (2019-); Military Forces of Russia (2000-); Military Forces of Russia (2000-); Military Forces of Russia (2000-); Military Forces of Russia (2000-); Military Forces of Russia (2000-); Military Forces of Russia (2000-); Military Forces of Ukraine (2019-); Military Forces of Ukraine (2019-) Territorial Defense Forces; Military Forces of Ukraine (2019-); Military Forces of Russia (2000-); Military Forces of Russia (2000-); Military Forces of Ukraine (2019-); Military Forces of Russia (2000-) Special Forces; Military Forces of Russia (2000-) Air Force; Military Forces of Ukraine (2019-); Military Forces of Russia (2000-); Military Forces of Russia (2000-); Military Forces of Ukraine (2019-); Military Forces of Russia (2000-); Military Forces of Russia (2000-); Military Forces of Ukraine (2019-); Military Forces of Ukraine (2019-); Military Forces of Russia (2000-); Military Forces of Russia (2000-); Military Forces of Ukraine (2019-); Military Forces of Ukraine (2019-); Military Forces of Russia (2000-); Military Forces of Russia (2000-); Military Forces of Ukraine (2019-); Military Forces of Russia (2000-); Military Forces of Russia (2000-); Military Forces of Russia (2000-); Military Forces of Russia (2000-); Military Forces of Ukraine (2019-); Civilians (Ukraine); Military Forces of Russia (2000-); Military Forces of Russia (2000-); Military Forces of Ukraine (2019-); Military Forces of Ukraine (2019-); Military Forces of Russia (2000-); Military Forces of Russia (2000-); Military Forces of Ukraine (2019-); Military Forces of Ukraine (2019-); Civilians (Ukraine); Military Forces of Russia (2000-); Military Forces of Russia (2000-); Military Forces of Russia (2000-); Military Forces of Russia (2000-); Military Forces of Russia (2000-); Military Forces of Russia (2000-); Military Forces of Russia (2000-); Military Forces of Russia (2000-); Military Forces of Russia (2000-); Military Forces of Russia (2000-); Military Forces of Russia (2000-); Military Forces of Russia (2000-); Military Forces of Russia (2000-); Military Forces of Russia (2000-); Military Forces of Ukraine (2019-); Military Forces of Russia (2000-); Military Forces of Russia (2000-); Military Forces of Ukraine (2019-); Military Forces of Ukraine (2019-); Military Forces of Russia (2000-); Military Forces of Russia (2000-); Military Forces of Ukraine (2019-); Military Forces of Ukraine (2019-); Military Forces of Russia (2000-); Military Forces of Ukraine (2019-); Military Forces of Russia (2000-); Military Forces of Russia (2000-); Military Forces of Russia (2000-); Military Forces of Russia (2000-); Military Forces of Ukraine (2019-); Military Forces of Russia (2000-); Military Forces of Russia (2000-); Military Forces of Russia (2000-); Military Forces of Russia (2000-); Military Forces of Ukraine (2019-); Military Forces of Russia (2000-); Military Forces of Russia (2000-); Military Forces of Russia (2000-); Military Forces of Russia (2000-); Military Forces of Russia (2000-); Military Forces of Ukraine (2019-); Civilians (Ukraine); Military Forces of Russia (2000-); Military Forces of Ukraine (2019-); Military Forces of Ukraine (2019-); Military Forces of Russia (2000-); Military Forces of Russia (2000-); Military Forces of Russia (2000-); Military Forces of Russia (2000-); Military Forces of Russia (2000-); Military Forces of Russia (2000-); Military Forces of Russia (2000-); Military Forces of Russia (2000-); Military Forces of Russia (2000-); Military Forces of Russia (2000-)
united arab emirates,5,NA,NA,0,NA,NA
united kingdom,22,NA,NA,0,NA,NA
venezuela,4,NA,NA,0,NA,NA
vietnam,8,NA,NA,0,NA,NA
yemen,33,2024,Middle East,163,"On 28 March 2024, IRG joint forces (coded as STC generic forces + IRG) clashed with Houthi forces that tried to advance on their locations in Al Qahirah in the east of Murays sector (coded to Jabal Murays) (Qaatabah, Ad Dali) killing and injuring several Houthi fighters. The clash also resulted in 1 joint forces fighter killed. Total fatalities coded as 11.; On 27 March 2024, IRG joint forces (coded as STC generic forces + IRG) clashed with Houthi forces that tried to advance in Bab Ghaliq sector (Qaatabah, Ad Dali). The clash resulted 4 joint forces fighters and 6 Houthi fighters killed (10 fatalities) and 15 injured from both sides.; On 23 March 2024, IRG forces clashed with Houthi forces and 'thwarted a Houthi attack' in Jabal al Balaq ash Sharqi front (Marib) killing 8 Houthi fighters. The clash also resulted in 1 IRG soldier killed and 1 other injured. Fatalities coded as 9.; On 19 March 2024, Houthi security forces blew up with IEDs 2 civilian homes causing the destruction of an additional 6 adjacent homes in Al Hufrah neighborhood in Radaa city (Rada, Al Bayda) killing at least 12 civilians and injuring at least 12 others depending on sources. The Houthi security forces targeted the Zaylai houses because members of this family ambushed a Houthi supervisor (mushrif) and his escorts the day prior (coded in a separate event). Houthi authorities claimed that it was an error and that the security officers will be held accountable for using excessive force against the criminals they were pursuing.; On 20 February 2024, Houthi forces clashed with IS militants as they carried out 'a pre-emptive security campaign' in Al Khashaa area in Hanakat al Masud in Al Quraishyah district (Al Bayda) killing 7 IS militants. Houthi forces also seized IEDs and documents belonging to the militants. Houthi forces claimed that the militants were about to carry out suicide operations in Sanaa and other governorates and accused the US of being behind this.; On 16 February 2024, IRG forces thwarted and clashed with Houthi forces in Al Alb axis (coded to Aqabat al Alb) (Baqim, Sadah) causing large human and material losses among Houthi forces. Unclear fatalities coded as 10.; On 9 February 2024, 13th Giants Brigade forces clashed and thwarted a Houthi offensive attempt in Jabal al Yahmum (Harib, Marib) causing 'heavy human and material losses' among Houthi forces. Unclear fatalities coded as 10.; On 6 February 2024, unidentified armed tribesmen ambushed Houthi forces in Al Ryashyah district (coded to Al Aqabah) (Al Bayda) killing at least 20 Houthi fighters. Houthi forces arrested 10 tribal militants. The source noted that the clash was a response to Houthi forces conducting an arrest campaign targeting citizens that had witnessed the setting up of missile launch pads and had opened fire toward the missile launcher.; On 31 January 2024, joint STC Shabwani Defense forces and Giants Brigades forces thwarted a Houthi offensive attempt in Aqabat al Qandha (Naman, Al Bayda), causing 'huge material and human loses' among Houthi forces. Unknown fatalities coded as 10.; On 29 January 2024, Houthi forces clashed with 'Southern forces' (coded as Giants Brigade) in Wadi Khirr front (Bayhan, Shabwah) killing 2 soldiers. An anti-Houthi source claimed that the clash resulted in the killing of over 20 Houthi fighters, the injury of 15, and the capture of 30. Total fatalities coded as 23.; On 28 January 2024, Giants brigades forces clashed with Houthi forces in the mountains situated in the border of Shabwah and Marib governorates (coded to Harib district). According to IRG-affiliated media, 17 Houthi fighters were killed in the clash. Both forces claimed to have gained territory.; On 9 January 2024, Giants Brigades forces clashed with Houthi forces as they thwarted an offensive attempt in Harib district (Marib) causing heavy losses among Houthi forces. Unclear fatalities coded as 10.; Around 7 January 2024 (between 19 December - 27 January), an unidentified armed group shot and killed 8 Yemeni fishers who were fishing near the Coast of Jazirat Dhu Hirab (Midi, Hajjah). The fishers left the shore of Al Khawkhah in mainland Yemen on 19 December 2023 and were found shot dead on 27 January 2024 near Jazirat Dhu Hirab.; On 7 January 2024, Giants Brigades forces shelled Houthi convoys coming from Al Bayda governorate and heading to Bayhan district (coded to Ghaniyah border region) (Shabwah) killing and injuring dozens of Houthi forces. Unclear fatalities coded as 6 (half of 12).",Military Forces of Yemen (2017-) Houthi; Military Forces of Yemen (2017-) Houthi; Military Forces of Yemen (2017-) Houthi; Police Forces of Yemen (2017-) Houthi; Military Forces of Yemen (2017-) Houthi; Military Forces of Yemen (2017-) Houthi; Military Forces of Yemen (2017-) Houthi; Unidentified Tribal Militia (Yemen); Military Forces of Yemen (2017-) Houthi; Military Forces of Yemen (2017-) Houthi; Giants Brigades; Military Forces of Yemen (2017-) Houthi; Unidentified Armed Group (International); Giants Brigades; Military Forces of Yemen (2022-) Presidential Leadership Council - STC; Military Forces of Yemen (2022-) Presidential Leadership Council - STC; Military Forces of Yemen (2022-) Presidential Leadership Council; Civilians (Yemen); Islamic State in Yemen (ISY); Military Forces of Yemen (2022-) Presidential Leadership Council; Giants Brigades; Military Forces of Yemen (2017-) Houthi; Giants Brigades; Giants Brigades; Military Forces of Yemen (2017-) Houthi; Giants Brigades; Civilians (Yemen); Military Forces of Yemen (2017-) Houthi
benin,0,2024,Western Africa,13,"On 30 January 2024, Beninese military clashed with suspected JNIM militants in Bako Maka (Karimama, Alibori). 7 militants were killed while trying to flee after being arrested by the Beninese army that found on them several materials used in the manufacture of improvised explosive devices (IEDs).; On 30 January 2024, members of the National Guard killed six suspected JNIM militants in the village of Bako Maka (Karimama, Alibori). The suspected JNIM militants had left Monsey and were on their way to the neighboring village when they encountered the military patrol. The victims were young people from Bako Maka. The National Guard seized material for IED, 6 motorcycles, equipment and money.",Military Forces of Benin (2016-); Military Forces of Benin (2016-); JNIM: Group for Support of Islam and Muslims; JNIM: Group for Support of Islam and Muslims
burundi,0,2024,Eastern Africa,26,"On 25 February 2024, Red Tabara clashed with the Burundian Military in Buringa (Gihanga, Bubanza). Red Tabara overpowered and pursued the military toward a civilian home and killed 18 people including 9 military officers. About 6 civilians and 4 military soldiers were left with serious injuries. A CNDD-FDD premise was destroyed in the attack and vehicles burnt. The military also exploded a bomb planted by the rebels.; On 30 January 2024, at night, SNR agents killed about two (2) military officers and about six (6) Imbonerakure in the forest area of Gatumba (Mutimbuzi, Bujumbura Rural). These individuals had previously been detained at the SNR detention center in Bujumbura before being transported to the location where they were killed. The victims were among the group of 40 who had refused to participate in the fight against M23 in the Democratic Republic of Congo.",RED-TABARA: Resistance for the Rule of Law in Burundi; Police Forces of Burundi (2005-) National Intelligence Service; Military Forces of Burundi (2005-); Civilians (Burundi)
cameroon,0,2024,Middle Africa,88,"On 31 March 2024, suspected Fulani militia from Nigeria attacked and killed 9 civilians in their private residences in Ballin (Akwaya, Manyu, Sud-Ouest) for an unknown reason.; On 27 March 2024, the military forces clashed with Ambazonian Separatists at the Separatist hideout in Bambui (Tubah, Mezam, Nord-Ouest). About 13 Separatists were killed.; On 24 March 2024, the military forces from the Rapid Intervention and the self-defence militia clashed with the Ambazonian Separatists at the Separatists hideout in Kalumo (Akwaya, Manyu, Sud-Ouest). 4 Separatists were killed during the clashes, including a Separatists commander and 6 others were captured and later executed. The military forces recovered weapons.; On 23 March 2024, the military forces from the Rapid Intervention shot and killed 4 fighters during an operation to dislodge the Separatist hideout in Felie neighborhood in Bambui (Tubah, Mezam, Nord-Ouest). 3 civilians who had been abducted were also killed during the operation.; On 29 February 2024, the military forces with the self-defence militia clashed with suspected ISWAP or Boko Haram militants in Kerawa (Kolofata, Mayo-Sava, Extreme-Nord). 7 militants were killed. No information on the injuries. The military forces recovered small farm animals.; On 23 February 2024, the military forces from the Rapid Intervention ambushed ISWAP or Boko Haram militants along the Doulo-Igawa road, coded to Doulo (Mora, Mayo-Sava, Extreme-Nord). 8 Separatists were killed and their weapons were recovered by the military.; Around 23 February 2024 (as reported), the military forces from the Rapid Intervention ambushed ISWAP or Boko Haram militants along the Igawa - Doulo road, coded to Igawa (Mora, Mayo-Sava, Extreme-Nord). 8 militants were killed and 2 weapons were recovered by the military forces.; On 23 February 2024, an IED planted by Ambazonian Separatists detonated on the military forces in Bamenda - Mankon (Bamenda 2, Mezam, Nord-Ouest). At least 6 soldiers were killed and their military vehicle was damaged.; On 20 February 2024, the Chadian military forces carried out airstrikes against ISWAP or Boko Haram militants on board three boats on the island of Lokon-Bado, coded to Darak (Darak, Logone-et-Chari, Extreme-Nord). At least 20 militants were killed. Their boats were damaged. The military recovered weapons and other valuables.",Fulani Ethnic Militia (Cameroon); Military Forces of Cameroon (1982-); Military Forces of Cameroon (1982-) Rapid Intervention Battalion; Military Forces of Cameroon (1982-) Rapid Intervention Battalion; Islamic State West Africa Province (ISWAP) and/or Boko Haram - Jamaatu Ahli is-Sunnah lid-Dawati wal-Jihad; Islamic State West Africa Province (ISWAP) and/or Boko Haram - Jamaatu Ahli is-Sunnah lid-Dawati wal-Jihad; Islamic State West Africa Province (ISWAP) and/or Boko Haram - Jamaatu Ahli is-Sunnah lid-Dawati wal-Jihad; Ambazonian Separatists (Cameroon); Military Forces of Chad (2021-); Civilians (Cameroon); Ambazonian Separatists (Cameroon); Ambazonian Separatists (Cameroon); Ambazonian Separatists (Cameroon); Military Forces of Cameroon (1982-); Military Forces of Cameroon (1982-) Rapid Intervention Battalion; Military Forces of Cameroon (1982-) Rapid Intervention Battalion; Military Forces of Cameroon (1982-); Islamic State West Africa Province (ISWAP) and/or Boko Haram - Jamaatu Ahli is-Sunnah lid-Dawati wal-Jihad
central african republic,0,2024,Middle Africa,112,"On 28 March 2024, an unidentified armed group suspected of being Fulani militia attacked hunters in Libi, near Damara (Damara, Damara, Ombella-M'Poko). 8 hunters were killed. The gendarmerie forces arrived to investigate.; On 9 March 2024, Wagner mercenaries with Black Russians attacked and killed nearly 60 civilians in Kotabara and Zaranga mining sites, 27 and 32 kilometres respectively from coded to Kouki (Nana-Bakassa, Nana-Bakassa, Ouham). The mercenaries looted motorbikes, gold and other civilian items. The mercenaries forced civilians to carry the items to their camp in Nana-Bakassa.; On 7 March 2024, CPC militants clashed with the FACA forces in Sikikede (Ouandja, Birao, Vakaga). 5 soldiers and around 20 militants were killed. 1 FACA soldier was wounded. 2 vehicles and several motorbikes belonging to the militants were burnt. The military seized a foreign passport and ID cards Civilian houses were looted. The militants occupied the town for an hour before the FACA forces and the Wagner mercenaries with air support recaptured the town.; On 8 January 2024, UPC militants affiliated with the CPC militants clashed with the FACA forces in Kabo (Sido, Kabo, Ouham). 15 militants and 4 FACA soldiers were killed. At least 10 civilians were injured.",Fulani Ethnic Militia (Central African Republic); Wagner Group; CPC: Coalition of Patriots for Change; CPC: Coalition of Patriots for Change; Civilians (Central African Republic); Civilians (Central African Republic); Military Forces of the Central African Republic (2016-); Military Forces of the Central African Republic (2016-)
democratic republic of congo,0,2024,Middle Africa,636,"On 30 March 2024, ADF killed 12 civilians in Ndimo village, in the Dandavilemba groupement, Walese Vonkutu chieftaincy (Irumu, Ituri). No further details.; On 29 March 2024, overnight, ADF killed 10-11 civilians in Beni town (Beni, Beni, Nord-Kivu), in two neighborhoods, Mulekera and Sayo. A local official said security forces are pursuing the assailants.; Around 27 March 2024 (as reported), police forces clashed with Kasai communal militia in Kayumba chieftaincy, Bangwe groupement (Nyunzu, Tanganyika). 7 fatalities. The incident erupted due to customary power struggle between two factions following the death of a paramount chief.; Around 26 March 2024 (as reported), ADF attacked civilians in the Mutube quarter in the Mulekera commune, coded to the commune seat Mulekera (Beni, Nord-Kivu). At least 9 civilians were killed.; On 25 March 2024, Mayi Mayi Biloze Bishambuke clashed with Red-Tabara in Kitumba (Mwenga, Sud-Kivu). At least 11 militiamen killed, including 4 Mayi Mayi Biloze Bishambuke and 7 Mayi Mayi Ngomanzito and Red-Tabara. 18 Mayi Mayi Biloze Bishambuke were also injured.; On 24 March 2024, ADF killed at least 20 civilians in the Sayo neighborhood, Mulekera commune (Beni, Nord-Kivu). No further details.; On 23 March 2024, overnight, ADF killed farmers with machetes and firearms in Mulekera (Beni, Nord-Kivu). 8 - 11 fatalities. ADF also kidnapped 5 civilians, including two girls, and burned 5 motorbikes.; On 23 March 2024, overnight ADF militants killed 7 civilians (5 men and 2 women) during an incursion in Mutube, Melekera commune, location coded to Mulekera (Beni, Nord-Kivu).; Around 20 March 2024 (week of), ADF killed close to a dozen civilians in Irumu territory (Irumu, Ituri).; On 5 March 2024, CODECO fighters from the Walendu Tatsi sector attacked a position of the FPAC Zaire self-defense militia in the village of Mbogi, near Lake Albert, in the Bahema-Nord chiefdom (Djugu, Ituri). 7 fatalities, including 4 from CODECO and 3 from Zaire. 2 Zaire fighters were also seriously injured. The two groups were fighting over the exploitation of a mining site.; On 5 March 2024, M23/RDF clashed with FARDC-Wazalendo supported by Nyatura-MC in Nyanzale (Bwito, Rutshuru, Nord-Kivu). 18 civilians were killed. 4 among the victims were targeted and killed by the M23 after they were accused of collaborating with the Nyatura-MC in the area.; On 4 March 2024, ADF killed 11 civilians in Vemba-Kinyamusehe, around Mavivi (Oicha, Beni, Nord-Kivu). Other people were abducted, and houses were set on fire. The village was emptied of its residents.; On 19 February 2024, ADF killed 10 civilians in the village of Bandibongo Siya, southeast of Walese Vonkutu, coded to Bwakadi (Walese Vonkutu, Irumu, Ituri). Two other civilians were seriously injured, and 15 houses set on fire.; On 19 February 2024, FADRC intervened to repel an ADF attack against Bondibongo Siya groupement within Walese Vonkutu chiefdom, coded to Bwakadi (Walese Vonkutu, Irumu, Ituri). ADF elements killed 13 civilians with a majority of Batwa women. Several houses were looted and set ablaze.; On 19 February 2024, ADF attacked civilians in Mayimoya (Beni, Beni, Nord-Kivu) killing at least 8 civilians including 5 men and three women. Several houses and shops were set ablaze and looted. Two civilians are missing.; On 19 February 2024, CODECO militants killed 15 civilians in Tali, coded to Djugu (Walendu-Djatsi, Djugu, Ituri).; On 18 February 2024, ADF killed 10 civilians in Makanga, Badibongo Siya (Walese Vonkutu, Irumu, Ituri). No further details.; Around 17 February 2024, ADF militants attacked Eringeti (Beni, Beni, Nord-Kivu) killing 6 civilians.; On 16 February 2024, ADF killed 6 civilians in Luangau village, in the Bambuba Kisiki groupement, Beni Mbau sector, near Eringeti (Beni, Nord-Kivu), coded to Eringeti. Several other civilians are still missing.; On 14 February 2024, CODECO killed civilians in Kpado, near Lodjo, in the Mabilindey groupement, Banyali Kilo sector (Djugu, Ituri). 8 civilians killed and 12 others kidnapped. These CODECO militiamen came from their stronghold in Damas. They looted and also set houses on fire.; On 7 February 2024, M23/RDF fired two bombs in the Ndoolero I neighborhood, Sake town (Masisi, Nord-Kivu). At least 7 civilians killed, and more than 20 wounded. One of the bombs fell near the Monusco base in Kuili. The victims succumbed to their injuries after being admitted to various hospitals in Goma.; Around 5 February 2024, ADF killed 18 civilians in Bangole and Bakwanza (Mambasa, Ituri), coded to Mambasa. The lifeless bodies of the victims were discovered on 5 February. 18 fatalities split across 2 locations, coded as 9.; On 5 February 2024, ADF attacked the village of Manziya (Mambasa, Ituri). 11 farmers killed. Activities were paralyzed in Lukaya, a village near the location of the attack.; On 2 February 2024, ADF killed 10 civilians in Matsebe in the Batangi-Mbau groupment coded to Mbau (Beni, Nord-Kivu).; Around 2 February 2024, M23-RDF killed 13 people in Nyabirehe (Bwisha, Rutshuru, Nord-Kivu). M23-RDF kidnapped the victims earlier. Their bodies were retrived on 2 February.; Around 2 February 2024 (as reported), suspected M23 killed 13 civilians, including a 15-year-old boy in Nyuondo, groupement of Busanza, collectivite of Bwisha (Rutshuru, Nord-Kivu). The bodies of the victims were discovered on 2 February. Some of the victims had their hands tied behind their back before they were executed. The victims were identified as shepherds and farmers from the area, who were ambushed on their way home from their fields.; On 1 February 2024, Mobondo killed 7 civilians in the village of 'United States', in the Bukangalonzo sector (Bukanza-Lonzo, Kenge, Kwango). The victims were mostly farmers who were in the midst of their agricultural activities. They occupied this village for nearly 5 days and caused massive displacement of the population.; Around 1 February 2024 (as reported), 23 militants were killed during clashes between the CODECO and Zaire in the mining locality of of Nyasi, about 10 km north of Bunia, near Lolwa (Mambasa, Ituri).; Around 1 February 2024 (as reported), ADF killed at least 23 people in four days in the villages of Mangazi, Kangai, Matadi, Angambula, Mayabalo, Mabuo, and Mahangal, in the Babila-Bakaiko groupement (Mambasa, Ituri). The victims were mostly farmers.; On 31 January 2024, ADF attacked civilians in Kazaroho (Beni, Beni, Nord-Kivu). 12 civilians were killed. The militants fled toward Mangina after the attack.; On 30 January 2024, FARDC clashed with M23 along the Mushaki-Karuba axis, coded to Mushaki, (Bahunde, Masisi). Several fatalities on the M23 side. Fatalities coded as 10. The FARDC also rescued dozens of children who were forcibly recruited in the M23 ranks.; On 30 January 2024, FARDC conducted airstrikes against M23 positions in Karuba (Bahunde, Masisi, Nord-Kivu) and Misekera axis (coded separately) resulting in significant losses in both personnel and materials in M23 ranks. Fatalities coded as 10.; On 30 January 2024, FARDC conducted airstrikes against M23 positions in Misekera, in the Karuba region (Bahunde, Masisi, Nord-Kivu) and Karuba axis (coded separately), resulting in an unspecified number of fatalities in M23 ranks as well as significant losses in materials, coded as 10.; On 30 January 2024, ADF killed at least 8 civilians in Vuchika Oicha (Beni, Nord-Kivu). Majority of the victims belonged to a local Christian church and were ambushed during worship. Additionally, at least 30 people were taken hostage. Many locals have reportedly fled the village to seek safety in other areas.; Around 30 January 2024 (as reported), ADF killed at least 13 civilians in a series of violence in several villages near Mamove (Oicha, Beni, Nord-Kivu). 2 civilians were killed in the village of Mangazi-Kasongo, 5 in Atadi-Beu, and 5 others in Mamove.; On 29 January 2024, ADF killed at least 8 civilians, including 2 women in Matadi and Kangayi villages, in the Babila-Baka groupement (Beni, Nord-Kivu), coded to Beni. The victims were returning from their fields when they encountered them.; On 29 January 2024, ADF attacked civilians around Matadi near Mamove (Oicha, Beni, Nord-Kivu). At least 12 civilians were killed. The victims were decapitated with machetes.; Around 25 January 2024, ADF killed 8 people in Mavivi (Oicha, Beni, Nord-Kivu).; On 25 January 2024, M23 bombed civilians in Himbi neighborhood, Mweso town (Bashali, Masisi, Nord-Kivu) following violent clashes between Wazalendo and M23 (coded separately). At least 10 civilians killed, several others injured. The Humanitarian Coordinator in the Democratic Republic of Congo announced the killing of 19 people and the injury of more than 20 others as a result to the bombing.; On 25 January 2024, artillery shelled by FARDC targeting M23/RDF positions landed in Bukumu, Kadaf and Himbi neighborhoods of Mweso (Bashali, Masisi, Nord-Kivu). At least 19 people were killed and 25 others (including 15 children) injured. The house where the artillery had landed was also destroyed. The victims were all civilians who had sought shelter in the targeted house.; On 24 January 2024, ADF militants killed 8 civilians on the Oicha - Mamove road, location coded to Oicha (Beni, Nord-Kivu). There were also several civilians wounded who were taken to the Oicha General Reference Hospital.; On 23 January 2024, Mobondo killed at least 11 civilians, including 3 women in the village of Fadiaka (Kwamouth, Mai-Ndombe). The Mobondo assailants gathered from different villages, including Mitimitanu, Sengwa, Kingulu, and Zamba Poto. They attacked civilians after the FARDC had left Fadiaka village for an operation elsewhere. Residents fled on the side of the Bagata territory; On 23 January 2024, FARDC clashed with ADF in Ngite, near Mavivi (Oicha, Beni, Nord-Kivu). 9 fatalities reported. The victims were mostly farmers who were executed in Kangawayi-Ntoyi.; Around 23 January 2024 (as reported), FPAC Zaire clashed with CODECO near the mining locality of Nyasi, about 10 km north of Bunia, near Lolwa (Mambasa, Ituri). At least 15 CODECO and 2 Zaire militiamen were killed, with 4 injured on Zaire side. Displacement of populations was also reported.; On 21 January 2024, unidentified armed group killed at least 8 displaced farmers in Jupalungu (Mahagi, Ituri) while working in their fields.; On 19 January 2024, FARDC drone targeted M23 position in Kirolirwe, in the Bashali Kaembe groupment (Bahunde, Masisi, Nord-Kivu). 10 M23 were killed; including several others injured. Private properties, including a cheese factory on the farm of 'Espoir' were also destroyed.; On 19 January 2024, FARDC and EPLC shelled artillery on a M23 position located in a 'Espoir' farm in Kirolirwe (Bahunde, Masisi, Nord-Kivu). Around 10 fatalities.; On 14 January 2024, Congolese forces clashed with ADF in Bahungwe and Bangole localities in Bakwanza territory (Mambasa, Ituri), coded to Bakwanza, killing 9 ADF elements. One source noted the killing of 9 civilians. Fatalities coded as 9.; On 14 January 2024, ADF killed 8 civilians in the locality of Babungwe, Babila Bakwanza chiefdom (Mambasa, Ituri), coded to Mambasa.; Around 10 January 2024, ADF killed 6 civilians in the village of Mambelenga (Walese-Vonkutu, Irumu, Ituri).; On 9 January 2024, FARDC clashed with Wazalendo in Mangina commune (Beni, Nord-Kivu), resulting in 20 fatalities, and several injuries.; On 8 January 2024, FARDC forces clashed with a coalition of Wazalendo and Mayi Mayi Baraka in Mangina (Beni, Nord-Kivu), killing 6 elements among militias, 3 Congolese soldiers and an unidentified number of civilians (coded as 10) and causing material damages. Fatalities coded as 19 (10+9).; On 8 January 2024, FARDC clashed with Mayi Mayi Baraka in Mangina, (Beni, Nord-Kivu). At least 9 deaths were recorded, including 3 soldiers.; On 8 January 2024, FARDC clashed with Mayi Mayi UPLC in Mangina (Beni, Nord-Kivu) resulting in the death of 6 civilians. As a result, Mangina residents have evacuated to safer places in the neighboring locality of Kyantsaba and the city of Beni. 10 commercial and 7 residential houses in the Masimbembe, Kasitu, and Linzo neighborhoods were also looted.; On 4 January 2024, FARDC clashed with Mobondo in Masiambio (Plateaux, Kwamouth, Mai-Ndombe). 16 Mobondo militiamen were killed.; On 4 January 2024, suspected FARDC shot and killed at least 11 young people in the Linzo, Masimbembe, and Masithu neighborhoods of Mangina (Beni, Nord-Kivu). The military also looted houses and shops and engaged in arbitrary arrests.; On 1 January 2024, CODECO killed 6 civilians in the center of Karombo village, in the Ndo-Okebo chieftaincy (Walendu-Djatsi, Djugu, Ituri), coded to Djugu. The perpetrator opened fire on, a crowd during the New Year celebration resulting in the immediate death of 6 individuals, and injuring several others. The incident started with a misunderstanding over a beer in the Ndo-Okebo chieftaincy during the night of the new year celebration. Majority of the victims are predominantly Ndo-Okebo.",ADF: Allied Democratic Forces; ADF: Allied Democratic Forces; Police Forces of the Democratic Republic of Congo (2019-); ADF: Allied Democratic Forces; Mayi Mayi Militia (Biloze Bishambuke); ADF: Allied Democratic Forces; ADF: Allied Democratic Forces; ADF: Allied Democratic Forces; ADF: Allied Democratic Forces; CODECO: Cooperative for Development of Congo; M23: March 23 Movement; ADF: Allied Democratic Forces; ADF: Allied Democratic Forces; ADF: Allied Democratic Forces; ADF: Allied Democratic Forces; CODECO: Cooperative for Development of Congo; ADF: Allied Democratic Forces; ADF: Allied Democratic Forces; ADF: Allied Democratic Forces; CODECO: Cooperative for Development of Congo; M23: March 23 Movement; ADF: Allied Democratic Forces; ADF: Allied Democratic Forces; ADF: Allied Democratic Forces; M23: March 23 Movement; M23: March 23 Movement; Mobondo Militia (Democratic Republic of Congo); CODECO: Cooperative for Development of Congo; ADF: Allied Democratic Forces; ADF: Allied Democratic Forces; Military Forces of the Democratic Republic of Congo (2019-); Military Forces of the Democratic Republic of Congo (2019-); Military Forces of the Democratic Republic of Congo (2019-); ADF: Allied Democratic Forces; ADF: Allied Democratic Forces; ADF: Allied Democratic Forces; ADF: Allied Democratic Forces; ADF: Allied Democratic Forces; M23: March 23 Movement; Military Forces of the Democratic Republic of Congo (2019-); ADF: Allied Democratic Forces; Mobondo Militia (Democratic Republic of Congo); Military Forces of the Democratic Republic of Congo (2019-); FPAC: Ituri Self-Defense Popular Front (Zaire); Unidentified Armed Group (Democratic Republic of Congo); Military Forces of the Democratic Republic of Congo (2019-); Military Forces of the Democratic Republic of Congo (2019-); Military Forces of the Democratic Republic of Congo (2019-); ADF: Allied Democratic Forces; ADF: Allied Democratic Forces; Military Forces of the Democratic Republic of Congo (2019-); Military Forces of the Democratic Republic of Congo (2019-); Military Forces of the Democratic Republic of Congo (2019-); Military Forces of the Democratic Republic of Congo (2019-); Military Forces of the Democratic Republic of Congo (2019-); Military Forces of the Democratic Republic of Congo (2019-); CODECO: Cooperative for Development of Congo; Civilians (Democratic Republic of Congo); Civilians (Democratic Republic of Congo); Kasai Communal Militia (Democratic Republic of Congo); Civilians (Democratic Republic of Congo); RED-TABARA: Resistance for the Rule of Law in Burundi; Civilians (Democratic Republic of Congo); Civilians (Democratic Republic of Congo); Civilians (Democratic Republic of Congo); Civilians (Democratic Republic of Congo); FPAC: Ituri Self-Defense Popular Front (Zaire); Military Forces of the Democratic Republic of Congo (2019-); Civilians (Democratic Republic of Congo); Civilians (Democratic Republic of Congo); Military Forces of the Democratic Republic of Congo (2019-); Civilians (Democratic Republic of Congo); Civilians (Democratic Republic of Congo); Civilians (Democratic Republic of Congo); Civilians (Democratic Republic of Congo); Civilians (Democratic Republic of Congo); Civilians (Democratic Republic of Congo); Civilians (Democratic Republic of Congo); Civilians (Democratic Republic of Congo); Civilians (Democratic Republic of Congo); Civilians (Democratic Republic of Congo); Civilians (Democratic Republic of Congo); Civilians (Democratic Republic of Congo); Civilians (Democratic Republic of Congo); FPAC: Ituri Self-Defense Popular Front (Zaire); Civilians (Democratic Republic of Congo); Civilians (Democratic Republic of Congo); M23: March 23 Movement; M23: March 23 Movement; M23: March 23 Movement; Civilians (Democratic Republic of Congo); Civilians (Democratic Republic of Congo); Civilians (Democratic Republic of Congo); Civilians (Democratic Republic of Congo); Civilians (Democratic Republic of Congo); Civilians (Democratic Republic of Congo); Civilians (Democratic Republic of Congo); Civilians (Democratic Republic of Congo); Civilians (Democratic Republic of Congo); ADF: Allied Democratic Forces; CODECO: Cooperative for Development of Congo; Civilians (Democratic Republic of Congo); M23: March 23 Movement; M23: March 23 Movement; ADF: Allied Democratic Forces; Civilians (Democratic Republic of Congo); Civilians (Democratic Republic of Congo); EPLC: Awakening of Patriots for the Liberation of Congo (Wazalendo); EPLC: Awakening of Patriots for the Liberation of Congo (Wazalendo); Mayi Mayi Militia (Baraka); Mayi Mayi Militia (UPLC: Union of Patriots for the Liberation of Congo); Mobondo Militia (Democratic Republic of Congo); Civilians (Democratic Republic of Congo); Civilians (Democratic Republic of Congo)
ghana,0,2024,Western Africa,10,"Around 5 January 2024 (as reported), an unidentified armed group attacked a bus travelling from Bawku and Garu on the Bolgantanga - Tamale Highway near Nangode, coded to Tamale (Tamale, Northern). Over 10 civilians were killed. Its suspected that the attack is connected to the Bawku conflict.",Unidentified Armed Group (Ghana); Civilians (Ghana)
guinea bissau,0,2024,Western Africa,8,"Around 15 February 2024 (month of), residents gave a toxic substance to eight elderly people (five men and three women) accused of witchcraft in Colage (Sao Domingos, Cacheu) to determine if they were witches. The eight elderly died.",Rioters (Guinea-Bissau); Civilians (Guinea-Bissau)
libya,0,2024,Northern Africa,10,"On 17 February 2024, an unidentified armed group shot and killed 10 members of the Stability Support Apparatus inside a house in Tripoli - Abu Salim (Tripoli, West). The house is located in an area where the Stability Support Apparatus dominates over other armed groups.",Unidentified Armed Group (Libya); Civilians (Libya)
madagascar,0,2024,Eastern Africa,19,"On 25 January 2024, military and gendarmerie officers exchanged fire with a dahalo group in Miandrivazo (Miandrivazo, Menabe) during a search operation. Eight dahalo were shot dead, and two hunting rifles and several amulets were retrieved.; On 14 January 2024, around 80 dahalo heavily armed with guns, machetes and spears exchanged fire with gendarmerie officers and Lambamena members near Mandrosonoro (Ambatofinandrahana, Amoron I Mania) after the dahalo attacked the village. They stole around 62 zebus. 11 people were killed including Eight Lambamena members, two dahalo and one civilian. Five others had to be hospitalized.",Military Forces of Madagascar (2019-) Gendarmerie; Dahalo Militia; Dahalo Militia; Military Forces of Madagascar (2019-) Gendarmerie
mozambique,0,2024,Eastern Africa,89,"On 6 March 2024, Islamist militia killed six civilians, including at least one farmer, in Pulo (Metuge, Cabo Delgado). They locked several children (exact number unknown) in a classroom at a primary school. They abducted nine students who were leaving Metuge secondary school and set several houses on fire. Residents of Pulo, Nacuta, Ponto A, Chauli, Walopwana, and Muisse fled towards Pemba and Metuge. The Islamic State claimed the attack and burning of a 'Christian' school and 29 houses. Captives were released by the militia some hours after the attack.; On 3 March 2024, Islamist militia killed at least seven police officers (disputing reports, ranging between seven and nine) at a police outpost in Quirimba Island (Ibo, Cabo Delgado), which resulted in much of the population and the police fleeing into the bush. After controlling the island, they looted and killed several oxen on the Gessner plantation, a cow, and shared the meat with the locals. Authorities decreed a curfew starting at 8 pm, and government officials were evacuated by helicopter to Pemba. The Islamic State claimed the attack and the killing of nine soldiers, two drowned trying to flee, five captured and later killed.; Around 25 February 2024 (as reported), Islamist militia attacked M'mala (Chiure, Cabo Delgado) for a second consecutive day. 6 people were killed. The militia set fire to a hospital cubicle and a school. About 11,000 residents fled the village. The village was empty.; On 9 February 2024, more than 150 Islamist militia clashed with Mozambican forces in Mucojo (Macomia, Cabo Delgado), following the recent occupation of the village by Mozambican forces. At least 20 soldiers were killed (between 20 and 25). Islamist militia seized food and forced civilians to carry food to an area further north. The Islamic State claimed the killing of 25 people, including 23 soldiers (one beheaded after hours of interrogation), a member in the local force and a civilian. At least two people were beheaded. Weapons were seized. A military helicopter appeared during the clash but withdrew when it came under fire.; On 30 January 2024, Islamist militia ambushed a joint patrol of Mozambican military forces and local militia around Nahavara in the district of Mecufi (Mecufi, Cabo Delgado). Eight soldiers and members of the local militia were killed, and several more were injured. An unknown number of soldiers and local militia were admitted to a hospital, and the extent of the injuries was unknown/not reported. A military vehicle was burned. The Islamic State claimed the attack and killing of 9 people, torching four military vehicles, and seizing weapons (assault rifles, light machine guns, rocket-propelled grenades) and ammunition.; Around 24 January 2024 (week of), suspected members of the Mozambican navy fired on a fishing boat near Quilufa island off the Coast of Pangane (Macomia, Cabo Delgado) with 13 fishers suspected of being part of Islamist militias. 12 of the 13 fishers on board were killed.; Around 2 January 2024 (as reported), suspected members of the Mozambican navy attacked a boat with around 30 people on board, including fishermen, close to Mussune island off the Coast of Mocimboa da Praia (Mocimboa da Praia, Cabo Delgado), suspected of being part of Islamist militias. All the people on the boat were killed.",Islamic State Mozambique (ISM); Islamic State Mozambique (ISM); Islamic State Mozambique (ISM); Islamic State Mozambique (ISM); Islamic State Mozambique (ISM); Military Forces of Mozambique (1990-); Military Forces of Mozambique (1990-); Civilians (Mozambique); Police Forces of Mozambique (1990-); Civilians (Mozambique); Military Forces of Mozambique (1990-); Military Forces of Mozambique (1990-); Civilians (Mozambique); Civilians (Mozambique)
south sudan,0,2024,Eastern Africa,359,"On 31 March 2024, suspected members of Murle attacked civilians in Ajwara village in Adongo (Pochalla county, Jonglei state). Local youth (likely Anyuak since Pochalla County is mostly inhabited by the Anyuak) pursued the attackers, and a clash ensued. The motive is unclear, with some reports mentioning revenge, intimidation, and gold as motives. Between 10-12 people were killed, including four women and two children, and 10 people were wounded. The whereabouts of between 15-16 children is unknown. Over 30 homes were burnt, and an unspecified number of cattle were raided. The Greater Pibor Administrative (GPA) government was accused of orchestrating the attack while the area minister of information denied the alleged involvement of the GPA government.; On 27 March 2024, armed attackers suspected of being from Mayom county in Unity state (likely Bul Nuer, based on the location) killed 8 people, wounded 11 people and raided an unspecified number of cattle at Warcuei (location coded to Liet-nhom in Toch West, Gogrial East county, Warrap state). The victims of the attack are likely the Apuk-Giir section of the Rek Dinka, based on the location.; On 26 March 2024, armed youth from Warrap State's Tonj East County (likely from the Dinka community which is predominant in the area) attacked a convoy of SSPDF vehicles transporting soldiers in Kol-Macharthon area of Maper Payam (location coded to Maper in Rumbek North County, Lakes State). The incident resulted in 38 fatalities and 11 injuries. The soldiers were returning to Maper Town after escorting traders to the border of Lakes and Unity States when they were ambushed. Motivation unknown/not reported.; On 24 March 2024, overnight, armed youths suspected of coming from Rumbek North county in Lakes state (likely Agar Dinka, based on the location) shot and killed at least 9 family members including five women, two children and two elderly people at Adau Wal village in Makuac payam (Tonj East county, Warrap state) for an unknown reason. The victims of the attack are likely Rek Dinka based on the location.; On 24 March 2024, armed youth (described as being from Lakes State and likely from the Pakam section of the Agar Dinka who live in neighboring Rumbek North County, Lakes State) attacked AdanWal village in Makuac Payam, near Malwal (Tonj East, Warrap), killing 11 people, including an unspecified number of women. Victims are likely members of the Luach Jang Dinka who live in the area. The attack is in retaliation to an incident on 23 March 2024 (coded separately) when the latter attacked Maper Payam in Rumbek North, Lakes State, killing 2 people.; On 19 March 2024, heavily armed youths, suspected to be Anyuak, ambushed and killed 15 individuals, including the Jebel Boma commissioner, government officials, local politicians, an SSPDF commander, and their bodyguards, while also injuring four others at Takarau, described as a one-hour walk to Nyat in Boma (Pibor county, Jonglei state). During the attack, one of the assailants was killed.; On 16 March 2024, armed assailants suspected to be Bul Nuer members ambushed cattle owners at a swampy grazing area in Wagej village in Toch East Payam, near Toch (Gogrial East, Warrap), resulting in 17 fatalities and 12 injuries. Motivation unknown/not reported.; On 15 March 2024, suspected Bul Nuer raiders, some clad in army attire, from Mayom county in Unity state clashed with armed youth from Gogrial East county (likely from the Apuk-Giir section of the Rek Dinka, based on the county), along with SSPDF forces in a swampy area at Wakic/Wagej/Awoyic (located in Liet-nhom, Toch West, Gogrial East county, Warrap state). The confrontation resulted in 17 fatalities, including 11 youths from Gogrial East and 6 Bul Nuer individuals, with 12 others sustaining injuries. Additionally, 532 head of cattle were raided, and the whereabouts of five cattle keepers remain unknown. Gogrial East County and SSPDF managed to recover some of the raided cattle. The Mayom County commissioner accused armed Nuer youth based in Ajak Kuac as the perpetrators.; On 9 March 2024, armed youths suspected of being members of the spiritual leader Gai Machiek force (a suspected rebel general belonging to South Sudan People's Movement/Army) killed at least 7 members of Misseriya pastoralists and raided 379 cattle at Kuerchiedieng forest located north of Mayom county (location coded to Mayom in Kuerbuone, Unity state).; On 28 February 2024, SSPDF and NAS clashed in Lasu Payam (Yei, Central Equatoria), resulting in 10 fatalities from both sides and 4 injuries. The clash led to the displacement of an unknown number of residents. Motivation unknown/not reported.; On 22 February 2024, an unknown armed attackers killed at least seven people (including 4 women and a girl) and abducted a woman and her child in Duk county (location coded to Duk Padiet in Padiet, Jonglei state). The victims were collecting firewood. No further information.; On 20 February 2024, unidentified armed assailants (coded as unidentified armed group) attacked the local community (likely the Gawaar Nuer who live in the area) in Wienkuer area of Wau Payam (location coded to Wau in Ayod County, Jonglei State), where they raided an unspecified number of cattle. Local youth pursued the attackers and recovered all the stolen animals. The encounter resulted in 6 fatalities, including 5 attackers, and 1 injury.; On 14 February 2024, armed assailants suspected of being from the Murle community from the Greater Pibor Administrative Area attacked Bor Dinka youth who were hunting in Gadiang area (Twic East, Jonglei), killing 11 while 2 others went missing. Motivation unknown/not reported.; On 12 February 2024, armed youths suspected of coming from Lakes State (likely Gok Dinka who live in the area) attacked Malual-Amer village in Wunlit Payam (location coded to Wunlit in Tonj East County, Warrap State), killing 15 people and injuring 4 others. The attackers also raided 25 cattle from the victims. Victims are likely members of the Jalwau sub-section of the Kongor section of the Rek Dinka.; On 11 February 2024, the SSPDF attacked and clashed with armed youths (coded as unidentified armed group) at Dawech Kuanylual Thoan in Nasir (Luakpiny/Nasir county, Upper Nile state), after an SSPDF shot a person four times, injuring him. The clash resulted in 18 fatalities, including 12 SSPDF soldiers, while 11 others were injured, 7 youths and 4 soldiers. Additionally, an unspecified number of people were displaced, and houses and properties were burned and looted.; On 11 February 2024, a clash ensued between members of the Panyar section of the Agar Dinka and the Rek Dinka in Maual Amel, near Tiap Tiap (Cueibet, Lakes), resulting in 10 fatalities and 22 injuries. Motivation unknown/not reported. The incident also led to the displacement of an unknown number of locals.; On 5 February 2024, armed members of the Apuk section of the Rek Dinka attacked and clashed with the police at a police station in Tharkueng in Wau Bai (Jur River county, Western Bahr el Ghazal state). Over 20 people were killed including, a high-ranking police officer, a military police officer and national security officers (coded as military intelligence), and an unspecified number of houses and shops were burned.; On 1 February 2024, attackers suspected of coming from Budi county attacked gold miners and killed at least eight people including three women (three wounded people died of their injuries later) and critically wounded three people at the Namorunyang gold mining area in Longeleya (Kapoeta South county, Eastern Equatoria state).; On 31 January 2024, pastoralists from the Luanyjang/Luach Jang Dinka clashed with the Pakam section of the Agar Dinka at cattle camps in Aloor payam (Rumbek North county, Lakes state). According to two sources, at least 38 people were killed, 34 people were wounded, and an unspecified number of houses were burned. The Warrap state minister of information accused youth from the Panyijiar county and the Gok Dinka of being involved.; On 31 January 2024, armed youth from the Pakam section of Agar Dinka from Rumbek North County attempted to raid cattle from members of the Luach Jang Dinka at Mabor Adel cattle camp in Makuac (location coded to Makwoich in Tonj East County, Warrap State) resulting in an armed engagement that left 20 people dead and 130 others injured. The incident created tension in the area.; On 29 January 2024, SPLA-IO soldiers ambushed the Unity State governor's convoy and clashed with SSPDF at the SPLA-IO base Barkuol Ngol in Nyuel Nyuel (Rubkona county, Unity state). At least 6 people were killed, two senior military officers were wounded, and the SPLA-IO withdrew from the base, both parties in conflict accused each other of the attack. A conflicting report stated 18 SSPDF people were killed, an unspecified number of people were displaced and raped, and an unspecified number of cattle and other valuables were looted.; On 23 January 2024, unidentified attackers killed at least 15 people, including women and children, and wounded seven people traveling on a commercial car from Gambella to Akobo near the Ethiopia and South Sudan border (location coded to Akobo in Bilkey, Jonglei state). The wounded were treated at the hospital.; On 18 January 2024, armed youth from the Apuk section of the Rek Dinka based in Gogrial East County attacked members of the Marial Bai Dinka community killing 7 people, including a military officer (likely off-duty as the officer was at his house), injuring 5 others and burning an unspecified number of houses at Achoum-Choum in Jur River county (location coded Acongcong in Marial Bai, Western Bahr el Ghazal state). The attackers also stole 100 cows and an unspecified number of people were displaced.; On 14 January 2024, armed members of the Leer subsection of the Kuachtii section of the Rek Dinka community clashed with their counterparts from the Nyang Section of the Rek Dinka due to disputes over the Toch swampy area in Pagol (Tonj North, Warrap), resulting in 7 fatalities. The incident created tension between the 2 sections.; On 4 January 2024, youths suspected of being from the Greater Pibor Administrative Area (coded as Murle who lives in the area) attacked two cattle camps and raided around 7,000 cattle in Poktap town in Payuel (Duk county, Jonglei state). At least 28 people were killed, 30 people were gun wounded and over 5000 people, mainly children and women, were displaced.",Murle Ethnic Militia (South Sudan); Bul Clan Militia (South Sudan); Dinka Ethnic Militia (South Sudan); Agar Clan Militia (South Sudan); Pakam-Agar Sub-Clan Militia (South Sudan); Anyuak Ethnic Militia (South Sudan); Bul Clan Militia (South Sudan); Bul Clan Militia (South Sudan); SSPM/A: South Sudan People's Movement/Army; Military Forces of South Sudan (2011-); Unidentified Armed Group (South Sudan); Unidentified Communal Militia (South Sudan); Murle Ethnic Militia (South Sudan); Gok Clan Militia (South Sudan); Military Forces of South Sudan (2011-); Panyar-Agar Sub-Clan Militia (South Sudan); Apuk-Rek Sub-Clan Militia (South Sudan); Budi Communal Militia (South Sudan); Luach-Jang Clan Militia (South Sudan); Pakam-Agar Sub-Clan Militia (South Sudan); SPLM-In Opposition: Sudan People's Liberation Movement-In Opposition; Unidentified Armed Group (South Sudan); Apuk-Rek Sub-Clan Militia (South Sudan); Kuacthii-Leer-Rek Sub-Clan Militia (South Sudan); Murle Ethnic Militia (South Sudan); Anyuak Ethnic Militia (South Sudan); Civilians (South Sudan); Military Forces of South Sudan (2011-); Civilians (South Sudan); Civilians (South Sudan); Military Forces of South Sudan (2011-); Civilians (South Sudan); Apuk-Giir-Rek Sub-Clan Militia (South Sudan); Civilians (Sudan); NAS: National Salvation Front; Civilians (South Sudan); Gawaar Clan Militia (South Sudan); Civilians (South Sudan); Civilians (South Sudan); Unidentified Armed Group (South Sudan); Rek Clan Militia (South Sudan); Police Forces of South Sudan (2011-); Civilians (South Sudan); Pakam-Agar Sub-Clan Militia (South Sudan); Kuok-Luach-Jang Sub-Clan Militia (South Sudan); Military Forces of South Sudan (2011-); Civilians (South Sudan); Civilians (South Sudan); Nyang-Rek Sub-Clan Militia (South Sudan); Civilians (South Sudan)
togo,0,2024,Western Africa,39,"On 5 March 2024, suspected JNIM attacked and killed 8 civilians in Nagouni (Oti, Savanes).; On 10 February 2024, unidentified attackers struck the localities of Tola (Kpendjal, Savanes) and Gningou, leaving 31 civilians killed. The perpetrators remain unidentified, and no group has claimed responsibility although Islamist militant attacks have increased in northern parts of Togo with a declared state of security emergency.",JNIM: Group for Support of Islam and Muslims; Unidentified Armed Group (Togo); Civilians (Togo); Civilians (Togo)
