news_index,nyt_txt,nyt_ner,country
0,pga tour and saudi backed liv extend deadline to finalize deal the tentative deal for the men s golf circuits to join forces had a dec 31 deadline but significant questions remained,,NA
2,u s helicopters sink 3 houthi boats in red sea pentagon says iranian backed houthi gunmen from yemen had fired on american helicopters responding to an attack on a commercial ship american officials said,houthi,Yemen
3,in times square hundreds of thousands ring in 2024 new year s celebrations took place as protesters against the israel hamas war staged demonstrations in midtown manhattan,hamas,Lebanon
3,in times square hundreds of thousands ring in 2024 new year s celebrations took place as protesters against the israel hamas war staged demonstrations in midtown manhattan,hamas,Palestine
5,half of gazans are at risk of starving u n warns more than 90 percent of palestinians in the territory say they have regularly gone without food for a whole day according to the united nations,,NA
10,what s on tv this week rupaul s drag race and the golden globes the competition show featuring drag queens comes back for a 16th season the annual award show airs on cbs,,NA
21,what our critics are looking forward to in 2024 mad max gets a prequel the wiz returns to broadway and larry david gets another crack at a series finale,,NA
36,actress carrie bernans among people injured in midtown new year s crash the motorist struck cars and a food truck in midtown early monday morning at least nine people were injured including ms bernans an actress and stuntwoman,,NA
38,israel says it will pull several brigades from gaza strip analysts say the announcement could signal a shift to the more limited and targeted war against hamas that the united states has been urging,gaza,Palestine
38,israel says it will pull several brigades from gaza strip analysts say the announcement could signal a shift to the more limited and targeted war against hamas that the united states has been urging,hamas,Lebanon
38,israel says it will pull several brigades from gaza strip analysts say the announcement could signal a shift to the more limited and targeted war against hamas that the united states has been urging,hamas,Palestine
41,governor defiance tries to usurp washington s role by taking over the federal role in immigration enforcement governor abbott of texas is welcoming a legal fight with the biden administration,,NA
48,a gaza mayor s view of the conflict readers discuss a guest essay about the war s toll in gaza also western businesses in russia abortion pill case dogs and social media,gaza,Palestine
51,jan 18 axiom space may send a crew of italian swedish and turkish astronauts to the international space station visits to the international space station are valuable and would be astronauts and their countries can wait a long time for the opportunity in addition to wealthy adventurers axiom space is making it possible for people to make the trip from countries that have seldom or never had astronauts aboard the orbital outpost the three on the ax 3 flight are alper gezeravci who will be the first turkish astronaut marcus wandt a european space agency astronaut from sweden and walter villadei an italian air force pilot who previously flew to the edge of space on a virgin galactic rocket plane a launch on wednesday was postponed to thursday,,NA
55,jan 8 the new vulcan rocket launched astrobotic s uncrewed lander toward the moon united launch alliance a joint venture between boeing and lockheed martin conducted the first flight of vulcan its new rocket the rocket used engines built by blue origin the space company founded by jeff bezos of amazon it carried peregrine a robotic lander built by astrobotic of pittsburgh on a nasa sponsored mission to sinus viscositatis on the moon s near side the mission is expected to reach the lunar surface in late february aiming to be the first privately built moon lander to do so look back on the launch here,,NA
57,powerful earthquake hits japan setting off tsunami warnings the epicenter of the quake was in ishikawa prefecture along the west coast of japan,,NA
58,putin vows to keep up bombardment after a russian city is hit president vladimir v putin of russia says his country will continue targeting ukrainian cities in retaliation for a deadly attack on the city of belgorod on saturday,,NA
61,5 killed in queens car crash on new year s day the accident occurred on the cross island parkway along a part known for its dangerous curve residents said,,NA
63,powerful earthquake hits japan and officials warn of aftershocks there were reports of collapsed buildings and people being trapped underneath them the quake disrupted electricity and phone service and initially raised fears of a tsunami,,NA
71,south korean opposition leader is stabbed lee jae myung the democratic party head was attacked by a 66 year old man in the city of busan the police said mr lee is now recovering from surgery,,NA
73,6 year old dies in staten island house fire firefighters responded to the fire at a two story home in the northern part of the new york city borough the authorities said,,NA
74,maine secretary of state targeted by swatting after trump ballot decision shenna bellows is the latest politician to fall victim to a hoax emergency call meant to provoke an armed police response,,NA
81,russia hammers kyiv with missiles in large scale attack russia said that ukraine retaliated hours later with missile attacks on russian territory part of an escalating cycle of air assaults between the two countries,,NA
90,a miracle plane erupts in flames landing in tokyo but all aboard survive japan airlines said all 367 passengers and 12 crew members had safely evacuated the jet but five crew members on a japanese coast guard plane that collided with it were killed,,NA
91,anime is going digital fans are wary as the industry continues to embrace computer generated work some audiences struggle to accept the change,,NA
95,in this debut novel power plays and contradictions abound true to the promise of its title the storm we made kicks up a weather system of epic proportions ranging from military terror during world war ii to domestic warmth,,NA
98,what s in a name the battle of baby t rex and nanotyrannus a dinosaur fossil listed for sale in london for 20 million embodies one of the most heated debates in paleontology,,NA
104,trump s final battle has begun the 2024 presidential election presents a definitive test for america,,NA
105,an almanac publisher s 2024 prediction tumultuous the publishers of the annual pocket chinese almanac say they were alarmed looking ahead to 2024,,NA
106,my second trip to gaza was as a hostage i will never return an israeli woman kidnapped in the oct 7 attack on israel by hamas recalls a visit to the gaza strip in another lifetime,gaza,Palestine
106,my second trip to gaza was as a hostage i will never return an israeli woman kidnapped in the oct 7 attack on israel by hamas recalls a visit to the gaza strip in another lifetime,hamas,Lebanon
106,my second trip to gaza was as a hostage i will never return an israeli woman kidnapped in the oct 7 attack on israel by hamas recalls a visit to the gaza strip in another lifetime,hamas,Palestine
114,colorado mother accused of murdering 2 of her children is arrested in london kimberlee singler was taken into custody on saturday days after the authorities in colorado issued a warrant for her arrest,,NA
116,your 2024 most anticipated list what are you looking forward to this year,,NA
121,the twin fronts in the battle over israel s identity monday s court ruling joined the war in gaza in a widening crisis over what kind of state israel will be,gaza,Palestine
128,should ukraine consider an armistice readers discuss actions the u s and ukraine should take also rape of israeli women private equity firms high housing costs birds not birdbrains,,NA
130,earthquake kills dozens in japan rescuers continued to search for people trapped in the rubble a day after an earthquake struck western japan,,NA
137,top hamas official is killed in lebanon as fears grow of a wider war the israeli government would not comment on the death of saleh al arouri but a u s official said to expect israel to assassinate hamas officials for years,hamas,Lebanon
137,top hamas official is killed in lebanon as fears grow of a wider war the israeli government would not comment on the death of saleh al arouri but a u s official said to expect israel to assassinate hamas officials for years,hamas,Palestine
139,buildings smolder after russian air attacks on kyiv first responders put out fires after russia bombarded the ukrainian capital with missiles and drones,,NA
144,who was saleh al arouri the senior hamas leader killed in beirut the hamas deputy who the group said had been killed helped usher in closer ties with the iran backed hezbollah militia and was accused of masterminding attacks in israel,hamas,Lebanon
144,who was saleh al arouri the senior hamas leader killed in beirut the hamas deputy who the group said had been killed helped usher in closer ties with the iran backed hezbollah militia and was accused of masterminding attacks in israel,hamas,Palestine
144,who was saleh al arouri the senior hamas leader killed in beirut the hamas deputy who the group said had been killed helped usher in closer ties with the iran backed hezbollah militia and was accused of masterminding attacks in israel,hezbollah,Lebanon
149,what the civil war was about yes it was about slavery and slavery was driven by greed,,NA
151,ferrari and the killer 1 cinematographer 2 very different looks erik messerschmidt worked with the directors michael mann and david fincher to create cohesive worlds that feel nothing alike,,NA
154,maureen flavin sweeney dies at 100 her weather report delayed d day she helped save general eisenhower s invasion from potential disaster enabling the allies to gain a foothold in france that was essential to victory in world war ii,,NA
157,wednesday briefing beirut blast kills senior hamas leader plus the great winter festivals of asia,hamas,Lebanon
157,wednesday briefing beirut blast kills senior hamas leader plus the great winter festivals of asia,hamas,Palestine
160,netanyahu allies signal pause in campaign to rein in judges with israel fighting in gaza people on both sides of the judiciary debate appear unwilling to return to the domestic upheaval that preceded the war,gaza,Palestine
161,who is alan garber harvard s interim president dr garber is an economist and physician who told the harvard crimson that he regretted the university s initial statement in response to the israel hamas war,hamas,Lebanon
161,who is alan garber harvard s interim president dr garber is an economist and physician who told the harvard crimson that he regretted the university s initial statement in response to the israel hamas war,hamas,Palestine
166,harvard s president resigned after plagiarism accusations also a senior hamas leader was killed in beirut here s the latest at the end of tuesday,hamas,Lebanon
166,harvard s president resigned after plagiarism accusations also a senior hamas leader was killed in beirut here s the latest at the end of tuesday,hamas,Palestine
167,haley s civil war gaffe complicates her new hampshire push her failure to mention slavery in response to a question about the causes of the civil war has given chris christie fresh ammunition as they compete for the anti trump vote,,NA
168,conservative group wins legal victory over 2020 voting challenges in georgia the group true the vote had been accused by the liberal organization fair fight of violating the voting rights act by intimidating voters a judge rejected the claims,,NA
171,hamas used gaza hospital as a command center u s intelligence says israeli forces stormed the site in november drawing intense international scrutiny and criticism,hamas,Lebanon
171,hamas used gaza hospital as a command center u s intelligence says israeli forces stormed the site in november drawing intense international scrutiny and criticism,hamas,Palestine
171,hamas used gaza hospital as a command center u s intelligence says israeli forces stormed the site in november drawing intense international scrutiny and criticism,gaza,Palestine
174,how a proxy fight over campus politics brought down harvard s president amid plagiarism allegations and a backlash to campus antisemitism claudine gay became an avatar for broader criticisms of academia,,NA
181,wednesday briefing the killing of a hamas leader,hamas,Lebanon
181,wednesday briefing the killing of a hamas leader,hamas,Palestine
182,military practice bomb washes ashore in california the munition which was carried to shore by the rough surf that battered the state last week was found on new year s eve,,NA
183,abrupt dismissals point to xi jinping s quiet shake up of china s military the purge of several commanders from china s legislature was the latest sign of widening investigations focused on the sensitive arms sector experts say,,NA
184,hamas blames israel for the death of a senior official in lebanon israel and the surrounding region were on edge wednesday a day after the assassination of a top hamas leader in lebanon heightened worries that the war in gaza could spill over into a broader conflict,hamas,Lebanon
184,hamas blames israel for the death of a senior official in lebanon israel and the surrounding region were on edge wednesday a day after the assassination of a top hamas leader in lebanon heightened worries that the war in gaza could spill over into a broader conflict,hamas,Palestine
184,hamas blames israel for the death of a senior official in lebanon israel and the surrounding region were on edge wednesday a day after the assassination of a top hamas leader in lebanon heightened worries that the war in gaza could spill over into a broader conflict,gaza,Palestine
195,tales of the black underworld fuel hip hop his feed recounts them valtown an account on x and other social media platforms spotlights gangs and drug kingpins of the 1980s and 1990s and how crime and celebrity often intersect,,NA
204,it s state propaganda ukrainians shun tv news as war drags on a government approved news program intended to counter russian disinformation and boost morale is coming under criticism for painting a rosy picture of the war,,NA
205,they can t all be nominated for best picture can they it s a very competitive year for the top oscar with precursor awards like the golden globes coming soon here s what may make the cut,,NA
206,love for a librarian who helps immigrants fred gitner who runs programs for migrants at the queens public library is one of 10 librarians to receive an american library association award,,NA
215,biden plans 2 campaign speeches to underscore contrasts with trump the president will speak at valley forge on the anniversary of the jan 6 capitol riot and later at a south carolina church where a white supremacist killed nine people,,NA
219,world s oldest pyramid in indonesia a study draws skepticism the study under investigation by its publisher has fueled a dispute over the age of a partially excavated site and prompted warnings about the dangers of nationalist mythmaking,,NA
220,knife attack on opposition leader raises alarms in polarized south korea the attack on lee jae myung who narrowly lost the 2022 presidential vote came amid a deepening political divide and increasingly extreme discourse in south korea,,NA
224,top hamas official is killed and harvard president resigns hear the news in five minutes,hamas,Lebanon
224,top hamas official is killed and harvard president resigns hear the news in five minutes,hamas,Palestine
225,the new campus politics the resignation of harvard s president shows how the hamas attacks have scrambled campus politics,hamas,Lebanon
225,the new campus politics the resignation of harvard s president shows how the hamas attacks have scrambled campus politics,hamas,Palestine
226,al arouri s killing is a blow to hamas though likely not a debilitating one analysts say the killing of saleh al arouri deprives hamas of one of its most skilled tacticians who helped route money and weapons to its operatives in gaza and elsewhere in the middle east and integrated the group more tightly into iran s network of forces committed to fighting israel according to analysts,hamas,Lebanon
226,al arouri s killing is a blow to hamas though likely not a debilitating one analysts say the killing of saleh al arouri deprives hamas of one of its most skilled tacticians who helped route money and weapons to its operatives in gaza and elsewhere in the middle east and integrated the group more tightly into iran s network of forces committed to fighting israel according to analysts,hamas,Palestine
226,al arouri s killing is a blow to hamas though likely not a debilitating one analysts say the killing of saleh al arouri deprives hamas of one of its most skilled tacticians who helped route money and weapons to its operatives in gaza and elsewhere in the middle east and integrated the group more tightly into iran s network of forces committed to fighting israel according to analysts,gaza,Palestine
229,bombing in iran kills over 100 sowing confusion and speculation no one claimed responsibility for the bombing at a memorial for qassim suleimani the top commander killed by a u s drone strike four years ago,,NA
231,california s snowpack is far below normal levels for early january warmer weather is dumping more precipitation as rain instead of snow,,NA
232,frick leader to step down after a 14 year run having seen the museum s controversial renovation through to completion ian wardropper plans to retire in 2025,,NA
241,imam is fatally shot outside new jersey mosque the shooting took place around the time of predawn prayers in newark the gunman remained at large,,NA
242,an easy quick one pot meatless pasta because january hetty lui mckinnon s creamy one pot mushroom and leek pasta comes with a reader warning you can t stop eating this,,NA
244,boy 13 is believed to be the first to beat tetris willis gibson a competitive tetris player prodigy from oklahoma advanced so far in the original nintendo version of the game that it froze i can t feel my fingers he said afterward,,NA
245,leader s killing is a blow but not a knockout for hamas the killing of saleh al arouri a key hamas strategist in lebanon sets the organization back at a vulnerable time the group has rebuilt after the assassination of other leaders though,hamas,Lebanon
245,leader s killing is a blow but not a knockout for hamas the killing of saleh al arouri a key hamas strategist in lebanon sets the organization back at a vulnerable time the group has rebuilt after the assassination of other leaders though,hamas,Palestine
252,a hapless robber exposed by a cloud of dye gets his day in court nobody disputed that the defendant had handed over a note demanding money please from a newark bank the only remaining question how dangerous had he been really,,NA
257,who was the iranian general qassim suleimani general suleimani the powerful commander heading iran s quds force was considered a hero by some in the country the anniversary of his death has attracted horrific violence,,NA
260,russia and ukraine exchange record number of p o w s the exchange of prisoners was the first in months and came as both sides were engaged in an escalating cycle of air assaults,,NA
262,t i and tiny are accused of rape in lawsuit the atlanta rapper and his wife who have denied the allegations are accused of drugging and assaulting a military veteran around 2005 in a lawsuit filed in los angeles on tuesday,,NA
265,the fallout from a resignation at harvard readers weigh in on claudine gay s resignation as harvard s president also migrants in new york city how to respond when attacked by donald trump,,NA
266,blasts kill dozens in iran two bombs exploded along the road near the burial site of qassim suleimani iran s former top general during a commemoration on the fourth anniversary of his assassination by the united states,,NA
272,spacex illegally fired workers critical of musk federal agency says the national labor relations board said the rocket company had wrongly dismissed eight people for a letter raising concerns about the chief executive,,NA
279,israel says it dismantled a hamas built tunnel under a gaza hospital the israeli military says the tearing down was done in november and that hospital wasn t damaged in the process,hamas,Lebanon
279,israel says it dismantled a hamas built tunnel under a gaza hospital the israeli military says the tearing down was done in november and that hospital wasn t damaged in the process,hamas,Palestine
279,israel says it dismantled a hamas built tunnel under a gaza hospital the israeli military says the tearing down was done in november and that hospital wasn t damaged in the process,gaza,Palestine
282,former guard official says army retaliated for his account of jan 6 delay col earl matthews the top lawyer for the d c national guard during the assault on the capitol said in a whistle blower complaint that he was punished for contradicting the testimony of two top generals,,NA
284,thursday briefing blasts in iran kill dozens plus china shakes up its military,,NA
286,xerox to cut 15 of its work force in the first quarter of 2024 the move is the printer maker s latest as it tries to shift more toward its business services offerings,,NA
287,hezbollah s leader pledges revenge for killing of a hamas leader in beirut yesterday s crime will not go unpunished hassan nasrallah warned ominously but he gave no specifics saying he would speak again on friday,hezbollah,Lebanon
287,hezbollah s leader pledges revenge for killing of a hamas leader in beirut yesterday s crime will not go unpunished hassan nasrallah warned ominously but he gave no specifics saying he would speak again on friday,hamas,Lebanon
287,hezbollah s leader pledges revenge for killing of a hamas leader in beirut yesterday s crime will not go unpunished hassan nasrallah warned ominously but he gave no specifics saying he would speak again on friday,hamas,Palestine
288,covid has resurged but scientists see a diminished threat hospitalizations have ticked upward and there are at least 1 200 covid related deaths each week americans should mask more often and vaccination rates remain too low experts say,,NA
293,a bombing killed at least 100 people in iran also donald trump asked the supreme court to rule on his eligibility here s the latest at the end of wednesday,,NA
294,museum world hit by cyberattack on widely used software hackers targeted software that many museums use to show their collections online and to manage sensitive information,,NA
295,attacks heighten fears of a wider war for the middle east and u s the killing of a top hamas leader in lebanon and mysterious twin explosions in iran heighten fears of a regional war that could draw in the united states,hamas,Lebanon
295,attacks heighten fears of a wider war for the middle east and u s the killing of a top hamas leader in lebanon and mysterious twin explosions in iran heighten fears of a regional war that could draw in the united states,hamas,Palestine
296,more than 100 people in iran killed in blasts at suleimani memorial more than 200 people were also injured after two roadside bombs exploded during a memorial for qassim suleimani iran s former top general who was killed by a u s drone strike four years ago,,NA
297,donald wildmon early crusader in conservative culture wars dies at 85 the american family association which he founded became a juggernaut in the christian right s campaign against sex and gay themes in art television and pop culture,,NA
302,israelis worry a blow against hamas may bring blowback israelis welcomed news that a top palestinian militant had been killed but feared that it might impede the release of hostages and kindle a broader war,hamas,Lebanon
302,israelis worry a blow against hamas may bring blowback israelis welcomed news that a top palestinian militant had been killed but feared that it might impede the release of hostages and kindle a broader war,hamas,Palestine
304,homicides and shootings fell in new york city as felony assaults rose car thefts also increased amid a slight drop in crime overall in 2023 police officials said on wednesday,,NA
305,the jan 6 riot inquiry so far three years hundreds of prison sentences more than 1 200 people have now been arrested in connection with the attack on the capitol and more than 450 sentenced to periods of incarceration the investigation is far from over,,NA
310,judge in las vegas attacked by man who was denied probation in a scene captured on video deobra redden 30 jumped over a courtroom bench onto judge mary kay holthus as he was about to be sentenced court officials said,,NA
311,nevada man attacks his judge court video from clark county nev shows deobra redden throwing himself at judge mary kay holthus during his sentencing on wednesday,,NA
317,israelis question army s rules of engagement after hostages slain israel s military said that soldiers who shot hostages while they waved a white flag violated its rules of engagement human rights activists say the rules are good but enforcement is lax,,NA
318,canada s logging industry devours forests crucial to fighting climate change a study finds that logging has inflicted severe damage to the vast boreal forests in ontario and quebec two of the country s main commercial logging regions,,NA
324,for six months bringing dark stories to light debra kamin spoke with current and former agents at exp realty a real estate brokerage where several women said they had been victims of drugging and sexual assault,,NA
330,the man who destroys 3 000 handbags on the internet under the handle tanner leatherstein volkan yilmaz rips burns and slices apart luxury goods to show how much he thinks they are really worth,,NA
334,the grim heartbeat propelling killers of the flower moon in a short but fast moving sequence built around a children s primer martin scorsese lays out all the themes of this terrible true crime tale,,NA
335,10 great ways to pop the question here are some of the sweetest funniest and most heartwarming ways that couples who wed in 2023 asked will you marry me,,NA
343,the newest godzilla film is stranger than fiction effects artists annihilate cities in movies all the time tokyo really was destroyed a reality the best godzilla stories have always taken seriously,,NA
354,want to understand 2024 look at 1948 americans were angry with truman because of high prices in the aftermath of world war ii even as other economic signals looked promising,,NA
357,u s awards chip supplier 162 million to bolster critical industries the biden administration said its second grant under a new program would help microchip technology expand its facilities in oregon and colorado,,NA
363,islamic state claims responsibility for deadly bombings in iran the group which has struck before in iran has a long history of division with the country,,NA
367,he went that way review on the road with a serial killer in this thriller the australian actor jacob elordi tries on the tics of noteworthy american performers from james dean to matt dillon,,NA
368,mayhem review just when you think you re out a former convict struggles to go straight in this ultraviolent revenge thriller,,NA
371,the fight over d e i in the c suite claudine gay s resignation as harvard president is adding to the wider debate in boardrooms over diversity equity and inclusion policies,,NA
374,a trophy in ruins evidence grows that russia controls marinka ukraine said it was defending territory behind the eastern frontline town its capture would be russia s most significant territorial advance in ukraine in more than six months,,NA
380,kim jong un s daughter is his likely successor south korea says kim ju ae has long accompanied her dictator father to important state events like long range missile tests and military parades,,NA
381,iraq condemns u s after drone strike in baghdad the attack acknowledged by the pentagon killed a senior militant leader of an iran allied group with ties to the iraqi government s security apparatus,,NA
386,sixth grader killed and 5 others injured in iowa school shooting four other students and an administrator were injured in the shooting at an iowa school the gunman identified as a 17 year old student died from a self inflicted gunshot the authorities said,,NA
407,mike sadler intrepid desert navigator in world war ii dies at 103 like a human gps he guided britain s first special forces across the vast sahara for hit and run raids on enemy bases in the battle against rommel s forces,,NA
411,vatican defends gay blessings but offers critics some leeway the clarification on a declaration issued in december seemed designed to soothe critics while also showing that this is the way forward,,NA
421,reacher women want what he s got and not just the beefcake the hit amazon series about a bone crushing crime fighter isn t only dad tv women dream of having the character s freedom and abilities too,,NA
423,white house says north korea providing russia with ballistic missiles russia has rebuilt its own domestic supply of cruise missiles but to keep up with the intensity of the barrage against ukraine it has been turning to north korea and iran,,NA
425,friday briefing islamic state claims the iran bombing plus the seven keys to longevity,,NA
428,subway trains collide in manhattan causing derailment m t a says the metropolitan transportation authority said that 24 people were injured in the collision near 96th street their injuries were not serious officials said,,NA
437,a u s strike killed an iran allied militant leader also biden faces immigration pressure from democrats here s the latest at the end of thursday,,NA
445,towns empty and farms languish as war stalks israeli lebanese border more than 150 000 people have been driven from their homes on both sides of the frontier as israeli forces clash with hezbollah militants,hezbollah,Lebanon
453,florida proud boy sentenced to 10 years in capitol attack christopher worrell had gone on the run after his conviction last august and was captured six weeks later,,NA
459,red sea attacks leave tankers with choice accept the risks or lose money some oil tanker traffic continues to go through the suez canal while plentiful global reserves keep crude prices steady,,NA
460,oscar pistorius olympic athlete convicted of murder is released the south african sprinter whose trial for the 2013 killing of his girlfriend drew intense global interest served more than seven years in prison,,NA
461,friday briefing the threat of a regional war,,NA
462,north korea fires artillery near border with south korea the south asked nearby islanders to seek shelter before it launched a military exercise in the disputed waters and chided the north for threatening peace,,NA
464,the u s secretary of state begins a mideast trip amid worries of broader conflict secretary of state antony j blinken was set on friday to begin a diplomatic tour through the middle east as the biden administration seeks to defuse tensions in the region where fears are growing that the war in gaza could spiral into a broader conflict,gaza,Palestine
471,residents near israel lebanon border live with uncertainty as the conflict between israel and hezbollah escalates some israeli residents are making trips back to their homes along the border with lebanon despite orders to stay away while others wait with uncertainty,hezbollah,Lebanon
476,a palestinian man vanished oct 7 his family wants to know who killed him soheib abu amar who lived in east jerusalem was captured by hamas during its attack on israel his brothers spent weeks investigating what happened next,hamas,Lebanon
476,a palestinian man vanished oct 7 his family wants to know who killed him soheib abu amar who lived in east jerusalem was captured by hamas during its attack on israel his brothers spent weeks investigating what happened next,hamas,Palestine
477,for dizzy gillespie queens was the place to be and to bop rebellious jazz took flight in harlem at minton s playhouse but it was nurtured on the tree lined streets that gave pioneering black musicians a home,,NA
481,taraji p henson is tired of fighting the color purple star talks candidly about her battles to get cast and paid her worth even as an oscar nominated veteran she had to audition for her new film,,NA
490,how to watch the golden globes 2024 date time and streaming hollywood usually looks to the annual awards as a party but this year they also have an unlikely mission a bid for relevance,,NA
491,the families of hostages are calling on israel to do something radical in israel they are putting pressure on the government pushing for a political path to release the remaining hostages,,NA
495,desantis lobs most forceful attacks yet against trump days before iowa caucuses in dueling town halls hosted by cnn nikki haley struggled to find her footing at times while ron desantis delivered a confident performance,,NA
496,biden plans speech casting election as a fight for democracy the president s speech on friday in the battleground state of pennsylvania represents a bet that many americans remain shaken by the jan 6 attack,,NA
500,the curse season 1 episode 9 recap all in green queen gets an awkward early screening as whitney tries to broach her feelings with asher,,NA
508,heavy rain in u k causes hundreds of flood warnings and travel disruptions in london around 50 people were evacuated from rising waters heavy rain brought similar scenes to parts of france and germany,,NA
509,beyond the front lines the war in ukraine has entered a new phase,,NA
510,eurozone price pressures edged higher to end the year inflation in the countries that use the euro rose to 2 9 percent in december but the underlying rate continued a downward trend,,NA
521,to bolster russia s army putin eases citizenship path for foreign fighters president vladimir v putin is seeking to strengthen his military to fight in ukraine while avoiding a potentially unpopular mobilization of russians,,NA
523,human error likely caused subway crash and derailings officials say the collision of two trains which injured 26 people appears to have been caused by confusion over which vehicle had the right of way,,NA
524,three years later jan 6 hangs over the presidential contest president biden is using the weekend anniversary of the capitol attack for a speech on democracy seeking to set himself apart from donald j trump who is heading to iowa,,NA
529,bring them home families of american hostages in gaza release tv ad the 30 second spot is set to air on cable channels and during sunday network news programs in the united states for the next several weeks,gaza,Palestine
543,smoke billows from fire at new jersey industrial building a large warehouse fire in elizabeth n j led to the collapse of three buildings officials said one firefighter suffered minor injuries,,NA
545,after the iowa shooting demands that politicians act readers urge the public to push for stricter laws to reduce gun violence also young voters israeli arab hope immigration judges inmates and cats,,NA
549,hezbollah s leader says it would not negotiate peace with israel until war in gaza ends in a televised speech hassan nasrallah addressed israeli citizens directly warning that they will be the first to pay the price unless the military action stops,hezbollah,Lebanon
549,hezbollah s leader says it would not negotiate peace with israel until war in gaza ends in a televised speech hassan nasrallah addressed israeli citizens directly warning that they will be the first to pay the price unless the military action stops,gaza,Palestine
552,david soul a star of the hit cop show starsky hutch dies at 80 an actor and singer he rose to fame in the 1970s as one half of the popular television crime fighting duo he also notched a no 1 hit single in the u s,,NA
567,terrorism in iran exposes a vulnerability it doesn t want to admit even after the islamic state took responsibility for deadly bombings iran s government facing public anger blamed israel,,NA
569,christian oliver speed racer actor dies in plane crash mr oliver s two young daughters and a pilot were also killed in the crash the police in the caribbean nation of st vincent and the grenadines said on thursday,,NA
574,at this museum you can ask a i van gogh anything can doppelgangers of vincent van gogh help museums generate new interest and income an a i of the dutch painter fields our questions,,NA
575,a day later the iowa school shooting strikes an intimate painful chord an armed 17 year old student left one dead and five wounded at perry high school,,NA
578,as eli lilly wades into telehealth for weight loss doctors are wary the maker of zepbound and mounjaro launched a new platform to connect patients and prescribers,,NA
584,supreme court to hear challenge to idaho s strict abortion ban the court also temporarily reinstated the state law which the biden administration said conflicts with a federal statute on emergency room care,,NA
588,house republicans to broaden higher education inquiry beyond antisemitism emboldened by the resignations of two prominent university presidents house republicans are planning an aggressive inquiry into academia long one of their favorite targets of attack,,NA
591,so you think you can dance judge exits after paula abdul lawsuit ms abdul accused nigel lythgoe a longtime producer and judge on the reality show of sexually assaulting her when they worked on american idol together he denied the accusation,,NA
592,one killed in bus crash in upstate new york police say about a dozen passengers were injured one seriously when a bus traveling from montreal rolled over near lake george officials said,,NA
595,defense secretary hospitalized after complications from elective procedure lloyd j austin iii has been at walter reed national military medical center since monday but is recovering well and is expecting to resume his full duties the pentagon said in a statement,,NA
596,book signing for marjorie taylor greene on jan 6 stirs a backlash the georgia congresswoman has repeatedly downplayed and at times defended the attack on the capitol three years ago,,NA
598,as pressure mounts israeli minister proposes plan for postwar gaza the plan exposed divisions in israel s war cabinet as secretary of state antony j blinken returned to the middle east on friday in an effort to ease escalating tensions,gaza,Palestine
599,trump targets nikki haley in sharpest attacks yet at a campaign event in iowa former president donald j trump denounced nikki haley the former governor of south carolina as the choice of corporate and political elites,,NA
604,prosecutors push back on trump s contempt claims in election case the filing by jack smith was the latest volley in a battle over the timing of the case accusing the former president of plotting to overturn the 2020 election,,NA
609,a president s son is in indonesia s election picture is it democracy or dynasty critics say that hard won progress toward democracy in indonesia has been backsliding under joko widodo a two term president who was once a political outsider,,NA
617,what happens when a woman wronged resorts to violence in the furies the journalist elizabeth flock reports the stories of three women who fought back to defend themselves other women or their people,,NA
619,as gaza losses mount under strikes dignified burials are another casualty the lucky are those who have someone to bury them when they die dr mohammad abu moussa a radiologist at one gaza hospital said of those killed by israeli airstrikes,gaza,Palestine
625,can 500 million save this glacier a bold engineering project might show a way to slow sea level rise and bring new imagination to the fight against climate change,,NA
627,ukraine s patriot defenses at work shuddering booms and bursts of light the american provided air defense systems have helped ukraine defend itself against russian assaults but washington has warned that it will not be able to keep them supplied for much longer,,NA
628,lily gladstone won t let hollywood put her in a box the killers of the flower moon star says awards attention feels like being shot out of a cannon for a long time she d kept her distance from the industry,,NA
633,college bowl games in trouble send in the memes a playoff system upended old traditions but a few minor games still manage to stand out a vat of mayonnaise was spilled and one giant pop tart was harmed along the way,,NA
635,trump signals an election year full of falsehoods on jan 6 and democracy in dueling sets of speeches donald trump and president biden are framing the election as a battle for the future of democracy with mr trump brazenly casting mr biden as the true menace,,NA
636,red sea attacks leave shipping companies with difficult choices attacks on two dozen ships since november are forcing shipping lines to figure out whether and when to skip the suez canal and send vessels on longer voyages around africa,,NA
637,in frothy awards season what role will israel hamas war play stars are increasingly vocal about political issues but the mideast conflict has divided hollywood magnifying the choice of whether to discuss the topic or remain silent,hamas,Lebanon
637,in frothy awards season what role will israel hamas war play stars are increasingly vocal about political issues but the mideast conflict has divided hollywood magnifying the choice of whether to discuss the topic or remain silent,hamas,Palestine
640,hezbollah fires rockets at israel in response to killing in beirut israel said it had fired back at militants involved in the rocket launches but the exchange stopped short of a major escalation,hezbollah,Lebanon
646,a warning about donald trump and 2024 americans cannot afford to tune out trump s campaign to regain power,,NA
648,after niger coup u s scrambles to keep a vital air base after the generals took charge the united states was forced to suspend operations at its most strategic military asset in sub saharan africa restarting them won t be easy,,NA
650,after the capitol attack companies pledged to rethink political giving did they a new analysis of corporate pac donations shines light on an opaque political giving landscape,,NA
653,transgender candidate in ohio is disqualified for not disclosing birth name vanessa joy who wanted to run for a state house seat said she was unaware of a statute that said candidates must disclose previous names on nominating petitions,,NA
661,russian attacks kill 11 civilians near eastern front ukraine says ukrainian officials said missile assaults had struck private houses trapping residents under the rubble and that the dead included five children,,NA
662,arno j mayer unorthodox historian of europe s crises dies at 97 a jewish refugee from the nazis he argued that world war i world war ii and the holocaust were all part of a second thirty years war,,NA
665,defense secretary kept white house in the dark about his hospitalization lloyd j austin iii issued a statement saturday night saying i take full responsibility for my decision about disclosure,,NA
666,on jan 6 anniversary trump repeats lie that 2020 election was stolen in a two hour speech in newton iowa the former president said those who attacked the capitol on jan 6 2021 had acted peacefully and patriotically,,NA
669,michigan republicans hold disputed vote to remove party leader the effort to oust the state s controversial g o p chair after infighting and financial troubles faces challenges from her allies and is likely headed to the courts,,NA
671,woman rescued from rubble in japan five days after deadly quake the survivor who was in her 90s was dug out from under a collapsed house injured but responsive,,NA
672,winter storm hits the northeast bringing a foot of snow to some areas forecasters warned of low visibility and dangerous driving conditions during the heaviest snowfall which could reach one to two inches per hour,,NA
676,dignified burials have become another casualty in gaza for four days kareem sabawi s body lay wrapped in a blanket in a cold empty apartment as his family sheltered nearby he was killed during intense israeli bombardment near his family home his father and mother said and in the days that followed it was too dangerous to step outside and lay their 10 year old child to rest,gaza,Palestine
677,the secret weapon of celebrity stylists comfortable shoes what do queen camilla julia roberts and gayle king have in common sole bliss the brand has become a go to for women who don t want to suffer foot pain,,NA
689,in beautyland an awkward alien reports from earth by fax machine in marie helene bertino s remarkable funny sad novel the young visitor and her mother find the means to persevere in the aisles of a cosmetics store,,NA
692,war brings tensions and assault rifles into an israeli college at the university of haifa more than 40 percent of students are arab some with family in gaza and many others have now been called up as soldiers,gaza,Palestine
694,two men down for ukrainian medics it was time to move they are the first line of treatment for soldiers wounded on the battlefield racing against time to try to save lives,,NA
700,the misguided war on the sat colleges have fled standardized tests on the theory that they hurt diversity that s not what the research shows,,NA
703,the road to the oscars a good year for movies means a competitive awards season,,NA
710,two more journalists killed in gaza including son of al jazeera reporter hamza al dahdouh the son of al jazeera s gaza bureau chief and a second reporter were killed in what officials in the territory said was an israeli airstrike two others were wounded,gaza,Palestine
714,vulcan rocket s inaugural launch carries moon lander to space here s what you need to know about united launch alliance and the robotic lunar spacecraft it is sending to orbit,,NA
719,she helped the lillys blossom now she ll champion her own work after years of fighting to win parity and recognition for women in theater julia jordan said everybody gets produced now there s much more competition in a good way,,NA
723,from lebanon to the red sea a broader conflict with iran looms with its proxies attacking from many vantage points and its nuclear program suddenly revived iran is posing a new challenge to the west this time with russia and china on its side,,NA
726,as west bank violence rises israel vows to pursue military goals in gaza diplomats toured the mideast sunday on a mission to stop the war from widening but tensions in the gaza strip spread across the region,gaza,Palestine
730,golden globes winners 2024 the complete list the winning films tv shows actors and production teams at the 2024 golden globe awards,,NA
731,pressure builds on pentagon to explain timeline of austin s hospitalization defense secretary lloyd austin has yet to disclose why he has been at walter reed national military medical center for the past week,,NA
732,2024 golden globes photos from the red carpet all the best looks from the first major award show of the year,,NA
741,lily gladstone becomes first indigenous person to win a golden globe for best actress the star of killers of the flower moon plays an osage woman whose husband is part of a murderous conspiracy,,NA
742,oppenheimer wins 5 golden globes and succession wins 4 the holdovers poor things and barbie all won multiple awards in the film categories while the tv shows beef and the bear each won three,,NA
745,what s on tv this week the curse and the critics choice awards the season ends for this showtime series with nathan fielder and emma stone while awards season begins,,NA
749,boeing max 9 plane had been barred from long flights over water alaska airlines restricted the use of the plane which lost part of its fuselage on friday because of a warning light that went off on previous flights an official said,,NA
750,vulcan rocket lifts off for the moon the rocket launched from cape canaveral fla early monday morning sending a robotic spacecraft toward the surface of the moon,,NA
755,n r a leader accused of unchecked spending as corruption trial begins the new york attorney general is seeking penalties against several current and former leaders of the embattled gun rights group,,NA
756,wealthy donors pull back from new york city s escalating problems philanthropists worry that the city s complex tangle of crises migrants homelessness housing the cost of living cannot be easily fixed,,NA
757,vulcan rocket aces its first launch despite problems with one of its payloads the new launcher s flight was flawless showing the potential of several vehicles that could chip away at spacex s dominance,,NA
758,russia pounds several ukrainian regions with missiles the attack killed at least four people wounded many others and caused heavy damage it came as moscow has intensified air assaults in recent days,,NA
761,my sister was murdered 30 years ago true crime repackages our pain as entertainment i grew up watching the brief beauty of my sister s life weaponized to usher in an era of mass incarceration and true crime obsession,,NA
772,robots learn chatbots visualize how 2024 will be a i s leap forward a i is set to advance at a rapid rate becoming more powerful and spreading into the physical world,,NA
778,how a conservative christian college got mixed up in the 2020 election plot hillsdale college has become quietly involved in many political fights including trump s attempt to overturn his defeat,,NA
787,how an obscure song became an a cappella sensation few people were aware of the 1994 single insomniac by the rock duo billy pilgrim and it quickly sank into obscurity but a cappella groups can t stop singing it we set out to find an explanation,,NA
791,world war ii era munitions found dumped off los angeles coast using a high tech underwater camera researchers identified anti submarine explosives smoke devices and boxes of munitions on the ocean floor,,NA
792,blinken says saudi arabia remains interested in diplomatic ties with israel the u s secretary of state on a trip to the middle east that included a meeting with the saudi crown prince said such a move would require an end to fighting in gaza and steps toward a palestinian state,gaza,Palestine
793,india s top court reverses early release of 11 men convicted of gang rape the case of bilkis bano who was three months pregnant when she was attacked became a powerful symbol of communal bloodshed and of the widespread violence against women in the country,,NA
794,exhausted on the defensive and at hell s gate in ukraine the country s forces along a broad stretch of the front say that with russia pushing forward the war has never been so dangerous,,NA
796,jonathan majors says he was shocked by assault conviction mr majors spoke on abc s good morning america his first interview since being convicted of misdemeanor assault and harassment for attacking his girlfriend in a car,,NA
803,many have preached politics from this pulpit but biden is the first president mr biden visited emanuel a m e church after a racist massacre in 2015 to mourn with a shaken congregation he returned monday to warn of the political threats of hate filled violence,,NA
807,pro palestinian demonstrators block n y bridge and tunnel traffic hundreds of demonstrators protesting israel s bombardment of gaza blocked the manhattan entrance to the holland tunnel and disrupted traffic on three major bridges,gaza,Palestine
813,israel says its military is starting to shift to a more targeted gaza campaign israeli officials privately say that they hope to complete the transition by the end of january but that the timeline could change,gaza,Palestine
814,tiktok quietly curtails data tool used by critics people and groups had harnessed the tool to scrutinize content on the site related to the israel hamas war and other topics,hamas,Lebanon
814,tiktok quietly curtails data tool used by critics people and groups had harnessed the tool to scrutinize content on the site related to the israel hamas war and other topics,hamas,Palestine
824,biden s harsh attack on trump in a campaign speech readers agree with the president that democracy is imperiled if his predecessor is elected also the japan plane crash how the movie munich resonates,,NA
827,man who attacked las vegas judge gets up to 4 years in prison the attack which was caught on video cut short a sentencing hearing for deobra redden on an earlier battery conviction he now faces additional charges in the assault on the judge,,NA
830,franz beckenbauer der kaiser of world soccer dies at 78 in west germany he revolutionized his central defense position and was one of only three people to win the world cup as a player and a coach,,NA
834,jo koy responds to golden globes criticism it s a tough room in an interview on the abc program gma3 the morning after the awards show koy said he would be lying if he said the criticism doesn t hurt,,NA
837,ukrainian residential buildings destroyed by russian air assault some civilians sheltered in subway stations as russia launched a widespread missile attack on regions across ukraine,,NA
838,chairman of florida republican party is ousted amid scandal gov ron desantis and senator rick scott had called for the resignation of the chairman christian ziegler who is being investigated for sexual assault,,NA
843,here s what to know about hezbollah s radwan force the elite unit of the lebanese armed group lost a commander in a strike on monday,hezbollah,Lebanon
847,4 aides to austin waited 2 days to tell white house about his hospitalization the defense secretary remains in the hospital but is in good condition and conducting official business the pentagon spokesman said,,NA
852,21 injured in explosion at fort worth hotel the episode which the authorities said was most likely caused by a gas leak caused substantial damage to the sandman signature hotel in downtown fort worth,,NA
854,hotel in downtown forth worth damaged after explosion witness videos showed debris strewn across the street outside the sandman signature hotel in fort worth,,NA
856,israel said it had begun a less intense phase of the war also the investigation into boeing planes here s the latest at the end of monday,,NA
859,don t be surprised if trump starts attacking the fed forewarned is forearmed it will be bad faith bullying,,NA
863,unity software to cut 25 of its work force the cuts follow a tough year in which the tech industry laid off tens of thousands of workers,,NA
865,israeli strikes in lebanon kill hezbollah commander militia says the latest strikes across israel s northern border came as the u s secretary of state made another trip to the middle east in efforts to prevent a wider war,hezbollah,Lebanon
866,oct 7 assaults including sexual violence could be crimes against humanity 2 u n experts say the experts statement came after the united nations had been the focus of months of frustrated accusations that it was ignoring the rape and mutilation of women during the oct 7 attacks,,NA
873,tuesday briefing israel s next phase of the war in gaza,gaza,Palestine
874,quotation of the day a leap forward for a i may occur in 2024 quotation of the day for tuesday january 9 2024,,NA
875,blinken begins meetings in israel amid deepening disagreements over the war secretary of state antony j blinken was meeting with top israeli officials on tuesday continuing diplomatic efforts to avert a broader war in the region,,NA
876,south korea bans dog meat a now unpopular food breeding killing and selling dogs for their meat will be banned in a country where it has fallen out of favor hundreds of thousands of the animal were still being bred for human consumption,,NA
878,the new space race is causing new pollution problems earth s stratosphere has never seen the amounts of emissions and waste from rockets and satellites that a booming space economy will leave behind,,NA
886,coveted cup the latest phone special edition sneakers a trendy tumbler what would you be willing to camp out even fight for,,NA
887,no that s not taylor swift peddling le creuset cookware the singer did not promote a giveaway of the popular cookware but an artificially generated version of her voice suggested otherwise,,NA
904,a city s campaign against homelessness brings stories of violence local officials called for residents to deter the homeless in kalispell mont but unhoused residents said they were then accosted and attacked,,NA
909,the hard truth of israel s endgame in gaza peter beinart warns that the country is committing a sin that cannot be atoned for,gaza,Palestine
912,for gaza s pregnant women and newborns the war will never be over even if the war ends tomorrow its effects will last a lifetime for new mothers and their children,gaza,Palestine
916,to win iowa trump turns to allies like marjorie taylor greene with the former president busy defending himself in court from 91 felony charges his campaign has deployed high profile conservatives to help fill the gaps in iowa,,NA
918,the f d a warned an asthma drug could induce despair many were never told singulair now a generic is still used by millions of people in the united states even after thousands of patients and dozens of studies have described harm,,NA
919,a glimpse inside a devastated gaza in the ruins of two gazan towns new york times journalists witnessed the sheer destruction that israel s war has wrought and the devastation of hamas s operations,gaza,Palestine
919,a glimpse inside a devastated gaza in the ruins of two gazan towns new york times journalists witnessed the sheer destruction that israel s war has wrought and the devastation of hamas s operations,hamas,Lebanon
919,a glimpse inside a devastated gaza in the ruins of two gazan towns new york times journalists witnessed the sheer destruction that israel s war has wrought and the devastation of hamas s operations,hamas,Palestine
920,u s navy sailor who helped china is sentenced to 2 years in prison wenheng zhao pleaded guilty to charges that he sent photos of american military installations and details of u s military exercises to an intelligence officer working for china,,NA
922,the afterlife of a gun how communities across the u s are fueling a secondary arms market with guns slated for destruction,,NA
923,saudi israel ties depend on steps toward a palestinian state blinken says in meetings with israeli leaders the u s secretary of state held out the prospect of saudi recognition to prod israel to curb combat operations in gaza and accept a path to palestinian statehood,gaza,Palestine
924,a missile a rocket or a satellite chinese flyover sows confusion in taiwan a warning from taiwan about a satellite erroneously called a missile in english raised concerns about chinese harassment days before an election,,NA
926,see how 2023 shattered records to become the hottest year month after month global temperatures didn t just break records they surpassed them by far this year could be even warmer,,NA
928,new york region is under high wind warning as forecasters warn of flooding authorities in new york and the surrounding area are warning residents to prepare for treacherous weather from tuesday night into wednesday,,NA
934,israel shifting war tempo tailors its messages for home and abroad israeli officials have told foreign journalists that they are starting to slow military operations in gaza while assuring the israeli public that the war against hamas will go on,gaza,Palestine
934,israel shifting war tempo tailors its messages for home and abroad israeli officials have told foreign journalists that they are starting to slow military operations in gaza while assuring the israeli public that the war against hamas will go on,hamas,Lebanon
934,israel shifting war tempo tailors its messages for home and abroad israeli officials have told foreign journalists that they are starting to slow military operations in gaza while assuring the israeli public that the war against hamas will go on,hamas,Palestine
937,world bank warns of energy price surge if mideast war spreads a new economic report predicted a year of weak growth and said the world faced a decade of wasted opportunity,,NA
940,4 killed as storms and likely tornadoes tear through southeastern u s gusty winds ripped through the florida panhandle downing power lines and trees,,NA
943,israel says it killed another hezbollah commander after back and forth attacks a deadly airstrike,hezbollah,Lebanon
946,a sharp warning about donald trump readers discuss an editorial that one called the full throated condemnation of donald trump that the facts demand also taylor swift trucking canadian hockey,,NA
950,fauda actor is seriously injured fighting in gaza the actor idan amedi underwent surgery to remove shrapnel from his body and was expected to recover israeli news media reported,gaza,Palestine
952,for anti trump republicans it all might come down to new hampshire with the iowa caucuses likely to be a battle for second place the next nominating state appears to offer the best chance of an upset defeat of donald trump,,NA
953,surprised by new details about austin s health white house orders review the president learned only tuesday that his defense secretary had been diagnosed with prostate cancer a month ago and had surgery under general anesthesia in december aides said,,NA
961,what do you wish you could do well as a companion to our new how to contest here are 10 questions to help you brainstorm some skills you d like to learn whether practical or just for fun,,NA
964,ray epps target of jan 6 conspiracy theory is sentenced to probation the onetime trump supporter was driven into hiding after fox news and prominent republicans spread a false narrative that he was a government agent who helped instigate the attack on the capitol,,NA
970,a new era in global heat scientists are asking whether the planet s warming is accelerating,,NA
972,austin was hospitalized for complications from prostate cancer surgery a spokesman said the white house which had been kept in the dark for three days about the defense secretary s hospitalization only learned of the diagnosis on tuesday,,NA
986,ecuador plunges into crisis amid prison riots and gang leader s disappearance the president declared a state of emergency and ordered the military to neutralize dozens of gangs gunmen stormed a tv studio as cameras rolled,,NA
988,ecuadorean law enforcement searches for escaped gang leader ecuadorean military and police patrolled the streets and searched residents following the disappearance of an imprisoned leader of a criminal gang,,NA
990,hilton head native who fought developers to save family land dies at 94 josephine wright s high profile legal battle with a land developer on the picturesque south carolina island drew support from snoop dogg kyrie irving and tyler perry among others,,NA
993,trump s immunity claim in court the judges seem likely to reject a key element of trump s defense in the election case,,NA
998,the secretary of defense can t go awol neither can america if we turn our back on the world there will be consequences,,NA
1002,natural gas played role in fort worth hotel explosion officials say a fire official said that the authorities had yet to determine the specific cause but that there was nothing to indicate any foul play,,NA
1004,virginia fisherman is linked to three 1980s killings police say alan w wilmer sr who died in 2017 was responsible for the homicides the authorities said including a double killing that was among a series known as the colonial parkway murders,,NA
1010,hochul warns of flooding risks and lingering power outages gov kathy hochul of new york said the most significant problems caused by the storm were likely to persist after it moved on,,NA
1018,what to know about the chaos in ecuador violence erupted across the south american country this week after a notorious gang leader disappeared from prison the president has declared a state of emergency,,NA
1024,in newark 16 year olds win the right to vote in school board races new jersey s largest city will allow 16 and 17 year olds to vote supporters hope it s the start of a statewide and national movement,,NA
1026,as u s support for ukraine falters europe splits on filling the gap president volodymyr zelensky of ukraine is likely to find strong backing on a trip to the baltic states but other nations are increasingly wary,,NA
1027,we live in constant fear violence erupts across ecuador chaos has consumed ecuador after gang leaders escaped prisons and armed men commandeered a live tv broadcast,,NA
1028,knife attacker hoped to end south korean s presidential bid police say the suspect had planned the attack last week on the country s opposition leader for months the police said and had written an eight page manifesto,,NA
1029,a closer look at what the u s lets you see of its war court at guantanamo bay the times explores the place where photography is allowed at guantanamo s secretive war court and explains what you can and cannot see,,NA
1036,the agony and determination of sderot the mayor of an israeli town attacked by hamas on oct 7 describes the devastation the will to recover and the source of its resilience,hamas,Lebanon
1036,the agony and determination of sderot the mayor of an israeli town attacked by hamas on oct 7 describes the devastation the will to recover and the source of its resilience,hamas,Palestine
1041,food assistance for mothers and children faces funding shortfall the agriculture department has warned that millions of eligible pregnant and postpartum women and their children could risk missing out on nutrition assistance if congress does not increase funding,,NA
1044,for this reporter the war in ukraine is also personal yaroslav trofimov grew up in kyiv our enemies will vanish records his experience as a journalist for the wall street journal assigned to cover the war,,NA
1045,the next front in the u s china battle over chips a u s born chip technology called risc v has become critical to china s ambitions washington is debating whether and how to limit the technology,,NA
1048,the shadow war to determine the next trump administration the king hasn t returned from exile but he is already inspiring acrimony and disarray among his courtiers,,NA
1049,an ultrasound experiment tackles a giant problem in brain medicine the effects of drugs that treat alzheimer s cancer and other illnesses are often limited by the blood brain barrier a small study suggests a way forward,,NA
1058,1 3 million homes in florida georgia and delaware a coastal house in santa rosa beach an antique rowhouse in savannah and a two bedroom condominium in wilmington,,NA
1061,u n expert will investigate reports of sex crimes by hamas israel says the official accepted israel s invitation and is expected to go there soon the foreign ministry said hamas has denied that its fighters committed sex crimes during the oct 7 attacks,hamas,Lebanon
1061,u n expert will investigate reports of sex crimes by hamas israel says the official accepted israel s invitation and is expected to go there soon the foreign ministry said hamas has denied that its fighters committed sex crimes during the oct 7 attacks,hamas,Palestine
1062,after a day of unsettled weather here s the forecast while conditions were calmer in the southeast u s rain was expected in maine and snow in parts of the west the new york region was facing brutal winds flood warnings remained in effect along the east coast,,NA
1063,blinken meets with abbas to talk about gaza s future the u s secretary of state spoke with mahmoud abbas the leader of the palestinian authority about the role the authority might play after israel s war with hamas,gaza,Palestine
1063,blinken meets with abbas to talk about gaza s future the u s secretary of state spoke with mahmoud abbas the leader of the palestinian authority about the role the authority might play after israel s war with hamas,hamas,Lebanon
1063,blinken meets with abbas to talk about gaza s future the u s secretary of state spoke with mahmoud abbas the leader of the palestinian authority about the role the authority might play after israel s war with hamas,hamas,Palestine
1068,how the war with hamas has damaged israel s tech firms and economy israel s technology sector a key part of the economy has been jolted by worker shortages and funding fears which could drive a wider slowdown in 2024,hamas,Lebanon
1068,how the war with hamas has damaged israel s tech firms and economy israel s technology sector a key part of the economy has been jolted by worker shortages and funding fears which could drive a wider slowdown in 2024,hamas,Palestine
1069,papua new guinea orders military to restore order as unrest rocks capital angry protests started after hundreds of police officers and other public servants appeared to walk off their jobs over a wage dispute,,NA
1070,botox destroyed what i liked about my face i didn t realize my wonky eyebrows were so dear to me until they were gone,,NA
1075,at an emotional governors awards painful losses and heartfelt tributes the academy honored mel brooks angela bassett the recently widowed editor carol littleton and sundance s michelle satter whose son died in a shooting,,NA
1078,december was one of the warmest on record in california the state s weather in 2023 wasn t especially toasty overall but december was an exception,,NA
1082,iowa nice vs new hampshire ornery a tale of spurned democrats in iowa democrats politely accepted president biden s decision to push them back on the presidential nominating calendar in new hampshire they re fighting it with live free or die stubbornness,,NA
1089,severe storms rip roofs off of homes in the southeast strong winds and likely tornadoes destroyed several buildings in the southeast,,NA
1090,sag award nominations 2024 it s a barbenheimer rematch the summer blockbusters each garnered four nominations notable snubs included leonardo dicaprio of killers of the flower moon,,NA
1091,democrats question semiconductor program s ties to wall st two progressive lawmakers warned the biden administration against creating a revolving door between industry and government as it prepares to hand out 39 billion in grants,,NA
1096,climate change is driving a sharp drop in snow levels study finds parts of the northern hemisphere are warming enough that their prospects of future snow are rapidly declining,,NA
1099,hunter biden appears on capitol hill as house g o p votes for contempt two house committees voted to approve a contempt of congress citation for president biden s son after he made a surprise appearance on capitol hill prompting bitter partisan fighting,,NA
1103,ecuadoreans split on president s drastic new measure to combat drug gangs vowing to bring peace back to a shattered country president daniel noboa has deployed the military to take on what he calls terrorist groups,,NA
1104,al shabab terrorist group captures u n helicopter in somalia somali officials said the helicopter was carrying nine passengers one of whom was killed the horn of africa nation is now grappling with how to rescue hostages from a group known for mistreating them,,NA
1115,menendez lashed out in the senate now he s fighting back in court lawyers for senator robert menendez filed a dismissal motion on wednesday offering a first glimpse into the new jersey democrat s defense strategy,,NA
1128,1 killed in avalanche at lake tahoe ski resort the avalanche at palisades tahoe in olympic valley calif drew a large emergency response one other person was treated for a minor injury the authorities said,,NA
1136,thursday briefing the fight against houthi rebels preview also violence in ecuador,houthi,Yemen
1139,trump has suggested violence could erupt if court cases do not go his way in recent days former president donald j trump has warned of bedlam in this country and big big trouble if courts were to rule against him,,NA
1140,standoff at presidential palace shows poland s right won t go quietly the incident escalated a campaign by the ousted law and justice party to resist the transfer of power after it lost its parliamentary majority in october,,NA
1145,after red sea barrage by houthis u s and allies weigh retaliation american officials and their allies warned that there would be consequences for the houthis the iranian backed armed group that has disrupted shipping in the red sea,,NA
1151,hunter biden s capitol visit surprised republicans and his father s advisers the white house is trying to keep its distance as the president s son deploys an aggressive new strategy,,NA
1153,chris christie ended his presidential bid also the u s weighs retaliation after red sea attacks here s the latest at the end of wednesday,,NA
1154,hamas says hostages won t go home alive as long as israeli forces remain in gaza netanyahu faces growing pressure to get the more than 100 hostages still held in gaza home safely,hamas,Lebanon
1154,hamas says hostages won t go home alive as long as israeli forces remain in gaza netanyahu faces growing pressure to get the more than 100 hostages still held in gaza home safely,hamas,Palestine
1154,hamas says hostages won t go home alive as long as israeli forces remain in gaza netanyahu faces growing pressure to get the more than 100 hostages still held in gaza home safely,gaza,Palestine
1159,why some people keep serious illnesses private defense secretary lloyd j austin iii is under scrutiny for concealing his prostate cancer diagnosis and treatment but experts say it can be a common coping mechanism,,NA
1168,chris christie goes down swinging at trump and pleading with his party as he ended his presidential campaign mr christie became the latest member of the republican old guard to deliver a dark warning about the danger of donald trump,,NA
1171,desantis and haley clash over military aid to ukraine nikki haley said u s aid to ukraine was essential to preventing a broader conflict while ron desantis said he didn t want the u s to be dragged into a war with no clear end,,NA
1174,thursday briefing houthi attacks in the red sea,houthi,Yemen
1176,google cuts hundreds of jobs in engineering and other divisions the company which has been working to trim expenses laid off employees who worked on core engineering the google assistant product and hardware such as the pixel phone,,NA
1179,5 takeaways from the haley desantis debate and trump s town hall trading attacks at a rapid clip nikki haley and ron desantis largely ignored the existence of the republican front runner who basked in his solo event before a friendly crowd,,NA
1182,quotation of the day a tv drama finally forces action on britain s post office scandal quotation of the day for thursday january 11 2023,,NA
1190,subway delayed again might be caused by a brake prank each year hundreds of subway riders pull the emergency brake for no good reason last week that kind of vandalism led to a derailment that injured dozens,,NA
1193,trump s fraud trial draws to an end with closing arguments the former president unexpectedly spoke in his own defense directly attacking new york s attorney general and the judge overseeing the case,,NA
1194,common credits ralph ellison for pointing him toward music invisible man made me feel seen and heard the rapper actor says i can return the favor his new book and then we rise a guide to loving and taking care of self is out this month,,NA
1203,fresh inflation data shows intact but bumpy cool down inflation remains faster than usual and month to month bumps are still likely as volatile prices fluctuate but it is making progress back toward a normal pace,,NA
1204,elton john s first auction in 21 years has it all boots to banksy the 900 items from his atlanta home include blue chip art by julian schnabel and richard avedon versace dinnerware and flamboyant costumes,,NA
1205,state legislators wary of deceptive election ads tighten a i rules sophisticated political deepfakes have warped elections overseas can u s legislators act fast enough to make a i campaign ads more transparent,,NA
1224,frozen garlic taiwan likes its democracy loud and proud at the island s election rallies warming up the crowd for candidates is crucial you have to light a fire in their hearts one host says,,NA
1230,the threat of a wider war in the middle east a string of attacks have heightened fears that the war in gaza could become a regional conflict,gaza,Palestine
1231,blinken meets with el sisi in egypt to discuss plight of palestinians in gaza the u s secretary of state also planned to talk about how to prevent the violence in the mideast from escalating further as iran backed militias ramp up attacks,gaza,Palestine
1233,inspections bottlenecks and safety concerns hinder gaza aid obstacles at two border crossings are exacerbating a growing humanitarian crisis according to two u s senators and officials with the u n and other groups,gaza,Palestine
1237,driving madeleine review a nonagenarian in paris the beloved french singer line renaud plays a woman who forms an unlikely bond with a surly cabdriver in this heart warmer,,NA
1239,papua new guinea leader declares state of emergency after violent riots there were signs the authorities had regained some control but the extent of damage and casualties from the unrest remained unclear,,NA
1240,judge in trump s civil fraud trial is swatted at his home authorities responded to a fake bomb threat at the home of justice arthur f engoron on the day he was set to hear closing arguments in new york s suit against donald trump,,NA
1246,what you re looking forward to in 2024 graduating from harvard trips abroad a 75th birthday and more,,NA
1249,u s military aid to ukraine was poorly tracked pentagon report says the report found that american officials and diplomats had failed to quickly or fully account for all of the nearly 40 000 weapons sent to the front,,NA
1253,as utility bills rise low income americans struggle for access to clean energy the biden administration has deployed various programs to try to increase access to clean energy but systems that could help lower bills are still out of reach for many low income households,,NA
1258,indiana university cancels major exhibition of palestinian artist samia halaby an 87 year old artist has been outspoken in her support of palestinians during the israel gaza war,gaza,Palestine
1267,why bill belichick fit in so well for so long in new england the head coach of the patriots who has parted ways with the team after 24 years won six super bowls with a taciturn approach that rewarded performance over potential,,NA
1269,looming starvation in gaza shows resurgence of civilian sieges in warfare a u n affiliated panel said the territory could tip into famine very soon international laws to protect people from human made famines offer little help,gaza,Palestine
1270,echo review marvel tries to have it both ways the entertainment behemoth s latest series for disney minimizes superheroics in favor of southwestern noir but there s a tug of war between its action thriller and cultural historical imperatives,,NA
1277,self reliance review find a friend save a life in this fleetingly amusing comedy a lonely loser becomes the target of reality show killers,,NA
1279,n f l awards voters hit the tape deciding who should be m v p or make an all pro team means keeping up with 272 three hour television episodes a season,,NA
1282,israel and hamas are in talks to deliver medicine to hostages in gaza more than 120 hostages are believed to still be held in gaza and many suffer from health conditions that require regular medical care,hamas,Lebanon
1282,israel and hamas are in talks to deliver medicine to hostages in gaza more than 120 hostages are believed to still be held in gaza and many suffer from health conditions that require regular medical care,hamas,Palestine
1282,israel and hamas are in talks to deliver medicine to hostages in gaza more than 120 hostages are believed to still be held in gaza and many suffer from health conditions that require regular medical care,gaza,Palestine
1289,inspector general to investigate handling of austin s hospitalization the independent review will be conducted in addition to assessments by the defense secretary s chief of staff and the white house after top officials were not notified of the episode for days,,NA
1290,maryland elections official resigns after arrest in jan 6 attack carlos ayala a member of the maryland state board of elections was charged in the district of columbia with civil disorder a felony for participating in the breach of the capitol in 2021,,NA
1299,a convicted criminal as the nominee trump s rivals avoid even raising it the former president s legal jeopardy offers an obvious line of attack for nikki haley and ron desantis but fears of voter blowback mean that cudgel remains largely unused,,NA
1301,did this couple inspire edward albee s who s afraid of virginia woolf a newly preserved andy warhol film documents a combative artist couple the playwright knew the movie is premiering in moma s to save and project,,NA
1310,blinken talks a grand vision for mideast peace but hits a wall in israel secretary of state antony j blinken conducted marathon diplomacy around the region but israeli leaders focused on war with hamas showed no interest in meeting demands like palestinian statehood,hamas,Lebanon
1310,blinken talks a grand vision for mideast peace but hits a wall in israel secretary of state antony j blinken conducted marathon diplomacy around the region but israeli leaders focused on war with hamas showed no interest in meeting demands like palestinian statehood,hamas,Palestine
1323,suspect pleads guilty in 2022 new year s eve attack on n y p d officers trevor bickford who used a machete to attack an officer near times square in the name of jihad pleaded guilty to attempted murder and assault,,NA
1329,edward jay epstein author and stubborn skeptic dies at 88 he questioned the findings of the warren commission called edward snowden a prized russian asset and exposed the diamond industry s economic impact,,NA
1331,u s missiles strike targets in yemen linked to the houthi militia the american led strikes came in response to more than two dozen houthi drone and missile attacks against commercial shipping in the red sea since the israel hamas war began,houthi,Yemen
1331,u s missiles strike targets in yemen linked to the houthi militia the american led strikes came in response to more than two dozen houthi drone and missile attacks against commercial shipping in the red sea since the israel hamas war began,hamas,Lebanon
1331,u s missiles strike targets in yemen linked to the houthi militia the american led strikes came in response to more than two dozen houthi drone and missile attacks against commercial shipping in the red sea since the israel hamas war began,hamas,Palestine
1338,who are the houthis and why is the u s attacking them the iranian backed militia has launched dozens of attacks on commercial ships in the red sea since the war between israel and hamas started,hamas,Lebanon
1338,who are the houthis and why is the u s attacking them the iranian backed militia has launched dozens of attacks on commercial ships in the red sea since the war between israel and hamas started,hamas,Palestine
1341,read biden s full statement on the strikes in yemen the president directed u s military forces to strike a number of targets used by the houthi militia after attacks on ships in the red sea,houthi,Yemen
1342,role play review mommy by day killer by night kaley cuoco plays a woman balancing a life of domesticity with her career as an assassin in this spineless comedy thriller,,NA
1346,variety acrostic david balton and jane stewart s puzzle reveals a timely quotation and a human truth,,NA
1347,u s and allies hit yemen with airstrikes videos verified by the new york times show explosions in yemen that targeted the houthi militia group which has been responsible for attacks against commercial shipping in the red sea,houthi,Yemen
1348,blizzard warning in iowa slows campaigns as race barrels to a close nikki haley has canceled her in person events on friday ron desantis and vivek ramaswamy are still planning some for now,,NA
1355,taiwan party reviled by china battles to prove its staying power the democratic progressive party has transformed taiwan into a bastion against chinese power now it is promising a mix of change and continuity,,NA
1370,u k pledges 3 billion in military aid to ukraine the annual british package is about 255 million more than in the past two years and is part of an effort to reassure kyiv amid concerns about a potential shortfall in western support,,NA
1372,audiobook of the week arnold schwarzenegger s be useful the audiobook might be less well useful than it is entertainingly honest unfiltered and even bizarre,,NA
1386,the constitution says insurrectionists can t hold office so what is trump david french walks us through the constitutional battle over whether the ex president can run again,,NA
1389,are iowa evangelicals on the trump train these pastors offer clues in 2016 evangelicals fueled a victory in iowa for ted cruz since then they ve tilted toward donald trump and been courted by ron desantis we asked several conservative christian pastors where they re leaning,,NA
1404,trump is playing with fire the former president manipulates the threat of violence as a form of political control,,NA
1413,u s led strikes draw fury from iran other critics also included militias allied with iran as well as oman a u s ally that often mediates between the houthis and international parties,,NA
1422,russell hamler last of world war ii s merrill s marauders dies at 99 the foot soldiers marched and fought through harsh mountainous jungle on a mission to seize a japanese held airfield dozens did not survive,,NA
1425,strikes are extremely unlikely to deter houthis experts say u s led airstrikes in yemen could play into the agenda of the houthis who have built their legitimacy on hostility toward the united states and israel scholars said,,NA
1434,review in cosmos female astronauts dance toward the stars a new show in paris by maelle poesy tells the story of the mercury 13 space program with choreographed movement and acrobatic sequences,,NA
1436,u s to seek death for man who killed 10 in racist supermarket massacre the decision to seek the execution of the man who carried out the slaughter in buffalo is a first for the biden administration the president ran in open opposition to the death penalty,,NA
1447,with producers guild nominations the oscar picture gets clearer barbie oppenheimer and killers of the flower moon made the cut as they did for the directors and actors groups but the color purple was left out,,NA
1455,the regional war no one wanted is here how wide will it get with the u s led attacks in yemen there is no longer a question of whether the israel hamas war will escalate into a wider conflict the question is whether it can be contained,hamas,Lebanon
1455,the regional war no one wanted is here how wide will it get with the u s led attacks in yemen there is no longer a question of whether the israel hamas war will escalate into a wider conflict the question is whether it can be contained,hamas,Palestine
1457,with genocide case against israel south africa challenges western led order after arguing its genocide case against israel at the international court of justice south africa won praise for standing up for palestinians under israeli bombardment in gaza,gaza,Palestine
1458,c i a homes in on hamas leadership u s officials say a new task force at the spy agency is also working to boost intelligence collection on hostages still held in gaza,hamas,Lebanon
1458,c i a homes in on hamas leadership u s officials say a new task force at the spy agency is also working to boost intelligence collection on hostages still held in gaza,hamas,Palestine
1458,c i a homes in on hamas leadership u s officials say a new task force at the spy agency is also working to boost intelligence collection on hostages still held in gaza,gaza,Palestine
1467,man killed son in 1989 then staged tearful tv discovery officials say after a fresh investigation into the death of 5 year old justin lee turner the south carolina authorities have charged his father victor lee turner and stepmother with murder,,NA
1469,chicago warms new migrants in idling buses as the weather turns nasty with snow and sleet falling on friday and frigid air expected to follow mayor brandon johnson said the city would not leave anyone out in the cold,,NA
1471,the price of carbon emissions plunged in 2022 and that s not good new data shed light on how difficult choices stemming from the war in ukraine changed energy policy,,NA
1476,e jean carroll doesn t want trump to make defamation trial a circus the writer next week will seek a second round of damages from the former president for his denials that he sexually assaulted her,,NA
1478,why jan 6 wasn t an insurrection comparing the capitol riot to the beer hall putsch and the whiskey rebellion,,NA
1479,three festival shows explore toxic society queens of sheba and volcano at under the radar and bacon at international fringe encore series expound on identity captivity and violence,,NA
1481,gaza is facing yet another communications blackout it is the ninth blackout the enclave has endured since the war began in early october,gaza,Palestine
1484,tesla and volvo to pause production in europe after red sea attacks the carmakers said they would suspend production at their plants in germany and belgium because of supply chain snarls linked to the attacks in the red sea,,NA
1488,desantis adviser continues campaign s sharp attack on haley ron desantis s deputy campaign manager accused nikki haley of greed a haley spokeswoman shot back saying mr desantis would say anything to distract from his flailing campaign,,NA
1491,bradley cooper paul giamatti and lily gladstone pick up awards in new york the stars were among the 17 honorees at the annual national board of review gala as awards season ramps up,,NA
1494,howard weaver who helped an alaska newspaper win 3 pulitzers dies at 73 the anchorage daily news was the smallest newspaper and the first in the state to earn the medal for public service in 1976 it then won two more,,NA
1495,court papers offer glimpse of trump s defense in classified documents case the former president s lawyers may question whether the documents he took from the white house were related to national defense and whether the country s security was damaged,,NA
1504,biden faults austin for judgment lapse but says he still has faith in him the pentagon took days to tell the white house that the defense secretary had been hospitalized raising grave questions about national security and the chain of command,,NA
1508,teenager killed while subway surfing in brooklyn officials say metropolitan transportation authority officials said it was the second subway surfing death in the past two months,,NA
1511,u s strikes against houthis in yemen for second day as conflict escalates the military fired at a target in response to rising attacks on red sea shipping which the houthis linked to the war between israel and hamas,hamas,Lebanon
1511,u s strikes against houthis in yemen for second day as conflict escalates the military fired at a target in response to rising attacks on red sea shipping which the houthis linked to the war between israel and hamas,hamas,Palestine
1516,u s led strikes leave yemen back on the brink of war yemen s houthi militia shaped by years of civil war says that it welcomes a battle with the united states and that strikes will not stop its red sea attacks,houthi,Yemen
1517,ecuador s attorney general took on drug gangs then chaos broke out explosive revelations by the country s top prosecutor showed links between cartels and officials a move that might be kicking the hornet s nest,,NA
1528,russia targets ukraine with large scale missile attack the assault was in line with a wider air campaign that russia began in late december seeking to wear down ukrainian air defenses,,NA
1530,in this spy novel business is very much personal ilium by lea carpenter follows a young woman torn between opposing forces in her double life,,NA
1537,after a rip roaring 2023 the markets are taking a breather the stock market s long term path has been persistently upward our columnist says but there have been plenty of setbacks and it s wise to prepare for more,,NA
1540,russia regains upper hand in ukraine s east as kyiv s troops struggle ukrainians are weary short of ammunition and outnumbered and their prospects look bleak we can stop them for now but who knows one soldier said tomorrow or the next day maybe we can t stop them,,NA
1547,on the ballot in iowa fear anxiety hopelessness as monday s caucuses approach voters casually throw around the prospect of world war iii and civil unrest anxious of divisions they fear are tearing the country apart,,NA
1548,how to watch the 75th emmy awards tv s top honors will finally be handed out on monday four months later than usual here s what to know,,NA
1549,a russian dissident s fraught path to canadian citizenship maria kartasheva was sentenced in absentia by a moscow court for criticizing the war in ukraine threatening her citizenship application in canada,,NA
1551,antihero worship the emmy awards are next week does it matter if you like the characters on the nominated shows,,NA
1552,u n warns gaza is heading for famine as specter of wider war looms officials of the iran backed houthi militia in yemen threatened to respond to american led airstrikes over the past two days,gaza,Palestine
1552,u n warns gaza is heading for famine as specter of wider war looms officials of the iran backed houthi militia in yemen threatened to respond to american led airstrikes over the past two days,houthi,Yemen
1555,to reward or punish how the culture wars came for dogs on the internet everything is polarized even dog training,,NA
1556,the things we disagree on about gaza readers challenge me on my criticism of israel s bombardment,gaza,Palestine
1558,the necessary risk of america s military strikes in yemen given the increasingly critical threat the houthis pose to the freedom of commerce and navigation in the red sea the united states had to act,,NA
1563,d e i goes quiet as corporate diversity equity and inclusion programs come under attack some companies are rebranding their efforts,,NA
1565,lloyd austin confronts the perils of being a private man in a public job president biden said his defense secretary made an error in judgment in not keeping the white house informed of his hospitalization but keeping a low profile has long defined the pentagon chief,,NA
1569,after years of delays amtrak moves toward faster trains in the northeast a new train for the busy washington to boston route has finally passed a computer modeling test and is set for tryouts on the tracks amtrak has no date yet for when it can carry passengers,,NA
1572,much of houthis offensive ability remains intact after u s led airstrikes the strikes damaged the group s ability to carry out complex missile and drone attacks u s officials said but identifying targets has proved to be a challenge,,NA
1573,in iowa nikki haley has the attention of democrats and independents ms haley has attracted the interest of non republicans who say they ll caucus for her as rivals attack her for an insufficiently conservative message,,NA
1575,two seal team members missing after incident off somalia coast the sailors were said to have disappeared into the water after a vessel boarding attempt pentagon officials said the episode was not related to recent clashes with the houthi militia in yemen,houthi,Yemen
1582,extreme weather batters cities across america millions of americans were under winter weather warnings as blizzards and freezing temperatures hammered the midwest and flooding inundated the northeast,,NA
1585,trump turns on ramaswamy just days before the iowa caucuses ramaswamy the wealthy entrepreneur had been the republican candidate most closely aligned with mr trump before the former president recently went on the attack,,NA
1609,how this climate activist justifies political violence the reason that people contemplate escalation is that there are no risk free options left says the author of how to blow up a pipeline,,NA
1614,war or no war many older ukrainians want to stay put the front line in ukraine is largely peopled by the elderly these days some can t afford to get out others say they won t abandon their homes,,NA
1615,new leader set to take over in guatemala raising hopes for a fragile democracy bernardo arevalo an anticorruption crusader had to fight to make it to sunday s inauguration his challenges are just beginning,,NA
1616,north korea test fires intermediate range ballistic missile the launch the first by the north this year indicates that the country may be developing a new missile that could threaten u s military bases in the region,,NA
1618,dangerous subzero wind chills blanket much of the u s more than 100 million people were under a wind chill warning or advisory on sunday as an arctic blast blanketed the country two people were killed in oregon after trees fell on their homes,,NA
1619,as war enters 100th day netanyahu vows to keep fighting in gaza the prime minister of israel struck a defiant tone after hearings at the hague where israel has been accused of genocide,gaza,Palestine
1631,the top reviewed chicken recipe in our cooking database i ve been making my five star oven roasted chicken shawarma for decades,,NA
1636,democrats fret that biden s power players are not at his campaign base president biden has a re election campaign with two distinct centers of gravity the white house and his delaware headquarters and advisers who are juggling two jobs at once,,NA
1640,the next battle in higher ed may strike at its soul scholarship cases involving stanford harvard and m i t are fueling skepticism over the thoroughness of research even from the academic world s biggest stars,,NA
1647,u s and iran battle through proxies warily avoiding each other iran wants to flex its muscles without directly taking on the u s or israel but that cautious strategy is subject to miscalculation on all sides,,NA
1648,critics choice awards 2024 all the must see red carpet looks dizzying necklines shimmering fabrics and bows that would not be ignored here s what you missed as the stars arrived,,NA
1652,iowa high school principal injured in perry shooting has died the principal dan marburger 56 died early sunday after he was shot earlier this month in a shooting at perry high school in perry iowa,,NA
1654,critics choice awards 2024 the complete winners list oppenheimer wins the top honor and continues its tremendous run the holdovers wins best actor supporting actress and newcomer,,NA
1661,as development alters greek islands nature and culture locals push back as a proliferation of pools threatens some water supplies and housing costs skyrocket people of the cycladic islands say the aegean islands character is being lost to real estate homogenization,,NA
1662,monday briefing 100 days of war in gaza,gaza,Palestine
1665,what s on tv this week emmy awards and fargo the television awards show that was postponed from 2023 airs on fox and the fx drama wraps up its season,,NA
1673,negative defensive and dark the final ads of the iowa campaign super pacs supporting nikki haley and ron desantis are closing with attacks on each other while the front runner donald j trump looks past them,,NA
1684,they thought they knew death but that didn t prepare them for oct 7 volunteers with zaka an israeli group that recovers dead bodies were among the first to reach the victims of the hamas led attacks the trauma of what they witnessed may last a lifetime,hamas,Lebanon
1684,they thought they knew death but that didn t prepare them for oct 7 volunteers with zaka an israeli group that recovers dead bodies were among the first to reach the victims of the hamas led attacks the trauma of what they witnessed may last a lifetime,hamas,Palestine
1685,happy days at 50 the fonz bought me a house in an interview the surviving members of the original cast ron howard donny most anson williams henry winkler and marion ross look back on the nostalgic hit which premiered jan 15 1974,,NA
1687,a fight over a fishing regulation could help tear down the administrative state the supreme court will hear arguments on wednesday over whether to overturn a key precedent on the power of executive agencies,,NA
1688,the war has reined in ukraine s oligarchs at least for now oligarchs have lost billions from the shelling of their factories and the government has used its wartime powers to break their political influence,,NA
1692,is trump steaming toward a candidacy sinking iceberg three writers look at iowa and beyond is there more than one ticket out of iowa,,NA
1701,another gun fight is looming in tennessee shunned by their own representatives republican gun safety advocates are throwing in their lot with democrats,,NA
1706,the smoothie stop by when a president tries to be a regular joe for a commander in chief retail campaigning isn t easy what with the counterassault team that follows him everywhere but president biden is starting to hit the hustings on every main street he can find,,NA
1708,apple to offer rare discount on iphones in china facing a weak consumer appetite and fierce competition from domestic rivals amid u s china tensions a typically discount wary apple is offering a four day sale,,NA
1709,the iowa caucuses and 100 days of war in gaza hear the news in five minutes,gaza,Palestine
1712,hamas says two more israeli hostages are dead the group said the two were killed by israeli airstrikes which the israeli military said was at least partly false,hamas,Lebanon
1712,hamas says two more israeli hostages are dead the group said the two were killed by israeli airstrikes which the israeli military said was at least partly false,hamas,Palestine
1714,car ramming attack in israel kills 1 and wounds 17 officials say two palestinian men were arrested according to the police who said the incident was being treated as a terrorist attack the french government said two of those injured were french nationals,,NA
1723,months after cyberattack british library crawls back online britain s national library made the first major steps in its recovery process after a ransomware group took down its website and online catalog,,NA
1725,biting cold sweeping u s hits the south with an unfamiliar freeze in texas where a 2021 storm killed 246 people and knocked out electricity for millions officials urged residents to conserve power,,NA
1728,grandfather who tried to break up fight is killed in subway shooting the victim richard henderson got shot stepping into an altercation that he had nothing to do with his wife said he was killed on a no 3 train,,NA
1731,u s defense secretary is released from the hospital after 2 weeks the secretary lloyd j austin iii kept the white house in the dark about his hospitalization for several days a major breach of protocol at the highest national security levels,,NA
1735,britain moves to ban the islamist group hizb ut tahrir the government said it would designate the international islamist political group a terrorist organization citing what it said was hizb ut tahrir s praise for the oct 7 attack on israel,,NA
1737,norm snead skillful loser as an n f l quarterback is dead at 84 a four time pro bowl selection he spent seven years with the philadelphia eagles where his record was better than the team s,,NA
1738,tuesday briefing houthis attack a u s ship also the iowa caucuses and indigenous tourism,,NA
1739,israeli teenager recounts her time as a hostage in gaza hila rotem shoshani 13 is the youngest of the hostages freed from gaza to speak out about the harsh conditions in which they were held,gaza,Palestine
1744,the needle returns for the new hampshire republican primary the needle can offer a much clearer picture of the outcome of an election than the early returns which are often biased toward a particular candidate,,NA
1746,why are the 2023 emmy awards taking place in 2024 the trophies were supposed to have been handed out in september but were delayed by hollywood s labor problems,,NA
1747,emmy winners the full list here are the winners from the 75th emmy awards which took place monday night,,NA
1749,see the looks from the emmys red carpet stars brought fringe floral and skin to the 75th emmy awards,,NA
1752,iran launches missile strikes in iraq and syria citing terrorist attacks explosions shook erbil a city in northern iraq and at least four civilians were killed local officials said syrian targets were also hit iran s revolutionary guards said,,NA
1753,houthis undeterred by strikes target more ships in red sea the iranian backed militants launched a fresh round of attacks days after their military sites were hit by u s and british forces,,NA
1758,jeremy allen white wins his first emmy for the bear the actor who last week won his second golden globe for his performance as the driven chef carmy added his first emmy to his trophy case for best actor in a comedy,,NA
1769,elton john secures egot with emmy win with elton john live farewell from dodger stadium he becomes the 19th person to win all four prestigious entertainment awards,,NA
1771,harris warns of profound threat to america s freedoms in a speech honoring the rev dr martin luther king jr the vice president denounced laws rolling back civil rights and emphasized the fights that await future generations,,NA
1772,at a strike delayed emmys succession succeeds one last time the bear was named best comedy and beef best limited series at the 75th emmy awards,,NA
1773,tributes to norman lear and matthew perry mark the in memoriam segment the emmys paid tribute to the actors writers and producers who died since the last awards,,NA
1774,vivek ramaswamy wealthy political novice who aligned with trump quits campaign a self funding entrepreneur mr ramaswamy peaked in late august but deflated under attack from his rivals he dropped out after the iowa caucuses and endorsed donald j trump,,NA
1776,quotation of the day war in ukraine pulls oligarchs off their perch quotation of the day for tuesday january 16 2024,,NA
1777,tuesday briefing a houthi attack on a u s owned ship,houthi,Yemen
1780,5 takeaways from trump s runaway victory in the iowa caucuses the former president crushed ron desantis and nikki haley and also benefited from their close battle for second which seems set to prolong a three way race,,NA
1790,n y reconsiders capitol artworks that offend native americans gov kathy hochul has ordered a review of art in the capitol that depicts native americans often in ways that glorify violence against indigenous people,,NA
1792,jury selection in trump s defamation trial has watchful eyes his as e jean carroll whom donald trump assaulted decades ago seeks millions to deter his verbal attacks the former president tries to make a political virtue of his legal travails,,NA
1795,north korea says it is no longer interested in reunifying with the south abandoning the longtime goal however unlikely kim jong un the north s leader instead threatened to subjugate south korea in war,,NA
1805,best and worst moments from the 2023 emmys most of the awards on monday night went to favored shows like succession and the bear but the ceremony delayed from september still had a few surprises,,NA
1817,senate rejects israel human rights measure but skepticism on aid persists senators voted to kill a resolution that would have ordered the administration to assess whether israel has violated human rights but the debate highlighted democratic resistance to providing unfettered aid,,NA
1823,even the battle for second turned out well for trump in iowa a dominant victory and little momentum for his rivals,,NA
1826,israel unearths more of a subterranean fortress under gaza the israeli military has been surprised by the extent depth and quality of the tunnel network beneath gaza,gaza,Palestine
1827,trump s domination and the battle for no 2 in iowa the 2024 presidential race began with a hefty win for donald trump can any republican challenge his command of the party,,NA
1835,2 missing seals were on mission to stop yemen bound iranian weapons u s says the seized items including missile guidance systems and warheads were for the iran backed houthi militia which has been targeting ships in the red sea the pentagon said,houthi,Yemen
1836,do you recognize these lines from classic young adult novels test your memory with this short quiz featuring popular and award winning books,,NA
1837,zelensky calls for peace not more weapons in davos in a speech in switzerland the ukrainian president asked for more sanctions on moscow but he did not appeal for weaponry for new offenses,,NA
1838,the big buzz at davos a i ukraine china and the middle east c e o s and world leaders gather in the swiss alps this year as war trade risks and disruptive new technologies loom large,,NA
1846,one plane clips another at japan airport weeks after deadly runway blaze nobody was injured in the episode on tuesday which took place on the country s northern island of hokkaido amid heavy snow,,NA
1849,bringing a diversity of hip hop dance to the concert stage the highlight of the street dance festival motion matter at the perelman performing arts center came at the end an all styles battle that honored roots,,NA
1850,rex heuermann faces fourth murder charge in gilgo beach serial killings mr heuermann is accused of killing maureen brainard barnes the last of the so called gilgo four whose bodies were found along a desolate beach,,NA
1853,go ahead and double the greens in these recipes gochujang potato stew buttery lemon pasta with arugula and skillet hot honey chicken are all excellent places to hide additional greens,,NA
1855,lawsuit claims james dolan pressured woman into sex in the court filing the woman also says harvey weinstein sexually assaulted her in a 2014 encounter that she believes was set up by mr dolan both men denied her accusations,,NA
1861,u s strikes houthi targets in yemen for a third time the american strikes destroyed four missiles that posed a threat to ships in the red sea the pentagon said they came on the third day in a row the houthis have defiantly fired at passing ships,houthi,Yemen
1865,synopsys strikes 35 billion deal to buy ansys the deal was the latest sign of changes in the tech sector as artificial intelligence booms and sales of some hardware slows,,NA
1868,zvi zamir israeli spy chief in a critical period dies at 98 he led the mossad s response to the massacre of 11 israelis at the 1972 olympics a year later he learned that egypt and syria were about to attack israel,,NA
1869,christina applegate s resilience shone through at the emmys the actress referenced her chronic illness with humor as a defense mechanism and a disarmament,,NA
1878,deadly iranian strikes in iraq and pakistan inflame regional tensions iran says its missile strikes were aimed at militant groups behind attacks on its territory but pakistan and iraq rejected that explanation,,NA
1883,restaurant review at eulalie a warm welcome is a phone call away this new place in tribeca a successor to the simone uptown offers old fashioned values and an old fashioned way of taking reservations,,NA
1894,after gloomy warnings adams unveils n y c budget that s not so dire proposing a 109 billion budget mayor eric adams said that new york city s financial outlook had improved but he still called for more federal funding to help pay for the migrant crisis,,NA
1896,macron promising a more dynamic france vows to break taboos the president also said during a televised appearance he would fight to the last to prevent the far right leader marine le pen from succeeding him,,NA
1898,bloomberg and crypto billionaire among donors to adams s legal defense mayor eric adams of new york set up the fund amid a broad federal corruption investigation into his campaign s fund raising practices,,NA
1901,malaysian prisoners plead guilty to conspiring in 2002 bali bombing the men who have been held by the united states for two decades as lieutenants to a southeast asian terrorist entered pleas at guantanamo bay,,NA
1902,the genocide charge against israel is a moral obscenity in a war the killing ends when one side stops fighting in a genocide that s when the killing begins,,NA
1904,hamas rocket barrage stirs debate in israel over direction of war right wing lawmakers said the attack on tuesday showed the folly of withdrawing some troops from the gaza strip while israel s government faces international pressure to scale back further,hamas,Lebanon
1904,hamas rocket barrage stirs debate in israel over direction of war right wing lawmakers said the attack on tuesday showed the folly of withdrawing some troops from the gaza strip while israel s government faces international pressure to scale back further,hamas,Palestine
1904,hamas rocket barrage stirs debate in israel over direction of war right wing lawmakers said the attack on tuesday showed the folly of withdrawing some troops from the gaza strip while israel s government faces international pressure to scale back further,gaza,Palestine
1913,u s to return houthis to terrorism list the move is a partial return to a tougher trump administration stance toward the iran backed group which has attacked commercial ships in the red sea and the gulf of aden,,NA
1917,wednesday briefing u s attacks in yemen,,NA
1920,in new hampshire haley and desantis were asked about race in america it got awkward nikki haley said in an interview that america has never been a racist country desantis responded in a town hall that we had challenges with how race was viewed,,NA
1921,a peaceful solution on taiwan is slipping away taiwan s election showed that the island s people want their freedom leaving china few options aside from war to achieve the unification it desires,,NA
1941,to be a palatable jew in germany in 1940 in the u s today victor klemperer considered himself a german above all else his diaries of life in the third reich chronicle his painful awakening to violent antisemitism,,NA
1942,a reporter s journey into how the u s funded the bomb watching oppenheimer a journalist wondered how did the president get the 2 billion secret project past congress,,NA
1946,this month warm up with a sizzling hot romance novel our romance columnist on four saucy january releases,,NA
1947,are you a super driver some states want to help you go electric a small share of motorists burns about a third of america s gasoline a study found switching to electric vehicles would make a huge dent in climate warming emissions,,NA
1953,what will be nominated for oscars next week and what won t while oppenheimer barbie and killers of the flower moon are likely to do well the directors race is hardly set and other categories are open too,,NA
1955,tiktok invaded this cruise for content maybe someday it ll come for you even if you didn t sign up for the reality tv treatment your life may be mined for drama and packaged for consumption by influencers,,NA
1958,amtrak moves slowly toward an acela successor a long overdue replacement for the trains on the boston to washington corridor finally passed computer modeling tests,,NA
1961,ann arbor school board set to vote on israel gaza ceasefire resolution the proposed resolution has divided the left leaning michigan college town home to sizable arab and jewish populations,gaza,Palestine
1962,auction of nelson mandela items set after court fight with government south africa tried to force the return of what it deemed heritage objects but a court sided with mandela s daughter who plans to use the sale to finance a memorial garden,,NA
1968,don t ditch standardized tests fix them assessing the academic skills of elementary and middle school students matters more than ever,,NA
1972,the messy fight over the sat many u s colleges have stopped requiring standardized tests on the theory that they hurt diversity that view might be misguided,,NA
1977,iranian strike leaves pakistan with no easy options for response retaliation could risk drawing the country which is already mired in political and economic crises into middle east upheaval that it has so far avoided,,NA
1978,3 killed in oregon as northwest braces for more freezing rain ice and snow three people died in portland after a power line fell on a car widespread power outages were affecting parts of the state and some counties declared states of emergency,,NA
1979,fireworks factory explosion in thailand kills at least 20 the blast leveled the facility and was the second such deadly accident in the country since 2022 the police are investigating the cause,,NA
1987,iran says missile strikes show it will be tough and decisive with foes the country has hit targets in syria iraq and pakistan with missiles this week signaling to hard line supporters that it is not passive in the face of threats,,NA
1999,phone and internet service in gaza is down for a seventh day it is the longest blackout since the start of the war according to the strip s main communications company which says it is unable to make repairs amid the fighting,gaza,Palestine
2006,he killed a man turks wonder why a well connected somali went free after a crash that killed a motorcycle courier a son of somalia s president faced prison now it will be a fine of about 900,,NA
2012,goldman files censure against stefanik for calling jan 6 defendants hostages the resolution accuses the no 4 house republican of helping to peddle the voter fraud conspiracy theories that fueled the jan 6 2021 attack at the capitol,,NA
2013,muttered insults stern warnings inside trump s second defamation trial the former president s right to be at his trial can be forfeited the judge warned e jean carroll is seeking at least 10 million in damages for his denials that he sexually assaulted her,,NA
2019,ana tijoux s first album in a decade fights sorrows with joy on vida the chilean songwriter celebrates the life force,,NA
2026,an my le seeks herself in the landscape the artist reflects on witnessing war up close and then photographing it at a distance,,NA
2031,thursday briefing iran raises military threats also how language affects memory as we age,,NA
2033,sunak quells rebellion on immigration for now the british prime minister s plan to send refugees to rwanda passed a critical vote but more hurdles lie ahead,,NA
2034,woman who plotted her mother s killing in bali gets 26 years in u s prison the woman heather mack conspired with her boyfriend to kill her mother sheila a von wiese in 2014 then stuffed her in a suitcase,,NA
2036,do political ads even matter anymore a confluence of political forces and changing media behavior are testing their efficacy in the trump era,,NA
2044,as if we didn t have enough to frighten us north korea is acting strangely and some veteran analysts fear war,,NA
2048,as fighting intensifies in southern gaza palestinians flee hospital refuge israel and hamas are battling near a hospital in khan younis near where the military said it had detected mortar fire about 7 000 people had sought shelter on the hospital grounds the u n said,gaza,Palestine
2048,as fighting intensifies in southern gaza palestinians flee hospital refuge israel and hamas are battling near a hospital in khan younis near where the military said it had detected mortar fire about 7 000 people had sought shelter on the hospital grounds the u n said,hamas,Lebanon
2048,as fighting intensifies in southern gaza palestinians flee hospital refuge israel and hamas are battling near a hospital in khan younis near where the military said it had detected mortar fire about 7 000 people had sought shelter on the hospital grounds the u n said,hamas,Palestine
2053,man is arrested in queens stabbing spree officials say the man was charged with attempted murder after a citywide manhunt the authorities said he randomly attacked people with a hunting knife,,NA
2056,man who assaulted six officers on jan 6 is sentenced to 5 years in prison kenneth bonawitz of pompano beach fla was described by prosecutors as one of the most violent people to participate in the 2021 riot at the capitol,,NA
2059,pakistan retaliates with strikes inside iran as tensions spill over the exchange of attacks came as the upheaval sweeping the middle east threatened to expand,,NA
2062,thursday briefing missile strikes by iran,,NA
2063,ann arbor school board passes resolution supporting cease fire in gaza in a raucous meeting the board became one of the first in the country to vote for a statement supporting an end to hostilities in the israel hamas war,gaza,Palestine
2063,ann arbor school board passes resolution supporting cease fire in gaza in a raucous meeting the board became one of the first in the country to vote for a statement supporting an end to hostilities in the israel hamas war,hamas,Lebanon
2063,ann arbor school board passes resolution supporting cease fire in gaza in a raucous meeting the board became one of the first in the country to vote for a statement supporting an end to hostilities in the israel hamas war,hamas,Palestine
2064,a week after deadly riots a fragile peace in papua new guinea a wage dispute prompted violent unrest in the pacific nation which experts call evidence of the effects of its demographic challenges,,NA
2075,will tourists return to the middle east after the israel hamas conflict decimated travel in the middle east last year some countries are seeing a rebound in bookings welcome news to a region heavily reliant on foreign visitors,hamas,Lebanon
2075,will tourists return to the middle east after the israel hamas conflict decimated travel in the middle east last year some countries are seeing a rebound in bookings welcome news to a region heavily reliant on foreign visitors,hamas,Palestine
2079,i s s review ariana debose s turn as a space warrior the actress stars in this low wattage thriller about russian and american astronauts facing off aboard the international space station,,NA
2087,will hotels finally beat rentals in the lodging tug of war new restrictions on short term rentals in some big cities may boost occupancy in hotels but many travelers still prefer airbnb and the like particularly in rural areas,,NA
2092,do you know how much a home costs guess again a survey found the u s cities where residents have the best awareness of changing housing prices,,NA
2100,see the rapid expansion of tent camps in southern gaza satellite images show the huge influx of displaced people in rafah as more evacuees have moved south to avoid areas under israeli bombardment,gaza,Palestine
2104,john fetterman endorses andy kim in high stakes new jersey senate primary the pennsylvania senator the first among his colleagues to weigh in on the primary battle to oust the indicted senator robert menendez said he had concerns about tammy murphy s g o p history,,NA
2108,what the houthis really want the iran backed militia has been targeting ships in the red sea and launching attacks against western military forces,,NA
2109,iran s new missile fleet part deterrent part sales pitch last year the world discovered that iran s drones were becoming world class threats and a favorite of the russians now its revived missile fleet is drawing attention too,,NA
2110,fighting near gaza hospital and trump sharpens attacks on haley hear the news in five minutes,gaza,Palestine
2111,after a warmer thursday bitter cold will return across the u s thursday will bring a slight break from the arctic air that overtook the country this week the chilly weather will return friday and saturday,,NA
2120,oppenheimer leads bafta nominees christopher nolan s movie received 13 nods and will compete for best picture against the likes of killers of the flower moon and poor things but not barbie,,NA
2129,arnold schwarzenegger detained over pricey watch at munich airport he ll be back to face criminal tax charges,,NA
2133,don t laugh and drive u s cracks down on funny highway warnings federal officials want states to use good judgment and avoid humorous highway signs that may confuse or distract drivers state officials say witty signs break through the noise,,NA
2135,the kitchen review no direction home directing their first feature kibwe tavares and daniel kaluuya spin a warmly humane story of cross generational connection,,NA
2136,protests in russia put spotlight on wartime ethnic grievances the trial and conviction of an activist in the ural mountains region sparked one of the biggest outbreaks of social unrest since the start of the war,,NA
2137,ruth wilson on the true horrors of the woman in the wall her fictional character lives in an unstable reality and may have killed someone but the history of ireland s notorious magdalene laundries is all too real,,NA
2138,warming recipes for cold days mushroom risotto with peas habanero chicken and broccoli and bricklayer style nachos chase away winter s chill,,NA
2139,houthi leader says clash with u s will strengthen militia group abdul malik al houthi said in a televised speech that the houthis had always emerged stronger from confrontations with their enemies,houthi,Yemen
2140,understanding donald trump s appeal readers discuss a column by bret stephens also freedom of expression police courtesy cards domestic violence in new york,,NA
2151,brazilian police make arrest in killing of new york art dealer the suspect knew brent sikkema according to the police and was arrested at a gas station about 600 miles northwest of rio de janeiro,,NA
2158,netanyahu rebuffs u s calls to start working toward palestinian statehood the biden administration and the israeli government diverge sharply over how gaza should be governed when the war ends,gaza,Palestine
2159,what to watch this weekend boy swallows universe our tv critic recommends a dreamy violent netflix drama from australia based on a book by trent dalton,,NA
2162,a coffee shop wedding goes viral for the wrong reasons a disagreement between a wedding party and the owners of a coffee shop in indianapolis escalated into a social media debate over wedding etiquette,,NA
2170,south african government seeks to halt auction of mandela items the government said that it is seeking to appeal a court ruling that had allowed the proposed online auction of some of nelson mandela s belongings to move forward,,NA
2171,why donald trump is facing e jean carroll in court a second time a jury already found that the former president sexually assaulted e jean carroll a former magazine writer and defamed her why is he in court again,,NA
2175,why iran is the common link in conflicts from gaza to pakistan iran s long history of building up proxy forces that fight its enemies around the region as well as its conflicts with separatist and terrorist groups have played into a spate of recent conflicts,gaza,Palestine
2176,friday briefing pakistan retaliates with strikes in iran also corruption accusations in singapore and travel predictions,,NA
2178,friday briefing pakistan retaliates with strikes in iran also corruption accusations in singapore,,NA
2180,war is on the agenda in davos but the focus is elsewhere the leaders and executives gathering at the world economic forum are obsessed with elections and artificial intelligence not ukraine or gaza,gaza,Palestine
2183,no labels asks the justice department to investigate its critics the group said efforts to oppose it and incendiary statements were evidence of an unlawful conspiracy such a complaint is unusual in politics where attacks and pressure campaigns are common,,NA
2189,justice department found unimaginable failure in uvalde response also fighting has eased in northern gaza here s the latest at the end of thursday,gaza,Palestine
2199,how pedro pascal followed doctor s orders on the red carpet after a shoulder injury the actor had been making awards season appearances in a sling zegna s artistic director explained how one strikingly minimalist version came to be,,NA
2201,house committee seeks testimony from austin on hospitalization the chairman of the house armed services committee said that congress must understand what happened and who made decisions to prevent the disclosure of the whereabouts of a cabinet secretary,,NA
2206,iowa teen who killed 2 fellow students gets 65 years in prison preston walls 19 killed rashard carr 16 and gionni dameron 18 who were in the same alternative school program in what the authorities called a gang related shooting,,NA
2207,the one question that led to love during a night of stargazing ali angco was trying to be a wing woman for a friend who liked ian chua but she accidentally charmed him instead,,NA
2212,macron shifts rightward and charts a new course with a decisive turn toward youth and conservative ideas the french president sets a path for his reshuffled government,,NA
2213,taiwan s democracy draws envy and tears for visiting chinese people with personal ties to china on a tour to see taiwan s election up close learned of the island s path to democracy messy violent and ultimately inspiring,,NA
2214,israeli women fight on front line in gaza a first after a long struggle for acceptance israel s female combat soldiers are pushing new boundaries after rushing into battle on oct 7,gaza,Palestine
2222,how biden s immigration fight threatens his biggest foreign policy win the debate over immigration in the united states is spilling over into other parts of president biden s agenda particularly the war in ukraine,,NA
2225,a map without israel plunges a grade school into a political firestorm a social media post invited attacks on an arabic arts teacher in brooklyn parents say the backlash went too far,,NA
2226,in no position to fight a war pakistan seeks an off ramp with iran for two years pakistan has struggled with economic and political crises an increase in militant attacks and souring relations with another neighbor afghanistan,,NA
2233,getting ready for the worst just in case in an anxious time courses in wilderness survival and military tactics are thriving,,NA
2241,johnson s big problem house republicans lack a governing majority with a tiny margin in the house right wing rebels defections and democratic control of the senate and white house the g o p has relied on democrats to head off calamity sapping its leverage,,NA
2244,i have no idea how this ends i ve never seen it so broken thomas friedman takes stock of the war over 100 days in,,NA
2246,senators seek answers from pentagon on troops blast exposure lawmakers from both parties wrote to defense secretary lloyd j austin iii on thursday demanding to know what was being done to safeguard troops brains from the blasts caused by their own weapons,,NA
2256,kali uchis orquideas reviewed our critic calls the fourth album from the colombian american singer forward looking and delightful,,NA
2259,snow closes schools as next round of arctic air moves east officials warned of slippery commutes with snow likely from the midwest to the northeast on friday frigid temperatures will surge east through saturday but warmer weather is on the way,,NA
2264,israeli soccer player in turkey removed over gaza war post the player eden karzev was fined and moved to an israeli team he is the second israeli pro this week to run afoul of a turkish team for displaying pro israel messages,gaza,Palestine
2269,a famed cemetery is nearly full can it reuse old graves to add more space to lie in the vicinity of karl marx is competitive with graves running upward of 31 000 highgate cemetery in london is trying to add more space,,NA
2280,what s in the new tax deal budget watchdogs warn that temporary changes to the tax code that are being debated on capitol hill will lead to more deficits in the long run,,NA
2281,ukraine targets russian oil plants aiming to disrupt military operations kyiv hit an oil depot on friday the latest in recent attacks on such facilities as it seeks to inflict damage away from the largely deadlocked front line,,NA
2283,often rumored dead sudanese general takes a victory tour lt gen mohamed hamdan was greeted by african leaders as if he had already won sudan s civil war his forces have secretly been armed by the united arab emirates an as yet unpublished u n report found,,NA
2284,families head to guantanamo bay seeking justice in bali bombing case relatives of victims of the 2002 attack are expected to describe their loss to a u s military jury sentencing two malaysian prisoners,,NA
2287,biden cancels another 5 billion in student loan debt most of the borrowers who will benefit from the latest wave of relief are teachers nurses firefighters and others in public service,,NA
2293,ron desantis is quietly starting to build his off ramp from 2024 mr desantis praised donald j trump s victory in iowa he admitted to an early strategic error and he s begun casting his eyes forward to 2028,,NA
2303,netanyahu is turning against biden israel has been at war with hamas for over 100 days and still has over 100 hostages to recover but netanyahu s no 1 focus is netanyahu,hamas,Lebanon
2303,netanyahu is turning against biden israel has been at war with hamas for over 100 days and still has over 100 hostages to recover but netanyahu s no 1 focus is netanyahu,hamas,Palestine
2308,german lawmakers agree to ease path to citizenship proponents say the reforms will draw more skilled workers to the country but that opponents warn the legislation will lessen the value of german nationality,,NA
2312,jack burke jr who won 2 major golf titles in a season dies at 100 a top professional in the postwar years he won the masters and the p g a championships in 1956 at his death he was the oldest living champion of both,,NA
2315,biden presses netanyahu on working toward a palestinian state the two leaders spoke for the first time in weeks their call came a day after the israeli leader rebuffed u s efforts to pressure him into a two state solution,,NA
2324,in davos israel s hostages get a hearing i say a jewish prayer and ask let today be the day says the mother of a hostage,,NA
2329,the u s strikes more houthi sites in yemen the strikes the sixth round in 10 days targeted houthi missiles that were poised to attack merchant and military vessels in the red sea according to a white house official,houthi,Yemen
2330,with deal close on border and ukraine republican rifts threaten to kill both a divided g o p coalesced behind a bit of legislative extortion no ukraine aid without a border crackdown now they are split over how large a price to demand imperiling both initiatives,,NA
2345,ousted florida republican party chairman won t be charged with sexual assault but the sarasota police department has asked prosecutors to charge the former chairman christian ziegler with video voyeurism,,NA
2353,divisions emerging in israel over gaza war protesters demanded action to free hostages a war cabinet minister criticized the military campaign and the israeli prime minister publicly ruled out a two state solution rebuffing the u s,gaza,Palestine
2357,sundance kicks off with jodie foster robert downey jr and kristen stewart at the opening night gala for the film festival celebrating its 40th edition actors and filmmakers reflected on what kept them coming back,,NA
2359,after uvalde challenges endure for the police despite clear protocols the failures in texas underscored the challenge of mass shootings for all police officers be ready to rapidly use deadly force in some cases but try to de escalate in others,,NA
2370,fire kills 13 in a school dorm in central china the private school is for kindergarten and elementary school pupils though many details of the disaster remained unclear it drew widespread attention on china s internet,,NA
2376,police chief is indicted over south korea s deadly crowd crush kim kwang ho charged with negligence is one of the most senior officials to face legal consequences for the october 2022 disaster that killed nearly 160 people in seoul,,NA
2381,the legal question at the center of the alec baldwin criminal case the actor was told the gun he was rehearsing with on the rust set which fired and killed the cinematographer held no live ammunition can he be found guilty of manslaughter,,NA
2395,words cast in lead and an era remade the rev dr martin luther king jr s obituary was written well before he was killed in memphis,,NA
2399,in strategic bind israel weighs freeing hostages against destroying hamas some israeli commanders said the government s two main goals were mutually incompatible to eradicate hamas the military would have to engage in a lengthy war that would most likely cost the hostages lives,hamas,Lebanon
2399,in strategic bind israel weighs freeing hostages against destroying hamas some israeli commanders said the government s two main goals were mutually incompatible to eradicate hamas the military would have to engage in a lengthy war that would most likely cost the hostages lives,hamas,Palestine
2400,as missiles strike a radio station broadcasts the rage of a battered city kharkiv in northern ukraine is under almost daily bombardment radio boiling over serves as a megaphone for residents fears and frustrations,,NA
2409,when states try to take away americans freedom of thought government moves to limit what people can say are an escalation after years of policing speech in other ways,,NA
2410,new haley ad to play up her foreign policy expertise and subtly hit trump a 3 minute commercial set to run on monday features a mother whose son died just after his release from north korea it may remind voters of donald trump s friendliness toward the country s dictator,,NA
2415,no end in sight evacuated israeli city braces for possible war with hezbollah as tensions escalated on israel s northern border with lebanon after oct 7 israel evacuated tens of thousands of residents from the region including from kiryat shmona a town with 24 000 people months later evacuees remain in limbo and the mayor insists they cannot return until hezbollah militants are pushed back,hezbollah,Lebanon
2419,no end in sight evacuated israeli city braces for possible war with hezbollah as tensions escalated on israel s northern border with lebanon after oct 7 israel evacuated tens of thousands of residents from the region including from kiryat shmona a town with 24 000 people months later evacuees remain in limbo and the mayor insists they cannot return until hezbollah militants are pushed back,hezbollah,Lebanon
2422,biden campaign sharpens its post roe message abortion is about freedom in events next week the president and vice president will argue that abortion access is crucial to personal freedoms and warn of what is at stake if donald j trump is re elected,,NA
2424,haley s policy pitch recalls a bygone era before trump s rise nikki haley s calls for muscular international engagement and cuts to future social security benefits have elicited withering attacks from donald j trump they used to be republican orthodoxy,,NA
2425,3 girls were abducted and stabbed in 1975 now they know who did it investigators in indiana said genetic genealogy had helped them determine that thomas edward williams attacked two sisters and a friend and left them in a cornfield they survived he died in prison in 1983,,NA
2427,mocking haley trump adds to his long history of racist attacks the former president is again focusing on race and background as he campaigns against nikki haley in new hampshire,,NA
2428,airstrike in syria kills 4 iranian military advisers officials say iran accused israel of launching a strike that destroyed a building in damascus syria killing members of its powerful revolutionary guards forces,,NA
2431,lev rubinstein russian poet and a critic of putin is dead at 76 he helped found an avant garde movement fusing art and prose and was outspoken against the invasion of ukraine he died after he was hit by a car in moscow,,NA
2432,palestinian american teenager is killed in the west bank tawfic abdel jabbar 17 who was fatally shot on friday was raised in new orleans and had planned to attend business school there,,NA
2436,haley hits trump on age suggesting he is in decline nikki haley s attack on donald j trump s mental fitness was her sharpest yet with just days before new hampshire s first in the nation primary,,NA
2437,america is under attack inside the anti d e i crusade the backlash against wokeism has led a growing number of states to ban d e i programs at public universities thousands of emails and other documents reveal the playbook and grievances behind one strand of the anti d e i campaign,,NA
2438,attacks in syria and iraq ratchet tensions in a region already on edge a senior iranian intelligence official was killed in an israeli strike in damascus as u s troops came under attack in iraq,,NA
2439,bill iffrig runner in iconic boston marathon bombing photo dies at 89 mr iffrig had run in more than 50 marathons but gained national attention in 2013 for being photographed after the blast knocked him to the ground,,NA
2444,how houthi attacks have upended global shipping hundreds of ships are avoiding the red sea and sailing an extra 4 000 miles around africa because of the houthi attacks and it comes at considerable economic cost,houthi,Yemen
2457,volodymyr zelensky s greatest performance in the showman the journalist simon shuster trails the entertainer turned wartime president as he rallies the world for support,,NA
2458,an atheist chaplain and a death row inmate s final hours devin moss spent a year ministering to convicted killer phillip hancock together they wrestled with one question how to face death without god,,NA
2461,where textile mills thrived remnants battle for survival apparel makers in the carolinas say trade policy must change because of a boom in tariff free shipments to u s consumers from foreign manufacturers,,NA
2465,in france a conviction for police brutality but little expectation of change a police officer who seriously injured a 22 year old black man with a baton during an arrest in 2017 was convicted but given only a suspended sentence,,NA
2468,is kim jong un really planning an attack this time an intensification of nuclear threats from north korea while the world is preoccupied with other wars has ignited an urgent debate over mr kim s motives,,NA
2469,he loved basketball and wanted to help his family stores a bullet ended it all a palestinian american teenager was killed by gunfire the west bank this is a shock to the whole family the community and anyone else with a heart that knows him a relative said,,NA
2473,war has already hurt the economies of israel s nearest neighbors the impact on global growth of the middle east violence has so far been contained that s not the case for egypt lebanon and jordan which were already struggling,,NA
2480,first black women to cover the white house are honored in the briefing room alice dunnigan and ethel l payne had to fight sexism and racism to cover one of the most prominent beats in the world now they are being honored for their contributions to journalism,,NA
2481,when violence was what the doctor ordered adam shatz s the rebel s clinic a new biography of the psychiatrist and revolutionary frantz fanon aims to restore complexity to a man both revered and reviled for his militancy,,NA
2486,deadly blast hits market in ukrainian city controlled by russia officials say the pro moscow authorities in the eastern city of donetsk said 25 people were killed and 20 others were wounded it was not possible to independently confirm which side launched the strike,,NA
2488,deep under gaza evidence of cells and hostages israel says the israeli military took reporters on a tour of an underground compound in the gazan city of khan younis where it says about 20 hostages were held by hamas,gaza,Palestine
2488,deep under gaza evidence of cells and hostages israel says the israeli military took reporters on a tour of an underground compound in the gazan city of khan younis where it says about 20 hostages were held by hamas,hamas,Lebanon
2488,deep under gaza evidence of cells and hostages israel says the israeli military took reporters on a tour of an underground compound in the gazan city of khan younis where it says about 20 hostages were held by hamas,hamas,Palestine
2489,why i m voting a fisherman urges republicans to confront climate change peter whelan is a lifelong conservative from portsmouth n h he wants republicans to respond to the warming waters that threaten the fishing industry and his livelihood,,NA
2490,u n chief says gaza death toll is unacceptable as it passes 25 000 palestinian authorities said on sunday that more than 25 000 people had been killed in the gaza strip in the israel s military response to the oct 7 attacks,gaza,Palestine
2496,monday briefing u s pushes for new hostage talks plus the meaning of north korea s threats,,NA
2497,three killed in medical helicopter crash in oklahoma the three crew members onboard lost contact with their company s control center on saturday night after completing a patient transfer in oklahoma city officials said,,NA
2499,is kristen stewart the queen of sundance this year she stars in two of the festival s most discussed films so far love me opposite steven yeun and love lies bleeding with katy o brian,,NA
2500,as u s and militias engage white house worries about a tipping point the number of attacks on american troops in the middle east increases the risk of deaths a red line that could lead to a wider war,,NA
2515,modi opens a giant temple in a triumph for india s hindu nationalists the temple inaugurated by the prime minister is on the disputed site of a centuries old mosque destroyed in a hindu mob attack that set a precedent of impunity in cases of violence against muslims,,NA
2517,monday briefing the latest from the war in gaza,gaza,Palestine
2519,why india s ram temple is a big win for modi prime minister narendra modi fulfilled a decades long promise with the inauguration of the temple which his hindu nationalist base has compared to the vatican but it also stirs memories of a violent past,,NA
2520,why iran doesn t want a war iran is asserting its military strength amid the widening regional turmoil in the middle east that doesn t mean its leaders want to be drawn into a wider war,,NA
2522,2 navy seals declared dead after mission to stop iranian weapons the u s military has ended a 10 day search for the commandos who went overboard during the mission off the somalia coast,,NA
2523,israel s foreign minister speaks in brussels amid discord at home over the war israel s foreign minister was in brussels on monday to address his counterparts from the european union as part of a diplomatic battle to win support from the bloc amid deepening criticism over the human toll of the war and prime minister benjamin netanyahu s refusal to consider palestinian statehood,,NA
2538,snowy peaks rushing rivers and schnapps to warm your soul all across the tyrol region of austria alpine farms and distilleries tempt skiers and other wintertime visitors with a strong nip of a local tradition,,NA
2545,a border wall to the north republicans want to discuss presidential candidates warning of terrorists criminals and traffickers have drawn a national spotlight to the nation s border with canada but proposals for a southern style wall have not exactly appeared to catch on,,NA
2557,biden and harris target abortion laws and trump on roe s 51st anniversary the president said abortion restrictions have no place in the united states the vice president was more blunt these extremists are trying to take us backward but we re not having that,,NA
2563,haley gets a trump matchup but now faces the trump machine as nikki haley celebrated ron desantis s departure from the republican primary donald j trump turned his firepower toward his final rival,,NA
2564,the rules of war what does international law say about israel s attack on gaza,gaza,Palestine
2566,the decline of deaths in gaza the daily death toll in gaza has fallen in half over the past month reflecting a change in war strategy,gaza,Palestine
2568,in a sign of the war s shift daily deaths in gaza are falling data shows for more than a month now the biden administration and other allies of israel have been urging its leaders to scale back the war in gaza and reduce civilian casualties it s now clear that israel s leaders have followed the advice at least partially the most tangible sign of the change is the decline in deaths among gazan residents as reported by the hamas controlled local government,gaza,Palestine
2568,in a sign of the war s shift daily deaths in gaza are falling data shows for more than a month now the biden administration and other allies of israel have been urging its leaders to scale back the war in gaza and reduce civilian casualties it s now clear that israel s leaders have followed the advice at least partially the most tangible sign of the change is the decline in deaths among gazan residents as reported by the hamas controlled local government,hamas,Lebanon
2568,in a sign of the war s shift daily deaths in gaza are falling data shows for more than a month now the biden administration and other allies of israel have been urging its leaders to scale back the war in gaza and reduce civilian casualties it s now clear that israel s leaders have followed the advice at least partially the most tangible sign of the change is the decline in deaths among gazan residents as reported by the hamas controlled local government,hamas,Palestine
2589,protesters storm meeting at israel s parliament to demand more action on hostages advocates and relatives of hostages urged lawmakers to do more to free their loved ones shame on you one yelled,,NA
2590,fighting intensifies in southern gaza and its main city khan younis the whole district of khan younis is essentially besieged a spokeswoman for the palestinian red crescent society said,gaza,Palestine
2594,a new concern on the ukrainian battlefield north korea s latest missiles as the war approaches its second anniversary the russians are beginning to deploy north korean arms worsening ukraine s troubles while it still awaits new air defenses from the united states,,NA
2611,depardieu sexual assault suit dropped over statute of limitations helene darras a french actress had accused gerard depardieu of groping her in 2007 on a movie set a separate investigation of the actor is proceeding paris prosecutors said,,NA
2616,tuesday briefing north korean missiles in ukraine plus a revolutionary way to feed the world,,NA
2625,bali bombers may return to malaysia after sentencing the two prisoners have admitted to conspiring with an affiliate of al qaeda that carried out a deadly bombing in indonesia two decades ago,,NA
2627,u s expands attacks on houthis with new strikes in yemen the strikes against eight sites come as the iran backed militant group remains defiant and the region teeters on the edge of a wider war,,NA
2628,joseph hayden who fought for ex felons voting rights dies at 82 a former lieutenant in a harlem drug gang he earned two academic degrees in prison and became an advocate for parolees and convicts,,NA
2629,after freeze grips much of u s a warm respite beckons some cities could see a temperature swing of more than 50 degrees time to hit the zoo,,NA
2630,ruth ashton taylor early radio and tv newswoman dies at 101 in the late 1940s she was the only woman working on radio documentaries for cbs s edward r murrow in los angeles she was a pioneering newscaster and anchor,,NA
2631,new york city schools will teach about antisemitism and islamophobia all middle and high school principals will receive new training after the system faced criticism for doing too little to address the israel hamas war,hamas,Lebanon
2631,new york city schools will teach about antisemitism and islamophobia all middle and high school principals will receive new training after the system faced criticism for doing too little to address the israel hamas war,hamas,Palestine
2641,trump and haley gear up for new hampshire primary nick corasaniti a political reporter for the new york times explains the importance of the new hampshire primary and what potential results could mean for the race going forward,,NA
2647,israel e u meeting on gaza s future yields division and confusion europeans insisting on palestinian statehood are frustrated by israel s opposition and lack of a postwar plan for the devastated gaza strip,gaza,Palestine
2649,ex u s soldier who killed iraqi civilian charged with attacking police on jan 6 edward richmond jr 40 of geismar la was convicted of manslaughter after he shot a cow herder in iraq in 2004 he now faces felony assault charges in connection to the 2021 capitol riot,,NA
2655,at columbia student protesters say they were attacked with chemicals after pro palestinian students said they had been sprayed with a foul smelling substance during a demonstration the university began an investigation and barred those accused from campus,,NA
2661,remote african hub reopens for migrants headed toward europe agadez a desert outpost in the west african country of niger was officially closed to migration for years in a deal with the european union now the gate has reopened,,NA
2666,last known remains tied to green river killer are identified a texas lab helped washington state officials identify the bones more than 40 years after the teen went missing,,NA
2682,swatting and the dangerous rise of political violence swatting isn t a harmless prank it s a sign of a deeper disorder in american politics,,NA
2683,jury to decide if mother of michigan school shooter is guilty too jury selection began on tuesday in the trial of jennifer crumbley whose son ethan crumbley killed four students in 2021 in a rare move prosecutors have charged both of his parents with involuntary manslaughter,,NA
2685,with melodrama and memes a yakuza game series charms america the like a dragon role playing games follow a gangster through facsimiles of japanese cities with earnest goofiness they ve found an international audience,,NA
2687,brittany howard taps into the ancestors and finds a new groove the singer and guitarist socked away songs grappling with frustration pain and love during the pandemic they became her powerful second solo lp what now,,NA
2698,the great freight train heists of the 21st century the explosion of the e commerce economy has created an opportunity for thieves and a conundrum for the railways,,NA
2704,israel says its military has encircled khan younis in gaza the fighting in the southern city has involved heavy exchanges of gunfire and a surge of tanks and troops into areas around hospitals,gaza,Palestine
2706,the shadowy story of oppenheimer and congress a reporter s journey into how the u s funded the bomb,,NA
2707,trump vs haley in new hampshire and north korean missiles in ukraine plus menu trends to watch,,NA
2709,russian missiles hit ukrainian cities amid fears over air defenses the assault killed at least five people and wounded scores in kyiv and kharkiv ukraine is pushing for further american military aid which has been stalled in congress,,NA
2713,oscar nominees 2024 see the full list the complete list of academy award nominees for 2024,,NA
2716,an english mystery what killed 7 giant tortoises found in the forest several giant tortoises were found dead in ashclyst forest in southwest england what happened is anyone s guess,,NA
2717,in vietnam star crossed lovers brave the tides of war andrew x pham s first novel twilight territory imagines an unlikely romance during a nation s fight for independence,,NA
2719,a hazard for visitors to colombia devil s breath powerful sedatives are behind a spate of violent crimes u s officials say many victims are americans in medellin who use dating apps,,NA
2720,lily gladstone on her history making oscar nomination i didn t expect that i would cry the way that i did said the actress who is up for best actress for her role in killers of the flower moon,,NA
2732,after years f b i recovers remains of american woman in afghanistan the recovery of cydney mizell an aid worker abducted in 2008 demonstrates the intricacies of tracking down hostages particularly in a country where the united states no longer has a presence,,NA
2739,cillian murphy i m kind of a little in shock the oppenheimer star shares what his first oscar nomination feels like and strange awards season experiences,,NA
2754,there is no safety gazans scramble to find shelter as israeli attacks intensify palestinians in gaza are packing up and moving on some for the fifth sixth or seventh time,gaza,Palestine
2765,full appeals court spurns request by trump to end gag order in election case the former president now has one option left if he wants to keep fighting the order appealing to the supreme court,,NA
2769,turkey backs sweden s nato bid the vote in the turkish parliament puts the nordic nation closer to joining the military alliance easing months of friction that have impeded efforts by the west to isolate russia over its war in ukraine,,NA
2774,what is nato and how has the war in ukraine changed it this western mutual defense alliance is central to the pushback against russia even though ukraine is not a member,,NA
2779,yfn lucci pleads guilty to gang charge ahead of trial the rapper was part of an indictment brought by the district attorney in fulton county ga who is pursuing a separate racketeering case against young thug and ysl,,NA
2781,f d a issues warning of cancer risk linked to car t therapies the agency has reviewed reports of cancer patients whose treatments resulted in the development of secondary blood cancers several companies will be required to carry the new warning,,NA
2787,nikki haley battles long odds in new hampshire also turkey backed sweden s nato bid here s the latest at the end of tuesday,,NA
2790,u s strikes 3 sites in iraq linked to militias blamed for base attack the strikes were in direct response to a series of attacks by iranian sponsored militias against u s and coalition personnel in iraq and syria the defense secretary said,,NA
2791,for people fleeing war u s immigration fight has real life consequences the biden administration has allowed more than a million people into the united states temporarily under a program that republicans in congress want to limit,,NA
2794,israeli soldiers clearing buffer zone in gaza die in blast on the deadliest day for israelis since the ground invasion against hamas began about 20 soldiers were killed as they prepared to level buildings near the border,gaza,Palestine
2794,israeli soldiers clearing buffer zone in gaza die in blast on the deadliest day for israelis since the ground invasion against hamas began about 20 soldiers were killed as they prepared to level buildings near the border,hamas,Lebanon
2794,israeli soldiers clearing buffer zone in gaza die in blast on the deadliest day for israelis since the ground invasion against hamas began about 20 soldiers were killed as they prepared to level buildings near the border,hamas,Palestine
2797,biden brushing off gaza protesters at rally calls for restoring abortion rights the event was interrupted by at least 10 people protesting the war in gaza but the president focused on calling attention to restrictive abortion laws,gaza,Palestine
2799,fire rips through abkhazia gallery destroying nearly 4 000 artworks this georgian region lost a collection that is considered a national treasure but only russia and a few allies recognize it as a nation at all,,NA
2803,for barbie fans online a bitterly ironic oscar snub greta gerwig and margot robbie missed academy award nominations for director and actress respectively a fact that was a little too on the nose for some,,NA
2804,out of an apocalyptic movie san diego residents describe flood escape the san diego region was overwhelmed by a surprisingly intense storm that flooded homes and turned roadways into rivers some residents wondered why they did not receive more warning,,NA
2808,6 day rail strike halts most trains in germany the walkout over pay and hours is the most significant in years at the national train operator which warned of a massive reduction in service,,NA
2810,trump s win adds to air of inevitability as haley sharpens edge the former president s victories in iowa last week and in new hampshire on tuesday leave his main republican rival nikki haley with an uphill battle,,NA
2811,the u s strikes 2 more houthi targets in yemen the attacks the ninth in two weeks hit anti ship missiles that the iran backed militia could use against merchant and navy ships in the region,houthi,Yemen
2818,netflix is said to license sex and the city from hbo media companies that had been reluctant to are increasingly offering shows to netflix which is pulling further ahead in the streaming wars,,NA
2822,jimmy kimmel processes the new hampshire primary kimmel said republicans had a choice between the woman who would become their party s first ever female nominee for president or the first guy on trial for defamation related to sexual assault,,NA
2828,amid a housing crunch religious groups unlock land to build homes faith based organizations are unlocking their real estate to develop affordable housing but they face challenges from reluctant local residents wary lenders and strict zoning laws,,NA
2832,how a ragtag militia in yemen became a nimble u s foe the iran backed houthis perfected the tactics of irregular warfare during years of conflict against a saudi led coalition military officials say,,NA
2834,honed at home in yemen houthi propaganda is going global as the war in gaza gives the houthi militia an international audience the group has seized the opportunity to take its message far beyond yemen s borders,houthi,Yemen
2834,honed at home in yemen houthi propaganda is going global as the war in gaza gives the houthi militia an international audience the group has seized the opportunity to take its message far beyond yemen s borders,gaza,Palestine
2836,country singer chris young is arrested at a nashville bar the musician was released on bond for charges of disorderly conduct assaulting an officer and resisting arrest,,NA
2837,popular thai opposition politician wins election law case but the legal troubles for pita limjaroenrat who was blocked by the military junta from becoming prime minister are far from over,,NA
2843,the man who could unseat netanyahu in the wake of the oct 7 attacks benny gantz has emerged as the most likely candidate to take on israel s current prime minister,,NA
2848,barbie is adapted maestro original let s fix the screenplay categories there s a way to classify screenplays for oscar consideration that would reward creativity and make much more sense unlike the current system,,NA
2859,israel orders evacuation of packed gaza area with 2 major hospitals hundreds of thousands of people most of them already displaced by the war are in the evacuation zone part of the city of khan younis the united nations said,gaza,Palestine
2863,a lincoln trove lands at the library the new york public library is acquiring the collection of jonathan mann an abraham lincoln expert who died last summer after a random attack on the manhattan bridge,,NA
2867,military plane crashes in russia killing all aboard moscow says the russian defense ministry claimed that the transport plane was carrying 65 ukrainian prisoners of war and accused ukraine of shooting it down the claims could not be independently verified,,NA
2869,why the g o p nomination fight is now over donald trump won the republican primary in new hampshire over his lone rival nikki haley,,NA
2873,unauthorized renovation work caused fire that killed 39 in china nine people were also injured in the blaze which officials said was a result of workers renovating a cold storage unit in violation of regulations,,NA
2879,orban uses sweden s nato bid to take center stage in europe the hungarian leader has repeatedly opposed european efforts to boost europe s security in response to russia s invasion of ukraine he also blocked a 52 billion aid package for ukraine,,NA
2880,russian military plane crashes near border with ukraine a video verified by the new york times showed a large plane crashing and exploding in yablonovo a town in the belgorod region of russia,,NA
2888,minnesota state trooper charged with murder in shooting of motorist an investigation into the fatal shooting of ricky cobb ii during a traffic stop last year exposed tensions between law enforcement officials and prosecutors,,NA
2895,jon stewart will return to host the daily show on mondays stewart who hosted the comedy central show from 1999 to 2015 will also be an executive producer,,NA
2903,giant waves surge into u s military base in the marshall islands an unexpected surge of waves crashed through a set of doors at u s army garrison kwajalein atoll on roi namur causing significant damage,,NA
2907,israel and hamas s cease fire and hostage deal proposals what to know the negotiations continue but the sides are far apart on issues including the fate of hamas s top leadership in the gaza strip,hamas,Lebanon
2907,israel and hamas s cease fire and hostage deal proposals what to know the negotiations continue but the sides are far apart on issues including the fate of hamas s top leadership in the gaza strip,hamas,Palestine
2907,israel and hamas s cease fire and hostage deal proposals what to know the negotiations continue but the sides are far apart on issues including the fate of hamas s top leadership in the gaza strip,gaza,Palestine
2910,howard golden who led and defended brooklyn dies at 98 before it staged a revival he was the borough s president and democratic leader for a quarter century sometimes clashing with mayors,,NA
2913,powerful waves slam u s army base in the marshall islands a video circulating on social media showed water rushing into a room at u s army garrison kwajalein atoll as a series of unexpected waves surged across the low lying island of roi namur,,NA
2916,shipping costs soar in wake of red sea attacks ships risking houthi attacks must pay high insurance premiums while vessels avoiding the region lose time going around africa,houthi,Yemen
2923,moma sued by artist who performed nude in marina abramovic work the artist john bonafede says museum officials failed to prevent visitors from sexually assaulting performers in the 2010 show,,NA
2928,thursday briefing military plane crashes in russia plus can the world s biggest cruise ship be climate friendly,,NA
2932,the daily stories on the conflict between israel and gaza listeners of the daily hear israelis and gazans express their fears hopes and experiences in real time,gaza,Palestine
2938,new hampshire showed trump s strengths and weaknesses also a russian military plane crashed near ukraine here s the latest at the end of wednesday,,NA
2946,melanie singer who made a solo splash at woodstock dies at 76 just 22 when she charmed the festival crowd she went on to enjoy success with songs like lay down and brand new key,,NA
2956,haley looks to fight on home turf which her rival claims as trump country nikki haley facing growing doubts and pressure to drop out has winnowed the race to a one on one contest and is looking to make her case in south carolina,,NA
2960,israel tries to rebut genocide charge by declassifying cabinet decisions south africa has accused israel of committing genocide in gaza israel s legal team has challenged the charge by providing the court with secret orders made by israel s civilian and military leaders,gaza,Palestine
2961,from opposite sides of war a hunt for elusive facts the israel hamas conflict has produced a prodigious amount of disinformation putting people who fact check claims especially those who live in the region back on their heels,hamas,Lebanon
2961,from opposite sides of war a hunt for elusive facts the israel hamas conflict has produced a prodigious amount of disinformation putting people who fact check claims especially those who live in the region back on their heels,hamas,Palestine
2962,in a new cannabis landscape a navy veteran battles for racial equity wanda james is on a mission to empower entrepreneurs from communities harmed by racial disparities in marijuana arrests,,NA
2964,no time to go wobbly why britain is lobbying u s republicans on ukraine the u k often a wingman to the united states in defense is pushing its ally to stand firm against president vladimir v putin amid fears that russia poses an existential threat to europe,,NA
2965,thursday briefing a military plane crash near the russian border,,NA
2966,when chaos erupted in ecuador disinformation followed as violence broke out an overwhelming flood of online disinformation further disoriented the nation,,NA
2979,after its big setback new jersey awards 2 offshore wind contracts the awards came just three months after a developer backed out of two contracts to supply power to new jersey,,NA
2982,dan jones turned to fiction after dinner with george r r martin you ve got to know when you re onto a good thing says the prolific historian british tv personality and author of wolves of winter the second novel in his hundred years war trilogy,,NA
2983,my mosque preached damnation but grand theft auto offered thrills the sprawling and violent world of grand theft auto san andreas was a complicated indulgence for a black muslim teenager,,NA
2990,judge john hodgman s case for categorizing star wars as fantasy the series has never been science fiction,,NA
2996,she looked for her missing brother now people are looking for her the violent abduction of volunteer searcher lorenza cano is yet another fresh wound for the hundreds of mothers looking for mexico s missing,,NA
3000,how killers of the flower moon presses up against the limits of empathy the movie offers clues about how a reckoning with american colonialism must begin,,NA
3003,the people s president vs the donor class there s a war raging inside the republican party and the matchup between donald trump and nikki haley lays it bare,,NA
3008,2024 oscar nominations our awards season reporter helps us sift through the snubs and surprises of this year s awards,,NA
3012,for second time this month a politician is attacked in south korea bae hyunjin of the country s governing party was assaulted in seoul and taken to a hospital the attack came three weeks after another politician was stabbed,,NA
3015,israel tries to rebut genocide charge and a drought in the amazon plus jon stewart s return to late night,,NA
3018,american star review armed and vacationing ian mcshane stars as an assassin killing time in the canary islands,,NA
3021,miller s girl review teacher s dirty looks martin freeman and jenna ortega fight pheromones and cliche in this eye rolling duel between a teacher and his student,,NA
3023,arsonist sentenced to death for killing 36 people in 2019 kyoto studio fire shinji aoba was charged with murder in 2020 after dousing a studio with gasoline and lighting it on fire on thursday he was found guilty,,NA
3025,ukraine searches for answers on russian plane crash moscow has accused ukraine of downing the craft which it says carried 65 ukrainian p o w s the claims cannot be independently verified kyiv says russia is exploiting the episode for propaganda,,NA
3038,russian court jails woman over blast that killed influential military blogger daria trepova gave maksim fomin who was known more popularly as vladlen tatarsky a statuette that contained a bomb,,NA
3039,the secretive court fight roiling new york s democratic socialists the state s elections watchdog says a socialist group improperly spent hundreds of thousands of dollars on the 2022 elections clawing it back could upend the movement s finances,,NA
3045,new resources for teaching about the israel hamas war here is an updated collection of new york times articles essays podcasts and videos to help students learn about the war media literacy dueling historical narratives and more,hamas,Lebanon
3045,new resources for teaching about the israel hamas war here is an updated collection of new york times articles essays podcasts and videos to help students learn about the war media literacy dueling historical narratives and more,hamas,Palestine
3055,are his parents responsible a mass shooter s mother goes on trial a teenager killed four students at his high school in oxford mich in 2021 at his mother s trial prosecutors said his parents could have stopped him,,NA
3060,plans for gaza s day after seem ever distant the very idea that there will be a clear line between war and peace is misleading given the politics security needs and anxieties of all sides,gaza,Palestine
3061,u s is watching north korea for signs of lethal military action a shift by kim jong un north korea s leader toward open hostility against south korea is alarming but does not indicate he is about to start a full scale war officials say,,NA
3062,bill hayes enduring soap star with a davy crockett hit is dead at 98 he logged more than 2 000 episodes on days of our lives and rode the crockett craze to a hit single in 1955,,NA
3071,r n c says it looks like michigan g o p leader was properly removed kristina karamo the state party s embattled chairwoman is disputing the legality of her ouster earlier this month by republican leaders,,NA
3078,what to know about the u n court s initial ruling in the genocide case against israel the international court of justice ruled that israel must take steps to prevent genocide in gaza but stopped short of demanding a stop to its military offensive,gaza,Palestine
3091,friday briefing will north korea attack plus when a i generates copyrighted images,,NA
3096,n s a buys americans internet data without warrants letter says the disclosure comes amid congressional scrutiny and a federal trade commission crackdown on commercial data brokers,,NA
3100,trump strengthens grip on capitol hill as he presses toward nomination the former president s opposition has all but killed the prospects for a bipartisan border deal reflecting how his influence in congress has grown as he gains ground in the republican primary,,NA
3101,edward e crutchfield 82 dies banker s deals reshaped the industry he built a small southern bank into a regional powerhouse helping to turn charlotte n c into a national financial hub,,NA
3102,u s sensing opportunity makes new push for gaza cease fire william burns the c i a director planned to meet israeli egyptian and qatari officials in europe to try to secure a deal to release the hamas hostages and a pause in the combat,gaza,Palestine
3102,u s sensing opportunity makes new push for gaza cease fire william burns the c i a director planned to meet israeli egyptian and qatari officials in europe to try to secure a deal to release the hamas hostages and a pause in the combat,hamas,Lebanon
3102,u s sensing opportunity makes new push for gaza cease fire william burns the c i a director planned to meet israeli egyptian and qatari officials in europe to try to secure a deal to release the hamas hostages and a pause in the combat,hamas,Palestine
3105,l a county to pay 5 million to election executive wrongly charged with data breach eugene yu the owner of an election software company was arrested in 2022 on charges of breaching election data those charges were dropped weeks later,,NA
3110,g o p infighting and democratic mischief animate montana senate race even as a republican primary clash brews between an establishment backed businessman and a far right agitator democrats are subtly trying to insert themselves,,NA
3112,an unlikely new threat to haiti s stability an armed environmental group the country s political crisis grew more volatile this week after an armed environmental brigade allied with a former coup leader began demanding the prime minister s ouster,,NA
3119,herbert coward actor who played toothless man in deliverance dies at 85 the actor was killed in a motor vehicle accident in north carolina the authorities said,,NA
3120,indigenous australians plan to go bigger on australia day invasion day is the reason why we re all here today but we must go beyond that one activist said,,NA
3121,victims describe their pain and prisoners apologize in bali bombing trial a guantanamo military court heard anguishing testimony at the sentencing hearing for two malaysian prisoners who pleaded guilty after 20 years of detention,,NA
3123,read the supreme court s decision allowing an alabama execution to proceed the supreme court on thursday allowed the first american execution using nitrogen gas to move forward with the court s three liberal members publicly dissenting,,NA
3127,variety acrostic david balton and jane stewart provide an endearing confessional puzzle,,NA
3138,in angola a former cold war rival blinken touts u s investments secretary of state antony j blinken finished a four nation tour of africa with a visit to angola site of major new u s investments which may help counter china s influence,,NA
3139,as china s markets stumble japan rises toward record a change in perception among investors about china and japan is one of the biggest themes in the markets right now,,NA
3148,email misfire adds drama to the war for a new york casino license an errant email has led to collusion accusations and subpoenas illustrating the cutthroat environment surrounding the battle for a casino license in new york,,NA
3151,kenyan court blocks deployment of police force to haiti a contingent of 1 000 kenyan officers was intended to lead a multinational force financed by the united states to restore security in a caribbean country terrorized by armed gangs,,NA
3170,zoomers review just don t kill the vibes gen z s reputation for conflict avoidance and the way digital media abets it is a recurring theme in the latest by the dimes square playwright matthew gasda,,NA
3172,a child of another war who makes music for ukrainians mirza ramic a bosnian who sought refuge in the united states is bringing his electronic music to ukraine to show my support in these hard times,,NA
3176,with masters of the air a 10 year dream lifts off the apple tv series from steven spielberg and tom hanks is an heir to their world war ii epic band of brothers set this time among a group of bomber pilots,,NA
3180,luxury fireplaces are keeping new yorkers warm this winter once a necessity fireplaces are now an indulgence in new york city,,NA
3181,godzilla minus one stomps into oppenheimer territory those movies along with the boy and the heron are essentially in conversation about the moral weight of american and japanese actions in world war ii,,NA
3202,jamie dimon reshuffles management team at jpmorgan chase many consider the moves a sign of a succession plan at the nation s largest bank although the stalwart mr dimon has signaled he is not going anywhere,,NA
3208,jury orders trump to pay carroll 83 3 million after years of insults the ex president was found liable for sexually abusing e jean carroll but called her a liar the award was a huge defeat for every bully who has tried to keep a woman down she said,,NA
3212,israeli leaders slam u n court ruling but applaud lack of cease fire order prime minister benjamin netanyahu called the genocide charge against israel outrageous but said the u n court had upheld the country s right of self defense,,NA
3216,u n to investigate claim that employees participated in oct 7 attack the united states temporarily cut off funding to unrwa the agency that aids palestinians citing allegations that 12 of its workers were involved in the hamas led assault on southern israel,hamas,Lebanon
3216,u n to investigate claim that employees participated in oct 7 attack the united states temporarily cut off funding to unrwa the agency that aids palestinians citing allegations that 12 of its workers were involved in the hamas led assault on southern israel,hamas,Palestine
3225,genocide ruling has deep symbolism but little immediate effect the decision by the world court did not order israel to cease its war against hamas in gaza but the court made a move imbued with historical meaning,hamas,Lebanon
3225,genocide ruling has deep symbolism but little immediate effect the decision by the world court did not order israel to cease its war against hamas in gaza but the court made a move imbued with historical meaning,hamas,Palestine
3225,genocide ruling has deep symbolism but little immediate effect the decision by the world court did not order israel to cease its war against hamas in gaza but the court made a move imbued with historical meaning,gaza,Palestine
3231,yes take me back to 2001 toward a constructive politics of nostalgia,,NA
3234,haley assails trump as unhinged and dismisses calls to exit the race nikki haley attacked the republican front runner during an appearance friday on fox news,,NA
3249,u k newspaper deal seen as a fight for the heart of the tories a bid by an arab american group fronted by jeff zucker the former cnn president to buy the telegraph is under scrutiny that might leave an opening for a right wing investor,,NA
3251,the biggest surprises from the oscar nominations though oppenheimer made an explosive showing when the oscar nominations were announced on tuesday morning plenty of other would be contenders failed to launch here is our analysis of the biggest surprises and omissions,,NA
3270,what to know about the u n aid agency for palestinians long a vital lifeline for gazans the agency known as unrwa was a point of contention with israel long before some of its workers were accused of taking part in the oct 7 attacks on israel,,NA
3273,u n court orders israel to prevent genocide but does not demand stop to war the top united nations court in the hague did not rule on whether israel was committing genocide in gaza the accusation that south africa brought before the court,gaza,Palestine
3274,bali bombing conspirators get 5 more years at guantanamo bay a military jury sentenced two malaysian men to 23 years for helping perpetrators of the bombing that killed 202 people but a side deal reduced the punishment,,NA
3275,woman charged with hiding corpse over body parts found in refrigerator heather stines told the police the head arms and legs belonged to a man her husband had killed in september according to court records,,NA
3279,vince mcmahon cuts w w e ties after sex trafficking accusation the co founder of world wrestling entertainment stepped down from its parent company s board one day after an ex employee accused him of sexual assault in a lawsuit,,NA
3283,tiny scrap grace and greg warrington make their new york times debut,,NA
3284,prosecutors in nashville drop charges against chris young the country singer had been charged with disorderly conduct assaulting an officer and resisting arrest after an altercation at a downtown bar,,NA
3305,a drug test cost a d e a agent his job he sued and got it back a longtime counternarcotics agent said he used cbd for chronic pain considering it safer than opioids the choice set off a legal fight,,NA
3308,how leaders and diplomats are trying to end the gaza war top american israeli and arab officials are seeking to forge three parallel but related deals that could end the war in gaza finalize its postwar status and most ambitiously set commitments for the creation of a palestinian state,gaza,Palestine
3310,a collective no anti putin russians embrace an unlikely challenger long lines have popped up in russia and beyond to get boris b nadezhdin an antiwar candidate onto the ballot for russia s presidential election in march,,NA
3315,what worries me about war with china after my visit to taiwan some well meaning u s efforts to help taiwan may end up provoking china when we should be trying to lower tensions,,NA
3324,in las vegas trump turns his focus back to biden at a rally in nevada a key battleground state donald trump sought to pivot to a general election message a mile away vice president kamala harris framed the election as a battle for democracy,,NA
3326,israel has history of friction with u n agency for palestinians palestinians see unrwa as an essential lifeline for millions of descendants of refugees in israel however many see the agency as an obstacle to resolving the israeli palestinian conflict,,NA
3332,in trump s bitter yearslong brawl with roberta kaplan he keeps losing when they faced off at e jean carroll s defamation trial it was a clash of two new yorkers both formidable combatants and talkers but products of different worlds,,NA
3335,washington man pleads guilty to making numerous swatting calls ashton connor garcia who called himself a cyberterrorist made 20 calls about fake bombs shootings and other threats that drew police responses officials said,,NA
3339,ukraine criticizes hbo saying new white lotus actor supports war on social media ukraine s foreign ministry posted clips of the serbian actor milos bikovic receiving a medal for cultural achievement from vladimir putin in 2018,,NA
3341,negotiators close in on hostage deal that would halt fighting in gaza for weeks a written draft agreement calls for the phased release of captives held by hamas in exchange for a cessation in israel s military offensive for about two months,gaza,Palestine
3341,negotiators close in on hostage deal that would halt fighting in gaza for weeks a written draft agreement calls for the phased release of captives held by hamas in exchange for a cessation in israel s military offensive for about two months,hamas,Lebanon
3341,negotiators close in on hostage deal that would halt fighting in gaza for weeks a written draft agreement calls for the phased release of captives held by hamas in exchange for a cessation in israel s military offensive for about two months,hamas,Palestine
3344,two days of horror doctor documents scene at nasser hospital dr ahmed moghrabi a surgeon who has worked at nasser medical complex for three years said that the pressure is very big at the hospital as israeli forces surrounded khan younis gaza,gaza,Palestine
3347,carroll promises to do something good with a fortune won from trump the writer was awarded 83 3 million for his defamation now she will have to figure out how to use it,,NA
3360,where is hamas getting its weapons increasingly from israel the very weapons that israeli forces have used to enforce a blockade of gaza are now being used against them,hamas,Lebanon
3360,where is hamas getting its weapons increasingly from israel the very weapons that israeli forces have used to enforce a blockade of gaza are now being used against them,hamas,Palestine
3360,where is hamas getting its weapons increasingly from israel the very weapons that israeli forces have used to enforce a blockade of gaza are now being used against them,gaza,Palestine
3362,the tax break new york relied on to build housing is gone what s next the tax exemption known as 421a expired in 2022 a fight over its replacement called 485x could have major implications for the city s future,,NA
3366,talks in paris will focus on a hostage deal that could pause the fighting in gaza american led negotiators are edging closer to an agreement in which israel would suspend its war in gaza for about two months in exchange for the release of more than 100 hostages still held by hamas a deal that could be sealed in the next two weeks and will be the subject of talks in paris on sunday,gaza,Palestine
3366,talks in paris will focus on a hostage deal that could pause the fighting in gaza american led negotiators are edging closer to an agreement in which israel would suspend its war in gaza for about two months in exchange for the release of more than 100 hostages still held by hamas a deal that could be sealed in the next two weeks and will be the subject of talks in paris on sunday,hamas,Lebanon
3366,talks in paris will focus on a hostage deal that could pause the fighting in gaza american led negotiators are edging closer to an agreement in which israel would suspend its war in gaza for about two months in exchange for the release of more than 100 hostages still held by hamas a deal that could be sealed in the next two weeks and will be the subject of talks in paris on sunday,hamas,Palestine
3368,5 podcasts for hollywood s awards season as oscars night approaches these shows offer expert analysis and predictions insight into behind the scenes machinations and reflections on front runners of the past,,NA
3370,after two years of bloody fighting ukraine wrestles with conscription a proposed bill on mobilization has become the focus of a debate as more men dodge the draft and calls rise to demobilize exhausted soldiers,,NA
3371,black pastors pressure biden to call for a cease fire in gaza black congregants dismay at president biden s posture on the war could imperil his re election bid,gaza,Palestine
3375,the campus wars aren t about gender are they recent ivy league dramas have made women leaders in academia wonder how far they ve really come,,NA
3379,after help from kenyan police is blocked haitians ask what now as haiti sank into gang dominated chaos kenya promised to send officers to pacify the streets now a court has rejected that plan and there does not seem to be another,,NA
3386,if we want to live in a world with rules they have to apply to israel too whatever the eventual outcome of the genocide case it sets up an epic battle over the meaning and values of the so called rules based order,,NA
3393,two masked attackers kill 1 in shooting at istanbul church the islamic state has taken responsibility for the attack according to the site intelligence group,,NA
3394,israel moves to block protesters from preventing flow of aid into gaza the israeli military has declared the area around the kerem shalom border crossing a closed military zone,gaza,Palestine
3397,is the trump threat too serious for humor readers discuss an opinion guest essay that urges an end to trump jokes and mockery also jan 6 china s birthrates debating the mideast war,,NA
3399,ukraine accuses defense company of embezzling 40 million the case comes as the kyiv government tries to emphasize its focus on fighting graft,,NA
3400,obie awards sans ceremony honor dark disabled stories there was no formal celebration for the newest honorees instead the american theater wing presented cash grants to sustain their work,,NA
3401,3 american soldiers killed in drone strike in jordan u s says the white house blamed an iranian backed militia for the attack the deaths were the first known fatalities of u s forces from hostile fire in the turmoil spreading in the middle east,,NA
3402,three african juntas leave regional bloc accusing it of inhumane sanctions the sanctions were imposed after soldiers seized power in mali niger and burkina faso,,NA
3404,how unrwa donor countries have responded to israel s accusations some countries have re evaluated their support for the main u n agency in gaza after israel accused a dozen agency employees of participating in the oct 7 attacks,gaza,Palestine
3405,at the defense table trump uses the courtroom as a stage in two civil trials the former president has showcased his disdain for the legal system and provided a preview of how he might handle himself when any of his four criminal cases go to trial,,NA
3406,sexual assault claims against mcmahon shadow a w w e trying to move forward several high profile deals have the company well positioned for years to come but legal entanglements involving vince mcmahon its former longtime leader are not going away,,NA
3408,monday briefing u s service members killed in jordan also the unrwa is in trouble and an antiwar candidate rises in russia,,NA
3410,haley s dilemma how to diminish trump without alienating republican voters on meet the press nikki haley said she trusted a jury s judgment in donald trump s sex assault defamation case while she tries to peel away the former president s supporters,,NA
3412,biden vows to retaliate after strike against american forces in jordan president biden has carefully calibrated his responses to attacks by iranian backed militias since oct 7 now he must decide how far he is willing to go after a drone attack killed three american service members,,NA
3413,the e jean carroll verdict exposes the limits of libel law incentives to serve up lies for politics or profit are so strong that libel damage awards and settlements may not meaningfully change behaviors,,NA
3418,details emerge on u n workers accused of aiding hamas raid israeli officials have presented evidence they say ties workers at a palestinian aid agency in gaza to violence during the hamas led attack on israel,hamas,Lebanon
3418,details emerge on u n workers accused of aiding hamas raid israeli officials have presented evidence they say ties workers at a palestinian aid agency in gaza to violence during the hamas led attack on israel,hamas,Palestine
3418,details emerge on u n workers accused of aiding hamas raid israeli officials have presented evidence they say ties workers at a palestinian aid agency in gaza to violence during the hamas led attack on israel,gaza,Palestine
3422,monday briefing three u s service members were killed in jordan,,NA
3423,what s on tv this week vanderpump rules and the grammys the bravo hit returns for an 11th season and the recording academy hands out awards,,NA
3427,toyota halts shipments of 10 models over mishandling of engine tests a unit of the company used software that made horsepower values appear smoother it s the second production problem to hit the company in two months,,NA
3430,trial in jam master jay s 2002 killing begins in brooklyn the killing of jam master jay the run dmc d j sent shock waves through hip hop on monday two men went on trial on charges of murdering him,,NA
3436,she issued a call to makejewishbabies some are taking it seriously irina barskaya a 33 year old woman in brooklyn felt a pull to have children with another jew after the oct 7 hamas attacks she s not the only one,hamas,Lebanon
3436,she issued a call to makejewishbabies some are taking it seriously irina barskaya a 33 year old woman in brooklyn felt a pull to have children with another jew after the oct 7 hamas attacks she s not the only one,hamas,Palestine
3438,hottest job in corporate america the executive in charge of a i many feared that artificial intelligence would kill jobs but hospitals insurance companies and others are creating roles to navigate and harness the disruptive technology,,NA
3442,what might e jean carroll do with 83 million a jury awarded ms carroll a huge payout she would like to do something good with it,,NA
3443,for europe and nato a russian invasion is no longer unthinkable amid crumbling u s support for ukraine and donald trump s rising candidacy european nations and nato are making plans to take on russia by themselves,,NA
3453,domicide the mass destruction of homes should be a crime against humanity what has happened to homes and lives in gaza is a stand alone crime even if it is physically rebuilt the trauma of losing homes will last for decades,gaza,Palestine
3457,inside biden s anti trump battle plan watching donald trump ascend the newly energized biden campaign is aiming to make the general election all about him it s also hoping for some big endorsements,,NA
3460,biden vows to retaliate and a super bowl rematch plus a new therapy lets an 11 year old hear for the first time,,NA
3462,gaza s food crisis famine has become a central humanitarian concern in the enclave,gaza,Palestine
3465,iran denies ordering drone strike as biden weighs a response the deaths of three u s service members were the first known fatalities from hostile fire since the start of israel s war against hamas,hamas,Lebanon
3465,iran denies ordering drone strike as biden weighs a response the deaths of three u s service members were the first known fatalities from hostile fire since the start of israel s war against hamas,hamas,Palestine
3467,what evergrande s collapse might mean for global business the long embattled property developer was finally ordered to liquidate what comes next will test western companies appetite to keep operating in china,,NA
3470,how to turn your catan game around klaus teuber s fortune building game requires finely honed negotiation skills a passing knowledge of probability and in some cases card counting,,NA
3479,joni mitchell adds a gig to her comeback tour the grammys the canadian singer songwriter joins a roster of performers at this sunday s awards including billie eilish olivia rodrigo travis scott u2 and billy joel,,NA
3480,u k to ban disposable vapes in plan to combat use by children the british government said it would act after surveys showed that the number of young people trying vapes had risen sharply,,NA
3486,french farmers lay siege to paris in growing standoff the authorities warned residents to brace for disruptions as farmers converged on the capital to press a wide range of grievances,,NA
3487,biden s options range from unsatisfying to risky after american deaths president biden is balancing political pressures military calculations and regional fragility after a drone strike killed three service members,,NA
3490,former n h l player faces sexual assault charges in canada the accusation made in london ontario in 2018 has put the country s hockey organization into turmoil and outraged the public,,NA
3495,the messages of the e jean carroll verdict readers discuss the 83 3 million damages award in her defamation suit against donald trump also advice for joe biden public health vocational education,,NA
3496,mix up preceded deadly drone strike in jordan u s officials say the attack on sunday killed three army reservists the first known american military deaths from hostile fire in the turmoil spilling over from israel s war with hamas,hamas,Lebanon
3496,mix up preceded deadly drone strike in jordan u s officials say the attack on sunday killed three army reservists the first known american military deaths from hostile fire in the turmoil spilling over from israel s war with hamas,hamas,Palestine
3498,the lessons of the crime wave that didn t happen fears of violence in the 1980s and 90s resulted in life sentences for minors that are now being reversed,,NA
3501,defense secretary returns to pentagon a month after surgery complications lloyd j austin iii was widely criticized for failing to immediately disclose his illness and hospitalization to president biden and other officials,,NA
3503,french farmers block roads around paris escalating protests farmers around france sought to put pressure on the government over a wide range of grievances concerning the future of their industry,,NA
3505,u n to study reports of sexual violence in israel during oct 7 attack a team from the united nations has arrived in israel to examine multiple reports of sexual violence during the hamas led attack,hamas,Lebanon
3505,u n to study reports of sexual violence in israel during oct 7 attack a team from the united nations has arrived in israel to examine multiple reports of sexual violence during the hamas led attack,hamas,Palestine
3514,tuesday briefing u s weighs a response to the drone strike plus evergrande s liquidation and biden s election strategy,,NA
3519,heavy rain and cold worsen conditions for palestinians in gaza days of torrential rains have exacerbated the dire humanitarian crisis in gaza where tens of thousands of people are displaced,gaza,Palestine
3520,u s charges iranian man and two canadians in plot to kill refugees naji sharifi zindashti is accused of being the kingpin of a network that targeted defectors and hiring the two canadians including a member of the hells angels,,NA
3523,u n agency for palestinians imperiled by terrorism charges donors have pulled funds for the main aid agency in gaza after allegations that some employees took part in the oct 7 attack but it is not clear who would fill the vacuum if it ran out of money,gaza,Palestine
3526,a drone mix up was cited in the deaths of 3 u s troops also china s troubled property giant will be dismantled here s the latest at the end of monday,,NA
3527,defense department identifies 3 soldiers killed at base in jordan officials said the dead were three army reserve soldiers from georgia part of an engineering company trained for deployment at short notice,,NA
3531,officials propose to hamas a six week war pause and a hostage prisoner swap the united states israel egypt and qatar sketched out a bare bones framework in paris qatari officials are awaiting word from hamas,hamas,Lebanon
3531,officials propose to hamas a six week war pause and a hostage prisoner swap the united states israel egypt and qatar sketched out a bare bones framework in paris qatari officials are awaiting word from hamas,hamas,Palestine
3533,colombia a usually wet nation reels amid widespread wildfires firefighters many of them volunteers have been confronting dozens of blazes amid high temperatures this month the conditions have been linked to climate change,,NA
3539,5 men arrested in mojave desert killings that remained a mystery for days six victims were found in a remote area of san bernardino county about 90 miles northeast of los angeles the authorities believe the shooting deaths stemmed from a dispute over illegal marijuana,,NA
3547,aid group calls halts in funding for unrwa reckless the u s and some other donor countries said they would suspend funding for the agency after israel charged that a dozen of its workers had played a role in the oct 7 attack or its aftermath,,NA
3556,imran khan sentenced to 10 years ahead of pakistan s elections the verdict is widely seen as part of a military led campaign to sideline mr khan s political party,,NA
3557,letter to san zaw htway after the 2021 military coup in myanmar loved ones of the deceased artist and political prisoner san zaw htway wrote him letters as an act of remembrance and hope,,NA
3558,our friend is gone but he lives through our resistance in myanmar after the 2021 military coup in myanmar loved ones of the deceased artist and political prisoner san zaw htway wrote him letters as an act of remembrance and hope,,NA
3581,biden super pac plans a historic 250 million ad blitz the flood of tv and digital spots in battleground states is set to be the largest single purchase of political advertising by a super pac in u s history according to the group future forward,,NA
3585,6 great space images in january a rocket launching from the ocean an asteroid hits earth s atmosphere and more out of this world visual highlights from the past month,,NA
3587,the war the world can t see from outside gaza the scale of death and destruction is impossible to grasp shrouded by communications blackouts restrictions barring international reporters and extreme challenges facing local journalists,gaza,Palestine
3590,trump s voters vs haley s donors a class war is playing out inside the republican party,,NA
3591,u s weighs retaliation after strike in jordan and farmers lay siege to paris plus the biden campaign wants taylor swift,,NA
3592,russian skaters stripped of olympic gold setting up new fight for medals a decision to address the disqualification of kamila valieva gave the united states the gold in the beijing 2022 team event but it kept canada off the podium,,NA
3596,hong kong pushes new security law to root out seeds of unrest warning of threats posed by spies the city s leader expressed confidence that the new law would enjoy public support they will love it he said,,NA
3598,israeli forces kill a hamas commander inside a west bank hospital military says surveillance video released by the palestinian authority shows several gunmen in apparent civilian clothing brandishing weapons in the hospital,hamas,Lebanon
3598,israeli forces kill a hamas commander inside a west bank hospital military says surveillance video released by the palestinian authority shows several gunmen in apparent civilian clothing brandishing weapons in the hospital,hamas,Palestine
3601,global economy is heading toward soft landing i m f says the international monetary fund upgraded its growth forecasts and offered a more optimistic outlook for the world economy,,NA
3606,ukraine s latest challenge festering tension among top leaders rampant speculation that president volodymyr zelensky will fire his top military commander has consumed ukraine s capital at a precarious moment in the war,,NA
3610,new york asks realty company to investigate sexual assault allegations the state comptroller wants exp realty to look into allegations that female real estate agents were drugged and assaulted during company events,,NA
3611,arms dealer linked to myanmar junta acquitted in thai money laundering case u tun min latt was placed under sanctions last year by the united states for supplying drones and aircraft parts to the military regime in myanmar,,NA
3613,passport review a master of comedy in a migrant camp the new show by alexis michalik a star of commercial theater wades into political battles in france where immigration restrictions have been at the forefront of the government s agenda,,NA
3615,britain s foreign secretary signals willingness to recognize palestinian state sooner david cameron the foreign secretary said that his country and other allies should show palestinians irreversible progress toward an independent state,,NA
3618,attacking and defending d e i in america responses to a front page article and a guest essay about diversity equity and inclusion also the death penalty saving rivers donald trump and celebrity,,NA
3621,haley says u s should go after iranian military over deadly drone strike this is surgical she said after a drone strike by an iranian backed militia killed three american service members you take one or two of them out,,NA
3626,hope wanes amid the wreckage where 600 apartments once stood no building remains intact at 600 konut an apartment complex in antakya turkey near the epicenter of the earthquake many residents were killed in the collapse,,NA
3629,video shows gunmen storming west bank hospital the palestinian authority health ministry released surveillance video that shows several armed israeli forces dressed in civilian clothes inside ibn sina specialized hospital in jenin,,NA
3630,khaled nezzar general at center of algeria s bloodshed dies at 86 in the 1990s he oversaw troops that committed a host of atrocities against equally brutal islamist rebels in what became known as the black decade,,NA
3631,is it safe to travel to the bahamas here s what you need to know a string of gang related murders in the local community prompted the u s embassy in the island nation to issue a security alert,,NA
3632,video shows gunmen storming west bank hospital the palestinian authority health ministry released surveillance video that shows armed members of israeli forces dressed in civilian clothes inside ibn sina specialized hospital in jenin,,NA
3637,josephine baker still moving she entertained europe between the wars and still inspires artists and activists now as a new exhibition in berlin shows,,NA
3641,war in ukraine has weakened putin c i a director writes william j burns says russia s invasion of ukraine has created recruiting opportunities for the spy agency and ushered in a new era,,NA
3648,was 1968 the grammys best year ever before the 2024 awards on sunday revisit a ceremony where the recording academy got it right honoring the beatles bobbie gentry aretha franklin and more,,NA
3653,israeli military confirms it has begun flooding hamas tunnels it is the first time the military has publicly acknowledged using the tactic which the u n has warned could damage gaza s drinking water,hamas,Lebanon
3653,israeli military confirms it has begun flooding hamas tunnels it is the first time the military has publicly acknowledged using the tactic which the u n has warned could damage gaza s drinking water,hamas,Palestine
3653,israeli military confirms it has begun flooding hamas tunnels it is the first time the military has publicly acknowledged using the tactic which the u n has warned could damage gaza s drinking water,gaza,Palestine
3668,the ballet roots of a broadway star chita rivera saw herself as a dancer and that s fitting her early ballet training was her secret weapon and it never left her body,,NA
3684,israel raids west bank hospital as clashes erupt with hamas in northern gaza the raid by a small team wearing medical garb killed a hamas commander it came as israel confirmed it was trying to flush militants out of tunnels with seawater and had renewed fighting in northern gaza,hamas,Lebanon
3684,israel raids west bank hospital as clashes erupt with hamas in northern gaza the raid by a small team wearing medical garb killed a hamas commander it came as israel confirmed it was trying to flush militants out of tunnels with seawater and had renewed fighting in northern gaza,hamas,Palestine
3684,israel raids west bank hospital as clashes erupt with hamas in northern gaza the raid by a small team wearing medical garb killed a hamas commander it came as israel confirmed it was trying to flush militants out of tunnels with seawater and had renewed fighting in northern gaza,gaza,Palestine
3687,biden says u s response to deadly drone strike in jordan has been decided the president vowed to retaliate after the attack which killed three american soldiers on sunday on tuesday he confirmed a decision without providing details,,NA
3692,major layoffs at fair fight voting rights group founded by stacey abrams the cuts would decimate a high profile liberal group that was once a fund raising powerhouse for democrats,,NA
3695,frozen u s spending for u n in gaza is minimal state dept says just 300 000 is on hold after israeli claims that unrwa employees joined the oct 7 hamas attacks u s officials say,gaza,Palestine
3695,frozen u s spending for u n in gaza is minimal state dept says just 300 000 is on hold after israeli claims that unrwa employees joined the oct 7 hamas attacks u s officials say,hamas,Lebanon
3695,frozen u s spending for u n in gaza is minimal state dept says just 300 000 is on hold after israeli claims that unrwa employees joined the oct 7 hamas attacks u s officials say,hamas,Palestine
3697,jean carnahan 90 first woman to represent missouri in u s senate dies ms carnahan was appointed to the seat after her husband was posthumously elected to it just weeks after he was killed in a plane crash in 2000,,NA
3716,thai court rules progressive party s reform push violated constitution critics call the verdict against the popular move forward party which hoped to scale back a royal defamation law another blatant attempt to block the people s will,,NA
3725,silicon valley battles states over new online safety laws for children lawsuits filed by netchoice which represents companies including tiktok and meta have stalled protection efforts in three states,,NA
3732,who will have the biggest grammy night taylor swift and sza could make history at the 66th annual awards on sunday night where young women dominate the nominations and revered older artists will take the stage,,NA
3739,recruited to play sports and win a culture war many new college athletes had no idea they were part of ron desantis s attack on woke ideology then the semester began,,NA
3742,we are not very far from an explosion as the war grinds on in gaza settler attacks are rising and palestinian anger is growing,gaza,Palestine
3743,my sister s murder isn t for your entertainment true crime commodified my sister s death then lawmakers weaponized it,,NA
3749,an israeli charity for palestinians grapples with oct 7 attacks before the war road to recovery helped bring sick gazans to israeli hospitals several of its volunteers died in the hamas attacks and donations to the group have slowed,hamas,Lebanon
3749,an israeli charity for palestinians grapples with oct 7 attacks before the war road to recovery helped bring sick gazans to israeli hospitals several of its volunteers died in the hamas attacks and donations to the group have slowed,hamas,Palestine
3752,an impeachment push and a militia s surprise move plus broadcasting layoffs on tiktok,,NA
3759,what elon musk could lose after his big pay deal is blocked a delaware court ruling on his 50 billion compensation plan at tesla raises questions about corporate governance and more,,NA
3768,pga tour raises 1 5 billion from group of u s investors the move which involves the fenway sports group raises questions about whether a deal to combine forces with saudi arabia s sovereign fund is still necessary,,NA
3774,man is charged with killing his father after posting grisly youtube video a disturbing video in which a man claims he is holding his dead father s head was available on youtube for about five hours on tuesday night,,NA
3782,ukraine and russia exchange hundreds of prisoners of war the swap came a week after the crash of a russian military transport plane that moscow says was carrying ukrainian prisoners,,NA
3783,with aid stalled ukraine scrambles to make ends meet the government says it can juggle its finances for a few months but warns of an economic crisis if western assistance remains stuck,,NA
3786,man who pushed officer over ledge on jan 6 is sentenced to six years the sentencing judge called ralph joseph celentano iii s attack on the police officer amid the capitol riot a truly cowardly and despicable thing to do,,NA
3788,a federal judge dismisses a suit to block u s support of israel but urges biden to re examine his approach the judge after expressing regret that he was limited by constitutional precedent urged president biden to rethink u s policy on israel s military siege in the gaza strip,gaza,Palestine
3792,israel s controlled demolitions are razing neighborhoods in gaza in addition to its aerial bombardment israeli ground forces have carried out a wave of large scale detonations destroying residential homes schools and mosques across the strip,gaza,Palestine
3797,biden is beating trump in money wars though not overwhelmingly the president s campaign had about 46 million in cash on hand at the end of the year compared with 33 million for mr trump,,NA
3798,3 dead after hangar collapses at idaho airport the building on the grounds of boise airport was under construction city officials said five people were critically injured,,NA
3808,late night tackles trump s attacks on taylor swift as the ex president takes on the pop megastar jimmy kimmel predicts this might be the offense that finally brings down donald trump,,NA
3812,kristin hannah s new novel puts combat nurses front and center in vietnam the women follows a san diego debutante into a world of gut wounds and napalm but the real challenge comes when she arrives home,,NA
3821,have we reached the end of tiktok s infinite scroll the app once offered seemingly endless chances to be charmed by music dances personalities and products but in only a few short years its promise of kismet is evaporating,,NA
3824,review the fractious family ties in the animal kingdom conflicting ideas of guilt identity and genetics do battle in this quietly galvanizing play by ruby thomas,,NA
3827,they love costco so much they wrote a book about it david and susan schwartz who live in a tiny manhattan apartment have visited more than 200 costco stores,,NA
3833,bullfighting returns to its largest arena a fight over its future goes on after a nearly two year ban a legal ruling brought bullfights back to la plaza mexico in mexico city but the fight continues after a federal judge again stopped the events,,NA
3834,choosing rebirth over revenge after my release from gaza we can learn from holocaust survivors how to move forward after oct 7,gaza,Palestine
3835,what to know about super tuesday super tuesday traditionally one of the most important dates on the u s political calendar is fast approaching 15 states and one territory will vote on march 5,,NA
3840,for thomas hirschhorn handmade art keeps us human the swiss artist turns cardboard and tape to the problems of social media artificial intelligence and digital warfare,,NA
3846,what is this mother really guilty of jennifer crumbley s teenage son killed classmates with a gun she gave him but she should not be tried for homicide,,NA
3848,when the storm online is worse than the one outside meteorologists and climate scientists are increasingly having to combat misinformation cycles on social media,,NA
3849,russia s new threats to exiles seized assets and forced returns the kremlin is sending a chilly message to antiwar russians abroad a new law will allow their property back home to be seized and other countries are being pressured to crack down on them,,NA
3852,at 200 the brooklyn museum looks forward for its bicentennial year the museum is rolling out a slate of events and exhibitions this fall including an open call for local artists,,NA
3855,eurozone inflation dips at start of year price pressures eased in january resuming a downward trend after a jump in december,,NA
3856,how a game of good cop bad cop sealed the e u ukraine fund deal top european leaders coordinated to get the hungarian prime minister viktor orban to agree to the 50 billion euro plan aimed at keeping ukraine s economy afloat during the war with russia,,NA
3857,secure the border say republicans so why are they killing a plan to do that a bipartisan deal appeared to be coming together on migration now it s falling apart,,NA
3862,fitting in review her body herself maddie ziegler plays a teen who is diagnosed with a rare reproductive condition in this movie that tends toward the obvious,,NA
3870,netanyahu s bind compromising in gaza or holding on to power at home to end the war in gaza and free the remaining israeli hostages prime minister benjamin netanyahu may have to cut deals that analysts say could end his government and potentially his career,gaza,Palestine
3878,looking to watch movies and make friends join the club around new york city there s a robust circle of film enthusiasts showing offbeat movies in bars and shops where lingering afterward is welcomed,,NA
3881,the road to 1948 and the roots of a perpetual conflict how the decisions that led to the founding of israel have brought unending conflict to the region,,NA
3889,jack jennings p o w who helped build burma railway dies at 104 he was captured by the japanese in singapore and was one of thousands of prisoners whose hardships were the basis for the film the bridge on the river kwai,,NA
3890,defense secretary tries to explain why he kept his illness secret i did not handle this right lloyd j austin iii said after being widely criticized for failing to immediately disclose his absence to the white house,,NA
3895,biden orders sanctions on 4 israelis over west bank violence the order served as both a sharp edged diplomatic notice to israel and a message to arab americans a key part of the political coalition the president needs to be re elected,,NA
3899,the promised land review coaxing crops from a wild land mads mikkelsen stars as a soldier with little money but big ideas who gets royal approval to try to conquer a vast shrubby expanse,,NA
3908,a troubled life and a violent crime readers discuss nicholas kristof s column about a childhood friend also taylor swift the tech hearing narendra modi s choice in india bounty hunters,,NA
3909,grateful for e u aid ukraine now waits for the united states the e u package of about 54 billion will be spent on nonmilitary expenses like pensions payments to displaced people and paying teachers and doctors,,NA
3910,for orban ukraine is a pawn in a longer game his real aim is to lead a populist and nativist rebellion against europe s liberal elite though that campaign is showing signs of faltering,,NA
3911,mother of michigan school shooter testifies in her own defense jennifer crumbley is accused of involuntary manslaughter for failing to prevent her son s 2021 rampage at oxford high,,NA
3912,austin says iran trains and funds militias targeting u s troops president biden has promised to respond to attacks that killed three american service members at a base in jordan,,NA
3918,iran tries to avoid war with u s after stoking mideast conflicts after iran aligned militants killed three american soldiers iran s leaders sensed a line was crossed and are sending more conciliatory signals while awaiting president biden s promised response,,NA
3922,epstein s longtime accountant sheds light on disgraced financier s businesses in unreleased testimony richard kahn said that he had not been aware that jeffrey epstein was abusing women and that none had asked for his help,,NA
3924,the monster measles outbreak in europe is a warning vaccination levels aren t actually in free fall but that doesn t mean we re safe,,NA
3930,t s valentine s day gift guide floral cookware scented matches and more what t magazine editors are coveting for ourselves and eyeing for our loved ones,,NA
3941,friday briefing the e u s ukraine aid deal also u s sanctions on israeli settlers and battles over bullfighting,,NA
3946,supreme court to mull trump ballot questions should trump be removed from the ballot for his role in the capitol attack justices will hear arguments next week,,NA
3948,democrats warn their voters against backing haley in south carolina for any democrat thinking about skipping saturday s primary and participating instead in the republican contest three weeks later the message is very clear don t,,NA
3952,manhattan woman convicted of using crypto to fund terror groups in syria the woman victoria jacobs provided support to a military contractor that has been called the blackwater of jihad,,NA
3953,atmospheric river brings heavy rain to california residents were warned of flash flooding as the storm system continues through the weekend,,NA
3956,what to know about the 4 israelis placed under u s sanctions over west bank violence the white house announced financial penalties on the men ranging in age from 21 to 32 over escalating violence against palestinian civilians,,NA
3957,inside impeachment s rise as a weapon of partisan warfare impeachment was once seen as perhaps the most serious check on corruption and abuse of power developed by the founders now it looks in danger of becoming just another tool in partisan fights,,NA
3971,3 die as small plane crashes into mobile home park in florida as many as nine people were inside the home in clearwater fla just before the plane slammed into it killing the pilot and two people in the house the authorities said,,NA
3987,she took a picture of the man who attacked her it didn t matter in an age of widespread surveillance why was a police lineup a method known to be unreliable treated as the gold standard,,NA
3990,gazan cobblers busy as shoes become scarce shoes have worn out quickly for many gazans who have had to trek through rubble and walk for hours to flee the violence,,NA
3996,in the west bank palestinians struggle to adjust to a new reality the volatile mix of violence tensions and israeli restrictions has had a stultifying effect on the west bank,,NA
3997,in these novels a lot of crime and only a little punishment an f b i rookie hunts for a serial killer four friends seek reparations a daughter searches for her mother and a community looks for answers in four new mysteries,,NA
4001,10 guards 900 inmates and the dire results of warnings ignored an extreme shortage of guards at wisconsin s prisons has slowed basic operations to a crawl inmates escaped prisons locked down and conditions deteriorated,,NA
4006,the democratic party is having an identity crisis they re built to win in 2024 but what happens afterward,,NA
4007,young filmmaker lives his fairy tale at sundance sean wang a first time director received an audience award for his coming of age film didi he also got the ultimate prize a distribution deal,,NA
4011,he cracked down on gangs and rights now he s set to win a landslide the millennial president nayib bukele and his party are likely to win resoundingly in elections sunday his running mate says they are replacing democracy,,NA
4016,what you can still complain about in russia a cat thrown from a train the death of a pet during a train journey has given russians a safe space to speak out and connect and allowed the kremlin to shift attention from wartime gloom,,NA
4018,documentary download 3 celebrity portraits worth your time the typical star biography avoids warts but there are films that combine critical takes with a better understanding of their subjects cultural import,,NA
4021,trump s tariffs hurt u s jobs but swayed american voters study says new research finds that former president donald j trump s tariffs did not bring back u s jobs but voters appeared to reward him for the levies anyway,,NA
4024,how to watch the 2024 grammys a guide to everything you need to know for the 66th annual awards on sunday night,,NA
4036,over 800 officials in u s and europe sign letter protesting israel policies the document was signed by government employees in 12 nations and e u institutions signers say their leaders policies could be contributing to war crimes in gaza,gaza,Palestine
4042,tesla recalls about 2 2 million electric vehicles over warning light font size the vehicles were recalled because the font size on a warning lights panel was too small tesla will address the issue with a software update,,NA
4048,f t c warns dozens of funeral homes to provide accurate costs to callers the agency said an undercover phone sweep of more than 250 homes found that 38 failed to provide prices or supplied inconsistent prices in separate calls,,NA
4052,where have all the transfers gone a quiet january window may not be a bubble bursting but rather an awareness that the player acquisition business has changed,,NA
4067,how closely does iran control its proxy forces it depends tehran provides arms and support to an array of militant groups across the mideast but it does not call all the shots experts say,,NA
4071,u n climate chief warns countries against hiding behind loopholes simon stiell used a speech in azerbaijan to set expectations for global climate negotiations there this year,,NA
4083,killers of the flower moon from page to screen david grann s best seller has been turned into an oscar nominated film in this episode gilbert cruz talks about both versions with the times s a o scott,,NA
4088,u n court to rule on whether ukraine committed genocide the highest court of the united nations will render a verdict on a claim that has been used by russia to justify its invasion,,NA
4090,meet the 2024 grammys best new artist nominees listen to songs by ice spice jelly roll victoria monet and five more competitors for one of the show s big four awards,,NA
4092,biden pays silent tribute to three u s soldiers as american forces retaliate the ceremony at dover air force base in delaware came shortly before the biden administration announced airstrikes against iran backed proxies in iraq and syria,,NA
4094,man convicted of assaulting police in tipping point on jan 6 ryan samsel a pennsylvania barber was found guilty along with four co defendants but he was acquitted of trespassing on the capitol grounds,,NA
4105,u s conducts retaliatory strikes against iranian proxies as war deepens the strikes in response to a drone attack that killed three u s soldiers in jordan this week were a sharp escalation of hostilities in the middle east,,NA
4107,biden honors american soldiers killed in the middle east the bodies of three army reservists killed in an attack on a base in jordan were returned to the united states in a somber ceremony,,NA
4117,roger donlon vietnam war s first medal of honor recipient dies at 89 despite being wounded multiple times he led the defense of a jungle outpost against a vietcong assault inspiring his smaller force to superhuman effort,,NA
4118,what withholding funds to unrwa means for gaza after 12 employees of the u n agency were accused of participating in the oct 7 attack against israel some donor countries have suspended funding but more than a million people in gaza depend on the agency for aid,gaza,Palestine
4119,supreme court won t block use of race in west point admissions for now the court rejected an emergency request to temporarily bar the military academy from using race in admissions while a lower court lawsuit proceeds,,NA
4121,the u s conducted retaliatory strikes in iraq and syria also the job market started 2024 with remarkable strength here s the latest at the end of friday,,NA
4122,man killed in collapse of building being worked on without a permit officials said the floor caved in at a house in brooklyn whose owner had been cited for construction without a permit,,NA
4125,the day the music died cody fry and noah kahan are among the artists who are wondering how the battle between universal music group and the social media platform might affect them,,NA
4127,a rare question for michigan jurors do a son s crimes merit his mother s conviction closing arguments concluded on friday in the trial against jennifer crumbley whose son ethan killed four people at his high school in 2021,,NA
4129,kamala harris rallies democrats pumps up biden and warns of trump urging south carolina democrats not to ignore their uncompetitive primary she pointed to a list of biden achievements and said donald trump posed a profound threat,,NA
4131,prosecutors in documents case reject trump s claims of bias the office of the special counsel jack smith pushed back on the former president s assertions that his prosecution was motivated by animosity toward him in intelligence agencies,,NA
4132,u s hits back at iran with more than just airstrikes the biden administration used sanctions and criminal charges to punish the islamic revolutionary guards corps iran s premier military force,,NA
4134,israel signals its military will move into a gazan city turned refuge a u n official described rafah a refuge for hundreds of thousands of displaced people as a pressure cooker of despair it is one of the last cities in southern gaza that israeli ground forces have not reached,gaza,Palestine
4138,u s retaliates with strikes in iraq and syria after drone attack the times verified two videos filmed in al qaim iraq showing a series of fires and explosions close to the syrian border the flames appear to have caused secondary explosions at the site,,NA
4139,wayne kramer guitarist with the incendiary mc5 is dead at 75 he was half of the twin guitar attack that drove the influential detroit band s live performances and helped set the stage for punk rock,,NA
4149,with house seat at stake republicans court jewish voters rattled by war to fill george santos s seat republicans nominated mazi pilip an israeli military veteran in the feb 13 special election in new york,,NA
4153,syria and iraq say civilians were among those killed in the strikes the biden administration said that its strikes on sites used by iranian forces and iran backed militias in retaliation for the killing of three u s troops would not be the last,,NA
4155,cast as criminals america s librarians rally to their own defense as libraries become battlegrounds in the nation s culture wars their allies are fighting to preserve access to their collections and keep themselves out of jail or worse,,NA
4159,violett beane doesn t mind some uncomfortable silence the actor who stars with mandy patinkin in death and other details says such moments happen right before you get to that place with somebody when the pause is no longer as awkward,,NA
4167,as face of biden s israel policy blinken draws wrath of gaza war protesters demonstrators have turned up at the secretary of state s home and even splashed fake blood on his motorcade,gaza,Palestine
4173,vocal tiktok users navigate a quieter app content creators say they are considering the merits of instagram and youtube after a licensing battle led tiktok to pull songs by artists with universal music group,,NA
4176,turkey s central bank chief steps down amid long inflation battle the government swiftly replaced her and said the change did not reflect a policy shift for the country where annual inflation is about 65 percent,,NA
4177,germany braces for decades of confrontation with russia leaders are sounding alarms about growing threats but chancellor olaf scholz is wary of pushing the kremlin and his own ambivalent public too far,,NA
4181,the world needs to stand by unrwa the foreign minister of norway explains why his nation is continuing to fund unrwa amid allegations of employees collusion with hamas in the oct 7 attack,hamas,Lebanon
4181,the world needs to stand by unrwa the foreign minister of norway explains why his nation is continuing to fund unrwa amid allegations of employees collusion with hamas in the oct 7 attack,hamas,Palestine
4185,the 8 days that roiled the u n s top agency in gaza the crisis that threatens the future of the main united nations agency in gaza amid a humanitarian disaster began at a routine meeting between diplomats in tel aviv,gaza,Palestine
4192,northern ireland has a sinn fein leader it s a landmark moment the idea of a first minister who supports closer ties to the republic of ireland let alone one from sinn fein a party with historic ties to the irish republican army was once unthinkable on saturday it became reality,,NA
4196,if destruction be our lot we must ourselves be its author and finisher lincoln was ahead of his time in so many ways,,NA
4198,lyndon b johnson reluctant lunch guest ever wary of the eastern establishment president johnson needed advice before a formal luncheon at the new york times in 1964,,NA
4200,u s strikes test iran s will to escalate american airstrikes hit iran linked targets in syria and iraq to retaliate for the recent killing of three u s soldiers in jordan,,NA
4201,gaza rescuers go missing on mission to save girl trapped in a car the palestine red crescent said the girl named hind was in a car in northern gaza with six of her relatives who were all killed by israeli fire she was the sole survivor,gaza,Palestine
4203,matisyahu salomon 86 dies rabbi warned of internet s dangers as a supervisor at america s largest yeshiva he wielded influence across the world of ultra orthodox jews he feared that the internet jeopardized the observance of jewish customs,,NA
4205,house g o p plans vote on israel aid as senate tries to close broader deal the move comes as the senate is racing to finalize and vote on a bill that would also include new border policies and funding for the war in ukraine,,NA
4206,wildfires threaten 2 chilean cities destroying 1 000 homes and killing dozens the death toll is expected to rise as hundreds have been reported missing in the blazes near the cities of vina del mar and valparaiso an area home to more than a million people,,NA
4207,u s and u k launch heavy strikes on houthi sites in yemen the airstrikes meant to deter attacks on ships in the red sea came one day after the united states struck at other iran backed militias in iraq and syria,houthi,Yemen
4209,at rally for border security in texas fears of invasion and civil war a conservative convoy gathered on the texas border to support the state s defiant stance on immigration despite worries over potential violence the event was peaceful,,NA
4211,forest fires destroy 1 000 homes and kill dozens in central chile the death toll is expected to rise as hundreds remain missing after wildfires ripped through central chile s coastal hills according to the national government,,NA
4214,multiple floors of los angeles skyscrapers are covered in graffiti the graffiti has brought attention to the empty buildings which have been abandoned since 2019 and are across from the venue where the grammy awards will be hosted on sunday,,NA
4216,quotation of the day after 500 years mexican bullfighting faces a mortal challenge quotation of the day for sunday february 4 2024,,NA
4222,pakistan s military has swayed many elections now it s going full tilt a political crackdown has been more visible than those in previous years analysts say making this week s vote among the least credible in the country s history,,NA
4238,nikki haley s rock is watching her campaign from a distance deployed to djibouti maj michael haley has missed the highs and lows of his wife s pursuit of the white house he is still a big presence in her campaign,,NA
4240,racy presidential love letters i take a long deep wild draught on your lips are you prepared for the storm of love making collects correspondence sent by the likes of warren g harding grover cleveland and theodore roosevelt,,NA
4241,portraits of gazans a photojournalist followed some palestinians whose lives were ripped apart in one of the deadliest wars of the 21st century,,NA
4244,they come in waves ukraine goes on defense against a relentless foe at the hot spots of the eastern front line ukrainian troops are outmanned outgunned and digging in,,NA
4248,how to finally clean out your closet the allure of a streamlined wardrobe calls here s how experts say you can get there,,NA
4252,el salvador s president claims election victory in a landslide while votes were still being counted nayib bukele easily won a second term riding enormous support for his crackdown on gangs even if the price has been restricting civil liberties,,NA
4254,here s how the latest u s led strikes have unfolded the united states has led a wave of retaliatory strikes in the middle east hitting scores of targets belonging to iranian backed armed groups,,NA
4255,the sunday read the great freight train heists of the 21st century the explosion of the e commerce economy has created an opportunity for thieves and a conundrum for the railways,,NA
4258,there s a border war inside the supreme court too texas has presented the justices with the vehicle some of them have been waiting for to undo decades if not centuries of federal supremacy,,NA
4264,we re broken wildfires on chile s coast kill 112 and leave hundreds missing officials are warning of major destruction and loss of life after fast moving fires swept through central chile s coastal hills,,NA
4269,monday briefing a weekend of u s led strikes also ukraine s grinding fight and china s expanding nuclear arsenal,,NA
4270,grammys 2024 winners list a complete rundown of the artists albums songs and videos that took home trophies at the 66th annual awards,,NA
4271,assault on officers in times square puts pressure on district attorney alvin bragg the manhattan district attorney faced criticism after his office decided not to request bail for most of the men arrested in the attack,,NA
4272,photos from a firestorm chile s deadly blazes officials said sunday that at least 99 people had been killed and hundreds remained missing and warned that the toll could rise sharply,,NA
4273,takeaways from a grammy night where women reigned taylor swift made history on a night when women took many of the top awards and joni mitchell tracy chapman and billy joel performed,,NA
4274,kenya plans to bypass court order in haiti deployment the united nations approved mission to stem gang violence in haiti has faced widespread criticism from activists and lawmakers and was blocked by a high court judge in kenya in january,,NA
4279,u s strikes iranian backed targets for third day in a row the attack on houthi militants in yemen came as secretary of state antony blinken headed for the mideast to try to defuse escalating tensions,houthi,Yemen
4283,boygenius sza and barbie songs are among the early grammy winners the tallies for the early awards gave no clear advantage to any artist,,NA
4285,remnants of a nuclear missile are found in a garage the police responded to a call from a u s air force museum that said a man had offered to donate a cold war era missile stored in his late neighbor s garage,,NA
4292,jay z takes the grammys to task in awards speech jay z pointed out the recording academy s snubs of black artists including beyonce while accepting the dr dre global impact award we want you to get it right at least get it close to right he said,,NA
4296,celine dion coping with neurological disorder presents the final grammy the canadian diva made a surprise return to the awards show sunday night to present the award for album of the year to taylor swift,,NA
4299,22 looks that did the most at the grammys the awards show is known to be a fashion playground this year s event was no exception,,NA
4301,killer mike arrested after winning three grammys the police confirmed the arrest after video showed the rapper in handcuffs being led through the crypto com arena by a police officer,,NA
4302,what business leaders are saying about the red sea attacks the houthi attacks on commercial ships are driving up freight costs and adding delays to journeys with some companies affected more than others,houthi,Yemen
4305,what s on tv this week abbott elementary and super bowl lviii the third season of the award winning sitcom airs on abc the kansas city chiefs and the san francisco 49ers go head to head,,NA
4307,chinese australian writer held by china given suspended death sentence the verdict in the case of yang hengjun who was detained on national security charges may weigh on the warming relations between china and australia,,NA
4308,zelensky hints at major shake up of ukraine s government the president said a reset was needed to revive the struggling war effort adding that his plans were about the direction of the country s leadership and not just about replacing his top general,,NA
4317,blinken s mideast visit and u s aid to israel are the focus in washington this week a trip back to the middle east by the united states top diplomat to continue talks on a possible cease fire deal highlights a week of high level wrangling over the war in gaza and beyond,gaza,Palestine
4326,why are americans wary while the economy is healthy look at nevada economic shocks over two decades combined with reliance on volatile casinos have undermined confidence despite an economy that s bustling,,NA
4331,how oregon became a linchpin for the country s drug policies fears over skyrocketing overdoses threaten to undo oregon s work in establishing humane effective drug policies,,NA
4336,as canadian hockey players face assault charges officials are on defensive hockey fans in canada are struggling to make sense of a scandal that has led to sexual assault charges against five former junior hockey players,,NA
4339,best and worst moments from the 2024 grammys young women brought the drama jay z surprised with a barbed speech and heroes long absent from the show s stage made welcome returns at the 66th annual awards,,NA
4350,the 1948 economic moment that might explain our own in the aftermath of world war ii many americans found themselves frustrated by the policies of the president harry s truman,,NA
4351,top u s treasury officials to visit beijing for economic talks a meeting of the new economic working group comes as the u s and china are trying to prevent any escalation of hostilities,,NA
4360,billy joel said he d retired from pop here s what brought him back the singer and songwriter debuted turn the lights back on his first new song in nearly 20 years at the grammy awards on sunday,,NA
4364,to make blockbuster shows museums are turning to focus groups to shape its new show about life in the roman army the british museum put questions to members of the public other institutions are also using the same technique,,NA
4365,the grammys aim for a big tent but not everyone feels at home the most awarded artists were diverse on sunday night how those winners received their honors however differed mightily,,NA
4371,six spongy sea creatures suggest warming might be worse than thought research on a long lived but rarely seen species in the caribbean is helping scientists piece together a revised history of climate change,,NA
4372,after police kill unarmed black people sleep worsens but only for black people black people in the u s were far more likely to report harmfully low sleep in the months after a killing compared with white people surveyed during that time,,NA
4375,russian tech giant reaches 5 billion deal to quit russia yandex often called russia s google said it reached a deal to sell off its assets in the market where it made its fortune after the war in ukraine upended its operations,,NA
4380,robie harris often banned children s author is dead at 83 her children s books on matters of sex and sexuality notably it s perfectly normal became fodder for the culture wars,,NA
4381,goodbye mostly mozart hello festival orchestra of lincoln center the renamed ensemble will present a mix of new and old in its first season under the conductor jonathon heyward,,NA
4382,at ghana event fowler museum returns items taken from asante kingdom the seven items had been part of its collection since 1965 but new research found that the objects including gold jewelry had been taken by british forces during the colonial era,,NA
4384,nikki haley raises 16 5 million fueling her fight against trump ms haley faces long odds against donald j trump in the next major republican nominating contest but has signaled her intent to stay in,,NA
4392,the fingerprints on chile s fires and california floods el nino and warming two disasters far apart show how a dangerous climate cocktail can devastate places known for mild weather,,NA
4394,hinton battle three time tony winner in musicals dies at 67 he won awards for his roles in sophisticated ladies the tap dance kid and miss saigon the most ever in the category of best featured actor in a musical,,NA
4396,killer mike calls his grammys arrest a speed bump the artist was arrested on a misdemeanor battery charge after winning awards for best rap album best rap performance and best rap song,,NA
4398,tragedy resilience and a miracle at chile s burned botanical garden wildfires destroyed 98 percent of chile s national botanical garden and killed a worker and her family but there were signs of hope in the ashes,,NA
4401,grammy audience jumps to 16 9 million the viewership was the highest for the awards show since the 2020 ceremony shortly before the pandemic,,NA
4404,unrwa set to lose 65 million documents show the agency which plays a key role in the humanitarian crisis in gaza has received an influx of private donations but not enough to make up for the loss of international funding,gaza,Palestine
4406,bob beckwith firefighter who stood with bush after 9 11 dies at 91 photographs showing him with the president atop a rubble strewn fire truck came to represent america s fortitude in the aftermath of the attack,,NA
4409,the retribution presidency a former white house official has a warning about donald trump,,NA
4413,u s strikes hit most of targets in iraq and syria pentagon says u s officials acknowledge that the targeted militias still retain the majority of their capability to carry out future attacks,,NA
4418,blinken meets saudi crown prince on mideast push for pause in gaza war the top u s diplomat spoke with saudi arabia s de facto ruler as he sought to broker a pause in the fighting his visit came the same day a drone struck a syrian base used by u s forces and their allies,gaza,Palestine
4421,why biden is losing support among some religious black voters more than 1 000 black faith leaders are pressuring the biden administration to push for a cease fire in israel s war on hamas in gaza,hamas,Lebanon
4421,why biden is losing support among some religious black voters more than 1 000 black faith leaders are pressuring the biden administration to push for a cease fire in israel s war on hamas in gaza,hamas,Palestine
4421,why biden is losing support among some religious black voters more than 1 000 black faith leaders are pressuring the biden administration to push for a cease fire in israel s war on hamas in gaza,gaza,Palestine
4423,biden threatens to veto bill that would help israel but not ukraine president biden accused republicans in the house of a cynical political maneuver intended to kill broader legislation that would also provide money for the southern border,,NA
4437,a russian bank account may offer clues to a north korean arms deal moscow may be trying to help pyongyang with access to the international financial system in exchange for missiles and ammunition u s allied intelligence officials suggest,,NA
4440,blinken travels to egypt and qatar in his bid to avert a wider regional war secretary of state antony j blinken met with leaders in egypt and qatar on tuesday the second day of a middle east tour aimed at preventing an exchange of attacks with iran backed militias from spiraling into a broader regional war and to rally allies around a proposed cease fire agreement for gaza,gaza,Palestine
4454,a speculative jazz age noir brimming with murder and conspiracy in francis spufford s new novel cahokia jazz a detective must solve the mystery of a staged killing before its repercussions destroy his city s social and political order,,NA
4457,houthi attacks and u s led strikes dash hopes for quick yemen peace deal a u n backed process to end yemen s nine year conflict appeared to be moving forward recently but then the war in gaza began and tensions spilled over,houthi,Yemen
4457,houthi attacks and u s led strikes dash hopes for quick yemen peace deal a u n backed process to end yemen s nine year conflict appeared to be moving forward recently but then the war in gaza began and tensions spilled over,gaza,Palestine
4459,what israeli soldiers videos reveal cheering destruction and mocking gazans an analysis of social media videos found israeli soldiers filming themselves in gaza and destroying what appears to be civilian property the footage provides a rare and unsanctioned window into the war,gaza,Palestine
4461,how to take better pictures with a drone simply using a drone doesn t mean you can shoot excellent aerial photographs,,NA
4463,john lewis medgar evers and the politics of fighting hate john lewis and medgar and myrlie tell the stories of activists who struggled with when to push and when to compromise and build coalitions,,NA
4467,in poland i saw what a second trump term could do to america being in warsaw was inspiring and sobering,,NA
4468,is the middle class dream over in las vegas many voters in nevada dislike the republican party but they also wonder if democrats in washington are too old and out of touch to fight for them,,NA
4469,endless range boundless swagger why caitlin clark is different her fiery competitiveness no look passes and 3 point bombs have made for must see basketball in iowa what happens when she leaves,,NA
4474,biden has openings for a comeback on two weak points he now has a clear line of defense on the border issue and a strong argument about the economy,,NA
4475,why donald trump won nevada before any votes were cast winning over latino voters is going to be crucial to taking the battleground in november and trump seems to have an early advantage,,NA
4476,group in michigan urges protest vote against biden over israel gaza war the democratic group is telling voters to mark uncommitted on their primary ballots,gaza,Palestine
4480,southern california braces for potential mudslides as rain continues weather experts warned that additional rain on top of saturated soil in the los angeles region could still cause hillsides to collapse,,NA
4495,displaced gazans wonder where to go as israel vows to keep pushing south speaking at a news conference on monday mr gallant said israeli ground forces would invade places that they still had not reached in central and southern gaza,gaza,Palestine
4507,more than a fifth of hostages in gaza are dead israel says as israel and hamas inch closer to a deal to free hostages in exchange for palestinian prisoners and a cease fire the military disclosed that at least 30 of the captives still in gaza have been confirmed dead,gaza,Palestine
4507,more than a fifth of hostages in gaza are dead israel says as israel and hamas inch closer to a deal to free hostages in exchange for palestinian prisoners and a cease fire the military disclosed that at least 30 of the captives still in gaza have been confirmed dead,hamas,Lebanon
4507,more than a fifth of hostages in gaza are dead israel says as israel and hamas inch closer to a deal to free hostages in exchange for palestinian prisoners and a cease fire the military disclosed that at least 30 of the captives still in gaza have been confirmed dead,hamas,Palestine
4518,biden tells republicans to show some spine against trump on border deal president biden accused the house gop of thwarting legislation tightening immigration rules and providing aid to ukraine and israel out of fear of their 2024 front runner donald trump,,NA
4524,he promised a feast on one condition watch his art film hundreds of moviegoers went to rare screenings of a 1990 film directed by the new york restaurateur keith mcnally afterward he treated them to half price dinners at balthazar,,NA
4538,mother of michigan gunman found guilty of manslaughter jennifer crumbley was convicted on four counts of involuntary manslaughter one for each student her son killed in michigan s deadliest school shooting,,NA
4544,where has tracy chapman been her triumphant performance at the grammy awards left fans wondering what she has been doing since she left the music world and whether she might return,,NA
4548,the changing focus of climate denial from science to scientists the scientist michael mann is challenging attacks on his work in a defamation suit that s taken 12 years to come to trial,,NA
4558,in los angeles a growing sense that historic weather is becoming normal with the latest atmospheric river dumping nearly a foot of rain on some neighborhoods residents are becoming used to living with dire warnings and extreme conditions,,NA
4568,stop wearing vision pro goggles while driving your tesla u s says videos many of them stunts or jokes of people wearing apple s new virtual reality headset while driving teslas in autopilot mode prompted officials to issue warnings,,NA
4570,state department security officer charged in jan 6 attack on capitol kevin michael alstrup was arrested on tuesday for participating in the breach in 2021 he was familiar with providing protection for high ranking officials and sensitive locations the f b i said,,NA
4571,disney fox and warner bros join forces for sports streaming service the move takes aim at a major issue for media companies as viewers abandon cable and prices soar for broadcast rights to sporting events,,NA
4573,blinken says agreement is possible with hamas on a hostage deal secretary of state antony j blinken cautioned that there was still a lot of work to be done as the united states and its allies prepare to review hamas s response to their cease fire proposal,hamas,Lebanon
4573,blinken says agreement is possible with hamas on a hostage deal secretary of state antony j blinken cautioned that there was still a lot of work to be done as the united states and its allies prepare to review hamas s response to their cease fire proposal,hamas,Palestine
4575,toby keith was more than mere bluster his choice to become a post 9 11 culture war champion overshadowed the work of a musician who was funnier subtler and more politically slippery than his most famous work let on,,NA
4583,hamas gives positive reply to gaza truce plan but odds remain murky u s and qatari leaders hinted at progress in talks for a truce and the release of hostages but it remains unclear how israel determined to crush hamas will respond to the group s counteroffer,hamas,Lebanon
4583,hamas gives positive reply to gaza truce plan but odds remain murky u s and qatari leaders hinted at progress in talks for a truce and the release of hostages but it remains unclear how israel determined to crush hamas will respond to the group s counteroffer,hamas,Palestine
4583,hamas gives positive reply to gaza truce plan but odds remain murky u s and qatari leaders hinted at progress in talks for a truce and the release of hostages but it remains unclear how israel determined to crush hamas will respond to the group s counteroffer,gaza,Palestine
4587,2024 grammys dissected taylor miley sza tracy joni and more was this the year the awards got it correct,,NA
4596,al green in hospital garb delivers vote to kill mayorkas impeachment the democrat from texas had undergone abdominal surgery but rushed to the capitol because he said the vote was personal,,NA
4598,biden sails to victory in nevada s primary as he heads toward nomination the president easily won the democratic race in a state that will be a top battleground in november just days after dominating his challengers in south carolina,,NA
4599,iraq hosts both u s and iranian backed forces it s getting tense as iranian backed groups and american forces both of which have bases in iraq lock horns around the mideast things are becoming uncomfortable for the iraqi government,,NA
4603,haley outvoted in nevada primary by none of these candidates without trump on the ballot ms haley ran essentially unopposed in the primary which awards no delegates the former president will compete in thursday s caucuses,,NA
4614,russian strikes hit ukrainian cities at a tense time for kyiv the attacks killed at least five people officials said as ukraine raises pleas for more american aid and president volodymyr zelensky considers changes in his administration,,NA
4618,for a ukrainian gardener flowers offer a way forward when war came to her country alla olkhovska had been planning to open a rare plants nursery now her clematis seeds have an international following,,NA
4620,how robots learned to write so well literary theory for robots by dennis yi tenen a software engineer turned literature professor shows how the intelligence in artificial intelligence is irreducibly human,,NA
4633,the best laughs on curb your enthusiasm have always been larry s own for almost 25 years larry david has charmed us with his knowing mischief and endearing jolliness,,NA
4636,how the israeli palestinian conflict drove a wedge into the democratic party members of congress and candidates for their seats have been drawn into bitter political clashes over the israeli palestinian conflict,,NA
4646,as his border deal dies a g o p senator laments the forces against it senator james lankford pleaded with his party not to let politics trump policy recounting opposition including a right wing media personality who vowed to do whatever i can to destroy you,,NA
4650,it was once pakistan s military stronghold now even it has had enough the mounting frustration with the military establishment is a stark shift in punjab the country s most populous and politically important province,,NA
4651,terrorized by gangs ecuador embraces the hard line noboa way president daniel noboa s new war on gangs has widespread support in a nation overwhelmed by violence but experts warn it could endanger civil liberties,,NA
4653,sweden closes investigation of pipeline blasts but stays silent on cause the natural gas connection was sabotaged in september 2022 seven months after russia s invasion of ukraine prompting rampant speculation about who was to blame,,NA
4654,what sports fans need to know about a new streaming service the joint venture announced by disney fox and warner bros discovery will offer a lot but it may not be enough on its own for serious fans,,NA
4655,el salvador decimated gangs but at what cost what was one of the world s most violent countries has become incredibly safe it has transformed more troubling ways too,,NA
4659,election office blasts in pakistan kill at least 22 a day before vote attacks against activities linked to the national elections including the targeting of candidates have surged during campaign season,,NA
4662,israel chooses a eurovision act as boycott campaigns swirl eden golan will represent the country in may in a contest that looks set to be overshadowed by the war in gaza,gaza,Palestine
4663,when it comes to dating ambition might matter more than politics toward a grand theory of modern young love,,NA
4671,senate bogs down on ukraine and israel aid after g o p blocks border deal democrats promised a thursday vote on a stand alone bill stripped of immigration measures with 60 1 billion for ukraine 14 1 billion for israel and 10 billion in humanitarian aid for civilians of global crises,,NA
4673,right wing congressman to run for senate in montana igniting g o p fight as republicans try to take down senator jon tester a democrat and win back control of the chamber representative matt rosendale is set to enter the race and start a primary clash,,NA
4686,review showing off rock solid technique and some erotic acrobatics philadanco returns to new york with four premieres that highlight the dancers skills without revealing much deeper artistry,,NA
4690,at this california radio station the call letters say it all kgay in palm springs is geared toward gen x and older gay men who enjoy rihanna but still worship donna summer,,NA
4693,trump s border intervention gives biden a chance to shift from defense to offense after three years under fire for record illegal migration on his watch the president blames his predecessor for preventing action to secure the southwestern border,,NA
4699,mary todd lincoln thwarted cabaret star that s cole escola s take oh mary which follows a boozing romance starved first lady is the latest entertainment about the lincolns illustrating their staying power as irreverent genre figures,,NA
4706,nevada s struggling economy could hold a key to 2024 democrats say the state s economy is getting better while republicans argue it s getting worse which message resonates more could decide the pivotal battleground state this fall,,NA
4708,thursday briefing the stakes of pakistan s elections also u s aid to ukraine stalls and a fight over the origins of butter chicken,,NA
4710,two cases aim to cut off china and iran from u s technology in one case material stolen from a private company would help the development of technology to track ballistic and hypersonic missiles u s officials said,,NA
4711,u s strike in baghdad kills iranian backed militia commander the killing of a leader of kata ib hezbollah continued a series of strikes in retaliation for attacks on u s troops in the region including one that killed three americans in jordan,hezbollah,Lebanon
4714,the united states has been a bulwark for ukraine what happens if support collapses american officials concede there is nothing on the horizon that could match the power of a new 60 billion congressional appropriation to support its war against russian aggression,,NA
4718,the senate moved to salvage ukraine aid also a u s strike killed an iranian backed militia commander here s the latest at the end of wednesday,,NA
4725,netanyahu spurns hamas offer for gaza cease fire the israeli prime minister said that the proposed deal would leave israel vulnerable to attack and that its forces were preparing to expand their operations,hamas,Lebanon
4725,netanyahu spurns hamas offer for gaza cease fire the israeli prime minister said that the proposed deal would leave israel vulnerable to attack and that its forces were preparing to expand their operations,hamas,Palestine
4725,netanyahu spurns hamas offer for gaza cease fire the israeli prime minister said that the proposed deal would leave israel vulnerable to attack and that its forces were preparing to expand their operations,gaza,Palestine
4726,the political perils of a black jewish rift over the war in gaza a divide bodes ill for democrats and perhaps even for palestinians,gaza,Palestine
4727,ukraine worries about losing its biggest weapon u s military aid without it kyiv could hold out for part of the year one expert said but would then begin losing the war,,NA
4729,many questions at burned house where 2 police officers were shot the authorities said at least six people were unaccounted for at the charred home in suburban philadelphia and warned that the investigation could be long and grisly,,NA
4730,in new york biden courts big money donors and attacks a dangerous trump in drawing rooms and ballrooms of the elite in manhattan any enthusiasm for a second biden term seemed to be mingled with fear about the thought of a second one for donald j trump,,NA
4732,what to know about pakistan s election analysts say pakistan s powerful military has never intervened so openly on behalf of its preferred candidate,,NA
4735,2024 begins with more record heat worldwide on the heels of earth s warmest year january was the eighth month in a row in which global temperatures blew past previous records,,NA
4738,quotation of the day these soccer players not so secret weapon leke quotation of the day for thursday february 8 2024,,NA
4740,pakistan election highlights military s sway over stormy politics a crackdown on a major political party and the political resurrection of a former leader are the latest dizzying swerves in the country s roller coaster politics,,NA
4742,thursday briefing a u s strike kills a militia commander in iraq,,NA
4743,the drop in crime in el salvador is stunning but it has a dark side for all of its success in lowering crime the bukele model comes at a stark cost copycats beware,,NA
4744,under gaza s shadow syria faces a new welter of conflict fighting has surged on five fronts bringing more misery to syria s people,gaza,Palestine
4745,mojo nixon who mixed roots and punk rock dies at 66 a self described voice of the doomed the damned the weird he was known for satirical songs like elvis is everywhere and destroy all lawyers,,NA
4755,netanyahu says israeli forces will soon enter rafah israel s prime minister said the military would soon go into to an area of gaza near the border with egypt where hundreds of thousands of displaced palestinians have fled something the united nations has said would be catastrophic,gaza,Palestine
4760,russia bars antiwar candidate in election putin is all but sure of winning the barring of the only candidate voicing opposition to the war in ukraine showed how little tolerance the kremlin has for dissent here s what to know about the presidential election in march,,NA
4765,construction industry grapples with its top killer drug overdose construction workers are more likely to die of overdose than workers in any other occupation forcing the industry to rethink its approach to safety,,NA
4766,ennio review morricone and his mastery of film scores a lively absorbing documentary about the italian composer whose music is featured in hundreds of movies from a fistful of dollars to kill bill,,NA
4767,navigating israel s war when one spouse is jewish and one is not for some couples figuring out how to talk about the war in gaza is a hurdle in the relationship but ultimately one that has brought them closer,gaza,Palestine
4768,in the new look it s chanel versus dior in war torn paris juliette binoche and ben mendelsohn play the two fashion icons during the nazi occupation of france in a new series from apple tv,,NA
4780,what the law says in 3 cases that could decide trump s fate the supreme court is expected to confront three major cases that will shape former president donald j trump s legal battles each deals with laws open to multiple interpretations with implications for his presidential candidacy and criminal trial on federal election subversion charges,,NA
4783,all the times that people have hyperventilated about taylor and travis the planet s biggest pop star met america s biggest sport and heads collectively exploded here are the moments people got happy sad angry or annoyed,,NA
4784,raven chacon s sound and art symphony at the swiss institute a pulitzer prize winner makes art warmed socially and spiritually by hope,,NA
4795,some hostages families say israel should keep fighting hamas a few relatives of hostages held in gaza argue that israel s military must not be too quick to end the war even if it prolongs their loved ones captivity,hamas,Lebanon
4795,some hostages families say israel should keep fighting hamas a few relatives of hostages held in gaza argue that israel s military must not be too quick to end the war even if it prolongs their loved ones captivity,hamas,Palestine
4795,some hostages families say israel should keep fighting hamas a few relatives of hostages held in gaza argue that israel s military must not be too quick to end the war even if it prolongs their loved ones captivity,gaza,Palestine
4798,the shaky u s israel alliance the war in gaza is straining the relationship between the two nations,gaza,Palestine
4800,lover stalker killer review true crime with lots of twists this documentary directed by sam hobkinson focuses on a jump back into the dating pool that soon turns horrific,,NA
4806,strong earnings and taylor swift add to disney s defenses the media giant beat analysts profit forecasts and announced a slew of new content will that be enough to fend off the activist investor nelson peltz,,NA
4821,ukraine s creative use of weapons carries promise and risk a russian plane shot down with a patriot missile was probably carrying ukrainian prisoners of war u s officials say,,NA
4822,how the far right is chipping away at a postwar taboo the traction gained by ultranationalist parties over the past decade may be a sign that an important consensus is breaking down,,NA
4823,ukraine and israel aid bill inches ahead as divided g o p demands changes senate republicans allowed the measure to move forward but were still slowing its progress as they held out for guarantees that they would be able to propose revisions,,NA
4838,zelensky removes his top general in major shake up of ukraine military gen valery zaluzhny led the effort that thwarted russia s initial assault on kyiv but his troops have struggled to make progress recently and tensions have mounted with the civilian leadership,,NA
4842,long serving prosecutor quits sept 11 case at guantanamo bay edward ryan s decision to leave the hybrid military civilian court after 15 years signals that the trial of four men accused of conspiring in the hijackings will not begin soon,,NA
4851,si spiegel war hero who modernized christmas trees dies at 99 the son of jewish immigrants he was a pilot in world war ii who later created patents to mass produce artificial conifers,,NA
4868,report calls for putin and others to be investigated for assault on mariupol human rights groups said the attack on the ukrainian port city pointed to unlawful actions by top russian leaders,,NA
4870,no rhapsody in blue is not the worst a defense of gershwin s masterpiece on the occasion of its centennial,,NA
4873,audit finds fatal lapses in mental health program meant to curb violence the program known as kendra s law has sometimes been mired by shoddy oversight and bureaucratic delays an audit by the state comptroller found,,NA
4877,film club letter to san zaw htway after the 2021 military coup in myanmar loved ones of the deceased political prisoner wrote him letters as an act of remembrance and hope what can we learn from his life and story,,NA
4878,the first new oscar in more than 20 years goes to casting directors after decades of lobbying from the casting field the academy of motion picture arts and sciences is adding its first new award category since 2001,,NA
4882,have we crossed a dangerous warming threshold here s what to know recent temperature rises have come uncomfortably close to a key benchmark 1 5 degrees celsius it s a bad sign for the world s climate goals but it s not game over not yet,,NA
4883,friday briefing will trump be allowed to hold office again also pakistan s elections and a shake up in ukraine s military leadership,,NA
4889,trump putin carlson and the shifting sands of today s american politics an interview with russia s leader and congressional resistance to aid for ukraine underscore the transformation of the parties and electorate in the united states more than three decades after the cold war,,NA
4891,hot takes and walking ads fuel super bowl s radio row during super bowl week current and former athletes help companies hawk their wares on radio stations and podcasts it is a phenomenal quid pro quo one host said,,NA
4892,michael mann a leading climate scientist wins his defamation suit the researcher had sued two writers for libel and slander over comments about his work the jury awarded him damages of more than 1 million,,NA
4894,a new general takes over as ukraine struggles on the battlefield gen oleksandr syrsky is taking a job vacated by a general who is well regarded by the army in what is widely perceived as a politicized shake up of ukraine s military leadership,,NA
4900,man who drugged wife s drinks to cause abortion gets 180 days in jail mason herring 39 of houston pleaded guilty on wednesday to injury of a child and assault of a pregnant woman,,NA
4903,police investigate televised times square attack by guardian angels two days after the assault on a man whom the group s founder curtis sliwa misidentified as a migrant law enforcement officials said they were looking into the incident,,NA
4906,crowded gazan city bombed as negotiators try to revive cease fire talks a day after prime minister benjamin netanyahu signaled that the israeli military was preparing to move into rafah airstrikes there killed and wounded multiple people,,NA
4907,putin calls on u s to negotiate on ukraine in tucker carlson interview in a two hour interview president vladimir putin of russia was more direct than usual about how he sees his ukraine invasion ending not with a military victory but a deal with the west,,NA
4920,variety acrostic david balton and jane stewart s puzzle might remind you that all you need is love,,NA
4923,trump strolls to victory in nevada s republican caucuses his triumph long inevitable because he was the only major candidate on the ballot was his fourth straight in a republican nominating contest that awards delegates,,NA
4934,seth meyers tackles the supreme court s trump hearing meyers said trump lacked any sense of irony or self awareness when he claimed it would be an attack on democracy to remove him from the ballot for attacking democracy,,NA
4938,bullfighting in the arena and battling outside of it james wagner who covers latin america for the new york times recently reported on a clash over a centuries old tradition in mexico city,,NA
4943,pakistan election surprise imran khan s party puts up a fight the military had cracked down on the party of the former prime minister in favor of another former leader nawaz sharif but mr sharif s party was lagging as results trickled in,,NA
4948,a long forgotten tv script by rachel carson is now a picture book in something about the sky the national book award winning marine biologist brings her signature sense of wonder to the science of clouds,,NA
4963,the year of the dragon plant a life lived between generations keeps us looking forward and back caring for those who came before us anticipating the care of those to come,,NA
4970,who will replace ronna mcdaniel as leader of the r n c two of the republicans who battled for co chairman last year appear poised for round 2 but this time party leadership is at stake and the former president may hold more sway,,NA
4975,bluesky s big bet and are deals dead in silicon valley plus more ancient scrolls deciphered using artificial intelligence google s chatbot updates and a fight between record labels and tiktok,,NA
4992,robert badinter dies at 95 won fight to end death penalty in france he spent decades as an esteemed defense lawyer but was best known as the justice minister who enacted a 1981 law abolishing capital punishment,,NA
4993,demolition of muslim properties sets off deadly violence in india when officials arrived to raze a mosque and seminary ruled to be illegally located on public property they encountered hundreds of protesters,,NA
4996,a campaign to finally ban asbestos most americans believe asbestos is already banned but it s still killing people according to a disease awareness group with a new billboard in times square,,NA
4998,ukraine has a new military commander but the problems haven t changed as gen oleksandr syrsky assumes his role he must reckon with a grim calculus when does the cost of defending ground outweigh any benefit gained by inflicting pain on the enemy,,NA
5011,h i v groups warn of privacy risks in how c d c tracks virus samples since 2018 the agency has mandated tracking the genetic signatures of viruses collected from people with h i v a practice known as molecular surveillance,,NA
5025,chief witness against gaetz is cooperating with house ethics investigation a year after the justice department decided not to bring charges against representative matt gaetz in a sex trafficking investigation the house ethics committee is moving forward with an inquiry into him,,NA
5030,subway cars with no end in sight new york city s notoriously antiquated subway system has a brand new train model one with an open gangway between cars,,NA
5047,in a victory for poland spring maine rejects new groundwater limits the bottled water company last year tried to kill legislation aimed at protecting aquifers at a time when many are at risk nationally,,NA
5051,green party eligible for the ballot in wisconsin in the critical battleground state where past winners have been decided by narrow margins the green party s presence could prove consequential,,NA
5052,in private remarks to arab americans biden aide expresses regrets on gaza in a closed door meeting the aide offered some of the administration s clearest notes of contrition for its response to the gaza war a sign of rising democratic pressure on president biden,gaza,Palestine
5055,plane crashes on florida highway killing 2 authorities say the plane a bombardier challenger 600 series jet was carrying five people when it crashed on interstate 75 near naples fla the authorities said,,NA
5056,u s rejects putin s latest call for ukraine negotiations skepticism remains high about the russian leader s intentions after he told tucker carlson that the war in ukraine could be settled with a peace deal,,NA
5057,small plane crashes on florida highway a bombardier challenger 600 jet erupted into flames after crashing on interstate 75 near naples fla,,NA
5058,fisherman convicted of diverting a michigan river by hand andrew blair howard was found with a shovel at the site of a newly created channel at sleeping bear dunes national lakeshore prosecutors said,,NA
5062,attacking biden nikki haley says trump has his own mental deficiencies the former governor of south carolina harshly criticized both president biden and former president donald j trump after a special counsel report called attention to mr biden s age and memory,,NA
5064,john bruton dies at 76 negotiated for peace as irish prime minister he made strides to end the sectarian violence that plagued northern ireland through the 1990s by collaborating with both britain and the irish republican army,,NA
5076,senators work into weekend on ukraine and israel bill as g o p slows progress the 95 billion package appeared on track for eventual passage but republicans who killed a bipartisan version were still trying to make changes,,NA
5077,moody s downgrades israel s credit rating citing toll of war israel s creditworthiness remains high but the rating agency noted that the outlook for the country was negative considering the risks from the continued conflict,,NA
5098,promoting peace as war rages israeli and palestinian activists meet for almost 20 years combatants for peace has called for non violence and an end to israel s occupation of palestine but after oct 7 some attendees are more hesitant to speak out about their activism times reporters attended one of their sessions,,NA
5099,a tale of midlife love with a bombshell ending in her new novel leaving roxana robinson reunites a former couple one of them is divorced the other is still married what now,,NA
5105,these israelis and palestinians are still working for peace just quietly positions have hardened on both sides in the face of the gaza war but some activists refuse to give up hope they let us sit in on one of their meetings,gaza,Palestine
5109,a war haunted choreographer steps into a new role at city ballet alexei ratmansky arguably the most important ballet choreographer today has made a deeply personal first work as artist in residence that reflects his ukrainian roots,,NA
5121,egypt warily eyes gaza as war builds pressure on its border egypt has reinforced its frontier with gaza and warned israel that any move that would send gazans spilling into egyptian territory could jeopardize their decades old peace treaty,gaza,Palestine
5132,the new n f l owners as team valuations skyrocket the league is weighing whether to relax ownership rules that prohibit investment from private equity funds,,NA
5133,bones on canadian beach are likely from a shipwreck but which one human remains found last month in an area of prince edward island that was perilous for ships were most likely buried after a shipwreck in the 1800s experts say,,NA
5139,shocking opposition victory throws pakistan into chaos the party of imran khan the jailed former prime minister took the most seats humiliating the country s military rulers and creating a political crisis,,NA
5141,top nigerian banker among 6 killed after helicopter crash in california herbert wigwe the director of one of nigeria s leading financial institutions died in the crash on friday,,NA
5150,gazans search rubble after israeli strikes on rafah homes and a vehicle were hit in the southern gazan city where hundreds of thousands of displaced palestinians have fled since the war began,,NA
5153,russian drone strike ignites a fuel depot setting a neighborhood ablaze in ukraine seven people from two families died in the inferno in kharkiv on friday night as burning oil flowed like lava people were doomed an official said,,NA
5159,trump insinuates haley s husband deployed to africa to escape her at a rally in south carolina on saturday former president donald j trump asked of nikki haley what happened to her husband where is he,,NA
5160,trump says he gave nato allies warning pay in or he d urge russian aggression speaking in conway s c donald j trump said as president he had told nato allies that he would urge russian aggression against countries that had not met unofficial financial commitments,,NA
5163,it is suffocating a top liberal university is under attack in india a campaign to make the country an explicitly hindu nation has had a chilling effect on left leaning and secular institutions like jawaharlal nehru university,,NA
5166,terrified gazans await an israeli advance in the city they fled to israel has asked the military to come up with plans to evacuate gazans but it isn t clear where they are supposed to go or when israel s ground invasion might begin,,NA
5168,finland elects alexander stubb president as it ushers in nato era the election of the center right politician fills a role that is responsible for foreign policy in an era of rising wariness of neighboring russia,,NA
5169,short on soldiers ukraine debates how to find the next wave of troops a potential expansion of the nation s military draft to replenish the exhausted battered army has become an emotional politically charged issue,,NA
5170,christopher nolan wins dga award putting him on track for the oscar after four losses this is the first guild victory for the oppenheimer director winners there have won the academy award 18 of the last 20 times,,NA
5181,filming virginia woolf the battles weren t just onscreen with burton and taylor as stars and a writer and director feuding adapting the scabrous play wasn t easy cocktails with george and martha pours out the details,,NA
5186,black churches in georgia unite to mobilize voters in a key battleground two of the state s largest church groups are teaming up in a rare effort they say is motivated by this year s stakes and new voting restrictions in georgia,,NA
5201,israeli analysts say rafah invasion is unlikely to be imminent a major challenge for israeli forces will be how to move the more than 1 million gazans who have crowded into the city out of harm s way,,NA
5207,favoring foes over friends trump threatens to upend international order former president donald j trump suggested that he would incite russia to attack delinquent u s allies foreshadowing potentially far reaching changes in the world order if he wins the white house again,,NA
5209,nikki haley denounces trump s nato comments and defends her husband against his attacks don t take the side of a thug who kills his opponents ms haley said on cbs s face the nation on sunday after donald trump suggested he might encourage russia to attack a nato member,,NA
5210,the rise and fall and rise again of imran khan mr khan s success was fueled by social media which drove pakistan s young people to turn out to vote and rebuff the country s powerful military,,NA
5212,an outburst by trump on nato may push europe to go it alone many were alarmed by comments that he would encourage russia to attack u s allies that didn t spend enough on their militaries but european leaders were already pondering the prospect of an alliance without the united states,,NA
5213,is this the future of new york fashion khaite has awards fans and momentum but there s something missing,,NA
5218,biden cautions netanyahu on ground offensive in southern gaza the president told the israeli leader on sunday that protection was needed for palestinians seeking shelter and called for urgent and specific steps on humanitarian aid,gaza,Palestine
5219,israel says it will protect civilians in a gazan city it is determined to invade prime minister benjamin netanyahu said that israel would invade refugee packed rafah but was drafting a plan to help people get out of harm s way,,NA
5220,boy is critically wounded in shooting at houston church led by joel osteen a woman entered the lakewood church a megachurch in houston with a rifle and opened fire officials said off duty officers shot and killed her,,NA
5222,kill b review dances of dominance in this work inspired by quentin tarantino s kill bill films croatian performers address the fraught director actress relationship at its core,,NA
5223,austin taken to hospital for bladder issue doctors at walter reed said defense secretary lloyd j austin iii was in a critical care unit the pentagon said he had transferred his duties to his deputy,,NA
5231,what to know about the 2 hostages israel rescued from rafah fernando simon marman 60 and louis har 70 were in good condition and were undergoing tests at a tel aviv hospital the israeli authorities said,,NA
5234,how china built byd its tesla killer the leading chinese electric vehicle company with origins as a battery maker has posted two years of million car growth in sales,,NA
5236,what to know about indonesia s election more than 100 million people are expected to vote the country is a vibrant democracy but some fear it risks sliding back toward a dark past,,NA
5243,biden and jordan s king call on israel to protect palestinians in rafah king abdullah who had his first face to face conversation with president biden since the gaza war began said an israeli invasion of the city was certain to produce another humanitarian catastrophe,gaza,Palestine
5252,she survived an airstrike that killed her entire family in gaza eleven year old dareen al bayaa lost dozens of her family members in a single airstrike in gaza she is one of at least 17 000 children across the territory who have been orphaned or separated from their parents,gaza,Palestine
5263,the deadly business of restricting immigration in brought forth on this continent and the last ships from hamburg people fleeing violence and famine meet resistance in the united states,,NA
5279,we keep domestic violence shelters secret who is that really helping the vital symbolic value of a public shelter,,NA
5285,palestinians in rafah describe night full of horror during israeli hostage rescue the gazan health ministry said that at least 67 people had been killed in israeli strikes overnight in rafah and that the toll was likely to rise,,NA
5287,the doomsday clock keeps ticking are humans the only beings in the universe confronting global self destruction or just the last ones standing,,NA
5294,dutch court moves to block export of fighter jet parts to israel the move reflected mounting alarm over the civilian toll of israel s war in gaza but was unlikely to have an immediate effect on the military campaign,gaza,Palestine
5297,nothing says be mine like a chocolate chip cookie the size of your face have you ever baked a giant chocolate chip cookie in a skillet if you haven t now is the time because samantha seneviratne s recipe is utterly magical like everything she puts forth samantha s giant cookie is perfectly balanced a harmony of brown sugar walnuts and chocolate chips seasoned with just enough salt to tame the sweetness and smushing one giant cookie into a skillet is vastly easier and faster than forming individual cookies it s the kind of after work treat that makes monday altogether worth it,,NA
5306,biden s age as a major campaign issue readers react to articles about the president s age also responses to donald trump s warning to nato,,NA
5307,houston megachurch shooter had an ar 15 and brought her 7 year old son officials said a 36 year old woman who opened fire at lakewood church which is led by the televangelist joel osteen had a documented history of arrests and mental illness she was killed by off duty officers,,NA
5308,who are the major players after pakistan s stunning election politicians and the military are jockeying to lead the country after the success of the party of imran khan a jailed former prime minister,,NA
5314,georgia judge will hear evidence on relationship between trump prosecutors defense lawyers have accused fani t willis the fulton county district attorney of hiring nathan j wade to run the case after she began a romantic relationship with him,,NA
5316,a left vs left house battle funded by a split over israel wesley bell a leader in the progressive prosecutors movement will take on representative cori bush of missouri in st louis,,NA
5319,tuesday briefing israel strikes gaza to rescue hostages also donald trump s high stakes week and china s stadium diplomacy,gaza,Palestine
5323,u s u n and international criminal court intensify warnings against invading rafah international pressure has escalated on israel to restrain its military campaign in the southern gazan city where many have fled from attacks in the north,,NA
5324,bob edwards longtime host of npr s morning edition dies at 76 he was the voice we woke up to for a quarter century delivering news and interviews in a rich baritone that reached millions of listeners,,NA
5327,senate passes aid to ukraine but fate is uncertain in a hostile house democrats and a group of republicans teamed up to approve the 95 billion bill which also includes aid to israel and civilians in conflict zones but the house speaker threatened to ignore it,,NA
5328,here are the republicans who broke with their party to back ukraine aid party leaders national security institutionalists and centrists made up the core of the 22 republicans who joined democrats in pushing through the military aid defying former president donald j trump,,NA
5331,austin cancels trip to europe after returning to hospital the defense secretary who had prostate cancer surgery in december was hospitalized with symptoms suggesting an emergent bladder issue,,NA
5334,israeli raid in rafah rescues 2 hostages and kills dozens officials say the hostages who had been held by hamas returned to israel after a military operation that gazan health officials said killed at least 67 palestinians,hamas,Lebanon
5334,israeli raid in rafah rescues 2 hostages and kills dozens officials say the hostages who had been held by hamas returned to israel after a military operation that gazan health officials said killed at least 67 palestinians,hamas,Palestine
5335,an israeli raid rescued two hostages and killed dozens officials say also an election upset in pakistan here s the latest at the end of monday,,NA
5337,one killed and 5 wounded in shooting at bronx subway station police say the shooting took place at the mount eden avenue station on monday the police said the victims ranged in age from 14 to 71 including a 35 year old man who died,,NA
5340,defending troops haley says golf course is closest trump has come to combat after months of treading lightly about the former president s legal travails and increasing authoritarian rhetoric nikki haley came out swinging in south carolina over a personal attack,,NA
5343,trump steps up helping biden just when the president needs him donald j trump s stunning statement supporting a russian attack against delinquent nato allies takes attention away from unwelcome questions about the president s age and provides the biden camp a useful contrast,,NA
5346,military judge to rule on c i a torture program in sept 11 case lawyers argued over the rare legal doctrine in an effort to dismiss the case at the start of pretrial hearings in the sept 11 case at guantanamo bay,,NA
5353,deadliest cholera outbreak in past decade hits southern africa the waterborne disease has killed more than 4 000 people in seven countries over the past two years experts blame severe storms a lack of vaccines and poor water and sewer systems,,NA
5354,tuesday briefing israel s deadly operation to rescue two hostages,,NA
5355,why this group of undecided independent voters is leaning toward trump the participants discuss the issues that may sway them to vote for biden or trump,,NA
5356,only biden and m b s can redirect the israeli palestinian conflict what the president and the saudi crown prince need to do,,NA
5359,now where was i jon stewart is back in his old daily show seat on monday night the longtime host of the comedy central news satire kicked off his new tenure in classic form,,NA
5369,jon stewart returns to form on the daily show nearly nine years after signing off as host of the late night show stewart returned to his seat we re going to have so much we are going to talk about this year he said monday,,NA
5370,its forces depleted myanmar junta says it will enforce a military draft three years after it took power in a coup the regime appears to be on the defensive but it remains unclear if the rebels can overthrow the military,,NA
5373,in this novel a second civil war reinstates black bondage rae giana rashad imagines an alternate america in her first novel the blueprint,,NA
5377,pushing for recognition took billy dee williams to the stratosphere his charming memoir what have we here traces the path from a harlem childhood to star wars while lamenting the roles that never came his way,,NA
5393,the space race review why was nasa so white the days of shooting for the stars interpreted through the stories of people of color whose aspirations were repeatedly thwarted,,NA
5394,haley s hard line immigration record runs counter to trump s attacks donald trump has accused nikki haley of siding with democrats on the border in south carolina friends and foes alike do not recognize that portrait of the former governor,,NA
5398,to deepen love consider duty is it a sign of adulthood to become aware of your limitations as well as to welcome someone to witness those limitations,,NA
5401,crypto pac jumps into senate race opposing katie porter in california a group called fairshake recently revealed that it and two affiliated super pacs had amassed roughly 80 million combined in 2023 now it s planning to deploy some of that cash,,NA
5409,will voters in san francisco go for a different kind of mayor mark farrell a venture capitalist who led the city for six months in 2018 wants his old job back his chances hinge on how far the liberal city has moved toward the center,,NA
5415,a bill with 14 billion for israel s war in gaza passes the senate but may falter in the house a 95 billion foreign aid package passed by the senate on tuesday morning includes 14 1 billion for israel s war against hamas though the bill still faces uncertainty in the house,gaza,Palestine
5415,a bill with 14 billion for israel s war in gaza passes the senate but may falter in the house a 95 billion foreign aid package passed by the senate on tuesday morning includes 14 1 billion for israel s war against hamas though the bill still faces uncertainty in the house,hamas,Lebanon
5415,a bill with 14 billion for israel s war in gaza passes the senate but may falter in the house a 95 billion foreign aid package passed by the senate on tuesday morning includes 14 1 billion for israel s war against hamas though the bill still faces uncertainty in the house,hamas,Palestine
5416,hezbollah attack injures 2 israelis amid fresh push to reduce tensions diplomats said france had presented a proposal aimed at ending the strikes and skirmishes along the border between israel and lebanon,hezbollah,Lebanon
5429,is that polar bear getting enough to eat try a collar with a camera scientists collected video from 20 bears during ice free months to understand whether the animals can survive longer periods on land in a warming world,,NA
5431,israel orders evacuation of southern gaza hospital where thousands are sheltering the israeli military accused hamas of operating from nasser hospital but did not provide evidence past israeli orders to evacuate hospitals have preceded military raids,gaza,Palestine
5431,israel orders evacuation of southern gaza hospital where thousands are sheltering the israeli military accused hamas of operating from nasser hospital but did not provide evidence past israeli orders to evacuate hospitals have preceded military raids,hamas,Lebanon
5431,israel orders evacuation of southern gaza hospital where thousands are sheltering the israeli military accused hamas of operating from nasser hospital but did not provide evidence past israeli orders to evacuate hospitals have preceded military raids,hamas,Palestine
5434,on capitol hill republicans use bigoted attacks against political foes house and senate republicans have denigrated fellow lawmakers biden administration officials and witnesses in racist ways both in casual comments and in official settings,,NA
5435,these grandmas are going to the oscars in the documentary short nai nai wai po sean wang chronicles the inner lives of his grandmothers now the film is nominated for an academy award,,NA
5445,as u s weighs aid ukraine turns to european allies for support president volodymyr zelensky is expected to seek more military assistance in berlin paris and possibly london,,NA
5451,nikki haley feels the love in her south carolina hometown ms haley has traveled throughout the state trying to cut into former president donald j trump s lead but even with a friendly audience her uphill battle to win votes remained clear,,NA
5454,kelvin kiptum marathon world record holder is dead at 24 kiptum who came tantalizingly close last year to breaching the mythical two hour barrier in the marathon was killed in a car accident in kenya,,NA
5455,biden denounces trump s support for russian attack on allies as un american the president cited the former president s comments in seeking to increase pressure on speaker mike johnson to allow a floor vote on a 95 billion package of security aid for ukraine and israel approved by the senate,,NA
5464,two students two views one campus conflict in the midwest at the university of michigan a palestinian activist and a self described zionist counterprotester have little in common except the way they were shaped by life on campus,,NA
5472,in scorning trump s remarks biden urges house to pass ukraine aid bill during remarks on the 95 billion ukraine and israel aid package president biden condemned former president donald j trump for encouraging russia to attack some nato members,,NA
5473,wanted true love reward 100 000 two men posted dating bounties on the internet worth thousands as an incentive for people to help them find love,,NA
5474,you might not like what jon stewart has to tell you the comedian returned to the daily show claiming the prerogative to tell his audience jokes they don t want to hear,,NA
5476,before houston megachurch shooting a series of warning signs a woman who opened fire at lakewood church engaged in antisemitic rants and kept guns in the house even after being involuntarily hospitalized for mental illness her mother in law said,,NA
5480,ukraine claims russia used new hypersonic missile for first time russia has not confirmed that a zircon hypersonic missile was used the united states says it s looking into the claim,,NA
5484,austin is released from the hospital and will return to work the defense secretary who was hospitalized in january for complications from prostate cancer surgery underwent a nonsurgical procedure to address a bladder issue doctors said,,NA
5487,woman 74 killed by falling bricks while shoveling her brooklyn stoop dale singer was on the steps of her home tuesday afternoon when a portion of the facade suddenly collapsed on her security camera footage showed,,NA
5488,larry taylor vietnam war pilot lauded for daring rescue dies at 81 his evacuation of four besieged u s army rangers was belatedly recognized last september with the medal of honor,,NA
5493,talks in cairo aim for a deal to halt gaza war and free hostages israel hamas the united states qatar and egypt are involved in negotiations which will go on for days officials called them promising but an accord did not seem imminent,gaza,Palestine
5493,talks in cairo aim for a deal to halt gaza war and free hostages israel hamas the united states qatar and egypt are involved in negotiations which will go on for days officials called them promising but an accord did not seem imminent,hamas,Lebanon
5493,talks in cairo aim for a deal to halt gaza war and free hostages israel hamas the united states qatar and egypt are involved in negotiations which will go on for days officials called them promising but an accord did not seem imminent,hamas,Palestine
5494,a feared ex general appears set to become indonesia s new leader prabowo subianto was ejected from the military on accusations of rights abuses now he is projected to win the country s presidency outright in the first round,,NA
5498,at least 1 dead and 5 injured after vehicle crashes into texas hospital police were investigating what caused the crash at st david s north austin medical center,,NA
5505,a palestinian exile champions an arab vision for gaza mohammed dahlan who advises the united arab emirates provided public insights into what arab governments are privately planning for the battered enclave after the war ends,gaza,Palestine
5509,it s not time for our troops to leave the middle east should u s troops stay in syria and iraq or should they go and if they stay how does american leadership prevent these attacks from continuing,,NA
5510,imran khan s opponents reach deal to shut his allies out of government after days of wrangling two parties run by political dynasties joined forces and will nominate shehbaz sharif to be pakistan s prime minister,,NA
5522,as china tries to present a friendlier image a new face emerges liu jianchao is a communist party diplomat skilled at defending tough positions without being pugnacious he also once hunted fugitive officials abroad,,NA
5523,the suicide squad faces a new villain industry demons the long awaited follow up to the batman arkham series is a live service video game a high risk high reward strategy,,NA
5528,why the case against fani willis feels familiar to black women in interviews professional women were dismayed by the personal attacks on the georgia prosecutor but not surprised,,NA
5531,together there was magic two fluid dancers in our racing times the nonbinary dancers ashton edwards and taylor stanley made history in their magnetic performance of justin peck s the times are racing at new york city ballet,,NA
5541,when your technical skills are eclipsed your humanity will matter more than ever the rise of a i will make soft skills even more important,,NA
5553,liberal group joins efforts calling for protest vote against biden in michigan our revolution begun by senator bernie sanders in 2016 is aiming to shift the president s stance on the war in gaza,gaza,Palestine
5554,cast of the new look reflects on chanel and dior s war torn past juliette binoche ben mendelsohn and john malkovich stars of a new series set in world war ii paris discussed french fashion history at the show s premiere in new york,,NA
5555,3 ex policemen found guilty of destroying evidence in seoul crowd crush a south korean court found that the former officers had deleted an internal report that warned of safety risks ahead of halloween celebrations,,NA
5561,why farmers are marching toward delhi again this time they want a stronger guarantee that they can make money selling their wheat and rice crops,,NA
5563,europe wants to stand on its own militarily is it too little too late outraged by donald j trump s remarks about encouraging russia to punish some nato members and downbeat about ukraine s military prospects europe faces growing anxiety over its own security,,NA
5574,ukraine struggling on land claims to deal blow to russia at sea the ukrainian military says it has sunk a large russian landing ship off the coast of crimea although ukrainian troops inland find themselves in a precarious position,,NA
5576,hundreds flee southern gaza hospital after israel orders evacuation the israeli military threatened to take action to stop what it called hamas activity at nasser medical complex in khan younis,gaza,Palestine
5576,hundreds flee southern gaza hospital after israel orders evacuation the israeli military threatened to take action to stop what it called hamas activity at nasser medical complex in khan younis,hamas,Lebanon
5576,hundreds flee southern gaza hospital after israel orders evacuation the israeli military threatened to take action to stop what it called hamas activity at nasser medical complex in khan younis,hamas,Palestine
5587,dries van agt former dutch prime minister dies at 93 as justice minister he weathered a hijacking crisis and later pushed to resolve the israeli palestinian conflict he and his wife died in a joint act of euthanasia,,NA
5591,austin speaking by video reiterates u s support for ukraine secretary of defense lloyd j austin iii spoke on wednesday to a u s led group that marshals military aid to ukraine,,NA
5593,free campaign advice for joe biden readers offer suggestions to president biden also alejandro mayorkas s impeachment donald trump and the military libraries under fire helping the mentally ill,,NA
5603,how senate democrats flipped the border issue on republicans senator chuck schumer was wary of tying immigration policy to emergency aid for ukraine but he saw an opening to address border turmoil that was becoming a political liability and to call republicans bluff,,NA
5615,locust swarms could expand their range in a hotter stormier world the crop devouring pests love arid conditions and the occasional downpour global warming is offering more of both,,NA
5621,these people had dreams and ambitions samar abu elouf a photojournalist spent weeks documenting five palestinians in gaza whose lives had been shattered by the war,gaza,Palestine
5622,the u k labour party s worst enemy might be itself the party has a large lead in the polls but recent missteps have led to questions about the management skills of its leader keir starmer,,NA
5625,f b i director makes a secret trip to israel christopher a wray whose agency has worked with israeli authorities to pursue atrocities committed by hamas has made his first visit to israel since the war began the bureau disclosed,hamas,Lebanon
5625,f b i director makes a secret trip to israel christopher a wray whose agency has worked with israeli authorities to pursue atrocities committed by hamas has made his first visit to israel since the war began the bureau disclosed,hamas,Palestine
5628,israeli media report netanyahu has pulled out of gaza cease fire talks some family members of the hostages still in gaza criticized any such decision and protested outside the homes of israeli officials,gaza,Palestine
5631,between two knees review a virtuosic romp through a century of terrors two deadly standoffs at wounded knee are the bookends for a show that manages to narrate a violent history with moments of light and humor,,NA
5632,russia s advances on space based nuclear weapon draw u s concerns a congressman s cryptic statement about new intelligence set washington abuzz and infuriated white house officials,,NA
5634,in new york win democrats sense a pivot on immigration and border politics tom suozzi s victory coming after congressional republicans killed a bipartisan border security package could provide democrats with a road map to shoring up two political vulnerabilities,,NA
5647,brooklyn man is charged with assaulting police officers at jan 6 riot mitchell bosch repeatedly pushed against officers as they sought to hold back the mob loyal to former president donald j trump that stormed the u s capitol,,NA
5652,hundreds flee one of gaza s last working hospitals fearing israeli attack israeli forces have been expanding their operations in the southern gaza city of khan younis for weeks and on wednesday called for civilians at a hospital there to leave for safer spaces,gaza,Palestine
5655,odysseus a private lunar lander launches toward the moon a spacex rocket lifted the spacecraft which was built by intuitive machines of houston to carry cargo for nasa and other customers to the lunar surface,,NA
5659,after fighting ukraine aid trump says biden will give ukraine to putin donald trump suggested he would do more to protect the country from russia seeking to flip the script on the president who has been calling for more military aid for months,,NA
5662,how russia depicts wounded soldiers as heroes or not at all troops with amputated limbs or serious injuries return home to find a patchwork system of treatment and often efforts to keep them out of the public eye,,NA
5664,russia hides its war toll we pieced together the clues interviews with wounded russian soldiers and with relatives of others reveal glimpses of what injured veterans can expect when sent home from ukraine,,NA
5665,trump s nato threat reflects a wider shift on america s place in the world alliances that were once seen as the bulwark of the cold war are now viewed as an outdated albatross by a significant segment of the american public,,NA
5666,thursday briefing russian advances on a space based nuclear weapon,,NA
5670,spacex is now incorporated in texas elon musk says the billionaire said his private rocket company was reincorporating from delaware where he recently lost a case over his pay package as head of tesla,,NA
5681,a cancer diagnosis and an uncertain path forward for mark landler the london bureau chief of the times news of king charles iii s recent diagnosis reflects a milestone in the way buckingham palace communicates with the public,,NA
5682,migrant crime wave not supported by data despite high profile cases several well publicized acts of violence by migrants in new york have unsettled some city leaders but police statistics do not point toward a surge in crime,,NA
5683,celebrity feuds do you know about this one do you care why do you think these battles blow up on social media,,NA
5685,there is no safety displaced gazans leave rafah with israel signaling an invasion of the southern gazan city of rafah palestinians who fled there are uncertain about where to go next some are returning to the places they earlier had to evacuate,,NA
5689,writer mother ex wife leslie jamison is a self in splinters in her powerful new memoir the author examines a life composed of conflicting identities and fierce contradictory desires,,NA
5693,california s push for ethnic studies runs into the israel hamas war the state s high school students will be required to take the subject but some object to how the discipline addresses the israeli palestinian conflict,hamas,Lebanon
5693,california s push for ethnic studies runs into the israel hamas war the state s high school students will be required to take the subject but some object to how the discipline addresses the israeli palestinian conflict,hamas,Palestine
5703,a slap shot against climate denial a jury rules that defamatory attacks on climate scientists have consequences,,NA
5709,the kansas city super bowl parade shooting what we know the eruption of violence in kansas city mo came as thousands of people had gathered for a public celebration,,NA
5710,2 teens in custody in kansas city where police say dispute led to shooting the authorities said they were working to determine applicable charges in the shooting that followed a super bowl victory parade the host of a local radio show was killed and 22 more were injured,,NA
5715,this centuries old border dispute pits an army against unarmed volunteers some guatemalans call belize their 23rd state the territorial claim is creating jitters in one of central america s most lawless corners,,NA
5718,he lost a son then chronicled life in a gaza hospital to dull his heartache mustafa abutaha told stories of people sheltering with him at nasser hospital he later fled before the israeli military closed in israeli forces began raiding the medical facility on thursday,gaza,Palestine
5720,israelis enter gaza hospital and super bowl parade shooting plus russian advances on space based nuclear weapon,gaza,Palestine
5722,lebanon s state media says israeli strikes there killed 10 civilians the death toll wednesday was the highest in months of cross border fighting and amplified fears that the cross border clashes could escalate into a full fledged war,,NA
5724,weeks before the israeli raid a doctor described the crisis at nasser hospital the israeli military operation at nasser medical complex on thursday followed weeks of warnings from health officials about increasingly dire conditions inside the hospital doctors struggling with scarce supplies displaced people sleeping in corridors hunger gnawing as food grew scarce bombings and gunfire reverberating in the surrounding streets,,NA
5727,land of bad review tech ops in the jungle fighters on the ground assisted by drone pilots including russell crowe half a world away in las vegas,,NA
5731,takeaways from the hearing in the georgia trump case fani t willis the district attorney defended her personal conduct in a tense courtroom appearance as defense lawyers sought to disqualify her from the prosecution of donald j trump and his allies in georgia,,NA
5733,elon musk extends his anywhere but delaware campaign the billionaire moved spacex s incorporation out of the state wall street is wondering if tesla will follow suit,,NA
5735,which version of an ex general did indonesia just vote for prabowo subianto has had many identities over the years a commander under sanctions for rights abuses a violent nationalist and now the candidate of continuity,,NA
5740,in trump case thorny conflict of interest question looms defense lawyers argue that the romantic relationship between top prosecutors in the trump election interference case in georgia merits disqualification,,NA
5748,ashleigh merchant a defense lawyer is arguing for the prosecutors disqualification ms merchant who brought the allegations against fani willis and nathan wade to light last month has said their relationship poses a conflict of interest,,NA
5750,the national book awards opens up to writers who are not u s citizens the awards which celebrate the best of american literature are expanding the definition of who qualifies,,NA
5751,losing ground ukraine seeks new positions around avdiivka as russian forces breach a supply line and seek to encircle opposing soldiers ukraine s commanders maneuver to more advantageous positions,,NA
5754,gazans who sought shelter in rafah are fleeing again the city of rafah in southern gaza is one of the last areas of the territory where israeli troops have yet to deploy in force but now as israel warns of a ground offensive there some of the 1 4 million people who have been sheltering in the city are packing up and moving on,gaza,Palestine
5776,jeff koons sculptures hitch ride on spacex rocket to the moon the artist has packed 125 stainless steel sculptures of the moon inside a lunar lander headed into space,,NA
5780,teenager is arrested in connection with fatal subway station shooting the 16 year old boy will be charged with murder the police said the shooting on monday at the mount eden avenue subway station in the bronx killed one person and injured five others,,NA
5786,many suicides in prisons could have been averted justice dept watchdog says the bureau of prisons routinely subjects prisoners to conditions that put them at heightened risk of self harm drug overdoses accidents and violence the inspector general said,,NA
5795,botched i v f liquid destroyed embryos lawsuits claim patients have filed eight lawsuits against coopersurgical a major fertility company which has recalled the faulty product,,NA
5799,russia s antisatellite technology poses no immediate threat white house says we are not talking about a weapon that can be used to attack human beings or cause physical destruction here on earth a white house spokesman said,,NA
5804,i r s commissioner warns budget cuts would add to deficit daniel werfel the internal revenue service commissioner pushed back against claims from republicans that he had not been following the law,,NA
5813,ex f b i informant is charged with lying over bidens role in ukraine business the informant s story was part of a series of explosive and unsubstantiated claims by republicans that the bidens engaged in potentially criminal activity,,NA
5816,u s conducted cyberattack against iranian military ship an official says the move was part of the biden administration s retaliation to a drone attack at an outpost in jordan that killed 3 americans,,NA
5818,alaska woman gets 99 years in catfish murder for hire of best friend lured by a false promise of at least 9 million denali brehmer 23 of anchorage plotted to kill cynthia hoffman prosecutors said,,NA
5819,frank kitson 97 dies helped shape the conflict in northern ireland a british general whose specialty was counterinsurgency he was accused of using unduly hard edge tactics against irish republican forces during the era known as the troubles,,NA
5820,matt rosendale ends short lived senate campaign in montana mr rosendale entered the republican primary race less than a week ago but donald j trump s quick endorsement of his main rival left him facing an uphill fight,,NA
5821,legal experts skeptical of conflict of interest claim in trump georgia case but as a matter of public perception the experts said that thursday s hearing did not help fani willis and nathan wade the prosecutors leading the case,,NA
5822,warnings over israel s rafah threat come from all corners allies and others say the safety of the palestinian civilians who have sought shelter in the far south of gaza is paramount,gaza,Palestine
5824,the cure for what ails our democracy we have to get past the idea that political conflicts are fights between good and evil,,NA
5825,woman killed in kansas city shooting was a popular radio host elizabeth galvan 43 who was fatally shot near union station in kansas city mo on wednesday was a mother of two and co hosted a radio program that featured tejano music,,NA
5826,palestinians flee as israeli forces raid a major hospital in gaza israel says hamas routinely operates within and beneath places like nasser hospital in khan younis using them as shields and has held israeli hostages there the group denies the charges,gaza,Palestine
5826,palestinians flee as israeli forces raid a major hospital in gaza israel says hamas routinely operates within and beneath places like nasser hospital in khan younis using them as shields and has held israeli hostages there the group denies the charges,hamas,Lebanon
5826,palestinians flee as israeli forces raid a major hospital in gaza israel says hamas routinely operates within and beneath places like nasser hospital in khan younis using them as shields and has held israeli hostages there the group denies the charges,hamas,Palestine
5827,d a denies improper relationship with special trump prosecutor defense lawyers argue a romance between the fulton county district attorney fani t willis and the special prosecutor she hired to handle the election interference case in georgia should disqualify them,,NA
5828,israeli military raids one of gaza s last functioning hospitals health care workers shared videos of a chaotic scene at nasser medical center in khan younis gaza strip as israeli troops raided the hospital and ordered people to evacuate on thursday,gaza,Palestine
5830,with everything on the line fani willis delivered raw testimony ms willis the district attorney overseeing the georgia prosecution of donald j trump searingly refuted allegations that she had a disqualifying conflict of interest,,NA
5839,amazon argues labor board is unconstitutional the company made the novel claim echoing arguments by spacex and trader joe s in a legal filing while fighting a case,,NA
5847,as gaza death toll mounts the peace lobby fights for influence in washington the friends committee a quaker lobbying group has been pushing in washington for a cease fire going up against more powerful and better funded groups backing israel,gaza,Palestine
5855,what 2 u s families did when hamas captured their sons omer neutra and edan alexander young men from the new york area who joined israel s military were taken prisoner near gaza their families now share one urgent goal to free them,hamas,Lebanon
5855,what 2 u s families did when hamas captured their sons omer neutra and edan alexander young men from the new york area who joined israel s military were taken prisoner near gaza their families now share one urgent goal to free them,hamas,Palestine
5855,what 2 u s families did when hamas captured their sons omer neutra and edan alexander young men from the new york area who joined israel s military were taken prisoner near gaza their families now share one urgent goal to free them,gaza,Palestine
5873,at ground zero on the texas border a round of combat golf at the center of a dispute over immigration enforcement along the texas border an unusual golf course operates alongside national guard troops humvees and rolls of concertina wire,,NA
5876,the fight over academic freedom amid spiraling campus speech debates many professors are rallying in defense of a bedrock principle but can they agree on just what it means,,NA
5892,step by step how kingsley ben adir became bob marley despite little outward resemblance the actor worked for months to get the look sound and movement right for the new film bob marley one love,,NA
5895,the state of a i and will perplexity beat google or destroy the web a special valentine s day look back,,NA
5900,war remembrance and tiny game birds an artist tells how the birds known in italy as uccellini evoke a childhood in queens a mother who fled the holocaust and loss,,NA
5907,takeaways from day 2 of the hearing in the georgia trump case in questioning a key witness defense lawyers failed to undercut assertions by the prosecutors whom they are trying to get disqualified from the election interference case,,NA
5909,trump gets a trial date and fani willis fights back plus caitlin clark s record breaking 3 pointer,,NA
5910,an explosive hearing in trump s georgia election case fani t willis the district attorney defended her personal conduct as defense lawyers sought to disqualify her from the prosecution,,NA
5913,who are your favorite athletes to watch right now mahomes messi ohtani doncic how about caitlin clark the college basketball superstar whose 3 point bombs are dazzling fans and transforming the sport,,NA
5915,aleksei navalny russian opposition leader dies in prison at 47 the kremlin s fiercest critic whose work brought arrests attacks and a near fatal poisoning in 2020 had spent months in isolation,,NA
5920,money in college savings accounts can now go toward retirement but there are caveats to moving the money into roth i r a s and the government still has to issue guidelines about the option,,NA
5921,european leaders express shock at news of navalny s death president volodymyr zelensky of ukraine said that aleksei navalny the russian dissident was killed by putin like thousands of others,,NA
5922,gunman opens fire at bus stop in israel killing at least 2 the israeli authorities called the attack which took place near the town of b nei re em an act of terrorism,,NA
5924,no wind farms aren t driving whales crazy donald trump has attacked president biden s climate and energy policies with gusto but many of his criticisms are simply untrue,,NA
5928,ranch water is a tall glass of warmer weather and for those who want to steer into the current season detroit style pizza chicken and dumplings and mapo tofu,,NA
5931,utah school board member is censured after questioning student s gender natalie cline a utah school board official suggested on social media that a 16 year old female basketball player was transgender drawing abuse toward the girl,,NA
5935,review alexei ratmansky unleashes the pain of war at city ballet in solitude a stellar haunting work that had its premiere on thursday new york city ballet s artist in residence brings a photograph to life,,NA
5937,killers of the flower moon anatomy of a scene the director martin scorsese narrates a sequence from his film featuring leonardo dicaprio,,NA
5938,more young people are on multiple psychiatric drugs study finds polypharmacy a prescribing practice that some experts warn can be unsafe is becoming more commonplace,,NA
5939,how scorsese moves the camera with purpose in killers of the flower moon the director narrates a circular ballet sequence where leonardo dicaprio s character ernest burkhart is taken in for questioning,,NA
5941,the best of late night this week nearly nine years after he signed off as host jon stewart returned to the daily show this week his first order of business was to address the state of the 2024 presidential election,,NA
5943,israel says it will not force gazans into egypt as it searches major hospital the announcement by israel s defense minister came after months of speculation and as israeli forces combed the largest hospital in southern gaza,gaza,Palestine
5949,biden ad in battleground states calls attention to trump s nato threat the campaign is running the digital ad in three states michigan wisconsin and pennsylvania that have significant populations of voters with eastern european roots,,NA
5961,torture by u s was key issue in bali bombing plea deal how prisoners were treated has complicated prosecutors efforts to hold trials in the sept 11 and the u s s cole bombing cases at guantanamo,,NA
5962,ross gelbspan who exposed roots of climate change deniers dies at 84 a longtime investigative journalist he wrote books and articles that documented a campaign of disinformation intended to sow doubt about global warming,,NA
5968,the return of towering hair assessing the bouffant s recent appearances on runways red carpets and tv plus a corset exhibition a bizarre bath bomb and a louis vuitton talk show,,NA
5975,after report of navalny death haley attacks trump over past praise for putin putin did this the same putin who donald trump praises and defends nikki haley said mr trump has so far kept silent since reports that aleksei a navalny died,,NA
5977,an easy one pot chicken dinner that s as generous as they come both bird and noodles cook in the same vessel for a creamy meal chicken alfredo that s not just warming it s also so easy to clean up,,NA
5980,israel was behind attacks on major gas pipelines in iran officials say the sabotage which analysts said marked an escalation in the shadow war between israel and iran caused sweeping disruption in several provinces,,NA
5984,kansas city shooting is latest violence to mar a sports celebration while the vast majority of sporting events take place without incident high profile exceptions in recent years have spread unease,,NA
5987,wordlebot f a q how to understand the daily wordle companion which can assess your skill and help improve your results,,NA
5988,in prison or out navalny was the thorn in putin s side a straight talking former real estate lawyer he stayed relevant even from prison pleading with russians not to give up or give in to their fears and railing against the criminal war in ukraine,,NA
5989,who was aleksei navalny aleksei navalny an anticorruption activist who for more than a decade led the political opposition in president vladimir putin s russia while enduring arrests assaults and a near fatal poisoning died friday in a russian prison he was 47,,NA
6001,7 year old son of houston church shooter still struggling to survive samuel born three months premature had already faced challenges for much of his life as his mother battled mental illness family members say now he is in a fight for his life,,NA
6007,texas governor announces new military base camp on border the base for up to 2 300 soldiers will establish a significant state law enforcement infrastructure in an area where texas is contesting the federal government s sole authority,,NA
6009,prominent black church leaders call for end of u s aid to israel the african methodist episcopal church bishops council says american financial assistance to help israel fight its war in gaza supports mass genocide,gaza,Palestine
6011,young victims young suspects the kansas city shooting and gun violence in the super bowl parade shooting many of the wounded were children and the two people charged so far in connection with the gunfire are also under 18,,NA
6013,hochul apologizes after implying israel has a right to destroy gaza in remarks made at a jewish philanthropy event gov kathy hochul said that if canada attacked the united states as hamas did israel there would be no canada the next day,gaza,Palestine
6013,hochul apologizes after implying israel has a right to destroy gaza in remarks made at a jewish philanthropy event gov kathy hochul said that if canada attacked the united states as hamas did israel there would be no canada the next day,hamas,Lebanon
6013,hochul apologizes after implying israel has a right to destroy gaza in remarks made at a jewish philanthropy event gov kathy hochul said that if canada attacked the united states as hamas did israel there would be no canada the next day,hamas,Palestine
6018,virginia house explosion kills firefighter and injures 13 others fire crews were responding to reports of a gas leak in sterling a suburb of washington when the home exploded with firefighters inside,,NA
6019,avdiivka longtime stronghold for ukraine falls to russians with ukraine s forces at risk of encirclement the top military commander ordered a retreat in startlingly candid accounts soldiers described disarray and despair,,NA
6027,the father the son and the fight over their king a student s vow to overthrow one of africa s last ruling monarchs faces a roadblock his own father a soldier sworn to protect the throne,,NA
6028,we re going to stand up queer literature is booming in africa even in countries where homophobia is pervasive and same sex relationships are illegal authors are pushing boundaries finding an audience and winning awards,,NA
6046,haley s attacks on trump over veterans aren t working and could help biden the former governor has sought to link donald trump s disparaging comments about her husband s military service to his history of disrespectful comments about a key republican voting bloc,,NA
6052,trump allies plan new sweeping abortion restrictions his supporters are seeking to attack abortion rights and abortion access from a variety of angles should he regain the white house including using a long dormant law from 1873,,NA
6055,israelis newly vulnerable remain traumatized and mistrustful despite u s pressure the idea of a palestinian state seems further away than ever as israel s jews move rightward and its palestinians fear a backlash,,NA
6060,ohio law forces transgender candidate to use deadname on ballot a decades old rule that requires candidates to list previous names on election paperwork has become an obstacle for all four transgender people seeking state office in ohio,,NA
6070,the florida fraudster and the russian killer how do you like your pal putin now trump,,NA
6071,the best case for ukraine aid it will make it easier to negotiate an armistice on terms favorable to ukraine,,NA
6077,some authors were left out of awards held in china leaked emails show why when some books including best sellers were conspicuously absent from the science fiction hugo awards last year writers and fans became suspicious,,NA
6079,dictators do not go on vacation zelensky warns washington and europe president volodymyr zelensky pushed back against skepticism of a ukraine victory calling on world leaders not to ask when the war would end but why russia was still able to wage it,,NA
6081,what to know about the fall of avdiivka russia s capture of a city that had been a stronghold of ukrainian defenses in the donetsk region is a strategic and symbolic blow,,NA
6082,michigan s g o p nominating process appears headed for chaos republicans in the battleground state are bracing for competing nominating conventions on march 2 in the party s presidential contest,,NA
6087,five places russia is fighting to break through ukrainian lines outmanned and outgunned ukrainian ground forces are in perhaps their most precarious position since the opening months of the war,,NA
6091,biden administration blames congress for fall of ukrainian city as a bill with 60 1 billion in military aid for kyiv languishes in the house a spokeswoman pointed to avdiivka s fate as the cost of congressional inaction,,NA
6092,u s fears russia might put a nuclear weapon in space american spy agencies are divided on whether moscow would go so far but the concern is urgent enough that secretary of state antony j blinken has asked china and india to try to talk russia down,,NA
6094,large antigovernment protest returns to tel aviv as criticism of netanyahu mounts the demonstrations took a pause after the oct 7 attacks but the anger at the israeli leadership never went away,,NA
6095,n y archdiocese condemns funeral of transgender activist at cathedral in a statement the pastor of st patrick s cathedral in manhattan said the church was not aware of ms gentili s background or her avowed atheism when it agreed to host the thursday service,,NA
6097,corpse and 30 cremated remains found at ex funeral director s home the police said they had issued an arrest warrant for miles harford who had been the funeral director of a littleton colo funeral home,,NA
6099,netanyahu says he won t bow to pressure to call off rafah invasion the israeli leader has come under international pressure to drop a threatened incursion into the city where more than a million palestinians are gathered seeking refuge from the war,,NA
6101,at rally in michigan trump lashes out at judge who fined him 355 million our court system is a mess said the former president who faces felony charges in four other cases and has been found liable in civil cases related to business fraud sexual assault and defamation,,NA
6111,how a notorious jail became a literary hotbed a court fight over rikers island s future has produced thousands of pages about the jail complex s troubled state inmate authors have produced thousands more,,NA
6113,cold plunges and cuddling with cats photographing the great performers what do celebrities do in their downtime a new project by the new york times magazine captures the awards season s buzziest actors in their element,,NA
6121,when a teen was shot dead the tragedy for this author was personal as a scholar laurence ralph specialized in youth violence then a relative was killed sito tells the story,,NA
6126,nature has value could we literally invest in it natural asset companies would put a market price on improving ecosystems rather than on destroying them,,NA
6128,a family ranch swallowed up in the madness of the border desperate migrants cartel violence it s all happening in the chiltons backyard,,NA
6129,she was arrested for dui her brain was bleeding a state trooper with his gun drawn pulled nicole mcclure who had a brain bleed out of her car and arrested her after she crashed into two roundabouts,,NA
6131,against a canvas of despair gaza s artists trace their struggle an exhibition in the israeli occupied west bank features works evoking palestinian life and protest but the show is as much about the art that cannot be displayed lost forever in the war,gaza,Palestine
6138,the death throes of a ukrainian city toward the end of russia s long assault hundreds of civilians still remained in avdiivka those who escaped in the last weeks spoke of relentless devastation,,NA
6140,senior pakistani official admits to helping rig the vote the surprising confession appeared to lend weight to accusations by imran khan s party that the military had tampered with the vote count in dozens of races,,NA
6147,maga s violent threats are warping life in america nowhere is this more true than in red states,,NA
6154,city s fall leaves ukraine with an even tougher fight ahead after the capture of avdiivka ukrainian forces will need a new defensive line in unforgiving terrain while russia tries to press its advantage,,NA
6156,two police officers and one paramedic killed in minnesota shooting officials say officials said that the shooting happened while emergency responders were at a call involving a man barricaded with his family including seven children in the city of burnsville near minneapolis,,NA
6157,2024 bafta film awards looks from the red carpet see what stars including emma stone margot robbie ayo edebiri colman domingo and dua lipa wore to british filmmaking s biggest night,,NA
6159,thousands rally in tel aviv against the israeli government demonstrators expressed their anger toward benjamin netanyahu and his government and called for immediate elections in one of the country s largest protests since the start of the israel hamas war,hamas,Lebanon
6159,thousands rally in tel aviv against the israeli government demonstrators expressed their anger toward benjamin netanyahu and his government and called for immediate elections in one of the country s largest protests since the start of the israel hamas war,hamas,Palestine
6162,as putin threatens despair and hedging in europe there is a dawning recognition that the continent urgently needs to step up its own defense especially as the u s wavers but the commitments still are not coming,,NA
6165,william beecher who revealed secret cambodia bombing dies at 90 his new york times scoop enraged the nixon white house which ordered a tap on his phone he later won a pulitzer prize for the boston globe,,NA
6167,most wanted man pleads guilty in cyberattack that upended vermont hospital vyacheslav igorevich penchukov 37 of ukraine pleaded guilty in federal court for his role in two separate malware schemes that caused tens of millions of dollars in losses,,NA
6168,oppenheimer sweeps the baftas with 7 awards including best film the holdovers and poor things were also honored at the british equivalent of the oscars while saltburn and barbie left empty handed,,NA
6170,intelligence chairman defends his hints about a russian space weapon representative michael r turner who drew criticism last week after releasing a cryptic statement about a new threat said he wanted to avoid an international crisis,,NA
6171,the best weirdest wildest performances of the year wesley morris honors the year s performances with some awards of his own invention,,NA
6173,brazil s president angers israel after comparing war in gaza to the holocaust israel said it had asked for a meeting with the brazilian ambassador,gaza,Palestine
6174,hungary snubs u s senators pushing for sweden s entry into nato officials in budapest declined to meet with a bipartisan group of american lawmakers who favor expanding the military alliance,,NA
6175,u s says it struck 5 houthi targets in yemen including an underwater drone the american military said it believes it is the first time such an undersea weapon had been used in the current conflict in the red sea,houthi,Yemen
6178,overwhelmed by war another gazan hospital is declared not functional conditions at nasser hospital in the southern gaza strip were described as desperate after israeli forces raided it in search of hamas militants,gaza,Palestine
6178,overwhelmed by war another gazan hospital is declared not functional conditions at nasser hospital in the southern gaza strip were described as desperate after israeli forces raided it in search of hamas militants,hamas,Lebanon
6178,overwhelmed by war another gazan hospital is declared not functional conditions at nasser hospital in the southern gaza strip were described as desperate after israeli forces raided it in search of hamas militants,hamas,Palestine
6180,dozens killed after gunfight in papua new guinea the bloodshed in enga province which has been plagued by violence between tribal groups left at least 26 people dead according to the authorities,,NA
6187,we ukrainians are fighting to be free after so many memorials we want a true anniversary,,NA
6188,shaken by grisly killings of women activists in africa demand change the continent has the highest rate of gender related killings of women in the world according to the united nations activists accuse officials of ignoring the issue and blaming the victims,,NA
6196,after fleeing ukraine a tattoo artist settles into life in brooklyn once the war started alona hamova worked as a guest artist at tattoo studios in europe and when she thought she was ready accepted an offer to work in williamsburg,,NA
6200,glamour travel sexism when flight attendants fought back decades ago stewardesses earned less than men couldn t get married or gain weight and had to retire at 32 a key figure in a landmark lawsuit looks back at a not so golden era,,NA
6203,your first step toward a better mood poor sleep can make anxiety depression and other mental health issues worse here s what to do about it,,NA
6212,u s strike killed afghans recruited to fight for iran refugees who joined the largely overlooked fatemiyoun brigade to battle for shiite islam and escape crushing poverty had become a force in tehran s proxy wars,,NA
6213,u s awards 1 5 billion to chipmaker globalfoundries the grant will go toward chips for the auto and defense industries and is the largest award to date from 39 billion in government funding,,NA
6216,we can still resist a pipeline to hell as the planet hurtles toward a climate tipping point natural gas projects will further devastate the environment,,NA
6219,more wall street firms are flip flopping on climate here s why financial giants were already trimming their climate pledges amid republican attacks then came concerns about legal risks,,NA
6226,the weirdest wildest performances of the year wesley morris gives out awards for acting categories that don t exist at the oscars,,NA
6231,the new york times wins 3 polk awards the times was honored for its coverage of the israel hamas war and propublica won a prize for revealing the lavish gifts and luxury trips given to justice clarence thomas,hamas,Lebanon
6231,the new york times wins 3 polk awards the times was honored for its coverage of the israel hamas war and propublica won a prize for revealing the lavish gifts and luxury trips given to justice clarence thomas,hamas,Palestine
6235,simple yet surprising skillet ginger chicken with apricots this weeknight one dish meal packs a lot of punch with savory cumin and coriander sweet dried apricots and fresh mint,,NA
6238,houthis say they shot down a u s drone off yemen the downing of the reaper drone is another escalation of violence between the united states and iran backed groups,,NA
6239,republican attacks on biden s climate law raise concerns ahead of election executives of companies with clean energy projects are facing questions about the potential for a rollback of the law and its incentives if a republican wins,,NA
6240,for michigan s economy electric vehicles are promising and scary in a presidential battleground state electric vehicles have emerged as a contested piece of the economic future a job killer or a job creator,,NA
6247,brazil s president lula recalls ambassador to israel escalating dispute the israeli foreign minister said mr lula was not welcome in the country until he took back remarks comparing israeli actions in the war against hamas to the holocaust,hamas,Lebanon
6247,brazil s president lula recalls ambassador to israel escalating dispute the israeli foreign minister said mr lula was not welcome in the country until he took back remarks comparing israeli actions in the war against hamas to the holocaust,hamas,Palestine
6248,two hospitals in southern gaza are left barely functioning an israeli raid reduced one of the territory s biggest facilities to little more than a shelter while food and fuel are almost gone at another,gaza,Palestine
6250,the wife of haiti s assassinated president is accused in his killing martine moise the widow of president jovenel moise was charged by a haitian judge with conspiring in his assassination she was seriously injured in the attack,,NA
6251,israel may put new restrictions on visiting aqsa mosque as ramadan nears reducing access to al aqsa the sacred mosque compound in jerusalem that has long been a flashpoint for tensions may set off unrest some israelis warned,al aqsa,Palestine
6261,beginning of the end as assange case returns to court julian assange the wikileaks founder has been in prison for nearly 5 years fighting a u s extradition order a hearing is his last chance to be granted an appeal in britain,,NA
6263,tuesday briefing aleksei navalny s widow keeps fighting,,NA
6266,putin can t kill the vision of the future navalny gave us my friend aleksei s dream of a beautiful russia is immortal,,NA
6267,student arrested in university of colorado shooting that killed two nicholas jordan 25 who was enrolled at the school was arrested on murder charges in colorado springs,,NA
6269,jon stewart takes notes from tucker carlson s coverage of russia i have much to learn stewart said disguise your deception and capitulation to power as noble and moral and based in freedom yes master,,NA
6282,ukraine gaza and the long shadow of german guilt in out of the darkness frank trentmann details the way people in the country that started world war ii are still confronting and atoning for the atrocities of their government,gaza,Palestine
6286,motaz azaiza captured gaza s suffering but nothing changed when war broke out in gaza on oct 7 motaz azaiza a palestinian photographer turned his camera to covering pain and loss in a territory under siege in doing so he attracted millions of followers documenting the war while also trying to survive it,gaza,Palestine
6297,with destruction there was an opportunity they didn t expect their new brooklyn home to flood a week after they moved in but they found a silver lining,,NA
6298,a bed stuy loft transformed with an out of the ordinary renovation they didn t expect their new brooklyn home to flood a week after they moved in but with the destruction there was an opportunity,,NA
6305,stranded in rafah as an israeli invasion looms two gazans on life in the territory s southernmost city,,NA
6306,three questions about rafah a looming battle in the southern gaza city embodies the brutal dynamics of the conflict,gaza,Palestine
6307,russia arrests u s citizen accusing her of treason by aiding ukraine the country s main security agency said the 33 year old detainee lived in los angeles a lawyers group said she was accused of donating 50 to the war effort,,NA
6316,prince william calls for end to gaza fighting as soon as possible in a measured public statement the heir to the british throne said that too many have been killed in the war between israel and hamas,gaza,Palestine
6316,prince william calls for end to gaza fighting as soon as possible in a measured public statement the heir to the british throne said that too many have been killed in the war between israel and hamas,hamas,Lebanon
6316,prince william calls for end to gaza fighting as soon as possible in a measured public statement the heir to the british throne said that too many have been killed in the war between israel and hamas,hamas,Palestine
6328,israeli military releases videos it says shows bibas family members in captivity on oct 7 when we saw the video it really tore our hearts out the sister of one of the hostages said hamas has said three members of the family died in an israeli airstrike israel has not confirmed the report,hamas,Lebanon
6328,israeli military releases videos it says shows bibas family members in captivity on oct 7 when we saw the video it really tore our hearts out the sister of one of the hostages said hamas has said three members of the family died in an israeli airstrike israel has not confirmed the report,hamas,Palestine
6333,the shocking death that has devastated gamers for decades one of the most consequential scenes in video game history is being remade by the creators of final fantasy vii will they kill aerith again,,NA
6339,hundreds of ukrainian troops feared captured or missing in chaotic retreat the fall of avdiivka to russia may be more significant than it initially seemed as ukraine struggles with morale and recruitment,,NA
6353,riding his baseball fame steve garvey disrupts the california senate race a fierce contest between democratic members of congress has become a strategic battle that could send the 75 year old republican to the general election he still has little chance of winning office however,,NA
6360,what to know about capital one s proposed acquisition of discover before two of the largest credit card companies in the united states can complete a 35 billion deal they ll face an uphill battle with regulators,,NA
6362,wednesday briefing hundreds of ukrainian soldiers are missing also julian assange s appeal and a u s cease fire proposal in gaza,gaza,Palestine
6373,u s vetoes security council cease fire resolution the united states said the resolution could have disrupted its negotiations to free hostages and secure a temporary cease fire but its vote drew outcry from many diplomats and aid workers,,NA
6378,n y p d drones carrying rafts could join lifeguards in beach rescues mayor eric adams an avowed technophile said the drones would be used to assist lifeguards at coney island as part of a pilot program starting this summer,,NA
6380,man arrested in arizona is suspected in manhattan hotel homicide the man was arrested after what the police said were other attacks on other women they are investigating to see whether more cases might be linked to him,,NA
6384,protesting biden gaza supporters warn don t blame us if you lose at the university of michigan a demonstration against president biden s stance on israel showed his critics passion but was light on numbers,gaza,Palestine
6390,small businesses sound alarm over weakening german economy thousands of companies concerned that germany is facing a recession are calling for an end to political infighting that has blocked a possible stimulus plan,,NA
6391,where hostage families and supporters gather for solace and protest a plaza in tel aviv has become a home away from home if i don t know what to do i come here one relative said,,NA
6392,the two decade fight for two letters on the internet the south pacific island of niue says it was cheated out of nu a domain that turned out to be very lucrative on the other side of the world,,NA
6393,wednesday briefing ukrainian troops are feared missing or captured,,NA
6395,an election shatters the image of pakistan s mightiest force pakistanis once thought of the military as the iron hand controlling the country s politics that illusion has been broken creating one of the establishment s biggest crises yet,,NA
6409,the affair that split new york high society in strong passions the historian barbara weisberg tells the story of an explosive lurid 1860s case that still resonates today,,NA
6410,in latin america guards don t control prisons gangs do intended to fight crime latin american prisons have instead become safe havens and recruitment centers for gangs fueling a surge in violence,,NA
6411,why black democrats are unlikely to aid haley in south carolina nikki haley could use crossover support in her fight against donald trump but she has alienated the black voters who are central to the state s democratic voting base,,NA
6414,mister organ destroyer and more streaming gems con artists and ghost stories are among our recommendations from the subscription streaming services this month,,NA
6415,a fight to preserve a pristine piece of old new york the director of the merchant s house museum in the east village a rowhouse that is 192 years old is worried about a plan to construct a new building next door,,NA
6420,israeli raid in west bank city of jenin kills 3 military says the israeli military said its latest deadly raid targeted terrorism and was part of a broader operation in the israeli occupied territory,,NA
6433,russian forces press on with attacks in southern ukraine the assaults on the village of robotyne which come at the same time as successful attacks in the east are designed to pressure ukrainian troops across the front line analysts say,,NA
6437,biden hardens protection against cybersecurity threats to ports an executive order expands powers to the department of homeland security amid increased fears of a conflict with china,,NA
6438,a missing scottish trophy will be awarded again after 95 years fancy a chance to claim the rose bowl get really good at carrying stones,,NA
6441,biden s fund raising edge and ukrainian troops are feared missing plus the embryo ruling shaking doctors and patients,,NA
6443,syria blames israel for deadly airstrike in damascus israel did not comment on the attack though it has acknowledged hundreds of past strikes on iran linked targets in syria,,NA
6449,u s warns allies russia could put a nuclear weapon into orbit this year the american assessments are divided however and president vladimir putin denied having such an intention saying that russia was categorically against it,,NA
6453,how an election shattered the image of pakistan s military pakistanis once thought of the military as the iron hand controlling the country s politics that illusion has been broken following a contested election in early february creating one of the establishment s biggest crises yet,,NA
6456,jeff bezos big rocket moves into view and closer to launch blue origin s new glenn rocket rolled to the launchpad for a series of tests in preparation for its flight debut later this year,,NA
6458,ex president made honduras a safe haven for drug gangs prosecutors say the former president juan orlando hernandez went on trial wednesday in manhattan accused of years of misrule funded by cocaine proceeds,,NA
6469,rethinking how we fund the arts in america responses to an essay that suggested treating cultural spaces like infrastructure also u s steel immigration a no victims defense a shadow government,,NA
6477,a russian military blogger dies after criticizing army losses the ultranationalist blogger andrei morozov had described a campaign of intimidation against him and threatened to end his own life,,NA
6479,a british nuclear missile test fails again an unarmed trident missile splashed into the sea close to its launch site the u k government confirmed on wednesday fueling scrutiny of the state of britain s nuclear deterrent,,NA
6483,brazil in dispute with israel shows limits of u s diplomacy israel and brazil have sparred this week over the gaza war secretary of state antony j blinken intervened on wednesday,gaza,Palestine
6484,deadly airstrike hits neighborhood in damascus syria syrian state media blamed the strike which it said had killed two people on israel the israeli military declined to comment,,NA
6485,man extradited to u s in suspected iranian plot to kill activist the man a citizen of georgia and three others were charged with planning to assassinate masih alinejad an iranian american human rights activist in brooklyn and a critic of iran,,NA
6491,war and illness could kill 85 000 gazans in 6 months even under the most optimistic scenario an immediate cease fire an additional 6 500 gazans could perish scientists estimated,,NA
6494,in brazil blinken intervenes in a dispute with israel secretary of state antony j blinken confronted president luiz inacio lula da silva of brazil on wednesday about his recent sharp comments on israel including the brazilian leader s comparison of israel s attacks in gaza to the holocaust,gaza,Palestine
6500,japanese crime boss trafficked nuclear material from myanmar u s says takeshi ebisawa already facing federal drug trafficking charges offered uranium and plutonium that he expected iran to use in making nuclear weapons prosecutors said,,NA
6503,arizona refuses to send murder suspect to new york over bragg s policies the maricopa county attorney in arizona said she would fight to keep a man who authorities believe bludgeoned a woman to death in a new york city hotel,,NA
6510,thursday briefing u s warnings about a russian space weapon also a blow to pakistan s military and niue s fight for the nu domain,,NA
6518,israeli rape crisis group report finds systematic sexual violence on and after oct 7 israeli activists and their allies have expressed frustration at international organizations like the united nations for slow responses to such reports,,NA
6532,alabama s i v f ruling shows our slide toward theocracy to those advancing christian nationalism the will of god counts more than the will of the american people,,NA
6534,charges against two white nationalists are dismissed as selective prosecution a federal judge found that prosecutors were biased in pursuing charges against the two men and not against far left activists who had also committed acts of violence at the same events,,NA
6541,u s defends israel s occupation of the west bank at top u n court a u s official urged judges not to call for israel s withdrawal from occupied territory arguing that israel faced very real security needs and that a palestinian state must be established for a lasting peace,,NA
6545,hydeia broadbent h i v and aids activist dies at 39 born with h i v in 1984 she began raising awareness on television when she was 6 years old,,NA
6546,thursday briefing u s warns of a possible russian space weapon,,NA
6549,did climate change worsen chile s wildfires not this time researchers say a rapid analysis didn t find the fingerprints of global warming on the february blazes but risks are still rising overall as the planet heats,,NA
6552,ship crashes into bridge in china killing 5 several vehicles plummeted from the crossing part of which collapsed in the southern city of guangzhou the authorities said,,NA
6553,quotation of the day headquarters for the gangs penitentiaries quotation of the day for friday february 22 2024,,NA
6564,sanctuaries can protect animals from abuse but not from climate change a growing number of animal refuges are being forced to move in the face of extreme rainfall droughts and hurricanes caused by the planet s warming,,NA
6567,shooting near a west bank checkpoint kills at least 1 three palestinians used automatic weapons to fire from a car toward a traffic jam at the checkpoint on a highway between a large israeli settlement and jerusalem the israeli police said,,NA
6569,abortion shield laws a new war between the states doctors in six states where abortion is legal are using new laws to send abortion pills to tens of thousands of women in states where it is illegal,,NA
6594,as gaza death toll mounts israel s isolation grows a worsening humanitarian crisis has brought a wave of condemnation against israel s ongoing military operation and is testing the support of even its staunchest ally the united states,gaza,Palestine
6599,yale to require standardized test scores for admissions officials said test optional policies might have harmed students from lower income families,,NA
6603,at t says service is restored after widespread cellular outage white house officials said the incident was under investigation but it did not appear to be a cyberattack verizon and t mobile said their networks were operating normally,,NA
6605,the invisible fight review iron fist vs iron curtain this action comedy set in the 1970s satisfyingly blends kung fu heavy metal and orthodox christianity,,NA
6606,kiss the future review seeing u2 in post siege sarajevo nenad cicin sain s smoothly calibrated documentary is part timeline of the concert s development and part testament to the city s defiance during the bosnian war,,NA
6608,veselka review serving up support for ukraine subtitled the rainbow on the corner at the center of the world this documentary offers a warm tribute to an east village landmark,,NA
6609,israel joins cease fire talks in paris an israeli delegation was meeting with officials from egypt qatar and the united states the latest attempt to advance a deal for a cease fire and the release of hostages,,NA
6615,the debate over ethnic studies in california by 2025 the state s public high schools must begin teaching the subject but the israel hamas war has made the effort much more complicated,hamas,Lebanon
6615,the debate over ethnic studies in california by 2025 the state s public high schools must begin teaching the subject but the israel hamas war has made the effort much more complicated,hamas,Palestine
6632,october rain israel s proposed eurovision entry causes a storm almost nobody has heard the song but some social media users see it as a reference to the hamas led attacks of oct 7 and so too political for eurovision,hamas,Lebanon
6632,october rain israel s proposed eurovision entry causes a storm almost nobody has heard the song but some social media users see it as a reference to the hamas led attacks of oct 7 and so too political for eurovision,hamas,Palestine
6645,niklaus wirth visionary software architect dies at 89 pascal the programming language he created in the early days of personal computing offered a simpler alternative to other languages in use at the time,,NA
6647,u s campaign to isolate russia shows limits after 2 years of war many nations insist on not taking sides in the war in ukraine while china india and brazil are filling russia s coffers,,NA
6654,manslaughter trial begins of rust armorer in alec baldwin shooting prosecutors said the armorer hannah gutierrez reed was responsible for the presence of live ammunition on the set and for failing to check the gun the defense said she was a scapegoat,,NA
6659,accidents lax rules and abortion laws now imperil fertility industry fertility clinics are routinely sued by patients for errors that destroy embryos as happened in alabama an effort to define them legally as unborn children has raised the stakes,,NA
6668,supreme court allows 2 4 billion boy scouts sex abuse deal to go forward the justices denied an emergency request by a group of victims to pause the deal allowing the settlement to proceed,,NA
6671,friday briefing two years of war in ukraine also an attempt at a moon landing,,NA
6675,n y attorney general urges stricter warnings for asthma drug the a g letitia james called on the f d a to redouble efforts to alert doctors about potential side effects of singulair and to consider discouraging use of the drug for children,,NA
6680,kamala harris pushes abortion rights in michigan with gaza anger as backdrop during a quiet visit before the state s primary the vice president spoke to a small group about a subject that is far more comfortable for democrats than the mideast war,gaza,Palestine
6683,pro trump internet trolls escalate ugly attacks on nikki haley for most of the campaign ms haley was spared the full force of former president donald j trump s devoted online following no longer,,NA
6684,suspect is arrested in killing of woman on u of georgia campus the woman who the police said had apparently not known the suspect was a nursing student at augusta university who had previously attended the university of georgia,,NA
6685,canadian judge rules the killing of four muslims was terrorism members of the afzaal family were run down by a young man who harbored white supremacist beliefs and who targeted them because they were muslim,,NA
6688,biden lawyers wrestle with lack of congressional blessing for houthi conflict civilian prosecutors took custody of 14 wartime detainees and an official asserted that a key part of the war powers resolution did not apply,houthi,Yemen
6689,israel steps up attacks in gaza amid cease fire talks strikes overnight killed nearly 100 seven of them in rafah as officials said there had been momentum on a deal to free some israeli hostages in exchange for palestinian prisoners,gaza,Palestine
6690,roger guillemin 100 nobel winning scientist stirred by rivalries dies in the race to identify the hormones used to control bodily functions he battled with his former partner they later shared the glory,,NA
6693,a century later 17 wrongly executed black soldiers are honored at gravesites new headstones show each soldier s rank unit and home state a simple honor accorded to every other veteran buried in fort sam houston national cemetery,,NA
6694,biden announces sanctions on more than 500 russian targets a package of economic restrictions to be rolled out on friday will be the largest since russia invaded ukraine two years ago,,NA
6695,mexico s president faces inquiry for disclosing phone number of times journalist president andres manuel lopez obrador of mexico has repeatedly made attacks on members of the news media in a country that is one of the world s deadliest for journalists,,NA
6700,variety acrostic david balton and jane stewart throw us into cold water with their latest puzzle,,NA
6706,quotation of the day navalny s body held hostage mother alleges quotation of the day for friday february 23 2024,,NA
6709,france will cut spending as it sees a weaker economy ahead war high interest rates and slowdowns in major trade partners are trimming tax revenue and forcing the government in paris to scale back,,NA
6710,alabama i v f ruling opens new front in election year abortion battles as some republicans rushed to distance themselves from a decision that upended popular fertility treatments democrats vowed to tie them to it,,NA
6711,friday briefing two years of war in ukraine,,NA
6713,the particular anguish of being palestinian in israel the war in gaza has made life even more complicated and difficult for palestinian citizens of israel,gaza,Palestine
6716,visiting ukraine schumer pressures g o p to take up aid bill the top senate democrat warned that the fate of its war against russia will turn on whether republicans drop their opposition to sending more u s aid to kyiv,,NA
6717,trump frames election as battle against wicked system bent on attacking christians speaking at a christian media convention in nashville former president donald j trump claimed that a radical left corrupt political class was persecuting christians,,NA
6735,how did haley s south carolina become trump country ask the tea party veterans of the conservative grass roots movement see the state s presidential primary as a fight between a crazy uncle and a snowflake niece they ve made their choice,,NA
6743,how to watch the screen actors guild awards 2024 date time and streaming the awards which are streaming live on netflix for the first time will offer a preview of some key oscars races barbra streisand will be on hand too,,NA
6758,documentary download ukrainian stories of sustenance and strife after the death of russian dissident aleksei a navalny these four movies examine the war in unexpected ways,,NA
6759,for many ukrainians it s been a 10 year war not a 2 year one russia s invasion came in two phases many ukrainians say the first a decade ago when it sent soldiers over the border in an unacknowledged military intervention and the second when it began its full assault two years ago,,NA
6761,unpredictable strongman two years into war putin embraces the image vladimir putin is drawing on history to position himself in the realm of russian rulers of the past critics say his grip on power is not as strong as it seems,,NA
6762,as gaza war grinds on israel prepares for a prolonged conflict while israeli forces have delivered a major blow to hamas in a fight that has taken a devastating toll on civilians the group that led the oct 7 attack on israel remains a threat officials say,gaza,Palestine
6762,as gaza war grinds on israel prepares for a prolonged conflict while israeli forces have delivered a major blow to hamas in a fight that has taken a devastating toll on civilians the group that led the oct 7 attack on israel remains a threat officials say,hamas,Lebanon
6762,as gaza war grinds on israel prepares for a prolonged conflict while israeli forces have delivered a major blow to hamas in a fight that has taken a devastating toll on civilians the group that led the oct 7 attack on israel remains a threat officials say,hamas,Palestine
6769,can redditors revive the i p o market the market for new listings has been rough for investors but the social media company believes it has a secret weapon in its prospectus its users,,NA
6771,orban gives green light to sweden s nato bid viktor orban the hungarian prime minister said after a meeting with sweden s leader and a deal for more fighter jets that the two countries are ready to fight for each other,,NA
6776,u s imposes major new sanctions on russia targeting finance and defense the biden administration responding to the death of aleksei a navalny unveiled its largest sanctions package to date as the war in ukraine enters its third year,,NA
6777,man is killed on subway train in the bronx police say after initially saying the man had been shot in the chest on a d train early friday officials later said he died after sustaining either a gunshot or puncture wound,,NA
6785,lost witnesses and faded memories impede progress in sept 11 case the military court at guantanamo faces a new challenge as key witnesses die become too sick to travel or no longer remember details,,NA
6786,confused about michigan s primary and convention you re not alone republicans will use both a primary on feb 27 and a statewide nominating convention on march 2 to award presidential delegates,,NA
6787,head of palestinian aid agency warns it is at breaking point unrwa the chief lifeline for gaza s population of 2 2 million people has lost 450 million in donor funding since israeli allegations that 12 of its employees were involved in the hamas led oct 7 attack,gaza,Palestine
6787,head of palestinian aid agency warns it is at breaking point unrwa the chief lifeline for gaza s population of 2 2 million people has lost 450 million in donor funding since israeli allegations that 12 of its employees were involved in the hamas led oct 7 attack,hamas,Lebanon
6787,head of palestinian aid agency warns it is at breaking point unrwa the chief lifeline for gaza s population of 2 2 million people has lost 450 million in donor funding since israeli allegations that 12 of its employees were involved in the hamas led oct 7 attack,hamas,Palestine
6789,playing in asia s champions league it will cost you the cost of business in asia s elite tournament keeps going up the rewards do not,,NA
6791,review a case for understated majesty at the philharmonic a new piano concerto written for emanuel ax and an old symphony by rachmaninoff reward close listening in a program conducted by eun sun kim,,NA
6793,fire engulfs high rise complex in spain several people were killed and over a dozen were missing after a fire ripped through a residential complex in valencia spain video shows rescuers working to save residents from a balcony after being trapped by flames,,NA
6808,pro israel group aims to help biden in michigan amid gaza unrest the political arm of democratic majority for israel is running a digital ad that does not mention the gaza conflict but warns that voting uncommitted in the state s primary will help donald trump,gaza,Palestine
6809,alfred grosser champion of french german reconciliation dies at 99 a german born jew who became a french writer and activist he devoted his life to healing the divide between two historic enemies after the trauma of world war ii,,NA
6828,u s warns of environmental damage if vessel struck by houthis sinks the damaged ship called the rubymar is carrying a large amount of fertilizer and is slowly taking on water the military said,,NA
6830,ignoring warnings g o p trumpeted now discredited allegation against biden republicans in congress built their impeachment case against president biden around a bribery accusation that the f b i had warned them was uncorroborated,,NA
6833,tip to police leads to arrest of 3 men in 1989 rape and murder in missouri kelle ann workman went missing on june 30 1989 and was found dead eight days later her sister had long believed that two of the suspects were behind the killing,,NA
6839,the u s unveiled major new sanctions on russia also netanyahu released his plan for postwar gaza here s the latest at the end of friday,gaza,Palestine
6842,when a job becomes a literal hell in an era of continual burnout artists and filmmakers are now imagining what it looks like when workers finally explode,,NA
6843,chuck mawhinney 74 dies deadliest sniper in marine corps history he put the experience behind him after he returned from the vietnam war but fame finally caught up to him in the 1990s,,NA
6844,1 dead and 17 injured in harlem apartment fire the fire in the hamilton heights section spread quickly from the third floor trapped people above and led at least one person to jump for safety,,NA
6849,netanyahu issues first plan for postwar gaza the proposal which calls for indefinite israeli military control and buffer zones in the territory rankled arab nations and was rejected by palestinians,gaza,Palestine
6858,russia s brutal war calculus the costs of two years of war in ukraine have been enormous but many russians are feeling optimistic,,NA
6870,the story of a deadly avalanche and those it claimed in the darkest white eric blehm chronicles the 2003 disaster that killed the pioneering snowboarder craig kelly and six others,,NA
6872,their weapons against the effects of aging friendship and some fancy footwork the bodacious belles a women s group in beaufort n c shows the difference a network of support can make in an aging america,,NA
6873,fact checking trump and haley s war of words nikki haley and her onetime boss former president donald j trump have used false and misleading claims about polls and tax proposals while exchanging jabs on the campaign trail,,NA
6874,sanitation crisis in gaza spreads disease it is a public health concern one u n official said of the lack of toilets for displaced people in the territory but the second thing is simply just dignity,gaza,Palestine
6888,hard lessons make for hard choices 2 years into the war in ukraine western sanctions haven t worked weapons from allies are running low pressure may build on kyiv to seek a settlement even from a weakened position,,NA
6893,the cost of nuclear war in space putting a weapon into orbit is not just a military threat it s also a risk to the billions of dollars pouring into the space economy,,NA
6898,a u s call for a humanitarian cease fire in gaza while there are no good options for the united states on the war in gaza biden s leadership is indispensable,gaza,Palestine
6905,ukraine s deepening fog of war two years after russia s full scale invasion ukrainian leaders are seeking a path forward in the face of ferocious assaults and daunting unknowns,,NA
6908,ukraine marks 2nd anniversary of russian invasion determined despite setbacks european and other western leaders gathered in kyiv to pledge support for ukraine amid u s reluctance while its troops suffer growing losses on the battlefield where the russians have been gaining ground,,NA
6912,aleksei navalny s body was returned to his mother allies say the russian authorities have transferred the body ending a grim battle for custody of his remains,,NA
6914,in video nonbinary student describes fight in oklahoma school bathroom the police released video of the student nex benedict recounting the altercation a day before their death which has drawn national scrutiny,,NA
6920,fire in valencia spain leaves residents homeless after panicked escapes a fire that killed at least 10 people left many refugees from ukraine without homes and others scrambling to rebuild their lives,,NA
6924,atrocities mount in sudan as war spirals u n says rape killing torture a stark report offers new evidence of horrific abuses carried out by sudan s military and its enemy the paramilitary rapid support forces,rapid support forces,Sudan
6927,u s and british warplanes again strike houthi linked targets in yemen the iran backed group which has been targeting global shipping routes has proved especially difficult for the united states and its allies to restrain,houthi,Yemen
6929,sag awards 2024 oppenheimer dominates the night the film took the top prize and its stars cillian murphy and robert downey jr earned solo acting honors lily gladstone and da vine joy randolph also won,,NA
6930,biden caught in a political bind over israel policy his steadfast support of the gaza war effort is angering young people and arab americans in an election year but any change risks alienating jewish voters,gaza,Palestine
6931,man convicted in transgender woman s killing in first federal trial of its kind prosecutors said the man was upset that word about his sexual relationship with the victim dime doe was circulating in a south carolina town,,NA
6932,dahomey documentary about looted artwork wins top prize at berlin film festival the documentary directed by mati diop was awarded the golden bear,,NA
6934,police in kentucky arrest man in university student s killing an 18 year old campbellsville university student was found unresponsive in his dorm room early saturday and later pronounced dead at a hospital officials said,,NA
6937,all the best looks from the 2024 sag awards red carpet lily gladstone cillian murphy and margot robbie led the celebrity fashion brigade,,NA
6940,suspect in killing at u of georgia is denied bond as a shaken campus mourns as more details emerged about the suspect in the death of a nursing student the community remained in shock of the first homicide on the campus in decades,,NA
6947,quotation of the day kin in ukraine wait tearfully for p o w son quotation of the day for sunday feb 25 2024,,NA
6956,the spy war how the c i a secretly helps ukraine fight putin for more than a decade the united states has nurtured a secret intelligence partnership with ukraine that is now critical for both countries in countering russia,,NA
6970,a re established west bank settlement symbolizes hardened israeli views homesh one of the four west bank settlements dismantled by israel when it withdrew from gaza in 2005 has taken on new importance since oct 7 and the war against hamas,gaza,Palestine
6970,a re established west bank settlement symbolizes hardened israeli views homesh one of the four west bank settlements dismantled by israel when it withdrew from gaza in 2005 has taken on new importance since oct 7 and the war against hamas,hamas,Lebanon
6970,a re established west bank settlement symbolizes hardened israeli views homesh one of the four west bank settlements dismantled by israel when it withdrew from gaza in 2005 has taken on new importance since oct 7 and the war against hamas,hamas,Palestine
6973,weary but determined ukrainians vow never to bow to russia despite death destruction and deprivation nearly 90 percent still believe in ukraine s ultimate victory as long as western aid continues,,NA
6976,in russia knowing that her son is dead and waiting for him anyway she watched distressed as aleksei was sent off to war now 14 months after he died in eastern ukraine yulia seleznyova holds a sliver of hope for a miracle,,NA
6978,zong qinghou beverage tycoon in china dies at 79 a bitter but successful battle with danone of france for control of a joint venture made him the richest person in china for a time,,NA
6989,in michigan nikki haley warns trump can t win in november ms haley has rallies planned in detroit and grand rapids ahead of g o p contests that begin tuesday,,NA
6990,31 000 ukrainian soldiers killed in two years of war zelensky says the tally that president volodymyr zelensky revealed on sunday differs sharply from that given by u s officials who have said the number is closer to 70 000,,NA
6997,man dies after setting himself on fire outside israeli embassy in washington air force says aaron bushnell an active duty senior airman repeatedly shouted free palestine as he filmed and livestreamed his protest against israel s deadly military actions in gaza he had been taken to a hospital on sunday with life threatening injuries,gaza,Palestine
6998,monday briefing hostage talks to continue in qatar plus a look at public sentiment in ukraine,,NA
6999,netanyahu says hostage deal would delay but not stop rafah invasion the israeli leader reiterated plans for a military operation in the southern gaza city that he says is essential to eliminating hamas,gaza,Palestine
6999,netanyahu says hostage deal would delay but not stop rafah invasion the israeli leader reiterated plans for a military operation in the southern gaza city that he says is essential to eliminating hamas,hamas,Lebanon
6999,netanyahu says hostage deal would delay but not stop rafah invasion the israeli leader reiterated plans for a military operation in the southern gaza city that he says is essential to eliminating hamas,hamas,Palestine
7001,the best looks from the independent spirit awards a mix of casual and chic attire made the 39th annual awards show worth watching,,NA
7006,israeli forces will move into rafah cease fire deal or not netanyahu says amid signs of progress toward a pause in the fighting prime minister benjamin netanyahu said israeli forces planned to keep pushing into gaza,gaza,Palestine
7013,rally in michigan urges protest vote against biden s israel policies with the state s primary on tuesday speakers at a gathering in dearborn mich pushed voters to cast a ballot for uncommitted in objection to president biden s handling of the israel hamas war,hamas,Lebanon
7013,rally in michigan urges protest vote against biden s israel policies with the state s primary on tuesday speakers at a gathering in dearborn mich pushed voters to cast a ballot for uncommitted in objection to president biden s handling of the israel hamas war,hamas,Palestine
7015,monday briefing ukraine said 31 000 of its soldiers had been killed,,NA
7016,china is running out of lines to cross in the taiwan strait a more robust approach is needed to deter chinese military activities that could escalate into a war,,NA
7020,oppenheimer wins producers guild award is the best picture oscar next with the victory the christopher nolan biopic has swept the guild prizes a strong predictor of its chances at the academy awards,,NA
7024,democrats reject bipartisan map and will redraw n y house districts with the battle for house control likely to run through new york democrats in the state legislature voted down a plan drawn by a bipartisan commission,,NA
7027,as the election comes into focus pressure builds in the west wing the presidency has always been a pressure cooker but some in the biden administration see wars age family stress and another race against donald j trump combining with unusual force,,NA
7029,top u n court holds last day of hearings on israeli occupation the hearings on the legality of israel s occupation of palestinian territories have put more pressure on israel during the war in gaza,gaza,Palestine
7031,cop city prosecutions hinge on a new definition of domestic terrorism are the protesters against a new police training center part of a violent extremist organization or are the serious charges they face a means of stifling free speech,,NA
7032,giving big a california couple gets gratitude and scrutiny lynda and stewart resnick have directed their pistachio fortune toward large transformational gifts but also drawn some criticism for their water use in an often parched state,,NA
7036,against all odds new york s artist buildings have survived generations of creatives once flocked to the city seeking affordable rent now despite skyrocketing real estate prices some continue to carve out studio spaces of their own,,NA
7042,supreme court seems wary of state laws regulating social media platforms the tech industry argues that laws in florida and texas prompted by conservative complaints about censorship violate the first amendment the court s decision could fundamentally alter the nature of speech on the internet,,NA
7054,what does it mean to dress like an american a reader who is moving back to the united states from abroad wonders how to merge her personal wardrobe with that hard to define american style of dress,,NA
7056,the war in gaza turned this longtime michigan democrat against biden she knows the stakes she loathes donald trump but terry ahwal says she won t back president biden in november,gaza,Palestine
7059,in calling out tucker carlson jon stewart reminds us he has skills the comedian has always had a sharp borscht belt approach but only in his return to the daily show can we see how he wields this style so expertly,,NA
7063,macron does not rule out sending western troops to ukraine the french leader said that talks had not resulted in any consensus among european officials on putting troops on the ground in an official way but that anything is possible,,NA
7067,israel launches its deepest airstrikes in lebanon in years at least two hezbollah fighters were killed in strikes in the bekaa valley and at least six other people were wounded the mayor of a nearby city said,hezbollah,Lebanon
7070,1 billion donation will provide free tuition at a bronx medical school ruth gottesman a longtime professor at the albert einstein college of medicine is making free tuition available to all students going forward,,NA
7071,palestinian authority s government submits resignation as u s calls for change it was not clear whether the appointment of a new prime minister and cabinet would be enough to revamp the authority or persuade israel to let it govern gaza after the war there ends,gaza,Palestine
7081,an abrupt temperature change could bring hail and tornadoes to the midwest cold air will sweep through the central united states after days of unseasonable warmth which could allow for severe storms to strike from missouri to michigan,,NA
7086,hungary s parliament approves sweden s nato bid after stalling budapest had been the final obstacle to the nordic country s joining the alliance which has been trying to isolate russia over its war in ukraine,,NA
7088,defending academic freedom on campus readers discuss free speech on campus also mourning flaco the owl an israel gaza cease fire facial recognition domestic violence survivors,gaza,Palestine
7091,the nato welcoming sweden is larger and more determined the alliance s expansion with finland last year and soon sweden was a consequence from the invasion of ukraine that russia s president may not have calculated,,NA
7092,canadian skaters demand bronze medals in olympics dispute reviving a fight from the 2022 games canada s team said skating officials improperly awarded third place to russia the russians filed three cases asking for the gold,,NA
7096,how a slow moving court became the center of the world s hottest debate the international court of justice the u n s highest judicial body is in the rare position of weighing in on a closely watched global conflict while hostilities are ongoing,,NA
7102,john patrick shanley reflects on his accidental retrospective the playwright discusses the broadway revival of doubt and his latest brooklyn laundry people are disagreeing violently with themselves he says,,NA
7103,another winter at the front lines in ukraine on frozen roads with frozen pens a reporter navigates bunkers and interviews weary soldiers,,NA
7110,jordan airdrops humanitarian aid in gaza jordanian planes dropped food and medical supplies with parachutes in central and southern gaza people were seen rowing boats to collect aid dropped into the sea,gaza,Palestine
7112,a biden ally wades into the divide over gaza and emerges with a warning after days of meetings with disaffected democrats in michigan representative ro khanna says president biden cannot win the state without changes to his middle east policy,gaza,Palestine
7119,arrest of migrant in georgia killing turns city into latest battleground on immigration a personal and community tragedy got caught up in the national politics of immigration after a migrant from venezuela was charged in the death of a former university of georgia student,,NA
7121,pentagon review faults no one for failure to disclose austin s illness the defense secretary is also set to appear before a house committee this week to explain why he did not immediately tell the white house about his hospitalization,,NA
7128,biden says he s hopeful for a gaza cease fire within a week the president offered a positive assessment of negotiations aimed at halting israel s military operations in exchange for the release of hostages held by hamas,gaza,Palestine
7128,biden says he s hopeful for a gaza cease fire within a week the president offered a positive assessment of negotiations aimed at halting israel s military operations in exchange for the release of hostages held by hamas,hamas,Lebanon
7128,biden says he s hopeful for a gaza cease fire within a week the president offered a positive assessment of negotiations aimed at halting israel s military operations in exchange for the release of hostages held by hamas,hamas,Palestine
7129,explosive device detonates outside alabama attorney general s office no one was injured in the explosion which took place in downtown montgomery one day after the state s attorney general steve marshall said that he would not prosecute i v f providers or families seeking the treatment,,NA
7132,a cyberattack on a unitedhealth unit disrupts prescription drug orders for a week people have been waylaid at pharmacies after a unit of the nation s largest insurer was shut down by a possible ransomware assault,,NA
7134,israelis broach a concession in hostage talks with hamas israel negotiators are reported to be considering the release of high profile palestinians convicted of terrorism in exchange for freedom for some of the hostages in gaza,hamas,Lebanon
7134,israelis broach a concession in hostage talks with hamas israel negotiators are reported to be considering the release of high profile palestinians convicted of terrorism in exchange for freedom for some of the hostages in gaza,hamas,Palestine
7134,israelis broach a concession in hostage talks with hamas israel negotiators are reported to be considering the release of high profile palestinians convicted of terrorism in exchange for freedom for some of the hostages in gaza,gaza,Palestine
7135,why the n y fire dept canceled its black history month celebration a documentary screening about the city s first black fire commissioner was scrapped after his family objected to the film s exclusion of a black firefighter group,,NA
7137,subway cameras led to arrests in d train killing police say investigators say that an early morning argument on a d train last week ended with the fatal shooting of william alvarez 45,,NA
7140,videos show exchange of gunfire at houston megachurch the videos released by the houston police left open the question of who shot a 7 year old boy as his mother armed with an assault style rifle exchanged fire with off duty officers,,NA
7148,after u s strikes iran s proxies scale back attacks on american bases tehran wary of igniting open warfare with washington has told militia groups it backs to curtail assaults on targets such as military installations iranian and american officials say,,NA
7153,a doctor s lifelong quest to solve one of pediatric medicine s greatest mysteries for 40 years dr jane burns has been working to find the cause of kawasaki disease an illness that can lead to aneurysms and heart attacks her work has brought together a most unlikely team,,NA
7160,jon stewart takes on something light israel and gaza after two very controversial appearances behind the daily show desk stewart decided to dial it down a bit for his third,gaza,Palestine
7183,virginia moves toward removing tax breaks for confederate heritage group the future of tax exemptions for the united daughters of the confederacy is likely to depend on whether gov glenn youngkin signs legislation passed by the virginia general assembly,,NA
7188,myth and reality in israel s hostage negotiations it s been a long time since the entebbe rescue,,NA
7196,in ukraine russia is inching forward death by death russian forces have an unorthodox view of acceptable levels of military losses with a willingness to expend troops and equipment to make even small gains on the battlefield,,NA
7201,hunger terrorism and the threat of war somalia s year of crises terrorism hunger and devastating floods have roiled the horn of africa nation now it faces an even bigger challenge the prospect of war with a neighbor ethiopia,,NA
7202,russian court jails leading rights advocate for discrediting military oleg orlov 70 a co chairman of memorial which shared the 2022 nobel peace prize was sentenced to two and a half years in prison for speaking out on the ukraine war,,NA
7204,kremlin warns against nato ground intervention in ukraine the warning came in response to comments by president emmanuel macron of france who said nothing should be ruled out when asked about the possibility,,NA
7206,the f t c boosts biden s fight against inflation the regulator s move to block kroger s 25 billion bid for albertsons could win the president points with voters squeezed by rising prices,,NA
7212,key witness says he doesn t know when romance between trump prosecutors began a judge brought the witness back to court as he weighs whether the prosecutors leading the georgia election case against donald trump have a disqualifying conflict of interest,,NA
7218,the war orphan and the warmongering alien new books by seth dickinson heather fawcett and ray nayler,,NA
7223,the killing at u of georgia what we know a nursing student s body was found on thursday at the university of georgia in athens the authorities called the homicide a crime of opportunity,,NA
7237,north carolina forever chemical plant violates human rights u n panel says the allegations of human rights violations linked to pollution from the factory broadens a yearslong battle over the site and over the chemicals known as pfas,,NA
7241,republican demands and divisions drive impasse toward a shutdown the spending stalemate that has brought the government to the brink of a shutdown is being fueled by g o p demands to add conservative spending mandates opposed by president biden and democrats,,NA
7243,a fading weapon in the h i v fight condoms some h i v experts worry that the public health focus on prevention medication has accelerated a decline in condom use,,NA
7251,red army faction fugitive wanted for decades is arrested in germany daniela klette who was wanted in connection with the bombing of a prison and violent robberies was living in plain sight in berlin the police say,,NA
7252,wednesday briefing russia warned against nato troops in ukraine plus the latest on a possible cease fire in gaza,gaza,Palestine
7253,army is slashing thousands of jobs to focus on russia and china recent events suggest that the u s military will face challenges in the middle east for years to come even as it tries to shift priorities,,NA
7254,vibes vegetables and vitriol attack of the grocery truthers,,NA
7255,2 men are convicted in 2002 killing of run dmc d j jam master jay karl jordan jr and ronald washington were convicted of fatally shooting the hip hop d j born jason mizell in his queens recording studio,,NA
7256,apple kills its electric car project the car which apple spent billions of dollars researching had been intended as a rival to tesla s e v s which include autonomous driving features,,NA
7259,in chicago it s summer in february an unseasonably warm winter peaked on tuesday with melting ice rinks and 70 degree weather temperatures will plummet from there but even so this winter without winter has left some people rattled,,NA
7265,after 4 months of war biden and netanyahu are on different timetables the divergent goals of president biden and prime minister benjamin netanyahu are playing out as negotiators try to reach a hostage deal,,NA
7269,michigan tests the strength of biden s campaign also russia warned against nato forces in ukraine here s the latest at the end of tuesday,,NA
7271,family dollar is fined 41 7 million over rodent infested warehouse a federal inspection found living and dead rats at a site in arkansas in january 2022 family dollar pleaded guilty and was assessed the largest food safety fine to date,,NA
7274,police officer charged with murdering two men in australia the officer beaumont lamarre condon was charged friday with killing jesse baird 26 and luke davies 29 who had been missing for more than a week and whose bodies were found on tuesday,,NA
7277,israel is losing its greatest asset acceptance israel s very legitimacy is being undermined by the enormous casualties in gaza and its government s failure to provide a credible postwar plan,gaza,Palestine
7278,hamas rejects cease fire proposal dashing biden s hopes of near term deal a day after president biden suggested there could be a deal as soon as monday a hamas official indicated the group would not trade israeli troops held hostage for palestinians imprisoned for terrorism,hamas,Lebanon
7278,hamas rejects cease fire proposal dashing biden s hopes of near term deal a day after president biden suggested there could be a deal as soon as monday a hamas official indicated the group would not trade israeli troops held hostage for palestinians imprisoned for terrorism,hamas,Palestine
7279,nikki haley s last ditch the former south carolina governor has good reasons to fight on,,NA
7288,as we speak rap music on trial review weaponizing lyrics in court lyrics that contain references to violence have been used as legal evidence a practice this documentary by j m harper condemns as unfair and prejudicial,,NA
7289,the ally review social justice as a maddening hall of mirrors itamar moses s play offers eloquent arguments on all sides of the israeli palestinian conflict but it doesn t offer much drama,,NA
7294,michigan voters talk about how the war in gaza factored into their decision i want a cease fire said an 18 year old who voted for uncommitted in the democratic primary to register discontent with president biden s handling of the war in gaza,gaza,Palestine
7295,reports of tornadoes as severe storms move through midwest flights were briefly grounded at o hare airport on tuesday and tornado warnings were issued in ohio on wednesday morning,,NA
7296,back from war reserve soldiers set their sights on israel s politics as usual inspired by the unity they experienced in the military thousands of reservists returning from the front line in gaza are organizing for political change,gaza,Palestine
7304,michigan primary takeaways uncommitted makes itself heard president biden endured a protest vote donald trump fended off nikki haley again and both may face challenges with their party coalitions as they start to look toward november,,NA
7312,in fight over bump stock ban lawyers take aim at administrative state the supreme court will hear arguments on wednesday about the trump administration rule put in place by the a t f after the las vegas massacre,,NA
7314,e bike battery caused fire that killed young journalist officials say fazil khan 27 the first new yorker this year whose death was linked to lithium ion batteries was motivated in his work by a strong sense of justice his friends said,,NA
7321,between star wars trilogies a golden age of video games a remastered version of star wars dark forces reminds gamers of a period in the 1990s when lucasarts could take risks with cherished intellectual property,,NA
7332,a land once emptied by war now faces a peacetime exodus bosnia is being hit by a combination of a low birthrate and emigration a trend fueled by ethnic tensions and disgust with corruption,,NA
7337,in defense of pg 13 horror not everyone needs a scary movie that goes to the darkest extremes here s why milder horror films can still pack a punch,,NA
7340,why authoritarians like saddam hussein confound u s presidents a c i a capable of making a mistake on the scale of its miss about iraq s weapons of mass destruction was not part of saddam hussein s worldview,,NA
7348,raised in the west bank shot in vermont three months after an attack its victims grapple with what it means to be palestinian in america,,NA
7355,florida suspends bill to protect unborn child after i v f ruling democrats warned that the proposed legislation which would allow civil lawsuits over the death of a fetus would affect fertility treatments,,NA
7362,an arms race quietly unfolds in space after warnings that russia could put a nuclear weapon into orbit the u s is ramping up its space effort,,NA
7367,ukraine charges key figure in arms trade with corruption a times investigation showed how the war helped serhiy pashinsky rehabilitate a troubled reputation now he faces charges related to accusations about his past,,NA
7380,a breakaway region of moldova asks russia for protection transnistria declared independence in 1992 but is not recognized internationally the request by the territory s legislature could fuel regional tensions as the war in ukraine rages,,NA
7381,a k pop star s lonely downward spiral goo hara s life was a struggle from the start she ended it at 28 isolated and harassed online,,NA
7384,immunity for troubles violence violates human rights belfast court rules a judge said a new british law aiming to foster reconciliation over decades of sectarian conflict in northern ireland would breach the european convention on human rights,,NA
7391,seeking to unsettle russia macron provokes allies the french president s openness to western troops in ukraine signaled a quest for military resolve but some allies felt blindsided,,NA
7392,sex and silence what this awards season tells us about hollywood whether it s the return of steamy scenes or the lack of political speeches the road to the oscars holds a lot of clues about the state of the industry,,NA
7417,kroger albertsons and the biden administration s new antitrust playbook price competition isn t the only thing harmed by monopolies but can trustbusters prove it,,NA
7424,arab american fury toward biden if alarms weren t already sounding in the biden campaign now they have to be,,NA
7426,biden s gaza challenge will persist but michigan may have been unique democratic unease with the president s handling of the mideast war will continue to trail him but his allies hope that no other state on the primary calendar will present the same challenges,gaza,Palestine
7427,thursday briefing u n warns of famine in gaza plus a protest vote against president biden,gaza,Palestine
7428,as u n warns of famine in gaza cease fire remains elusive with the approach of ramadan as well as protests by hostage families and a threatened palestinian march on the aqsa mosque pressure is rising to reach a deal,gaza,Palestine
7440,u s to ask court to reauthorize disputed surveillance program for a year as congress stalls in considering an expiring warrantless surveillance law known as section 702 the biden administration has decided not to risk a lapse,,NA
7444,frequent marijuana use may raise risk of heart attack study suggests a new study analyzed several years of surveys on increases in marijuana and cannabis consumption,,NA
7446,debbie dingell breaks down michigan s primary a democratic stalwart assesses the uncommitted vote protesting president biden and says the party must do more to play up his accomplishments,,NA
7448,the michigan areas where uncommitted came out ahead more than 100 000 voted in protest of the president s handling of the israel hamas war with strong support from areas with higher shares of arab residents and younger voters,hamas,Lebanon
7448,the michigan areas where uncommitted came out ahead more than 100 000 voted in protest of the president s handling of the israel hamas war with strong support from areas with higher shares of arab residents and younger voters,hamas,Palestine
7449,u s airman s winding path ended in self immolation to protest israel aaron bushnell the cyberdefense operations specialist who lit himself on fire to protest israel s killing of palestinians had left an isolated christian community for the air force before turning to activism,,NA
7452,tom suozzi returns to congress with 2 words for house wake up mr suozzi a democrat sought to use his return to washington after a closely watched special election to push both parties toward the middle,,NA
7465,in britain shockwaves from israel hamas war are jolting domestic politics the united states and several european nations have been caught up in toxic debates that have altered election campaigns and led to eruptions of inflammatory language over the conflict,hamas,Lebanon
7465,in britain shockwaves from israel hamas war are jolting domestic politics the united states and several european nations have been caught up in toxic debates that have altered election campaigns and led to eruptions of inflammatory language over the conflict,hamas,Palestine
7466,thursday briefing u n warns of dire food shortages in gaza,gaza,Palestine
7470,wildfire scorches texas panhandle drone footage shows charred damage across swaths of land from the smokehouse creek blaze which is the second largest wildfire on record in the state,,NA
7481,gas pumps didn t work in new zealand blame the leap year dozens of unattended fuel stations across the country stopped working on thursday for hours because of a software issue,,NA
7486,after u of georgia killing lawmakers seek tougher immigration laws as residents lamented the killing of a 22 year old woman immigration policies in georgia have come under renewed scrutiny with state republicans calling for stricter legislation,,NA
7503,children s film festival has robots chickens authors and more a range of films many of them animated some hilarious some serious bubble up at this year s festival in new york where kids can vote for awards,,NA
7508,auto insurance spike hampers the inflation fight costlier vehicles and repairs are pushing premiums higher even as the increase in u s consumer prices is tapering overall,,NA
7513,in brooklyn a fight over paving parkland for skateboarding a tony hawk foundation and the city want to pour concrete over a section of mount prospect park to create one of the biggest skate parks on the east coast,,NA
7515,what i learned when i read 887 pages of plans for trump s second term the former president s allies don t want to destroy the deep state they want to seize it,,NA
7517,c i a violently cut off 9 11 suspect when he tried to talk about attacks in the aftermath of the attacks interrogators were determined to get khalid shaikh mohammed to discuss al qaeda s future plans a psychologist testified,,NA
7521,let s thank the alabama supreme court its decision that embryos are people offers a warning of the future toward which america may be heading,,NA
7524,for suspect in u of georgia killing an obscure trail across states after leaving venezuela he entered the u s through texas and stopped in new york before living in georgia,,NA
7528,death toll in gaza passes 30 000 the official toll of the war is staggering roughly one person killed for every 73 palestinians in gaza though experts say it is likely an undercount,gaza,Palestine
7529,texas firefighters rush to control blaze as warm windy weather approaches cooler temperatures thursday were expected to give firefighters a chance to control the large fire before more dangerous conditions arrived this weekend,,NA
7535,putin says west risks nuclear conflict if it intervenes more in ukraine we also have weapons that can strike targets on their territory mr putin said in an annual speech do they not understand this,,NA
7536,pennsylvania plans task force to combat election disruptions the federal state joint effort will aim to combat misinformation safeguard the rights of every citizen and ensure this election is safe secure free and fair gov josh shapiro said,,NA
7546,pentagon weighs new plan to ship weapons to ukraine quickly a short term measure carries political and military risks as the biden administration considers whether to tap into u s stockpiles again,,NA
7547,the best most california movies the water wars thriller chinatown was recommended most by readers,,NA
7554,opposition leader in chad is reported killed in a shootout yaya dillo who was expected to run in national elections in may was killed alongside many others in a gun battle in the capital the national prosecutor said,,NA
7555,london police should not have hired officer who killed woman inquiry finds troubling information about the past of the man who killed sarah everard in 2021 a case that shook britain should have prevented him from joining the force a long awaited report said,,NA
7557,austin faces questions about his hospitalization from house committee the defense secretary was asked to explain why he did not immediately tell the white house about his illness in january,,NA
7564,a complexly flavored vegan curry meera sodha s easy recipe combines tender cauliflower buttery cashews sweet peas and warming spices for a five star reader favorite dinner,,NA
7571,biden says the shooting will complicate cease fire talks president biden said on thursday that while he was still learning details of the shooting that killed or wounded hundreds in northern gaza he thought the deaths could jeopardize efforts to reach a cease fire agreement between israel and hamas,gaza,Palestine
7571,biden says the shooting will complicate cease fire talks president biden said on thursday that while he was still learning details of the shooting that killed or wounded hundreds in northern gaza he thought the deaths could jeopardize efforts to reach a cease fire agreement between israel and hamas,hamas,Lebanon
7571,biden says the shooting will complicate cease fire talks president biden said on thursday that while he was still learning details of the shooting that killed or wounded hundreds in northern gaza he thought the deaths could jeopardize efforts to reach a cease fire agreement between israel and hamas,hamas,Palestine
7578,as hungry gazans crowd an aid convoy a crush of bodies israeli gunshots and a deadly toll palestinian and israeli officials offered differing accounts of a deadly scene in northern gaza in which local health officials said more than 100 people were killed,gaza,Palestine
7584,what we know about the deaths near the gaza aid convoy mapping the area where scores of people were killed and injured as a convoy of trucks tried to deliver aid to northern gaza,gaza,Palestine
7586,deadly bangladesh fire breaks out at mall firefighters rescued people from the charred seven story building in the capital of dhaka,,NA
7587,fire in bangladeshi shopping mall kills dozens officials said the multistory fire broke out just before 10 p m on thursday the blaze left dozens injured many in critical condition,,NA
7590,this is for gaza george galloway leftist firebrand wins u k seat as the mideast conflict reverberates through british politics the politician with a history of inflammatory statements about israel won a special election in northern england,gaza,Palestine
7594,judge awards 6 2 million to new zealand volcano victims dozens of tourists and guides were killed or injured when a volcanic island erupted in 2019 the disaster was ruled to be a violation of new zealand s workplace safety rules,,NA
7595,former m i t student pleads guilty in 2021 killing of yale student qinxuan pan 32 evaded law enforcement for three months before his arrest he could face 35 years in prison for the killing of kevin jiang,,NA
7598,how their corporate speak turned into a language of love andrew mccaskill was happy to provide career advice when marcus johnson reached out but he was also hoping for something more,,NA
7604,friday briefing gazans are killed near an aid convoy,,NA
7605,i d f videos add to confusion over gazans killed at aid site the israeli military released a heavily edited video to deflect blame but the footage did little to clear up what led to mass casualties as people crowded around food aid trucks in northern gaza,gaza,Palestine
7615,college dorm decorations become a front in the campus free speech wars barnard college is requiring students to strip decorations from their dorm doors in the wake of protests over the israel hamas war,hamas,Lebanon
7615,college dorm decorations become a front in the campus free speech wars barnard college is requiring students to strip decorations from their dorm doors in the wake of protests over the israel hamas war,hamas,Palestine
7616,cease fire demand grows amid questions around gaza aid convoy deaths the israeli military and gazan officials have offered diverging accounts of one of the deadliest known disasters involving civilians in the nearly five month war,gaza,Palestine
7620,thousands turn out for navalny s funeral in moscow the police presence appeared heavy for the service some attendees shouted no to war and russia will be free as they marched to the cemetery where the opposition leader was to be buried,,NA
7622,an architect builds toward the future on mexico s border with her library senior center markets and sports complexes fernanda canales is bringing a sense of community beauty and safety to underserved towns,,NA
7632,the ugly history at the root of the border standoff republicans are using an old battle cry to defend razor wire,,NA
7639,developers got backing for affordable housing then the neighborhood found out the push from an affluent community in south carolina to kill a plan for 60 subsidized apartments brought into public view how hard it is to give low income families access to opportunity rich neighborhoods,,NA
7643,the wars in ukraine and gaza have changed america s policy hasn t richard haass on why america s strategy on both ukraine and israel is untenable and what he thinks should be the north star,gaza,Palestine
7645,why more american weapons will soon be made outside america with the wars in ukraine and gaza straining u s arsenals washington is seeking to expand production with global partners like australia,gaza,Palestine
7658,dark secrets psychological warfare and cocaine a new york city housewife speaks about a new lawsuit against andy cohen and bravo in which she alleges all of these things created a rotted workplace culture,,NA
7661,jewish students describe facing antisemitism on campus to members of congress at a discussion led by a house panel students criticized their universities for not cracking down on antisemitism an antiwar group pointed out that muslim and arab students are facing harassment too,,NA
7663,gemini s culture war kara swisher burns us and scotus takes up content moderation we finally invited someone on the podcast who is meaner to casey than kevin is,,NA
7664,eurozone inflation at 2 6 continues to ease prices in the countries that use the euro trended downward in february but the european central bank remains cautious about lowering interest rates,,NA
7666,crowds gather for navalny s funeral and gazans killed near aid convoy plus a federal court blocks a texas border law,,NA
7669,how germany s most wanted criminal hid in plain sight daniela klette a militant from the red army faction was on the run for decades yet with publicly available digital recognition tools german police could probably have found her much sooner,,NA
7671,gaza aid declined significantly in february the deaths of dozens of people amid a rush for aid trucks in gaza city showed the degree of hunger in the territory,gaza,Palestine
7678,my father the pakistani elvis elvis personified everything american what my dad wished to embody charisma rebellion and sex appeal,,NA
7679,trump lawyer argues appearance of impropriety is enough to disqualify prosecutor lawyers argued about whether the prosecutor fani willis has an untenable conflict of interest in the georgia election case her side called the disqualification effort desperate,,NA
7682,this small island has a dark history it s 10 miles from france but alderney feels like a windswept remote haven during world war ii nazi atrocities happened on its soil,,NA
7689,how sean ono lennon helped his parents send a message to keep their legacy relevant for a new generation he worked on the short war is over inspired by the music of john yoko now it s up for an oscar,,NA
7691,woman found guilty of conspiring to kill jennifer dulos in connecticut michelle troconis the girlfriend of ms dulos s estranged husband was found guilty of six counts related to her disappearance in a case that captured national attention,,NA
7694,trump says little on gaza and nothing about what he d do differently donald trump s approach to the bloody mideast conflict reflects the anti interventionist shift he has brought about in republican politics and his personal feelings about the israeli prime minister,gaza,Palestine
7696,dry winds could spread texas wildfires over the weekend some rain and snow slowed the spread on friday of the biggest wildfire on record in state history but warm dry and windy conditions were forecast to return on saturday,,NA
7697,a protest against biden over the gaza war readers discuss arab american criticism of the president reflected in the michigan primary also politicians visits to the border congressional gridlock,gaza,Palestine
7700,international condemnations of killings near gaza aid convoy multiply the british foreign secretary and the governments of india south africa and brazil were among those denouncing the melee surrounding an aid convoy in northern gaza that left scores of palestinians dead,gaza,Palestine
7704,the best of late night this week there was a glut of news this week for the hosts to discuss including developments in the israel hamas war and mitch mcconnell saying he would step down from his position as leader of the senate republicans,hamas,Lebanon
7704,the best of late night this week there was a glut of news this week for the hosts to discuss including developments in the israel hamas war and mitch mcconnell saying he would step down from his position as leader of the senate republicans,hamas,Palestine
7706,gunter brus artist who shocked postwar austria dies at 85 a founder of a transgressive 1960s movement known as viennese actionism he used his body as a canvas and blood and excrement as his materials,,NA
7712,boy 13 is killed near his brooklyn home the child troy gill had been walking home from a brooklyn nets game at barclays center when he was shot multiple times a law enforcement official said,,NA
7717,major snowstorm descends over mountains around lake tahoe meteorologists issued rare blizzard warnings as heavy snow halted travel and caused ski resorts and yosemite national park to close the system also triggered a tornado,,NA
7723,mcconnell s early decision to step aside fuels g o p fight to succeed him contenders to be the new republican leader have quickly begun making overtures to colleagues for a rare opening at the top of the g o p hierarchy in the senate,,NA
7725,robert m young filmmaker who indulged his wanderlust dies at 99 the subjects of his documentaries included indigenous peoples civil rights sit ins and the war in angola his narrative films included extremities and the ballad of gregorio cortez,,NA
7728,penn trustees meeting is cut short after students protest over war in gaza the meeting was abruptly adjourned about 10 minutes in after a demonstration by pro palestinian students protesting the university s ties with israel,gaza,Palestine
7738,witnesses of aid convoy violence describe shooting panic and desperation i saw people falling to the ground after being shot said one witness and others simply took the food items that were with them and continued running for their lives,,NA
7752,many iranians boycott vote despite officials pleas and roses at polls ordinary iranians fed up with a faltering economy and the government s oppressive rules and violent crackdowns on peaceful protests heeded calls to stay home,,NA
7753,iris apfel eye catcher with a kaleidoscopic wardrobe dies at 102 she came to fame in the fashion world in her 80s and 90s and her wildly eclectic closet of clothes formed a hit exhibition at the metropolitan museum of art,,NA
7755,more than a thousand mourners pack church to honor student killed in georgia laken riley whose death became enmeshed in the nation s bitter debate over immigration was remembered as a warm and caring woman who shined so bright,,NA
7756,federal regulators to review nonbinary student s death in oklahoma the u s department of education said it had opened an investigation into whether a high school failed to appropriately respond to reports of harassment of nex benedict who died a day after a fight in a school bathroom,,NA
7762,surprisingly weak ukrainian defenses help russian advance ukraine only built a sparse rudimentary defensive line outside avdiivka russia is taking advantage,,NA
7769,as trump s criminal trial approaches he may be his own worst enemy in civil cases donald j trump has ordered attorneys around from the defense table and insisted on testifying the stakes will get higher march 25 when his first criminal case begins,,NA
7770,blasphemy is a crime in pakistan mobs are delivering the verdicts being convicted of the charge can bring a death sentence in the country but simply being accused of disrespect toward islam can also be enough to get a person killed,,NA
7776,in powerful d c ward democrats move to oust councilman over crime surge the effort to recall charles allen spearheaded by democratic operatives who once backed him reflects how a response to a rise in crime has cut across ideological lines,,NA
7779,the core of the tax code will change but we don t know how important regulations expire at the end of next year thwarting tax planning and creating a monumental fiscal challenge for congress,,NA
7782,when an artist dies who owns her story the cuban artist ana mendieta fell from a window of her 34th floor apartment in 1985 her family members have been fighting for control of her legacy ever since,,NA
7784,i m matt for some politicians addiction battles drive policymaking elected leaders in recovery are sharing their histories of drug abuse fueled by worry over the epidemic that s killing so many americans,,NA
7806,the justice of israel s war in gaza will depend on how it ends how to think about the moral complexities in the israel gaza war,gaza,Palestine
7809,the fires sweeping across texas offer a terrifying warning we re entering clima incognita,,NA
7818,u s begins airdrops of humanitarian aid in gaza three air force cargo planes dropped 38 000 ready to eat meals in gaza but critics called that insufficient a u s official said it was the beginning of a broader campaign,gaza,Palestine
7819,freight cars derail on lehigh river in pennsylvania after 3 train crash photos on social media showed two locomotives and several container cars derailed no one was injured and no hazardous materials leaked officials said,,NA
7821,lives ended in gaza since the war started more than 30 000 people have been killed during israel s bombardment and invasion here are some of their stories,gaza,Palestine
7830,migration from south america through the perilous darien gap resumes on friday boat companies began operating in colombia after a five day pause allowing migrants to once again make their way through the notorious jungle terrain and continue toward the u s border,,NA
7833,harris to meet with top israeli official as truce talks continue the vice president expects to discuss the urgency of a hostage deal and getting food and supplies to palestinian civilians with a member of netanyahu s war cabinet,,NA
7835,israeli strike near rafah hospital kills at least 11 gaza officials say dozens of other displaced palestinians who had been sheltering nearby were also injured the officials said,gaza,Palestine
7837,i have you firefighter rescues driver from truck dangling off bridge for nearly an hour the driver was trapped in a tractor trailer leaning over the side of a kentucky bridge until a firefighter lowered on a rope made a daring rescue,,NA
7841,lack of plan for governing gaza formed backdrop to deadly convoy chaos israel has no clear plan for governing gaza that is a particular problem in the north where the fighting has ebbed and where a deadly stampede occurred on thursday around an aid convoy,gaza,Palestine
7843,saturday night live is already looking toward the election in its opening sketch s n l offered a parody of a cnn political show,,NA
7845,he cursed at a police officer now he s caught in a free speech fight a buffalo lawyer yelled at a police officer and received a noise citation he argues he was punished for what he said not how loudly he said it,,NA
7856,how a body farm might help tackle fentanyl abuse the u s government brought mexican coroners to america to learn how to detect fatal overdoses hoping to show that fentanyl kills in mexico too,,NA
7874,german police conduct raid in hunt for red army fugitives ten people were arrested and later released the action in berlin came after one of three wanted members of the militant group was arrested last week,,NA
7876,russian strike s toll rises to 12 as zelensky blames air defense delay president volodymyr zelensky did not refer to the united states but his words appeared to reflect frustration over a stalled american aid package,,NA
7878,israel opts out of cease fire talks as hamas delegation arrives in cairo israeli officials did not attend after hamas was said to have refused a request from israel to provide a list of the hostages who were still alive,hamas,Lebanon
7878,israel opts out of cease fire talks as hamas delegation arrives in cairo israeli officials did not attend after hamas was said to have refused a request from israel to provide a list of the hostages who were still alive,hamas,Palestine
7887,imagining a brokered democratic convention if biden drops out readers react to political commentary by jamelle bouie and ezra klein also human skills in an a i world not all fun and games in florida,,NA
7888,u n aid agency researchers allege abuse of gazans in israeli detention unrwa the aid agency for palestinians is preparing to publish an investigation based on testimony from more than 100 detainees that accuses israeli troops of abuse,,NA
7889,inmates escape after attacks on two prisons in haiti s capital the assault on prisons is the latest in a wave of violent episodes in the past few days staged by gangs who have vowed to oust the prime minister,,NA
7893,republicans nod to trump s influence in race to succeed mcconnell donald trump is looming over the upcoming leadership battle to replace mitch mcconnell as senators weigh each contender s independence with their alignment to the former president and the party s base,,NA
7897,judge s ruling sets back law meant to fight money laundering an alabama judge barred the government from collecting certain company ownership data to help the treasury department identify money launderers and called the effort a case of congressional overreach,,NA
7903,deaths of gazan children likely to rapidly rise amid aid snarls u n warns delivering supplies into gaza especially the north has taken on increased urgency as the united nations has warned that many gazans are on the edge of famine,gaza,Palestine
7906,mark dodson voice of star wars and gremlins characters dies at 64 he voiced salacious b crumb the monkey lizard pet of jabba the hutt in return of the jedi as well as mogwai in both gremlins films,,NA
7911,gaza war is shifting ties between secular and ultra orthodox israelis israel s haredi minority has long lived apart from the nation s mainstream but fighting has both widened that divide and in some ways helped to bridge it,gaza,Palestine
7912,monday briefing the u n warns that more children will die in gaza without aid,gaza,Palestine
7913,what s on tv this week the oscars and the state of the union abc airs the awards show for all things film president biden addresses the nation across the major networks,,NA
7923,harris pushes for pause in fighting in meeting with top israeli official in a white house meeting on monday afternoon with benny gantz a member of israel s war cabinet the vice president also focused on the need for a deal to free hostages,,NA
7924,brain cancer was supposed to kill me instead it gave me a second life a devastating diagnosis prompted a reporter to revisit his past and repair his mistakes,,NA
7925,wanted writers for awards show jokes must be skilled at diplomacy hosts who have to entertain insiders at the ceremony and outsiders watching at home presenters who change their minds no wonder the bits are awkward,,NA
7926,charmed by a city off thailand s beaten path centuries old wooden temples a graceful river and an unexpected chicken fixation make lampang in northern thailand a delightful destination away from the crowds,,NA
7927,inspired by a real mystery this novel skewers the art world in anita de monte laughs last by xochitl gonzalez two latina women working a decade apart fight to break out in the new york art scene,,NA
7929,the pitbull impersonator and killer whale who both miss their moms in her novel say hello to my little friend jennine capo crucet explores existential questions of isolation and belonging through two unlikely figures,,NA
7931,the brink the risk of nuclear conflict is rising it s time for the world to pull itself back from the edge,,NA
7934,could a new mythology save the united states after a career of framing the country s past through the myths that inspire americans to fight kill and make money richard slotkin wants to find a gentler story,,NA
7937,it s time to protest nuclear war again a new series from times opinion about the threat of nuclear weapons in an unstable world,,NA
7940,why is there no oscar for best choreography imaginative dance abounds in hollywood but its creators remain unheralded at awards time,,NA
7942,a nuclear weapon strikes what happens next here s what just one detonation could do,,NA
7959,an f b i informant a bombshell claim and an impeachment built on a lie how an unverified accusation became a lightning rod in the impeachment push against president biden,,NA
7962,apple fined 2 billion by e u for using app store to thwart competition apple said it would appeal the penalty the latest in a series of regulatory setbacks for the tech giant,,NA
7990,do you know these books that became best picture winners killers of the flower moon and oppenheimer are among this year s academy award nominated films based on nonfiction books take this short quiz to test your knowledge of other books that inspired films that won the oscar for best picture,,NA
7993,john c bahnsen jr 89 dies fierce commander during the vietnam war one of the most honored combat veterans in u s history he was awarded 19 decorations for valor he was blunt about what his job was killing,,NA
7994,jack teixeira agrees to 16 year plea deal in document leaks case airman teixeira withdrew his not guilty plea and pleaded guilty to six counts of willful retention and transmission of national defense information according to court filings,,NA
7997,only a trickle of aid reaches northern gaza as hunger worsens a small number of trucks carrying desperately needed food headed for gaza city but at least some were swarmed and looted by people along the way,gaza,Palestine
8000,chris mortensen espn s longtime n f l insider dies at 72 for over 30 years he covered the league for programs like sportscenter and sunday n f l countdown as a sportswriter he won a prestigious george polk award,,NA
8003,google settles smaller lawsuits as it prepares for more antitrust fights the tech giant has recently spent more than 1 billion to resolve several legal claims as more battles with the justice department loom,,NA
8004,at fashion week a critic considers what clothes have to say from paris vanessa friedman the times s chief fashion critic shared what she looks for on the runway and the forces shaping fashion right now,,NA
8006,a poll reflecting worries about biden s age readers react to a front page story about a new times siena college poll also fight on nikki haley airdrops to gaza death in gaza,gaza,Palestine
8007,u n team finds grounds to support reports of sexual violence in hamas attack the united nations experts also said that they had clear and convincing information that hostages seized in israel on oct 7 had been sexually abused in gaza and that they had looked into reports of abuse of palestinians in israeli detention,hamas,Lebanon
8007,u n team finds grounds to support reports of sexual violence in hamas attack the united nations experts also said that they had clear and convincing information that hostages seized in israel on oct 7 had been sexually abused in gaza and that they had looked into reports of abuse of palestinians in israeli detention,hamas,Palestine
8007,u n team finds grounds to support reports of sexual violence in hamas attack the united nations experts also said that they had clear and convincing information that hostages seized in israel on oct 7 had been sexually abused in gaza and that they had looked into reports of abuse of palestinians in israeli detention,gaza,Palestine
8014,home sellers claim warren buffett s brokerage defrauded them a division of mr buffett s conglomerate was added to a string of defendants in an antitrust lawsuit that alleges brokerages inflated commissions that home sellers were forced to pay,,NA
8015,alabama democrats swarm to a rare chance to increase their power a court mandated redistricting has made for a suddenly competitive congressional race in a ruby red state and democrats have lined up to seize the opportunity,,NA
8020,tuesday briefing trump can appear on ballots also france protects abortion rights and a u n report on sexual assault during the oct 7 attack,,NA
8030,the supreme court ruled that states cannot bar trump from ballots also apple was fined 2 billion for thwarting competition here s the latest at the end of monday,,NA
8044,shift in russian tactics intensifies air war in ukraine moscow s recent gains in the east have been aided by more aggressive air support on the front lines but that also has helped ukraine shoot down enemy planes in the past two weeks,,NA
8070,the maldives is a tiny paradise why are china and india fighting over it asia s two giants are crowding the island nation with building projects tossing its newborn democracy to and fro,,NA
8071,shogun episode 3 recap the not so great escape lord toranaga john blackthorne and lady mariko draw closer as they battle enemy forces,,NA
8081,bank runs spooked regulators now a clampdown is coming federal reserve officials and other bank regulators could roll out a new proposal this spring to ward off a repeat of 2023 s banking turmoil,,NA
8088,the trial of james crumbley in the oxford high killings what to know the parents of a teenager who killed four students at a michigan high school were charged with involuntary manslaughter his mother was convicted now the father is standing trial,,NA
8091,go behind the scenes of all 10 best picture oscar nominees in these videos directors walked us through pivotal scenes from their academy award nominated films,,NA
8094,with a new holocaust museum the netherlands faces its past the new institution in amsterdam is the first to tell the full story of the persecution of dutch jews during world war ii,,NA
8098,a deadly aid delivery and growing threat of famine in gaza desperate gazans descended on aid trucks israeli troops opened fire but exactly how people died and who was responsible remains contested,gaza,Palestine
8113,global warming is particularly bad for women led families study says new u n research shows that climate change disproportionately erodes income in households led by women in poorer countries but there are ways to fix it,,NA
8115,u s conducts 2nd airdrop but will not use troops on the ground in aid effort u s air force cargo planes dropped 36 800 ready to eat meals in a joint operation with the jordanian air force but a pentagon spokesman said were no plans to put u s forces on the ground,,NA
8116,edward bond 89 playwright who clashed with royal censors dies his brazen first play saved though it drew outrage led to the end of more than 200 years of state control over the theater,,NA
8117,fighting through art a kurdish dancer s journey to new york stages hussein smko s encounter with an american soldier in iraq led him to become a dancer this week he performs in pontus lidberg s work at the joyce theater,,NA
8129,labor unions end starbucks board fight the decision to pull a slate of board nominees comes after the company agreed to meet workers at the bargaining table,,NA
8290,barbara lee is a progressive hero why is she trailing in the polls in california her vote against authorizing the war in afghanistan was an act of true courage,,NA
8291,iditarod racer kills moose to protect himself and dogs officials say dallas seavey a five time iditarod winner had to gut the moose during the sled dog race to comply with the competition s rules,,NA
8294,humanitarian aid boxes dropped over northern gaza palestinians in gaza city scrambled for boxes of supplies airdropped by the united states jordan egypt and the united arab emirates,gaza,Palestine
8304,1 killed as explosion at michigan vape distributor sends canisters flying a 19 year old man was looking at the glowing orange sky when he was struck by a butane canister from a quarter mile away the authorities said,,NA
8310,damage to cables under red sea highlights mideast conflict s broader threat what disabled three major cables linking east to west is still not clear suspicion has centered on yemen s houthi rebels who have attacked numerous ships in the area but they have denied responsibility,houthi,Yemen
8315,we need a cease fire biden says president biden said tuesday that talks on a possible six week cease fire in gaza are in the hands of hamas right now he spoke just before a hamas leader in lebanon appeared to reject a proposed deal the united states is backing insisting that israeli hostages would be released only after a cease fire was in place and israeli forces have withdrawn,gaza,Palestine
8315,we need a cease fire biden says president biden said tuesday that talks on a possible six week cease fire in gaza are in the hands of hamas right now he spoke just before a hamas leader in lebanon appeared to reject a proposed deal the united states is backing insisting that israeli hostages would be released only after a cease fire was in place and israeli forces have withdrawn,hamas,Lebanon
8315,we need a cease fire biden says president biden said tuesday that talks on a possible six week cease fire in gaza are in the hands of hamas right now he spoke just before a hamas leader in lebanon appeared to reject a proposed deal the united states is backing insisting that israeli hostages would be released only after a cease fire was in place and israeli forces have withdrawn,hamas,Palestine
8322,cyberattack paralyzes the largest u s health care payment system the hacking shut down the nation s biggest health care payment system causing financial chaos that affected a broad spectrum ranging from large hospitals to single doctor practices,,NA
8323,starbucks franchise lays off workers in mideast amid gaza tied boycotts store traffic has dropped off in the middle east and southeast asia as customers protest perceptions of starbucks stance on the israel hamas conflict,gaza,Palestine
8323,starbucks franchise lays off workers in mideast amid gaza tied boycotts store traffic has dropped off in the middle east and southeast asia as customers protest perceptions of starbucks stance on the israel hamas conflict,hamas,Lebanon
8323,starbucks franchise lays off workers in mideast amid gaza tied boycotts store traffic has dropped off in the middle east and southeast asia as customers protest perceptions of starbucks stance on the israel hamas conflict,hamas,Palestine
8324,u s warns spring breakers headed to mexico jamaica or the bahamas in recent weeks american travelers to some of the busiest international destinations during spring vacation have been urged by the state department to exercise extra caution,,NA
8326,scary and daunting dartmouth players detail how union plan came together on tuesday the historic 13 2 vote by the men s basketball team to unionize took a significant step toward classifying student athletes as employees,,NA
8333,biden dominates on super tuesday as he turns toward trump the president facing only token opposition won easily in state after state as he begins to focus fully to the general election,,NA
8341,liberty university fined 14 million for mishandling sex assaults and other crimes the penalty is the largest ever imposed by the education department which found that the school had punished sexual assault victims but not their assailants and created a culture of silence,,NA
8342,in california senate battle has the most intrigue an intraparty fight for the late senator dianne feinstein s seat has been complicated by the entrance of the former baseball star steve garvey,,NA
8344,inside america s shadow war with iran there s another middle east conflict going on and u s soldiers are on the front lines of it,,NA
8345,israel sees vindication in u n s report but tensions between them rise a u n inquiry found support for israel s allegations of sexual violence in the hamas led oct 7 attack but they remain bitterly at odds over the war in the gaza strip,hamas,Lebanon
8345,israel sees vindication in u n s report but tensions between them rise a u n inquiry found support for israel s allegations of sexual violence in the hamas led oct 7 attack but they remain bitterly at odds over the war in the gaza strip,hamas,Palestine
8345,israel sees vindication in u n s report but tensions between them rise a u n inquiry found support for israel s allegations of sexual violence in the hamas led oct 7 attack but they remain bitterly at odds over the war in the gaza strip,gaza,Palestine
8347,maker of raw milk cheese pleads guilty in listeria outbreak that killed 2 the food and drug administration linked cheese from the vulto creamery in walton n y to an outbreak of listeria that also sickened six from 2016 to 2017,,NA
8357,international court accuses 2 russian officers of war crimes in ukraine arrest warrants were issued by the international criminal court for two military officials a general and an admiral both accused of targeting civilians and destroying crucial energy infrastructure,,NA
8363,the super tuesday shocker that wasn t biden pulls out a tie in american samoa jason palmer an entrepreneur from maryland was denied a win over president biden due to a rounding error he did secure three of the territory s six delegates,,NA
8369,on a bright night for his campaign trump again conjures a dark vision as he dominated the super tuesday battlefield former president donald trump warned of dark days ahead if president biden were to win a second term we re a third world country he said repeatedly,,NA
8371,gabriel garcia marquez wanted to destroy his last novel it s about to be published the publication of until august adds a surprising twist to his legacy and may stir questions about posthumous releases that contradict a writer s directives,,NA
8372,in showdown over g o p control in texas the race for house speaker s seat heads to a runoff dade phelan s failure to secure his seat on tuesday indicated that fights over the future direction of the republican party in texas would continue roiling the state,,NA
8384,israel must let more aid into gaza u k tells israeli official after meeting with benny gantz a member of israel s war cabinet the british foreign secretary david cameron had strong words about conditions in gaza that must change,gaza,Palestine
8391,for casting directors the hunt for a killer never stops procedural dramas are often relaxing to watch but the hectic sprint to find and cast new patients clients and crooks each week is anything but,,NA
8392,not your grandpa s military surplus the young men of americana pipedream use social media to hype their wares finding customers who may have never set foot in an army navy store,,NA
8410,texas fires bring loss to a small town that already knows it well fritch has endured tornadoes and wildfires over the years and a fire now burning through the panhandle struck dozens of homes on tuesday the fire chief died fighting a house fire,,NA
8419,there were lynchings in the north too an n y u project examines the history of lynchings after the civil war including one in new york state,,NA
8421,too little ammunition too many russians the harrowing retreat from avdiivka the fall of the city when it came in mid february was brutal and fast soldiers fought for their lives many did not make it,,NA
8422,for gazans truce talks bring tangle of emotions it s a form of psychological torture said one man in rafah it s unbearable we re told one day that the war is ending and then the opposite the next day,,NA
8428,rain douses new york and southern new england as a storm drenched the coastal northeast officials warned of heavy rain on wednesday night and thursday morning,,NA
8435,atom bombs in space are back to scare us again russian president vladimir v putin may find that a nuclear weapon in orbit is less useful for war than intimidation,,NA
8441,ukraine s first lady declines invitation to state of the union address olena zelenska s office cited a scheduling conflict the russian opposition figure yulia navalnaya also declined an invitation,,NA
8443,national guard and state police will patrol the subways and check bags gov kathy hochul amid a series of violent crimes on the subway said she would deploy 1 000 members of the state police and national guard to the transit system,,NA
8451,russia strikes odesa with missile during visit by zelensky and greek leader neither man was hurt and it was unclear whether the russian army was targeting them,,NA
8458,what it takes to be an award show writer jason zinoman a new york times critic who writes the on comedy column explains the struggles of the underappreciated award show writing staff and how its job often goes beyond writing,,NA
8459,off the board game onto the digital canvas are role playing games enriching culture or destroying it in two shows the artist simon denny spoofs the grandiose fantasy worlds of tech entrepreneurs designing virtual reality,,NA
8464,apple blocks epic games from using iphone tools in escalation of feud the move tests the european union s new tech competition law which was designed to allow competing app stores,,NA
8473,haiti engulfed by crisis as gangs press prime minister to step down the power struggle in haiti is raising pressure on the united states to ease tensions while casting doubt on plans for a kenyan led security mission,,NA
8475,christopher walken s hidden dune connection the actor who plays the malevolent emperor in the new film actually brought an element of the saga to life once before remember weapon of choice,,NA
8482,john walker tech executive who popularized autocad dies at 74 he avoided the spotlight but he helped bring to market an explosively popular computer program that revolutionized the architecture and design industries,,NA
8483,the trump biden rematch is here americans are processing they ve worked through denial bargaining and grief over the 2024 matchup are discontented voters inching toward acceptance,,NA
8486,biden promised calm after trump chaos but the world has not cooperated inflation an explosion of migration at the border and wars in europe and the middle east have created a sense of instability that polls show have eroded his support,,NA
8487,uncommitted effort to protest biden will shift its focus to washington state the campaign is urging democrats to register their discontent with president biden s handling of the war in gaza by voting uncommitted washington s primary is on tuesday,gaza,Palestine
8489,israel hamas talks over hostage releases and a cease fire stall officials say hamas has continued to press israel for a commitment to a permanent cease fire after a multistage release of all hostages but israel has refused,hamas,Lebanon
8489,israel hamas talks over hostage releases and a cease fire stall officials say hamas has continued to press israel for a commitment to a permanent cease fire after a multistage release of all hostages but israel has refused,hamas,Palestine
8496,josette molland s testimony scenes of life in nazi camps in the 1980s she created a series of paintings depicting the horrors she endured in forced labor camps during world war ii,,NA
8501,expecting protests at the oscars police plan to beef up security the los angeles police said it would increase its presence at the academy awards given the potential for protests related to the israel hamas war,hamas,Lebanon
8501,expecting protests at the oscars police plan to beef up security the los angeles police said it would increase its presence at the academy awards given the potential for protests related to the israel hamas war,hamas,Palestine
8503,before n y c snow day debacle ibm had warned of tech limitations technical failures blocked thousands of students who tried to log on to school during a snowstorm at a city council hearing on wednesday an ibm official said it wasn t the company s fault,,NA
8505,haley dropped out making way for a biden trump rematch also national guard troops will patrol new york s subway here s the latest at the end of wednesday,,NA
8508,rust armorer convicted of manslaughter in alec baldwin shooting the armorer hannah gutierrez reed had placed a live round in a gun the actor was rehearsing with when it fired killing the film s cinematographer halyna hutchins,,NA
8517,eight teens are shot at philadelphia bus stop police say the injured high school students one of whom was in critical condition range in age from 15 to 17 the police said it was the latest in a series of shootings on or near public buses in the city,,NA
8519,big american tech profits from chinese ad spending spree temu shein and streaming and gaming apps looking to break into the u s market are spending huge sums to get their wares in front of american consumers,,NA
8524,pregnant woman worries about giving birth in war torn gaza waem al farra is expecting her first child but for her the joys of pregnancy have been replaced with fear and concern for her future and the life of her unborn child,gaza,Palestine
8529,weirdly warm winter has climate fingerprints all over it study says recent heat waves in cities worldwide have the hallmarks of global warming researchers said and last month was the hottest february on record,,NA
8530,profound damage found in maine gunman s brain possibly from blasts a laboratory found a pattern of cell damage that has been seen in veterans exposed to weapons blasts and said it probably played a role in symptoms the gunman displayed before the shooting,,NA
8532,crowdfunding auctions and raffles how ukrainians are aiding the army fund raisers are borrowing heavily from business techniques to keep donations flowing to the military the latest trend broad approaches that rely on networks of friends and acquaintances,,NA
8545,home care aides fight to end 24 hour shifts this work is killing them home health care among the fastest growing industries in new york and nationwide is also one of the lowest paying with often grueling hours,,NA
8557,the shelters keeping people out of shelters some homeless shelters now offer resources so that people can squeeze in with family members it s an acknowledgment that entering the shelter system can lead to a downward spiral,,NA
8562,you can t beat beauty and elegance in advance of the oscars here are seven stars who ve made the case for glamour this awards season,,NA
8563,buddy duress who came off the streets to find stardom dies at 38 he was a homeless heroin dealer when the safdie brothers put him in their movies and the critics raved but the recklessness that gave his acting authenticity thwarted his career,,NA
8565,james crumbley had chances to stop son s school shooting prosecutors say the father missed cries for help and failed to secure the gun his son used in a deadly rampage in a michigan high school prosecutors said the defense said he did not know what his son was planning,,NA
8566,love lies bleeding review kristen stewart crazy in love in this neo noir the ever reliable always watchable actress plays a small town loner who s struck by the unexpected arrival of a mysterious drifter,,NA
8570,don t let daylight saving time ruin your sleep here s how to feel well rested when the clocks spring forward on sunday,,NA
8574,in state of the union biden will cheer the economy and draw a contrast with trump allies are pushing the president to do more to sell skeptical voters on his economic record and to attack his likely republican rival on tax policy,,NA
8575,why it had to be biden according to the democratic national committee and biden s inner circle he is the best option in a battle with trump no matter what voters might be worried about,,NA
8583,the danger of the president s nuclear powers in the united states it s up to one person to decide whether the world becomes engulfed in nuclear war,,NA
8586,histories of the american west and southeast asian wars win bancroft prize the award one of the most distinguished in the field of american history honors scope significance depth of research and richness of interpretation,,NA
8588,what the rust jury heard about how live rounds got on a film set the prosecution pointed to a photo of the film s armorer arguing she had brought the live rounds her lawyers tried to focus attention on the movie s primary ammunition supplier,,NA
8589,six key questions ahead of biden s state of the union what campaign themes will he lay out how directly will he attack donald trump will he say the word abortion,,NA
8601,new trump super pac ad attacks biden over his age the ad which aired on msnbc on thursday morning asks can biden even survive until 2029,,NA
8602,jay powell signals a retreat on banking rules the fed chair said regulators could scale back or rework a sweeping capital requirements proposal that wall street has been fighting for months,,NA
8603,should either of these people have the power to end the world the president s sole authority to use nuclear weapons needs to be re examined in today s world,,NA
8605,why california hasn t ditched daylight saving time our clocks will have to spring forward an hour on sunday as in most of the country,,NA
8607,mike tyson to fight jake paul in match on netflix the july bout between mr tyson the former world champion and mr paul the influencer turned boxer is part of netflix s push into sports adjacent live events,,NA
8610,hamas negotiators leave cairo with no breakthrough in cease fire talks weeks of indirect negotiations appear to have stalled over hamas s insistence on a permanent cease fire during or after any hostage releases a demand that israel has rejected,hamas,Lebanon
8610,hamas negotiators leave cairo with no breakthrough in cease fire talks weeks of indirect negotiations appear to have stalled over hamas s insistence on a permanent cease fire during or after any hostage releases a demand that israel has rejected,hamas,Palestine
8616,breakfast pasta for dinner ali slagle s new carbonara leaning skillet pasta with bacon and eggs is a quick and easy meal for any time of day,,NA
8618,mutual frustrations arise in u s ukraine alliance ukrainian officials are disheartened about stalled aid the pentagon wants kyiv to heed its advice on how to fight,,NA
8621,4 children and 2 adults are killed in ottawa home the police are investigating the circumstances surrounding the killings on wednesday of a sri lankan family the city s largest mass murder in at least 30 years,,NA
8635,opposition blasts macron for risking escalation in ukraine the french president attempted to forge a united front on a harder line against russia but few were persuaded,,NA
8641,national guard in the subway new yorkers have their doubts some commuters said they felt safer after learning that heavily armed soldiers would patrol the subway system others were critical of the governor s plan,,NA
8646,canadian jailed by china in tit for tat dispute gets a settlement michael spavor a canadian businessman was arrested by china in what his lawyers said was an act of retaliation for canada s detention of a chinese tech giant executive,,NA
8647,2 women were found dead in the 1980s dna links a man to the murders a virginia man was arrested on tuesday in connection with the 1986 murder of jacqueline lard the authorities said his dna was also linked to the 1989 killing of amy baker,,NA
8650,hundreds are feared seized in nigeria as kidnapping epidemic worsens a mass abduction reported in a region terrorized by boko haram and another days later at a primary school highlighted the government s inability to control crime and armed insurgency,boko haram,Niger
8650,hundreds are feared seized in nigeria as kidnapping epidemic worsens a mass abduction reported in a region terrorized by boko haram and another days later at a primary school highlighted the government s inability to control crime and armed insurgency,boko haram,Nigeria
8652,9 paris fashion week moments that kept us talking audiences were abuzz over breathing runways drone models social media blackouts tartan codpieces and kisses on the catwalk,,NA
8654,war in gaza presents biden with challenges at home and abroad domestic and international anger over israel s response to the oct 7 attacks has complicated president biden s diplomatic and re election efforts,gaza,Palestine
8657,tiktok prompts users to call congress to fight possible ban many capitol hill offices were inundated with phone calls after tiktok urged users to tell their representatives they opposed a new bill aimed at the company,,NA
8659,house passes migrant detention bill denouncing biden border policies thirty seven democrats joined republicans in support of the legislation which has little chance of enactment but offered the g o p a chance to attack president biden and democrats on immigration,,NA
8662,film club go behind the scenes of all 10 best picture oscar nominees directors walk viewers through pivotal scenes from their academy award nominated films what does it take to create a best picture nominee,,NA
8667,state of the union guests highlight biden s efforts on gun violence the climate and more the white house s invited guests included the sister of a 9 year old girl killed in the uvalde school shooting the head of the u a w and business owners focused on the environment,,NA
8671,8 year old carried a gun into a new york city school police say the gun was unloaded and no students were injured according to the police department,,NA
8682,who are the gangs that have overrun haiti s capital the caribbean nation has plunged into disorder and violence with gangs controlling access to the main airport and seaports and taking command of many parts of port au prince,,NA
8684,u s military to build floating pier to ferry gaza aid white house says u s officials said that a temporary port built from ships and then moved close to shore would allow hundreds of truckloads of aid to reach gazans on the brink of starvation,gaza,Palestine
8691,do you have to let the national guard search your bag on the subway gov kathy hochul would not say how long she planned to keep hundreds of soldiers and state police officers in the subway system,,NA
8700,panel examining lewiston shooting presses army reservists on gunman a commission in maine asked former colleagues of the shooter about key moments of inaction before the rampage,,NA
8705,variety acrostic david balton and jane stewart s puzzle is about an incredible history,,NA
8709,a tipping point for news in new zealand there was no single trigger that caused this james gibbons a regional executive at warner bros discovery said,,NA
8711,katie britt with a smile and a fierce glare delivers g o p response to biden the alabama senator 42 who has been floated as a possible running mate for donald trump gave a tonally jarring speech that toggled between strained cheerfulness and ominous warnings,,NA
8722,my husband keeps leaving me a marriage between a soldier and a pacifist strains and changes,,NA
8723,the i c c arrest warrants for russian officers will echo beyond russia the warrants for two commanders over alleged war crimes may set an interesting precedent legal experts said including for the conflict in gaza,gaza,Palestine
8728,father of marine killed in afghanistan is arrested during biden s address steve nikoui yelled abbey gate abbey gate during the speech a reference to where his son lance cpl kareem nikoui and 12 other troops were killed during the chaotic final days of the u s presence in kabul,,NA
8733,the state of the union was rowdy for biden s election year speech the president was feisty and confrontational republicans jeered from their seats and democrats enthusiastically cheered their presidential nominee even as a few aired their grievances about the war in gaza,gaza,Palestine
8735,from ukraine to gaza biden s first battles are at home republican opposition splits in his own party and tension with allies make mr biden s vow to restore american power a far more complicated task than it was when he came into office,gaza,Palestine
8738,a man faces charges in killings of the gilgo 4 what about the other 6 rex heuermann has been charged in four murders but 10 bodies have been found investigators hope fresh leads and new technology may close the cases,,NA
8747,in his state of the union speech biden urges israel to do its part to increase aid to gaza president biden in his state of the union address on thursday night defended u s efforts to increase the amount of aid reaching gaza while imploring israel to do its part and not use humanitarian assistance as a bargaining chip,gaza,Palestine
8759,the oscars now have d e i rules but some say it s just a performance how oppenheimer a movie about the men who developed the atomic bomb met the new standards,,NA
8760,when the oscars were held against the backdrop of another divisive war three days before the 2003 ceremony the united states invaded iraq despite pleas to delay the awards the academy went ahead with what became a politics suffused evening,,NA
8765,good news and bad news for astronomers biggest dream the national science foundation takes a step toward an extremely large telescope,,NA
8779,an oscar winning concert documentary that speaks volumes about america woodstock involved filmmakers who figure in this year s awards ceremony,,NA
8789,5 things to do this weekend selections from the weekend section including a review of the neo noir film starring kristen stewart love lies bleeding,,NA
8794,katie britt attacks biden in g o p response seated at her kitchen table in montgomery ala the republican senator called president biden a dithering and diminished leader and addressed issues including immigration and i v f,,NA
8797,biden vows to save the planet from the climate crisis in his speech to congress the president spoke in sweeping terms about global warming and contrasted his record with that of donald trump,,NA
8808,israel says its forces fired precisely during aid convoy chaos an initial review by the israeli military of the episode differed from accounts of witnesses and palestinian officials who described extensive shooting after thousands massed around aid trucks,,NA
8812,dozens of top scientists sign effort to prevent a i bioweapons an agreement by more than 90 said however that artificial intelligence s benefit to the field of biology would exceed any potential harm,,NA
8814,bad parents beware these harpy sisters are coming for you terese svoboda considers what s worth protecting in a new novel and a story collection,,NA
8825,biden aims to pump energy into campaign after a fiery national address the president will follow up his state of the union speech with a campaign swing to several battleground states and will begin a 30 million advertising push,,NA
8834,iran s 2022 protest crackdown included killings torture and rape u n finds a fact finding mission looking into the demonstrations that followed the death of mahsa amini found brutality and rejected iran s version of ms amini s death,,NA
8848,no labels a centrist group moves toward a third party presidential bid the group said it had voted to nominate a ticket but did not announce which candidate might run on its ballot line democrats have worried that such a bid could siphon support from president biden,,NA
8854,apple reverses course and allows epic games to start competing app store after an inquiry by european regulators epic games said apple would allow it to access the software tools necessary to develop a game store,,NA
8860,republicans big f b i cut came from scrapping one senator s earmark the g o p has boasted about cutting the budget of what it calls the weaponized f b i by 6 percent most of that came from wiping out the pet project of retired senator richard c shelby,,NA
8862,oscars quiz test your movie knowledge the oscars are sunday it s been a busy awards season filled with barbies and biopics now that we re nearing the end let s see how much you know,,NA
8866,europe and u s plan to supply gaza by sea but aid groups say it s not enough relief organizations say cumbersome new strategies cannot substitute for israel allowing more supply trucks into the gaza strip while an airdrop of aid reportedly went awry and killed five people,gaza,Palestine
8869,u n human rights chief warns that israeli settlements could amount to war crimes the comments came in concert with a u n report that says new building plans violence and discrimination have pushed the west bank to the brink of catastrophe,,NA
8870,former republican candidate for u s house is charged with murder dan rodimer who promoted former president trump s endorsement in two failed bids for congress was charged with killing a man at a las vegas strip resort in october,,NA
8872,with cyberattack fix weeks away health providers slam united hospitals doctors and clinics expressed frustration that they will have to wait even longer for reimbursements after hackers paralyzed the largest u s billing clearinghouse,,NA
8880,mexican officers shoot and kill student from rural teachers college the 23 year old victim was enrolled at the same school that 43 students attended before they were abducted in 2014,,NA
8884,a pop culture reporter with his eye on the prizes kyle buchanan shares why stamina is paramount during hollywood awards season and how he approaches interviews with media shy celebrities,,NA
8885,howard hiatt 98 dies steered public health toward greater accountability a physician scientist and academic he brought together experts across disciplines to focus on the economic political and social causes of poor health not just the biological factors,,NA
8890,prosecutors charge man with firing shots outside the capitol on jan 6 the charges once again laid bare one of the most persistent myths about the attack promoted by pro trump politicians and media figures that none of the rioters were armed,,NA
8892,providing both bombs and food biden puts himself in the middle of gaza s war the president s decision to send aid by air and sea represents a shift prompted by the growing humanitarian crisis but it raised uncomfortable questions about america s role,gaza,Palestine
8893,senate clears 460 billion bill to avert partial shutdown sending it to biden the white house said the executive branch was halting shutdown preparations and that president biden would sign the bill on saturday but the spending fight isn t over yet,,NA
8899,biden makes a rare mention of marijuana in the state of the union the president pointed toward his efforts to ease restrictions on cannabis a potential signal that he could talk more during the campaign about an issue he has been reluctant to embrace,,NA
8900,army investigators search for answers after helicopter crash that killed 3 two national guard soldiers and a border patrol agent died in the crash in texas during what the military says was a routine mission on the border,,NA
8901,police shoot and kill man suspected of stabbing a woman at a party the police said they had found the man 46 holding a knife in the hallway of a queens apartment building when they responded to reports of an assault,,NA
8905,macron and scholz never close spar over policy toward ukraine and russia a fraught relationship has recently turned bitter with insults and barbs threatening european unity at a critical moment,,NA
8906,the 10 year old boy who has become the face of starvation in gaza the harrowing image of a skeletal yazan kafarneh circulated widely on social media and has served as a graphic warning about the enclave s dire food situation,gaza,Palestine
8907,sweden and canada to restart payments to u n agency for palestinians the countries were among those that suspended payments to the agency known as unrwa after israel accused a dozen of its employees of taking part in hamas led terrorist attacks on oct 7,hamas,Lebanon
8907,sweden and canada to restart payments to u n agency for palestinians the countries were among those that suspended payments to the agency known as unrwa after israel accused a dozen of its employees of taking part in hamas led terrorist attacks on oct 7,hamas,Palestine
8913,lily gladstone for best actress oscars gamblers are betting big inside the world of people making bets on the winners of the academy awards with some taking home thousands of dollars,,NA
8923,a food writer whose essays go heavy on the salt and fire geraldine deruiter s if you can t take the heat expands on her viral award winning blog posts,,NA
8925,the journalist who tried to fight the nazis with radio stories in how to win an information war peter pomerantsev looks to a world war ii propagandist for lessons in the battle between russia and ukraine,,NA
8941,rains are scarce in the amazon instead megafires are raging hundreds of square miles of the rainforest have burned as countries in the region battle a record number of fires fueled by extreme weather,,NA
8942,a former trump aide becomes a liberal favorite after breaking with her onetime boss alyssa farah griffin finds a warm welcome on the view and cnn,,NA
8946,cramming for the oscars it s been a rough year for hollywood but the post awards season landscape offers some hints of hope for audiences,,NA
8948,i said the era of famines might be ending i was wrong many things go into the conditions that create a food crisis crop failures high food prices unemployment but it s war that has created the famines unfolding today,,NA
8957,russia s advance around avdiivka loses momentum after quick gains ukraine has committed significant forces to defending the area and russian troops are now attacking across open fields with little cover,,NA
8959,fighting hopelessness in treating addiction readers praise a column by nicholas kristof about an effective program,,NA
8962,microplastics are a big problem a new film warns at sxsw a documentary traces the arc of plastics in our lives and highlights evolving research of the potential harm of its presence in our bodies,,NA
8969,with haiti in chaos a humanitarian crisis is rapidly unfolding as gangs have united in concerted attacks against the state the prime minister is stranded in puerto rico and food water fuel and medical care are in short supply,,NA
8975,national guard can t carry long guns while checking bags in subway gov kathy hochul issued an order forbidding the weapons at bag check stations on wednesday directly after her announcement that soldiers would be deployed to new york city s subways,,NA
8978,u s military enters a new phase with gaza aid operations as the united states continues providing israel with munitions the pentagon will deliver food and other assistance to gazans by sea and air,gaza,Palestine
8982,it s a way of life women make their mark in the ukrainian army as ukraine struggles against russian assaults and its losses mount there has been a surge of women enlisting and they are increasingly volunteering for combat roles,,NA
8983,trump vilifies migrants and mocks biden s stutter in georgia speech the former president also attacked mr biden in harsh terms in a combative speech that signaled the beginning of the general election campaign,,NA
9001,as israel s ties to arab countries fray a strained lifeline remains the united arab emirates has maintained its links to israel throughout the war in gaza but the relationship built on a u s brokered deal is under pressure as anger against israel grows,gaza,Palestine
9011,u s military ship has set sail to help build pier off gaza for aid the pier project is the latest in a flurry of efforts to get more aid into the enclave including by sea amid warnings from the u n that a famine in gaza is imminent,gaza,Palestine
9012,thousands of pregnant women in gaza suffer from malnutrition health authorities say the u n has warned that famine is looming in the enclave and an obstetrician there said that pregnant women face particularly high risks of malnourishment,gaza,Palestine
9018,as a doctor i don t fear covid as i once did but i carry its grave lessons forward covid is now a permanent part of our lives are we finally ready to accept that,,NA
9025,new york state trooper among those killed in military helicopter crash john m grassia iii was one of three people killed when a national guard helicopter crashed along the u s mexico border in texas,,NA
9027,listening to the homeless in america responses to a special sunday opinion feature also the rewards of being a chef atoning for past horrors,,NA
9029,on oscars carpet red pins worn to call for cease fire in gaza billie eilish mark ruffalo ava duvernay and others wore the bright red circles designed and distributed by artists4ceasefire,gaza,Palestine
9030,a sudden turn in voter sentiment helped quash changes to ireland s constitution the vote against the changes dealt a blow to a government that had hoped for an easy victory but the outcome does not necessarily reflect a turn toward a more conservative electorate,,NA
9032,oscars 2024 winners see the full list the complete list of winners for the 96th academy awards,,NA
9041,paolo taviani half of a famed italian filmmaking duo dies at 92 he and his brother vittorio made films including padre padrone that mixed neorealism with a lyrical almost magical sense of storytelling,,NA
9042,oscars red carpet 2024 see the stars arrival looks ryan gosling margot robbie ariana grande and other nominees presenters and performers made their entrances for the 96th academy awards in season defining style,,NA
9048,da vine joy randolph wins best supporting actress her first oscar randolph who was favored to win was honored for her turn as a warm witty cafeteria matriarch in the holdovers,,NA
9050,dispute over gaza war heats up between biden and netanyahu the israeli prime minister rejected a rebuke from the u s president over the scale of the israel assault,gaza,Palestine
9054,jonathan glazer condemns occupation and violence in israel and gaza glazer the director of the zone of interest spoke about the war while accepting the oscar for best international feature,gaza,Palestine
9056,what was i made for wins billie eilish an oscar the song which eilish wrote with her brother finneas o connell is the siblings second award in the category,,NA
9058,ukrainian director says he d rather have no oscar and no war 20 days in mariupol mstyslav chernov s harrowing first person account from the early days of russia s invasion won for best documentary feature,,NA
9062,my eyes see oppenheimer al pacino s awkward best picture announcement pacino did not name the 10 nominees before saying the prize went to oppenheimer the favorite to win,,NA
9063,what s so funny about a naked man john cena s skit at the academy awards underscores an intractable gender imbalance even as it gets legitimate laughs,,NA
9064,19 looks that did the most at the oscars the red carpet at the academy awards had elegant over the top and even political fashion these were the best outfits,,NA
9069,ukraine could deploy f 16s as soon as july but only a few countries promised the fighter jets last year but delivering them and training pilots have proved complex ukraine may start with as few as six out of about 45 pledged,,NA
9071,what s on tv this week grey s anatomy and 55th n a a c p image awards the 20th season of this medical drama airs on abc and cbs hosts the annual awards show honoring excellence in film and television,,NA
9072,oppenheimer my uncle and the secrets america still doesn t like to tell the oscar winning film centers on one man s remarkable history my uncle s life tells a very different story about the fallout of the atomic bomb,,NA
9074,quotation of the day gang uprising is aggravating crisis in haiti quotation of the day for monday march 11 2024,,NA
9085,strong movement on flight to new zealand leaves dozens injured the airline latam said a technical problem had caused the incident most of the injuries were minor but one person was in serious condition,,NA
9094,democrats need to stop playing nice too often democrats litigate republicans fight,,NA
9095,for this rookie judge a pivotal decision looms in the georgia trump case judge scott mcafee will soon decide whether to disqualify fani willis the prosecutor leading the case on the grounds that her romance with a subordinate created a conflict of interest,,NA
9103,and the award for best performance at the state of the union goes to did biden change anyone s mind and can he maintain the momentum,,NA
9108,food shortages overshadow ramadan in gaza the war and hunger have cast a somber tone over this year s holy month as people struggle to find affordable essentials to celebrate,gaza,Palestine
9114,biden marks ramadan saying the war has inflicted terrible suffering on gaza the president said he would press for a cease fire and more aid for gaza and noted that many american muslims were grieving for family members killed there,gaza,Palestine
9119,inside the governors ball 2024 oscars party emma stone and christopher nolan were among the winners celebrating at the official after party of the academy awards,,NA
9128,oscar glory for oppenheimer rewards studio chief s vision under donna langley s leadership universal has managed the rare feat of achieving creative dominance and commercial supremacy at the same time,,NA
9130,house to move ahead with bill targeting tiktok as trump flips to oppose it with both parties eager to demonstrate a willingness to be tough on china bipartisan legislation to force the chinese owners of the platform to divest or face a ban was moving forward,,NA
9138,how the a i that drives chatgpt will move into the physical world covariant a robotics start up is designing technology that lets robots learn skills much like chatbots do,,NA
9142,why democrats are hopeful in north carolina and nervous in georgia president biden s campaign and its allies are targeting both battlegrounds but only one state has a highly controversial republican nominee lower on the ballot,,NA
9143,more red carpet looks from the vanity fair party stars including kylie jenner vanessa hudgens and emma stone let their personalities shine through their gowns at the post awards show bash,,NA
9147,biden calls for higher taxes on corporations and the wealthy the budget which would cut the deficit by 3 trillion over the next decade reinforces biden s efforts to counter republican tax proposals that democrats deride as giveaways to the wealthy,,NA
9148,torn between golden past and thorny present oscars still had some fun even as the telecast indulged in the usual jokes references to the 2023 strikes and current wars had their place in our critics view,,NA
9151,one of new york s worst landlords faces arrest over building neglect in a rare step the city s housing department asked the court to issue an arrest warrant for the landlord daniel ohebshalom,,NA
9154,american man sentenced to life after killing woman at german castle the u s citizen attacked two women also americans near germany s iconic neuschwanstein castle and attempted to push both of them to their deaths a court found one was killed the other survived,,NA
9162,oscar highlights the good the ken and the naked our movie critic looks back on the academy awards,,NA
9170,israel says it targeted marwan issa a top hamas leader in gaza an israeli military official said investigators were still determining the outcome of a strike on an underground area used by marwan issa the deputy commander of hamas s military wing,hamas,Lebanon
9170,israel says it targeted marwan issa a top hamas leader in gaza an israeli military official said investigators were still determining the outcome of a strike on an underground area used by marwan issa the deputy commander of hamas s military wing,hamas,Palestine
9170,israel says it targeted marwan issa a top hamas leader in gaza an israeli military official said investigators were still determining the outcome of a strike on an underground area used by marwan issa the deputy commander of hamas s military wing,gaza,Palestine
9177,al pacino explains awkward oscars moment presenting best picture the star whose abrupt announcement that oppenheimer had won best picture took some viewers by surprise said the show s producers had asked him not to name the other nominees,,NA
9180,netanyahu s coalition may be in jeopardy intelligence report says the document predicted that israel would struggle to achieve its goal of destroying hamas in gaza,hamas,Lebanon
9180,netanyahu s coalition may be in jeopardy intelligence report says the document predicted that israel would struggle to achieve its goal of destroying hamas in gaza,hamas,Palestine
9180,netanyahu s coalition may be in jeopardy intelligence report says the document predicted that israel would struggle to achieve its goal of destroying hamas in gaza,gaza,Palestine
9181,3 children and 2 adults killed as school bus and truck collide in illinois all four people in the bus died as did the driver of a semi truck the authorities the school district canceled classes on tuesday and wednesday out of respect for the victims,,NA
9182,haiti s leader under growing pressure says he will resign with violence overrunning his country prime minister ariel henry said he would step down once a transitional council was established but it was unclear when that would happen,,NA
9184,barbenheimer and an early start boost oscar ratings to 4 year high abc s telecast of the 96th academy awards on sunday drew 19 5 million viewers according to nielsen,,NA
9186,intelligence officials warn of losses for ukraine without more u s aid william j burns the c i a director and avril d haines the director of national intelligence described an increasingly dire situation,,NA
9229,jamming how electronic warfare is reshaping ukraine s battlefields drones have become a critical weapon for both sides but a lack of coordination among troops has put ukraine at a disadvantage,,NA
9230,how does a tiny mountain town burned to the ground come back lytton british columbia used to draw backpackers rafters and road trippers until a wildfire destroyed it in 2021 now it s a microcosm of how climate change is scrambling tourism,,NA
9236,anti trump group of republicans lays out 50 million plan of attack the group republican voters against trump will run a series of homemade videos of americans who voted for him in the past but say they can no longer do so in 2024,,NA
9237,senators urge biden to stop arming israel citing violation of u s aid law an independent and seven democrats argued in a letter that the administration had run afoul of a part of a law that bars military aid from going to any country that blocks humanitarian aid,,NA
9240,special counsel who investigated biden offers fierce defense of report at a hearing republicans peppered robert k hur about his justifications for not charging the president and democrats rebuked him for broad assertions about mr biden s memory,,NA
9248,convicting politicians as a bribery case against a u s senator moves forward a look at why corruption charges are so hard to prove,,NA
9253,hezbollah fires more than 100 rockets into israel drawing retaliation the barrage by hezbollah was among the heaviest in the months of cross border strikes that have fed fears that the war in gaza could expand,hezbollah,Lebanon
9253,hezbollah fires more than 100 rockets into israel drawing retaliation the barrage by hezbollah was among the heaviest in the months of cross border strikes that have fed fears that the war in gaza could expand,gaza,Palestine
9260,ukraine backed russian exile groups stage assaults on moscow s turf the attacks and drone strikes across the southern border were intended to counter president vladimir v putin s control over russia a leader in one of the groups said,,NA
9263,a broadway bound sunset boulevard leads olivier award nominations the musical starring nicole scherzinger secured 11 nominations at britain s equivalent of the tony awards,,NA
9264,who are hamas s top leaders in gaza israel targeted marwan issa a hamas military leader with a strike over the weekend he is one of three leaders of the group in gaza who israel says were the main planners of the oct 7 attack,hamas,Lebanon
9264,who are hamas s top leaders in gaza israel targeted marwan issa a hamas military leader with a strike over the weekend he is one of three leaders of the group in gaza who israel says were the main planners of the oct 7 attack,hamas,Palestine
9264,who are hamas s top leaders in gaza israel targeted marwan issa a hamas military leader with a strike over the weekend he is one of three leaders of the group in gaza who israel says were the main planners of the oct 7 attack,gaza,Palestine
9266,five easy dill dinners ginger dill salmon skillet chicken with orzo dill and feta and fava bean stew are herbaceously springy,,NA
9273,biden budget lays out economic battle lines against trump president biden and former president donald j trump offer vastly different policy paths on almost every aspect of the economy,,NA
9274,how education and experience can help prisoners achieve parole responses to a guest essay about the plight of the older incarcerated also close call on jan 6 the killing of innocents the purpose of college,,NA
9275,david mixner fierce fighter for gay rights is dead at 77 he persuaded ronald reagan to help defeat a proposed ban on l g b t q schoolteachers in california in 1978 and he sparred with his friend bill clinton over don t ask don t tell,,NA
9277,kenya hits pause on police deployment to haiti the african nation said it would not send a force until haiti forms a new government after the haitian prime minister announced his intention to resign,,NA
9278,for some mammals large adult daughters not sons are the norm despite a common narrative that male mammals tend to dwarf female ones fewer than half of mammalian species display that pattern a new study suggests,,NA
9279,u s israeli citizen itay chen was killed in oct 7 attack parents say ruby and hagit chen said that they expected the israeli prime minister benjamin netanyahu and president biden to do everything in their power to bring itay s remains and the hostages home,,NA
9298,u s to send 300 million in weapons to ukraine under makeshift plan the package will keep advancing russian troops at bay for only a few weeks an official said,,NA
9302,taxing the rich school funding housing n y budget battle begins both of new york s legislative chambers have announced their budget proposals they have until april 1 to hash out a spending plan with the governor,,NA
9304,avalanche expert s death shows dangers of backcountry skiing nick burks 37 an avalanche forecaster and experienced backcountry skier was killed while skiing in the elkhorn mountains in northeastern oregon last week the authorities said,,NA
9314,warden ousted from federal women s prison plagued by sex abuse leaders of a northern california prison were removed on the same day that the f b i raided the troubled facility,,NA
9317,alaska airlines flight was scheduled for safety check on day panel blew off the 737 max remained in service for a day after the airline s engineers concerned about warning lights scheduled it to come in for maintenance during that period a door plug came off in flight,,NA
9318,white house denies biden has set red lines for israel hamas war in gaza the biden administration repeated its warning that israel should not attack the city of rafah the southernmost city in the enclave without protections for the more than a million people sheltering there,hamas,Lebanon
9318,white house denies biden has set red lines for israel hamas war in gaza the biden administration repeated its warning that israel should not attack the city of rafah the southernmost city in the enclave without protections for the more than a million people sheltering there,hamas,Palestine
9318,white house denies biden has set red lines for israel hamas war in gaza the biden administration repeated its warning that israel should not attack the city of rafah the southernmost city in the enclave without protections for the more than a million people sheltering there,gaza,Palestine
9319,wednesday briefing turmoil in haiti also more u s weapons for ukraine and a looming financial crisis for dating apps,,NA
9321,boeing whistleblower who raised quality concerns is found dead john barnett had accused the plane manufacturer of retaliating against him after he flagged problems he saw at boeing s 787 factory in south carolina,,NA
9325,the u s cobbled together 300 million more for ukraine also the biden special counsel was attacked on capitol hill here s the latest at the end of tuesday,,NA
9328,top navalny aide attacked with hammer outside home in lithuania leonid volkov a top aide to aleksei navalny was beaten and sprayed with tear gas as he was pulling up to his house in vilnius,,NA
9330,israel has no choice but to fight on as long as hamas maintains military power there is no hope for peace,hamas,Lebanon
9330,israel has no choice but to fight on as long as hamas maintains military power there is no hope for peace,hamas,Palestine
9344,these workers are risking their lives to restore gaza s phone network telecommunications infrastructure has been devastated in the territory largely preventing palestinians from calling for help coordinating the delivery of aid and communicating with family abroad,gaza,Palestine
9347,japanese rocket explodes after liftoff a plume of smoke rose over the launch site as the surrounding area caught fire,,NA
9348,space one rocket explodes seconds after launch in japan the japanese company hoped to become the country s first private business to put a satellite into orbit the failed launch was its inaugural flight,,NA
9355,in the fight over n y c sidewalks tree beds are the smallest frontier in a city with little private green space tree beds on public streets have become coveted territory but who gets to decide how they re used,,NA
9373,a rare inside look at human smuggling on the border in soldiers and kings the anthropologist jason de leon interviews smugglers arguing that they are victims of poverty and violence even as they exploit the humans in their care,,NA
9374,brazil s clashing goals protect the amazon and pump lots more oil state owned petrobras could soon be the world s third biggest oil producer in stark contrast to the country s promises to fight climate change and slow amazon destruction,,NA
9376,brittany howard sings through the pangs of new love on her second solo record since leaving alabama shakes what now brittany howard traces a path out of heartbreak today she reads a modern love essay about that treacherous hopeful journey back to love,,NA
9387,would it really be better to never see gabriel garcia marquez s final book we all benefit when works by great artists that are marked for destruction are instead preserved,,NA
9394,the alarming findings inside a mass shooter s brain an attack by an army reservist prompted a search for answers about whether the soldier s service could have been a factor,,NA
9402,time saving tips for using your phone as a telephone the latest smartphone software includes tools to help you more easily connect with the people you want to contact and avoid those you don t,,NA
9403,israeli strike kills a hamas operative in lebanon it was the latest in a string of targeted killings there of what israel has called senior figures from both hezbollah and hamas,hamas,Lebanon
9403,israeli strike kills a hamas operative in lebanon it was the latest in a string of targeted killings there of what israel has called senior figures from both hezbollah and hamas,hamas,Palestine
9403,israeli strike kills a hamas operative in lebanon it was the latest in a string of targeted killings there of what israel has called senior figures from both hezbollah and hamas,hezbollah,Lebanon
9404,top french university faces yet another crisis as leader resigns mathias vicherat the director of sciences po and his former partner are expected to face trial over mutual accusations of violence his resignation prolongs years of tumult in the school s highest ranks,,NA
9405,putin in pre election messaging is less strident on nuclear war the russian leader struck a softer tone about nuclear weapons in an interview with state television but he warned that russia was ready to strike if its sovereignty and independence were threatened,,NA
9406,trailing trump in polls biden can be more bullish in one battleground the president faces lagging energy in many key states but in wisconsin which he will visit on wednesday rolling clashes over abortion rights and democracy have kept democratic voters fired up,,NA
9409,pro israel lobby faces challenges amid gaza war and shifting politics aipac long influential with both parties in washington is drawing criticism from democrats for trying to defeat incumbents while it struggles to move aid for israel through congress,gaza,Palestine
9414,jury deliberates in james crumbley s michigan school shooting trial witness testimony and closing arguments ended on wednesday mr crumbley faces involuntary manslaughter charges for the four students killed by his son,,NA
9415,the bro brooch sweeps awards season the brooch has shed its granny s jewel box connotations and is making a comeback as a must have accessory for guys,,NA
9418,anna wintour sings in a trio of shows about prominent women in media ryan raftery portrays the vogue editor as well as martha stewart and kris jenner,,NA
9421,heirs awarded nazi looted art are still waiting 17 years later a dutch panel ruled in 2007 to return the painting to a jewish family but a notary handling the restitution for the government says he still doesn t have all the right documents,,NA
9424,a weeknight skillet chicken dinner rich with greens this forgiving and adaptable weeknight dinner stars tender chicken thighs braising greens and whole garlic cloves,,NA
9429,e u removes russian tech tycoon from sanctions list yandex s co founder arkady volozh received rare sanctions relief after condemning russia s war and severing ties to the country,,NA
9442,michigan vows to destroy buyback guns after resale uproar police agencies in michigan and elsewhere were handing off surrendered firearms to companies that resold the parts in gun kits,,NA
9443,israeli forces make a lethal strike on a u n aid warehouse in rafah the strike kil,,NA
9446,hunter biden refuses to testify publicly calling g o p inquiry a circus in a letter a lawyer for the president s son cited a scheduling conflict and denounced the republican impeachment inquiry as a carnival side show,,NA
9447,tate mcrae dua lipa and the fight to be main pop girl a conversation about a title that emerged from stan communities and how it s played a role in pop singers careers,,NA
9449,artists and speakers withdraw from sxsw over u s military s support of israel about 80 musical acts conference speakers and sponsors have pulled out of the festival in austin to protest sponsorship by the u s military which has lent support to israel in the war in gaza,gaza,Palestine
9450,israel s justice ministry opens inquiry into police killing of youth in east jerusalem the israeli police said they fired in response to a firework shot directly at them the palestinian news agency said the boy was 13 while the jerusalem hospital where he was pronounced dead said he was 12,,NA
9463,what happens next with tiktok even though legislation is moving forward our video apps won t disappear any time soon,,NA
9467,philippe de gaulle admiral and son of charles de gaulle dies at 102 his exploits in world war ii and later in algeria and indochina were not enough for him to emerge from the shadow of his father for whom a thousand streets in france are named,,NA
9470,trooper cleared in killing of unarmed man he shot after high speed chase a state court judge found anthony nigro not guilty of manslaughter charges in the fatal shooting of james huber in buffalo in february 2022,,NA
9472,the actor who rides the subway to the oscars ed begley jr has made a tradition of taking public transportation to the academy awards and like many commuters he wears sensible shoes,,NA
9474,len sirowitz whose bold offbeat ads captured an era dies at 91 an award winning agency art director he brought a striking visual touch to campaigns for the volkswagen beetle sara lee and sony in the 1960s as well as to the antiwar and antinuclear movements,,NA
9475,three men face federal gun charges in kansas city super bowl parade shooting prosecutors said some of the weapons recovered from the scene of the feb 14 shooting had been unlawfully purchased or trafficked,,NA
9478,michael culver star wars actor and victim of darth vader dies at 85 mr culver who was best known for his demise as captain needa in the empire strikes back was also a familiar actor on british tv and in theater,,NA
9480,gerald m levin time warner chief in a merger debacle dies at 84 he was called a visionary in cable television but his foray into the world of the internet in a marriage with aol proved disastrous,,NA
9486,new wildfires threaten chile s pacific coast several communities in the valparaiso region were being evacuated fires along the coast killed more than 100 people last month,,NA
9490,why everything changed in haiti the gangs united the situation totally changed now because the gangs are now working together a haitian consultant said their unity forced the prime minister to resign,,NA
9491,can europe save forests without killing jobs in malaysia a new regulation aims to rid the palm oil supply chain of imports that come from former forestland southeast asian countries say it threatens livelihoods,,NA
9493,snakes in the grass and under the piano by the pool and in the prison business is good for snake catchers in australia as the period of brumation a sort of hibernation for reptiles is shrinking a result of the warming earth,,NA
9501,the conflict at the heart of the galliano documentary high low john galliano captures one of the fashion world s greatest talents while raising troubling industrywide issues that go beyond one man s story,,NA
9503,what s my life worth the big business of denying medical care insurance companies have weaponized a seemingly benign process to protect their profits and it s putting patients at risk,,NA
9512,one life review one man s rescue of children in wartime a british stockbroker quietly saved hundreds of lives by arranging for children in prague to escape the nazis by leaving for foster homes in england,,NA
9516,what s my life worth the big business of denying medical care insurance companies have weaponized a seemingly benign process to protect their profits and it s putting patients at risk,,NA
9528,california prosecutors filing murder charges in more fentanyl deaths even in liberal san francisco the district attorney is preparing to investigate fentanyl deaths as homicides defense lawyers call the prosecutions misguided,,NA
9532,why it had to be trump the republican base loves him and the party establishment that might have preferred someone else did not put up a fight,,NA
9533,everything is difficult the struggle for life s basics in rafah most of gaza s population fled to the southern territory of rafah hoping to escape the war as they hunt for food and shelter a potential israeli invasion has added to their fears,gaza,Palestine
9538,tiktok turns to creators to fight possible ban dozens of popular figures on the app have traveled to washington to urge lawmakers to oppose a bill that could result in the platform being blocked in the united states,,NA
9547,america pulls back from ukraine what the war may look like if ukraine does not receive more u s support,,NA
9567,road sea and air how is aid entering gaza the amount of aid reaching gaza has fallen sharply since israel went to war with hamas leading to what humanitarian agencies say is a disaster for more than two million people,gaza,Palestine
9567,road sea and air how is aid entering gaza the amount of aid reaching gaza has fallen sharply since israel went to war with hamas leading to what humanitarian agencies say is a disaster for more than two million people,hamas,Lebanon
9567,road sea and air how is aid entering gaza the amount of aid reaching gaza has fallen sharply since israel went to war with hamas leading to what humanitarian agencies say is a disaster for more than two million people,hamas,Palestine
9577,jeff bezos s rocket company could race spacex to the moon while spacex has a major head start on the way to orbit blue origin has a plan to put an uncrewed spacecraft on the moon in 12 16 months,,NA
9579,in whitney biennial artwork a message reveals itself free palestine museum curators said they had been unaware that the artist demian dineyazhi included the message through the flickering letters of their neon installation,,NA
9586,giandomenico picco diplomat who freed hostages in lebanon dies at 75 as the chief troubleshooter for the united nations he spent months shuttling around the middle east to secure the release of 11 captives,,NA
9589,spacex blazes forward with latest starship launch the third test flight of the most powerful rocket ever built achieved a series of milestones before the spacecraft was lost as it re entered earth s atmosphere,,NA
9595,film club motaz azaiza captured gaza s suffering but nothing changed a palestinian photographer has been documenting the war in gaza while also trying to survive it what can we learn from his story and about the role of photojournalists during wartime,gaza,Palestine
9597,why taiwan is building a satellite network without elon musk the island democracy urgently needs an internet backup mr musk s total control over his starlink service which dominates the market left taiwan wary,,NA
9598,mitch albom is among group of american volunteers rescued from haiti the tuesdays with morrie author was visiting an orphanage he runs in port au prince when gangs overran the country,,NA
9610,ukraine stalled on the battlefield targets russia s oil industry ukrainian drone strikes have been able to hit refineries deep in russian territory indicating a new vulnerability but it is unclear if that will affect the fighting,,NA
9623,latinos shifting toward trump land at the center of the 2024 campaign donald trump s rising support has turned many latino voters into swing voters,,NA
9628,sydell l miller self made eyelash and hair care mogul dies at 86 she and her husband arnold made it big in the beauty industry by giving new skills products and dignity to the workaday salon hairdresser,,NA
9632,man is critically wounded in a shooting on a subway train in brooklyn a video shows how a verbal dispute between two men on a moving a train turned into a fight one of the men grabbed a gun from the other and shot him the police said,,NA
9641,as irish leader visits u s shamrock camaraderie is strained by gaza war prime minister leo varadkar of ireland has been one of the most outspoken critics of israel s war and has promised to raise the issue during a white house meeting meant to mark st patrick s day,gaza,Palestine
9646,alec baldwin seeks dismissal of rust manslaughter indictment lawyers for the actor have begun his defense by denouncing the way the prosecutors carried out grand jury proceedings,,NA
9650,truck driver charged over role in deadly super fog pileup in louisiana seven people were killed the driver ronald britt is charged with negligent homicide in a crash that killed one of them,,NA
9654,three killed and several injured after reports of tornadoes in the midwest a storm ripped through a mobile home community in eastern indiana tornadoes were also reported in ohio and kentucky,,NA
9655,russia strengthens its internet controls in critical year for putin facing an election this weekend and the fallout from aleksei navalny s death and the war in ukraine russia has intensified online censorship using techniques pioneered by china,,NA
9665,squid game actor found guilty of sexual misconduct oh young soo who portrayed a contestant in the netflix drama was given a suspended sentence he was found guilty of indecent assault,,NA
9668,storms tear through central u s across several states storms some of which produced tornadoes destroyed homes broke trees and scattered debris on thursday,,NA
9675,irish wish review beware of getting what you want lindsay lohan plays a book editor whose romantic dream comes true in this netflix rom com but then ed speleers shows up in a red sports car,,NA
9678,amid israeli restrictions first friday of ramadan sees little unrest at al aqsa mosque a heavy israeli police contingent checked worshipers outside the holy site after hamas called for an escalation from palestinians in response to the war in gaza,al aqsa,Palestine
9678,amid israeli restrictions first friday of ramadan sees little unrest at al aqsa mosque a heavy israeli police contingent checked worshipers outside the holy site after hamas called for an escalation from palestinians in response to the war in gaza,hamas,Lebanon
9678,amid israeli restrictions first friday of ramadan sees little unrest at al aqsa mosque a heavy israeli police contingent checked worshipers outside the holy site after hamas called for an escalation from palestinians in response to the war in gaza,hamas,Palestine
9678,amid israeli restrictions first friday of ramadan sees little unrest at al aqsa mosque a heavy israeli police contingent checked worshipers outside the holy site after hamas called for an escalation from palestinians in response to the war in gaza,gaza,Palestine
9684,it was enough to make you wish you lived in a boxcar gertrude chandler warner s the boxcar children celebrating its 100th year depicts the delights of concocting scrumptious meals,,NA
9692,wear it or we will beat you to death russia s invasion of ukraine has seen horrifying persecution of l g b t q people the world should recognize it as a crime against humanity,,NA
9695,what the fight over the capital one discover merger misses about our terrible credit card system the deal will do nothing to fix policies that exacerbate the wealth gap and help big business get even bigger,,NA
9698,an american who has helped clear 815 000 bombs from vietnam chuck searcy has spent decades of his life redressing a deadly legacy of america s war in vietnam unexploded ordnance,,NA
9705,as putin pitches his vision voters avert their gaze from the war vladimir v putin casting himself as the only leader able to end the war in ukraine is all but assured another term in a rubber stamp election this weekend,,NA
9714,why is congress investigating a union for being anti israel republicans issue a subpoena over a resolution condemning the gaza war,gaza,Palestine
9724,if nvidia keeps rising like this it will be bigger than the global economy a i fervor has rocketed the chip company s share price upward our columnist asked a i chatbots how big nvidia would become if it kept growing as fast as it had over the past year,,NA
9727,what china is saying about the tiktok furor in washington a bill to force tiktok s sale in the united states has been criticized by beijing but has not triggered a high alert public response or retaliation,,NA
9729,what we know about the relationship between the trump prosecutors defense lawyers accused fani willis of self dealing by hiring nathan wade to manage the trump prosecution then going on vacations with him that he paid for at least in part,,NA
9731,schumer s critique of netanyahu reveals a growing gap analysts say many israelis support the senate majority leader s call for early elections but even netanyahu s rivals were reluctant to seize on the criticism while the country is focused on the war in gaza,gaza,Palestine
9740,macron and scholz meet looking to patch up differences on ukraine the leaders of france and germany tried to heal an increasingly public rift over their approach to the war holding talks alongside poland s prime minister on support for kyiv,,NA
9744,five science fiction movies to stream now time loops in japan a seductive interface for agoraphobes and artificial intelligence battles make up this month s science fiction streaming picks,,NA
9749,russian missile strikes kill at least 20 in odesa ukraine says two missiles hit the same spot ukrainian authorities said killing some rescuers who had responded to the first attack,,NA
9754,man who shot another on subway train unlikely to be charged d a says evidence indicates that a 32 year old man acted in self defense when he shot a man with whom he had been fighting on a moving a train brooklyn s top prosecutor said,,NA
9757,netanyahu calls hamas s demands ludicrous and proceeds with plans for a ground invasion in rafah the israeli prime minister rejected the latest cease fire deal proposed by hamas but signaled he was open to more talks,hamas,Lebanon
9757,netanyahu calls hamas s demands ludicrous and proceeds with plans for a ground invasion in rafah the israeli prime minister rejected the latest cease fire deal proposed by hamas but signaled he was open to more talks,hamas,Palestine
9758,u s and allies warn iran not to send missiles to russia the group of 7 major industrial powers threatened significant measures against tehran if it aids moscow s war against ukraine including a cutoff of iran air flights to europe,,NA
9760,welcome to hell u n panel says russian war crimes are widespread in a report headed to the human rights council in geneva next week an investigative commission outlines the ongoing torture and starvation of ukrainian prisoners,,NA
9761,overlooked no more miriam solovieff lauded violinist who suffered tragedy she led a successful career despite coping with a horrific event that she witnessed at 18 the killing of her mother and sister at the hands of her father,,NA
9763,thomas ades takes a step toward the classical music canon as ades premieres an orchestral work the exterminating angel is receiving something rare in contemporary opera a new production,,NA
9764,how revelations of a prosecutors romance upended the georgia trump case a timeline of when the relationship between fani willis and nathan wade came to light and how defense lawyers used it to attack the prosecutors,,NA
9767,video shows moments leading up to brooklyn subway shooting video taken by a passenger on the subway shows two men fighting as panicked riders rush to the opposite side of the subway car gunshots can be heard as people run out of the train car,,NA
9769,former apple executive to lead sports streaming service pete distad the former executive in charge of distribution of apple tv will run a new joint venture from fox disney and warner bros discovery,,NA
9772,mainstream g o p group to target bob good as it shifts mission and members an organization founded to support republican moderates is taking aim at the virginia lawmaker and backing a different hard right candidate who aligns with its new focus purging congress of g o p rebels,,NA
9773,the zombies of the u s tax code why fossil fuels subsidies seem impossible to kill for the fourth year in a row president biden is trying to eliminate federal tax breaks for coal oil and gas companies but fossil fuel subsidies have proven difficult to stop,,NA
9774,anthony boyle is moving forward by looking backward the actor has broken out on tv this year in the historical series masters of the air and manhunt,,NA
9775,shabab gunmen penetrate heavy security to besiege hotel in somalia the attack in the capital which left three dead and 27 injured points to al shabab s ability to continue terrorizing the country despite a somali government offensive and american airstrikes,,NA
9781,authors withdraw from pen world voices festival over its response to gaza war more than a dozen authors including lorrie moore naomi klein michelle alexander hisham matar and isabella hammad have signed a protest letter that announced their withdrawal,gaza,Palestine
9783,hamas softens demand for permanent cease fire in truce talks officials say hamas s new proposal would allow the release of hostages in exchange for a phased pullback of israeli troops it could restart negotiations,hamas,Lebanon
9783,hamas softens demand for permanent cease fire in truce talks officials say hamas s new proposal would allow the release of hostages in exchange for a phased pullback of israeli troops it could restart negotiations,hamas,Palestine
9785,masters of the air review hanks and spielberg back at war the team behind band of brothers and the pacific returns to world war ii and the greatest generation this time piloting b 17 bombers,,NA
9788,kent campbell pivotal figure in the fight against malaria dies at 80 among his accomplishments in a four decade career in public health he helped pioneer programs providing bed nets in africa,,NA
9803,without senators in sight christine blasey ford retells her story her lucid memoir one way back describes life before during and after she testified that brett kavanaugh had sexually assaulted her in high school,,NA
9804,judge rules d a can stay on trump georgia case with ex boyfriend stepping down the highly anticipated ruling cut a middle path between removing fani t willis for a conflict of interest and her full vindication,,NA
9805,another gaza aid convoy ends in violence with at least 20 killed the gaza health ministry accused israel of a targeted attack israel s military denied the accusation blaming palestinian gunmen for the violence,gaza,Palestine
9806,biden embraces schumer s speech castigating netanyahu president biden did not explicitly endorse any of the specific criticisms in the speech but his comments were the latest step in his escalating public critique of the israeli prime minister,,NA
9810,pence says he won t endorse trump but won t vote for biden either the vice president under donald j trump said the jan 6 2021 attack on the u s capitol was not the sole factor in his decision,,NA
9814,miami beach seeking quieter spring break sets curfew revelers will be barred from staying out past midnight each night this weekend in the weeks leading up to peak spring break season city officials had warned that a curfew was likely,,NA
9816,sheriff had cause to take maine gunman into custody before shootings an interim report from a commission investigating the mass shooting in lewiston maine found that the gunman s weapons could and should have been removed,,NA
9818,iran and u s held secret talks on proxy attacks and cease fire diplomats gathered in oman in january with the u s side seeking to stop attacks on red sea shipping and american bases and iran looking for a gaza cease fire,gaza,Palestine
9821,connecticut state trooper is acquitted in killing of a black teenager brian north faced up to 40 years in prison for firing seven times at mubarak soulemane after a car chase,,NA
9822,after r b g awards go to musk and murdoch justice ginsburg s family objects the children of ruth bader ginsburg who championed liberal causes and women s rights said the choice of recipients this year was an affront to the memory of their mother,,NA
9831,standing up to china philippine leader courts new network of partners escalating tensions in the south china sea president ferdinand r marcos jr says are not only a regional issue but a global one,,NA
9842,no water in the hydrants communities left defenseless against chile s deadliest wildfire weeks after chile s deadliest wildfire some firefighters and residents said a lack of water to fire hydrants had hampered efforts to combat the inferno that destroyed thousands of homes and killed 134,,NA
9843,it s a visual effects extravaganza but there s not an explosion in sight though blockbusters are synonymous with computer imagery dramas and art house films rely extensively on tech magic too don t be fooled by the naturalism,,NA
9849,a powerful debut novel about rape culture in the workplace in jaded a young lawyer searches for justice after she s sexually assaulted by a colleague,,NA
9852,mike lynch former u k tech mogul faces the trial of his life a criminal trial is set to begin for mr lynch the founder of the software company autonomy which was sold to hewlett packard in 2011 and later accused of being a fraud,,NA
9853,the billionaire taking on disney just wants some respect the longtime corporate agitator feels misunderstood maybe his fight with disney could change that,,NA
9859,health misinformation is evolving here s how to spot it experts offer tips for combating false medical claims in your own circles,,NA
9864,hitting the slopes with a wild and skilled old bunch skiers in their 70s 80s and 90s aren t letting age stop them from doing what they love one reporter hitched a ride on their chairlift and tried to keep up,,NA
9868,chile s deadliest wildfire is said to have been made worse by a lack of water poor water pressure and dry hydrants posed major obstacles to fighting the february fire that killed scores of people along the country s pacific coast,,NA
9869,in occupied ukraine casting a vote as armed soldiers watch russia is holding a presidential vote in the occupied regions of ukraine to try to legitimize its rule there expose dissenters and present a veneer of democracy,,NA
9878,president biden you have leverage that can save lives in gaza please use it while biden is using tougher language toward israel he isn t backing that up with consequences for being ignored,gaza,Palestine
9883,examining trump s alternate reality pitch the war in ukraine hamas s attack on israel inflation the former president has insisted that none would have occurred if he had remained in office after 2020,hamas,Lebanon
9883,examining trump s alternate reality pitch the war in ukraine hamas s attack on israel inflation the former president has insisted that none would have occurred if he had remained in office after 2020,hamas,Palestine
9888,u n documents more than two dozen attacks on gazans waiting for aid since january the united nations human rights office has not blamed any side for the attacks including one on thursday that gazan health officials say killed 20,,NA
9893,authorities seize alligator being held illegally in home near buffalo the alligator albert edward had been with his owner for 34 years,,NA
9894,rebellious russians stage daring attacks from ukraine on russian soil the surprise attacks timed to russia s election are meant to undermine the sense of stability in russia and divert the country s military resources from ukraine,,NA
9895,larry h parker injury lawyer who promised to fight for you dies at 75 in the los angeles area mr parker was a common sight on billboards and television commercials in which he promised to stand up to faceless insurance companies,,NA
9902,russians know putin will be re elected but many worry what comes next while there is little doubt about the vote s outcome there is concern that an emboldened president putin may use a win to start a new war mobilization,,NA
9909,how trump s allies are winning the war over disinformation their claims of censorship have successfully stymied the effort to filter election lies online,,NA
9911,a video captures a searing portrait of the subway and of the city above a nearly five minute recording of a fight on the a train shows new york s gravest problems like illegal guns and mental illness distilled in a single subway car,,NA
9918,rescue worker says northern gaza is a catastrophe in every way as famine looms a rescue worker with the gaza government s palestinian civil defense gives a first hand account of life on the ground amid israel s bombing of northern gaza,gaza,Palestine
9920,piety and profanity the raunchy christians are here in the trump era a surprising number of evangelicals are rejecting modesty and turning toward the risque,,NA
9925,haiti s hospitals survived cholera and covid gangs are closing them many hospitals in haiti s capital have been looted by gangs or abandoned by their staffs amid the violence some are open but too dangerous for people in need of care to reach,,NA
9936,biden mixes comedy with dire warnings on democracy at washington gala one candidate s too old and mentally unfit to be president president biden said at the gridiron club s annual dinner the other guy s me,,NA
9940,ukrainian drones target russia on final day of voting russian officials say an oil refinery was set on fire in southern russia and air defense forces shot down two drones flying toward moscow officials said as ukraine continued a flurry of attacks timed for the election,,NA
9950,niger orders american troops to leave its territory the west african country s military junta said the presence of u s forces was illegal increasingly west africans are questioning the motives of western countries operating in africa,,NA
9952,in kansas city a festive yet cautious st patrick s day parade a sizable but smaller crowd gathered one month after the super bowl parade shooting some were wary but many were determined to not let the tragedy disrupt a treasured tradition,,NA
9957,in latest a i war escalation elon musk releases chatbot code mr musk s move to open up the code behind grok is the latest volley in a war to win the a i battle after a suit against openai on the same topic,,NA
9960,with new six year term putin cements hold on russian leadership a rubber stamp presidential election with no real competition allows vladimir putin to claim strong public support for his domestic dominance and the invasion of ukraine,,NA
9961,steve harley make me smile singer dies at 73 he was the frontman of the rock band cockney rebel which landed several hits on the british charts in the 1970s,,NA
9963,the department of homeland security is embracing a i the agency will be the first in the federal government to roll out a comprehensive plan to integrate the technology into a variety of uses from fighting crime to helping disaster survivors,,NA
9972,2 schools clash as one shrinks and the other gains migrant students the schools share a building in manhattan but their paths forward have diverged as they contend with two major crises challenging urban school districts,,NA
9973,quotation of the day saving trees may kill jobs in malaysia quotation of the day for monday march 18 2024,,NA
9978,student housing pioneer faces angry investors irate judges and a 115 million bill patrick nelson who manages 18 student housing properties is struggling to pay back his partners he says the pandemic harmed his once thriving business,,NA
9980,for this writer chaos was an essential human condition even when the polish novelist witold gombrowicz worked within mass market forms he veered toward playful disorder,,NA
9988,the unforgivable silence on sudan aid groups have declared sudan to be the site of the world s worst humanitarian crisis but the suffering sudanese people have received little attention or help,,NA
10001,supreme court wary of states bid to limit federal contact with social media companies the justices tried to distinguish between persuading social media sites to take down posts which is permitted and coercing them which violates the first amendment,,NA
10002,kristen stewart uses naked dressing to make a point her press tour for love lies bleeding was something to see,,NA
10003,gambia moves toward overturning landmark ban on female genital cutting lawmakers in the west african country voted to advance a bill repealing a 2015 ban if it passes the final round of voting gambia will become the first nation to roll back protections against the practice,,NA
10009,same old song private equity is destroying our music ecosystem private equity is cannibalizing the music industry by buying up old hits and pushing them back into our cultural consciousness,,NA
10017,blinken warns of disinformation threat to democracies at an international forum the secretary of state said artificial intelligence s ability to disrupt the global flow of information could prove politically perilous during a year of elections,,NA
10019,stormy review trials and travails a new documentary on stormy daniels traces how fame frenzy and legal battles involving a former president upended her life,,NA
10020,dan loeb enters the chip wars the hedge fund mogul has been bankrolling a european patent fight against intel dell amazon and other tech giants,,NA
10023,pakistani airstrikes in afghanistan kill at least 8 taliban officials say the pre dawn strikes escalated tensions between two countries that have clashed over the recent rise in militant violence on pakistan s soil,,NA
10027,trump defends his warning of a blood bath for the country he said he had been referring only to the auto industry,,NA
10045,trump s warning of a blood bath if he loses readers are shocked by the former president s speech over the weekend also the death of a daughter drug poisoning class based admissions,,NA
10050,bernard schwartz antiwar executive who built an arms maker dies at 98 despite his opposition to the vietnam war as an investor he took over an ailing defense contractor loral and turned it into a multibillion dollar company,,NA
10054,mayor adams is accused of sexually assaulting a colleague in 1993 in a lawsuit a former police colleague of eric adams said that he demanded oral sex in exchange for career help in 1993 and assaulted her when she refused,,NA
10055,trump s violent language toward evs the former president has deployed increasingly aggressive talk about electric vehicles and their effect on the american economy,,NA
10056,thomas stafford 93 commander of first u s soviet space mission dies the apollo soyuz mission amid the cold war broke new ground in space cooperation when an american capsule docked with a soviet craft 140 miles above the earth,,NA
10058,who was marwan issa the hamas commander killed by israel mr issa a presumed planner of the oct 7 attacks is one of the most senior hamas leaders killed in gaza since the start of the war,hamas,Lebanon
10058,who was marwan issa the hamas commander killed by israel mr issa a presumed planner of the oct 7 attacks is one of the most senior hamas leaders killed in gaza since the start of the war,hamas,Palestine
10058,who was marwan issa the hamas commander killed by israel mr issa a presumed planner of the oct 7 attacks is one of the most senior hamas leaders killed in gaza since the start of the war,gaza,Palestine
10060,putin hails conquests in ukraine in red square spectacle a day after a rubber stamp presidential election president vladimir putin said he would not back down in russia s war against ukraine,,NA
10061,washington s cherry blossoms reach near record early bloom a warm winter ushered the blossoms through the bloom cycle faster than usual a spokesman for the national park service said,,NA
10065,8 incidents in 2 weeks what s going on with united s planes while no one was injured most of the mishaps required emergency landings or diversions one safety expert said the incidents were not the result of systemic problems,,NA
10066,netanyahu to send israeli team to washington to discuss rafah plans the biden administration has expressed concern about israel s planned ground invasion in the city where nearly half of gaza s population has sheltered,gaza,Palestine
10067,justices were wary of curbing federal input on social media also trump s lawyers said he can t secure a bond for his civil fraud judgment here s the latest at the end of monday,,NA
10072,trump says jews who support democrats hate israel and their religion the comments on a conservative radio program echo an antisemitic trope and escalate claims he made as president that were widely criticized,,NA
10074,david seidler oscar winning writer of the king s speech dies at 86 he drew on his own painful experiences with a stutter in depicting king george vi s struggles to overcome his impediment and rally britain in world war ii,,NA
10075,conservative influencer is charged in jan 6 attack isabella deluca 24 helped to steal a table that rioters used to assault law enforcement according to a criminal complaint,,NA
10078,food experts predict imminent famine in northern gaza the warning came amid an israeli raid on al shifa hospital prime minister benjamin netanyahu also agreed to send military and humanitarian officials to washington to hear the biden administration s concerns,gaza,Palestine
10080,serbian leader says kushner deal is not an effort to influence trump after news reports that jared kushner plans to redevelop a site in belgrade bombed by nato in 1999 serbian politicians clashed over whether the deal was appropriate,,NA
10086,from russia elaborate tales of fake journalists as the ukraine war grinds on the kremlin has created increasingly complex fabrications online to discredit ukraine s leader and undercut aid some have a hollywood style plot twist,,NA
10088,r b g award organizer cancels ceremony after fallout over honorees the opperman foundation said it would reconsider its mission but did not say whether those selected including elon musk and rupert murdoch would still receive the award,,NA
10092,canada lawmakers back motion meant to help bring peace to gaza the house of commons vote endorsing a package of conflict ending measures came after language calling on canada to immediately recognize a state of palestine was removed,gaza,Palestine
10114,ok class first we shoot the deer a missouri high school program teaches students to take freshly killed animals from the field to the classroom and into the kitchen,,NA
10115,hair that puts your best face forward wet waves curly mullets and all sorts of braids commanded attention without camouflaging other features,,NA
10116,how anti immigrant anger has divided a small irish town a continuing protest in the town of roscrea symbolizes a surge in hostility toward migrants in ireland that is fueled by a housing crisis and far right influencers,,NA
10149,goon squad officer is sentenced to 20 years in mississippi torture cases six officers pleaded guilty last year to assaulting two black men and shooting one of them in the mouth during a raid on their home,,NA
10152,white house says rafah invasion would be a mistake and trump can t make bond plus a space pioneer remembered,,NA
10153,blinken warns china against armed attack on philippines the secretary of state struck a balance seemingly meant to deter china while avoiding a dangerous escalation with beijing,,NA
10158,israel s spy chief returns home as cease fire talks continue in qatar warnings of imminent famine in gaza have added urgency to efforts to broker a cease fire between israel and hamas,gaza,Palestine
10158,israel s spy chief returns home as cease fire talks continue in qatar warnings of imminent famine in gaza have added urgency to efforts to broker a cease fire between israel and hamas,hamas,Lebanon
10158,israel s spy chief returns home as cease fire talks continue in qatar warnings of imminent famine in gaza have added urgency to efforts to broker a cease fire between israel and hamas,hamas,Palestine
10169,israel s military says its forces are still at al shifa hospital israeli officials said the raid which began monday was an operation targeting senior hamas officials who had regrouped there,hamas,Lebanon
10169,israel s military says its forces are still at al shifa hospital israeli officials said the raid which began monday was an operation targeting senior hamas officials who had regrouped there,hamas,Palestine
10175,u s vows to continue support for ukraine despite funding doubts the american defense secretary told a meeting of kyiv s backers that the fight against russia remains one of the great causes of our time,,NA
10178,one pot mushroom and ginger rice skillet broccoli spaghetti bright breezy recipes to welcome spring,,NA
10182,u n says israel may be restricting gaza aid as a war tactic international alarm has been growing over the hunger crisis in gaza with food experts predicting an imminent famine in the north of the enclave,gaza,Palestine
10194,congressional republicans block aid to haiti amid unrest republicans have refused to release 40 million in security assistance and questioned how it would be used and whether it could fall into the hands of the gangs stoking the upheaval,,NA
10197,paulin hountondji revolutionary african philosopher dies at 81 he rebelled against efforts to force african ways of thinking into the european worldview his thoughts had the effect of a bomb in african intellectual life,,NA
10198,mayor adams denies sexually assaulting a colleague in 1993 mayor eric adams said he did not recall meeting the woman who accused him of assault this did not happen,,NA
10267,world war ii loot found in a massachusetts home is returned to okinawa the cache of artifacts was discovered in the attic of a veteran s home after he died the items were turned over to the f b i which arranged for their return eight decades after the war,,NA
10268,democratic donors warn biden over israel gaza policy more than 100 donors and activists including a handful who have given six figure sums to president biden signed a letter arguing that progressive anger could help donald trump,gaza,Palestine
10272,dna from discarded gum leads to conviction in 1980 oregon murder robert arthur plympton was found guilty of murdering barbara mae tucker 19 who was kidnapped sexually assaulted and beaten to death on a community college campus near portland,,NA
10273,no alternative for rafah invasion netanyahu says as rift with u s grows a day after agreeing to president biden s request to send officials to washington to discuss rafah the israeli leader said there was no other option but to send forces into the crowded city,,NA
10274,jean maria arrigo who exposed psychologists ties to torture dies at 79 risking ostracism by her colleagues she fought against the use of psychologists in coercive interrogations by the military and the c i a,,NA
10281,an arab mandate for palestine there s only one good way the war in gaza ends,gaza,Palestine
10282,jonathan majors accused of assault and defamation in lawsuit by ex girlfriend grace jabbari alleges several instances of violence by majors the former marvel movie star majors s lawyer said he was preparing a countersuit,,NA
10296,trump seeks to delay jan 6 civil cases the former president s lawyers told the judge overseeing the proceedings it would be unfair to put on a defense now because it might reveal his strategy for the criminal case on related charges,,NA
10305,we need to go hard why britain s lords are clashing with sunak the government s contentious rwanda policy which has been championed by the prime minister has prompted a rebellion in britain s unelected second chamber,,NA
10306,tech giant linked to france s cybersecurity tumbles in value the french government said it would seek a national solution to protect atos a debt burdened company that serves nuclear programs and the military,,NA
10320,in n y suburbs republicans seek edge by targeting transgender athletes a debate over transgender women and girls in sports in nassau county spurred a legal fight a visit from caitlyn jenner and a mixed response from residents,,NA
10321,why everyone in new jersey politics is talking about the line political leaders in new jersey can use the state s unique county line ballot design to reward or to punish encouraging fealty from candidates,,NA
10326,love the sinner or maybe just kill him our crime columnist reviews new novels by andrey kurkov kristen perrin and others,,NA
10327,looking away from an epidemic of rape rape should not be used as a weapon of war in any context,,NA
10336,how not to think like a fascist in his latest book the prolific british psychoanalyst adam phillips promotes curiosity improvisation and conflict as antidotes to the deadening effects of absolute certainty,,NA
10338,intel receives 8 5 billion in grants to build chip plants the award announced by president biden at a plant in arizona is the biggest the government has made under a new program that aims to rebuild the nation s semiconductor manufacturing industry,,NA
10347,1 5 million homes in california florida and rhode island a three bedroom condominium in an edwardian house in san francisco a craftsman bungalow in tampa and an 1881 home in providence,,NA
10348,game of thrones creators look skyward for their new series in an interview david benioff d b weiss and alexander woo discuss their latest fantastical epic the alien space saga 3 body problem for netflix,,NA
10355,symbolism or strategy ukraine battles to retain small gains despite american doubts ukrainians say that defending places with little strategic value is worth the cost in casualties and weapons because the attacking russians pay an even higher price,,NA
10361,greg abbott has been gunning for a battle on the border the texas governor has rallied republicans by pushing the boundaries of what a governor can do when it comes to immigration now he s in a head to head confrontation with the biden administration,,NA
10364,the bombshell case that will transform the housing market after several lawsuits brought by home sellers the rules around buying and selling properties are about to change,,NA
10368,abel prize awarded for studies of universe s randomness michel talagrand of france has credited a brush with blindness for leading to the work that resulted in his recognition by the math equivalent of the nobel prize,,NA
10379,corruption sewage apathy a federal watchdog on what he saw at nycha for five years bart schwartz monitored the new york city housing authority and tried to root out problems and corruption in a final interview he said he was hopeful,,NA
10380,appeals court considers reviving texas migrant law now on hold as dizzying legal developments sowed confusion along the border an appeals court panel appeared split over whether texas migrant arrest law should remain on hold while the court fight continues,,NA
10382,eclipses injured their eyes and the world never looked the same a number of case studies published after recent total solar eclipses highlight the importance of safe viewing,,NA
10385,blinken adds a stop in israel to his mideast trip antony blinken the top u s diplomat is making his sixth trip to the mideast since oct 7 the state department said he would discuss freeing the hostages and increasing aid to gaza,gaza,Palestine
10388,following measles outbreaks officials grow wary of renewed threat cases this year have already topped the total in 2023 unvaccinated travelers account for most infections,,NA
10399,review a loyal wife s work is never done in ibsen s ghost in charles busch s satire of henrik ibsen s plays a widow faces a rather catty fight to save her husband s legacy,,NA
10405,congress seeks to bar funding for u n agency for palestinians a bill would bar support for the agency unrwa amid accusations that some employees were hamas fighters other countries are scrambling to make up the looming shortfall,hamas,Lebanon
10405,congress seeks to bar funding for u n agency for palestinians a bill would bar support for the agency unrwa amid accusations that some employees were hamas fighters other countries are scrambling to make up the looming shortfall,hamas,Palestine
10412,appeals court shaped by trump is at center of texas border debate the fight over a new immigration law is the latest national controversy to reach the fifth circuit court of appeals,,NA
10415,u s debt races toward record this decade c b o warns recently passed spending limits have slightly improved the nation s fiscal outlook,,NA
10419,u f c settles antitrust suit with fighters for 335 million the organization s parent company admitted no wrongdoing but agreed to pay the fighters who had accused it of suppressing their pay,,NA
10420,ramy youssef mixing vibes and politics to fierce effect in more feelings on hbo the comic takes a nuanced look at his own role as a muslim celebrity and at the american response to conflict in the mideast,,NA
10421,e u finds a way to make russia pay for weapons for ukraine using interest earned on frozen russian assets held in europe the bloc plans to raise billions but other ways to pay for new weapons remain elusive,,NA
10426,democrats prepare aggressive counter to third party threats an army of lawyers aims to challenge the steadily advancing ballot access efforts of independent candidates who democrats fear could peel votes away in swing states,,NA
10438,a big step toward a fairer housing market realtors commission practices have long been anticompetitive that s changing,,NA
10445,netanyahu assails schumer dramatizing partisan split over israel the prime minister addressed senate republicans remotely after senator chuck schumer called him out in an explosive speech urging a new election in israel,,NA
10454,fight over texas law underscores a battle of america vs its states the partisan gridlock gumming up washington has prompted states controlled by one party to set off on their own,,NA
10457,the war in gaza has left a power vacuum and scant planning to fill it analysts say the israeli military s return to the largest hospital complex in the enclave may foretell more chaos without governance,gaza,Palestine
10458,family settles in battle for ancestral land in south carolina josephine wright who died this year at 94 had been fighting to save family property the developer bailey point investments agreed to end the dispute the family s lawyer said,,NA
10461,quotation of the day 700 000 prize awarded for randomness studies quotation of the day for thursday march 21 2024,,NA
10466,man pleads guilty in killing spree of bald eagles in montana travis john branson of washington state was indicted last year for illegally hunting and selling the birds a co defendant is still on the run,,NA
10470,a mexican drug cartel s new target seniors and their timeshares one of mexico s most violent criminal groups jalisco new generation runs call centers that offer to buy retirees vacation properties then it empties its victims bank accounts,jalisco new generation,Mexico
10471,russia targets kyiv with biggest missile attack in weeks ukraine said it had intercepted all 31 missiles fired at the capital but debris injured at least 13 people and damaged several buildings,,NA
10477,one of last survivors of pearl harbor attack dies at 102 richard c higgins was stationed at the hawaiian naval base as a radioman on the day of the japanese attack which pulled the u s into world war ii,,NA
10479,as congestion pricing nears reality it faces growing opposition a legal and political battle has erupted over the new 15 fee to drive into the busiest parts of manhattan,,NA
10487,blinken describes u s push at the u n for gaza cease fire in saudi arabia the secretary of state discussed a u s draft resolution at the u n security council calling for an immediate cease fire tied to the release of hostages in gaza,gaza,Palestine
10488,a game designer s lifelong pursuit of action nirvana hideaki itsuno helped shape the fighting genre in the 1990s with street fighter now he s applying similar ideas to the open world adventure dragon s dogma 2,,NA
10492,an exquisite biography of a gilded age legend in natalie dykstra s hands the life of isabella stewart gardner is a tribute to the power of art,,NA
10513,america first legal a trump aligned group is spoiling for a fight the group headed by the former trump adviser stephen miller has filed more than 100 legal actions against woke companies and others but winning may be beside the point,,NA
10532,the very rich g o p senate candidates bidding for working class votes with democrats at a fund raising advantage the g o p has backed candidates who can self fund but their wealth is likely to factor in the fight for senate control,,NA
10540,race and politics we re covering the rightward shift among voters of color,,NA
10541,femme review bad lovers in this white knuckle thriller set in london a drag performer seduces his attacker an intensely closeted hustler played by george mackay,,NA
10547,israel s raid on al shifa hospital grows into one of the longest of gaza war as israel s attack on the medical complex stretched into a fourth day the military said it had killed dozens of people it described as terrorists the account couldn t be verified,gaza,Palestine
10557,3 body problem episode 2 recap the warning fans of spooky technology will have much to enjoy in this episode,,NA
10561,with an eye on war at home a ukrainian conductor arrives at the met oksana lyniv who is leading turandot at the metropolitan opera has used her platform to criticize russia and promote ukrainian culture,,NA
10562,elegant skillet chicken effortless eggs and crazy water fish recipes for when you want fancy friday vibes but have meh monday energy,,NA
10570,review looking for love with burt bacharach and finding a prayer mark morris s the look of love at the brooklyn academy of music is uneven but you can t fight its swing,,NA
10580,suicide bombing in afghanistan targets taliban heartland the blast targeted a bank in kandahar where taliban members had gathered to collect their salaries witnesses said,,NA
10585,trump told pence certifying election would be career killer valet testified president donald j trump warned his vice president against failing to overturn the 2020 election results according to an account by the white house valet by his side on jan 6,,NA
10591,why do autocrats like putin bother to hold elections these votes can demonstrate control serve as a warning and create the illusion of accountability,,NA
10596,robert l barry 89 diplomat who negotiated pact with soviets dies he was the chief negotiator on a troop inspections accord that american officials saw as crucial in easing east west tensions near the end of the cold war,,NA
10597,the roadblocks to biden s electric vehicles plan e v s have become part of the political culture wars,,NA
10606,are you an undecided voter do you live in a battleground state we want to hear from you most voters say their minds are already made up but if yours isn t we want to hear your perspective,,NA
10608,international elections 2024 what you need to know with disinformation rampant and dissent under attack voters in more than 80 countries will go to the polls this year when the tallying is done the world might look a lot different,,NA
10609,he fled war in ukraine then the u s arrested him for racketeering viktor zelinger a ukrainian native admitted to running an illegal gambling club in brooklyn and threatening debtors,,NA
10611,2 year old separated from his parents flees haiti s violent capital the boy had been dropped off with relatives nearly three weeks ago and was airlifted back to his florida home he is part of a growing number of americans trying to flee haiti,,NA
10614,third man charged with murder in shooting at super bowl rally nine people have been charged with crimes including weapons violations in connection to the shooting in kansas city mo last month,,NA
10617,at long last a gold medal for america s world war ii ghost army only seven of the original 1 100 soldiers who carried out psychological operations against the axis powers are believed to survive,,NA
10618,inside the republican attacks on electric vehicles president biden s new rule cutting emissions from vehicle tailpipes has deepened a partisan battle over automotive technology,,NA
10621,u s searching for a way to keep troops in niger a top pentagon official said the united states was seeking clarification after the ruling junta decided to revoke a military cooperation deal,,NA
10622,killing of teen in front of her twin sister stuns brooklyn neighborhood samyia spain 19 was fatally stabbed outside a park slope deli she and her twin were attacked by a man who had been trying to flirt with her the police said,,NA
10625,u s draft resolution would call for immediate and sustained cease fire a resolution for the u n that american diplomats are circulating was notable for its strong language in seeking a cease fire in gaza and the release of hostages,gaza,Palestine
10626,no charges in death of nex benedict prosecutor says the tulsa county district attorney said a fight involving the nonbinary student in an oklahoma high school bathroom was mutual combat the death has been ruled a suicide,,NA
10629,goon squad hearings reveal culture of violence in mississippi sheriff s office former deputies said they saw brutality as a way to rise in the ranks of a department that celebrated violence against people suspected of crimes,,NA
10633,idaho prison gang member and accomplice arrested after hospital ambush the two men fled from a hospital in boise idaho after an ambush in which three corrections officers were shot the authorities were investigating whether they had killed two people while at large,,NA
10636,lorrie moore is among national book critics circle award winners the awards included a lifetime achievement honor given to judy blume,,NA
10639,variety acrostic david balton and jane stewart make their pitch,,NA
10641,arkansas airport executive dies after shootout with a t f the authorities said they were executing a search warrant at the home of the executive whom they accused of illegally selling firearms his family said the action was unnecessary,,NA
10643,the a i boom makes millions for an unlikely industry player anguilla the small caribbean territory brought in 32 million last year more than 10 percent of its g d p from companies registering web addresses that end in ai,,NA
10644,collecting the dead russia left behind civilians who gather dead russian soldiers face many of the war s perils along the front where death is ubiquitous,,NA
10651,democracy teetering in african countries once ruled by france a wave of military coups and presidents clinging to power are two sides of the same anti democratic coin plaguing francophone africa experts say,,NA
10667,blinken meets with netanyahu as u s israel tensions rise prime minister benjamin netanyahu repeated that israel was determined to send troops into the crowded southern gaza city of rafah despite u s urgings not to,gaza,Palestine
10669,naomi klein travels through the looking glass the writer and public intellectual reads doppelganger a searching exploration of uncanny doubles both personal and political,,NA
10671,the wartime wounds that don t heal three new books track the pain that persists among american soldiers and diplomats in the aftermath of war,,NA
10674,debut novels explore histories both personal and collective new books from hanna johansson julia malye scott alexander howard and scott guild,,NA
10688,insooni breaks racial barrier to become beloved singer in south korea born to a south korean mother and a black american soldier she rose to a pioneering stardom in a country that has long discriminated against biracial children,,NA
10697,the deep conflict between our work and parenting ideals the sociologist caitlyn collins discusses why parenting feels so difficult in america,,NA
10722,justice dept sues apple smartphones and children with jonathan haidt and reddit s i p o we ll see you in court,,NA
10728,russian attack leaves over a million in ukraine without electricity power plants and a major hydroelectric dam were damaged in what ukrainian officials said was one of the war s largest assaults on energy infrastructure,,NA
10729,how the fight against apple could redefine antitrust law the justice department s lawsuit against the iphone maker pushes the boundaries of competition rules some experts say that may make winning more difficult,,NA
10733,in the markets a tug of war between big tech and the fed on wall street excitement about a i outweighs concern about interest rates but rocketing stocks could make it tough for the federal reserve to cut rates,,NA
10743,our reporter on trump s violent rhetoric in his third presidential race donald j trump is continuing a theme from previous election cycles using violent rhetoric on the campaign trail,,NA
10744,a look at the three previous u n cease fire resolutions the u s vetoed before a u s resolution in the united nations security council calling for a cease fire in gaza was vetoed on friday the u s had vetoed three previous ones demanding a halt to the fighting,gaza,Palestine
10747,how toyota a laggard on electric cars got its fight back the auto giant lobbied hard against tougher pollution rules this week the e p a s new rules proved favorable to hybrid technology an area that toyota dominates,,NA
10755,how biden could try to coerce israel to change its war strategy president biden has tried persuading prime minister benjamin netanyahu behind the scenes but critics say it is time for a different approach,,NA
10758,what to do if violence breaks out on your train or bus public transportation is not necessarily more dangerous than other settings but there are some ways that experts recommend to get out of a risky situation,,NA
10759,my 60 year old brother has never seen star wars help his excuse he thinks sci fi is dumb,,NA
10760,enraged over spending bill greene threatens to oust johnson the hard right georgia republican called the 1 2 trillion legislation an atrocious attack on the american people and said the speaker had betrayed his g o p colleagues,,NA
10770,norman miller german refugee who helped arrest a top nazi dies at 99 at 15 he escaped to england at 20 he enlisted in the british army and identified a german minister whose roles included deporting dutch jews to labor camps as he tried to flee,,NA
10771,gunmen kill 60 at concert hall outside moscow russian authorities say the islamic state claimed the attack the deadliest in the moscow region in more than a decade,,NA
10773,rose dugdale heiress turned irish independence fighter dies at 82 born into english wealth and oxford educated she left it all behind for a life of radical and often violent activism,,NA
10775,road house review this remake amps up the action jake gyllenhaal stars as a pro fighter turned bouncer at a juke joint in the florida keys taking on patrick swayze s role in the original,,NA
10781,stellantis to recall 285 000 dodges and chryslers for airbag danger the recall could affect owners of dodge chargers and chrysler 300s the airbags have the potential to explode and hurl shrapnel,,NA
10783,here s the latest on the attack in russia several gunmen opened fire at a popular concert venue on the outskirts of moscow on friday killing at least 40 people and wounding more than 100 russia s top security agency said according to state news agencies,,NA
10785,u s call for gaza cease fire runs into russia china veto at u n the american draft resolution before the security council did not go far enough to end the israel hamas war russia and china said after the united states had vetoed three earlier resolutions,gaza,Palestine
10785,u s call for gaza cease fire runs into russia china veto at u n the american draft resolution before the security council did not go far enough to end the israel hamas war russia and china said after the united states had vetoed three earlier resolutions,hamas,Lebanon
10785,u s call for gaza cease fire runs into russia china veto at u n the american draft resolution before the security council did not go far enough to end the israel hamas war russia and china said after the united states had vetoed three earlier resolutions,hamas,Palestine
10789,u s warned about possible moscow attack before concert hall shooting pro moscow forces had dismissed the alert as an attempt to scare russians,,NA
10793,gunmen killed dozens at a moscow concert hall also princess kate announced that she has cancer here s the latest at the end of friday,,NA
10794,the deadly moscow concert hall attack in photos images show the scene of what could be the deadliest attack in russia in decades multiple gunmen killed at least 133 people in an assault in the capital s outskirts,,NA
10800,u s says isis was responsible for deadly moscow concert hall attack after a period of relative quiet the islamic state has been trying to increase its external attacks according to u s counterterrorism officials,isis,Iraq
10800,u s says isis was responsible for deadly moscow concert hall attack after a period of relative quiet the islamic state has been trying to increase its external attacks according to u s counterterrorism officials,isis,Syria
10808,what we know about isis k the group that has been linked to the moscow attack the islamic state affiliate has been a major threat to the taliban s ability to govern afghanistan,isis,Iraq
10808,what we know about isis k the group that has been linked to the moscow attack the islamic state affiliate has been a major threat to the taliban s ability to govern afghanistan,isis,Syria
10810,ocasio cortez in house speech accuses israel of genocide representative alexandria ocasio cortez had called for a permanent cease fire in the war between israel and hamas but had resisted labeling the conflict a genocide,hamas,Lebanon
10810,ocasio cortez in house speech accuses israel of genocide representative alexandria ocasio cortez had called for a permanent cease fire in the war between israel and hamas but had resisted labeling the conflict a genocide,hamas,Palestine
10815,here are the latest developments the russian authorities said saturday that they had arrested the four people who carried out a mass killing and arson at a suburban moscow concert venue which left at least 133 people dead in one of the worst terrorist attacks to jolt russia in decades,,NA
10831,with tommy revival pete townshend is talking to a new generation he s also still working through his childhood trauma considering his musical s legacy he sees a story about how we prevail ultimately by turning toward the light,,NA
10838,abbott s army on the border is it working the texas governor greg abbott has spent 10 billion building his own border security network in eagle pass where it has been concentrated far fewer migrants have been crossing this year,,NA
10843,the government s struggles with outsourcing software development the bloated cost of the arrivecan app and new investigations into possible fraud have highlighted some problems with turning to outside companies,,NA
10844,russia has suffered other major attacks in recent decades the concert hall massacre near moscow raised russian memories of other attacks most related to the wars against chechen separatists in the 1990s and 2000s that helped enable the rise of vladimir v putin,,NA
10847,ukraine says russia s speculation it was behind attack is meant to rally war support kyiv has accused russia of falsely suggesting it was to blame for the terrorist attack in moscow and of using the assault to escalate the fighting in ukraine,,NA
10852,the blood bath battle and the electric car war does president biden expect to win on a jan 6 strategy alone,,NA
10856,here s what we know about the moscow concert hall attack the assault on a popular concert hall was the deadliest act of terrorism in the russian capital in more than a decade,,NA
10859,the second coming of the microsoft antitrust battle prosecutors compare their new fight against apple to the seminal case against windows in the 1990s,,NA
10862,in first remarks on attack putin tries to link assailants to ukraine american officials who have assessed that a branch of the islamic state was responsible have voiced concern that the russian leader could seek to falsely blame ukraine,,NA
10863,u n chief calls conditions in gaza a moral outrage in a visit to the rafah border crossing secretary general antonio guterres called for an immediate cease fire and expressed solidarity with palestinians in the territory,gaza,Palestine
10864,names of moscow concert attack victims begin to emerge those lost include mothers fathers an amateur hockey player and many others,,NA
10867,soothing meals with assertive flavors recipes for those gray not so springy days skillet eggs with garam masala and tomatoes braised chicken with salted lemon sweet potato shepherd s pie,,NA
10872,isis branch blamed in moscow attack has hit at taliban s russia links islamic state khorasan or isis k previously attacked russia s embassy in kabul and has produced floods of anti kremlin propaganda,isis,Iraq
10872,isis branch blamed in moscow attack has hit at taliban s russia links islamic state khorasan or isis k previously attacked russia s embassy in kabul and has produced floods of anti kremlin propaganda,isis,Syria
10872,isis branch blamed in moscow attack has hit at taliban s russia links islamic state khorasan or isis k previously attacked russia s embassy in kabul and has produced floods of anti kremlin propaganda,khorasan,Afghanistan
10872,isis branch blamed in moscow attack has hit at taliban s russia links islamic state khorasan or isis k previously attacked russia s embassy in kabul and has produced floods of anti kremlin propaganda,khorasan,Iran
10872,isis branch blamed in moscow attack has hit at taliban s russia links islamic state khorasan or isis k previously attacked russia s embassy in kabul and has produced floods of anti kremlin propaganda,khorasan,Russia
10877,3 body problem episode 6 recap man with a plan after five escalating episodes the series took its foot off the gas for its sixth,,NA
10879,deadly moscow attack shatters putin s security promise to russians the tragedy outside moscow is a blow to a leader riding an aura of confidence only days after a stage managed election victory,,NA
10883,maps and diagrams of the moscow concert hall attack the mass shooting and arson at a suburban moscow concert venue which killed more than 130 were attributed by u s officials to members of a branch of the islamic state,,NA
10885,kamala harris visits parkland and urges states to adopt red flag gun laws at the site of the 2018 school shooting in florida the vice president announced federal help for states to limit weapon access for people deemed to be threats,,NA
10892,russia arrests 4 suspects in moscow attack as death toll climbs to 133 as the islamic state claimed responsibility president vladimir v putin vowed to identify and punish those responsible and tried to implicate ukraine,,NA
10894,41 days in a bunker how a battle raged on ukraine s bloody front line a struggle for a position held by ukrainian forces in the eastern city of avdiivka underlines how the conflict is increasingly being fought in close quarter combat,,NA
10897,isis k group tied to moscow attack has grown bolder and more violent the militant group violently opposes the taliban leaders of afghanistan where it is based it is increasingly targeting foreign foes,isis,Iraq
10897,isis k group tied to moscow attack has grown bolder and more violent the militant group violently opposes the taliban leaders of afghanistan where it is based it is increasingly targeting foreign foes,isis,Syria
10899,china s dispute with taiwan is playing out near this frontline island a fatal episode off kinmen a taiwanese controlled island has become the latest occasion for beijing to warn and test taiwan s president elect,,NA
10915,famously obstinate bill ackman is now real life famous what next the hedge funder who loves a public crusade and taking charge is on to a new stage of his career online warrior,,NA
10916,let s say someone did drop the bomb then what in nuclear war and countdown annie jacobsen and sarah scoles talk to the people whose job it is to prepare for atomic conflict,,NA
10918,choosing to skip sex and go straight to i v f well aware of how difficult conception or carrying a baby to term can be some couples who hope to exercise a bit of control over an unpredictable experience are opting to do in vitro fertilization first,,NA
10922,in hezbollah s sights a stretch of northern israel becomes a no go zone for the few israelis remaining in the evacuated zone along the northern border with lebanon the simmering conflict there has become intensely personal,hezbollah,Lebanon
10927,a lunar eclipse warms up the moon for april s solar eclipse the subtle event known as a penumbral eclipse can be observed by everyone on earth s nightside,,NA
10929,what would you have israel do to defend itself if the current israeli military approach is inhumane is there an alternative,,NA
10931,russia s battle with extremists has simmered for years the islamic state has long threatened to strike russia for helping the syrian president bashar al assad stay in control,,NA
10936,dozens of children abducted in nigeria have been released officials say the military of the west african nation which is plagued by kidnappings largely driven by demands for ransom payments said 137 children had been freed in the country s north,,NA
10939,witnesses describe fear and deprivation at besieged hospital in gaza several patients have died as a result of the israeli military assault the gazan authorities say israel says the operation is targeting hamas leaders,gaza,Palestine
10939,witnesses describe fear and deprivation at besieged hospital in gaza several patients have died as a result of the israeli military assault the gazan authorities say israel says the operation is targeting hamas leaders,hamas,Lebanon
10939,witnesses describe fear and deprivation at besieged hospital in gaza several patients have died as a result of the israeli military assault the gazan authorities say israel says the operation is targeting hamas leaders,hamas,Palestine
10942,in fund raising blitz trump warns democrats hands off trump tower with a deadline on monday to secure a 454 million bond in his civil fraud case donald trump s campaign emails have claimed democrats are trying to seize his marquee property,,NA
10946,police say they ve cracked rio de janeiro s most notorious murder mystery two politicians were arrested in the assassination of a rival marielle franco who was known for fighting corruption and police violence,,NA
10948,for once the british tabloids held back it didn t make a difference the online frenzy over catherine s health escalated despite a reserved approach by fleet street which promptly blamed americans for the furor,,NA
10950,ben stern who opposed a nazi rally in illinois dies at 102 he was held prisoner in nine concentration camps decades later he fought a battle against american nazis that became a major free speech case,,NA
10952,screams and blank stares of shock horror at a russian concert the violent attack on moscow s outskirts on friday was a scene of chaos and terror you re just running to figure out where else to run one attendee said,,NA
10953,mountain lion kills man and injures his brother in california since 1890 there have been fewer than 50 verified mountain lion attacks on humans in california and of those only six have been fatal officials said,,NA
10956,monday briefing two charged in moscow attack plus the hotel guest who wouldn t leave,,NA
10961,in russia fingers point anywhere but at isis for concert hall attack russian state media pushed the idea that ukraine was the obvious culprit but at least three of the four suspects charged on sunday are from the central asian nation of tajikistan,isis,Iraq
10961,in russia fingers point anywhere but at isis for concert hall attack russian state media pushed the idea that ukraine was the obvious culprit but at least three of the four suspects charged on sunday are from the central asian nation of tajikistan,isis,Syria
10962,4 men showing signs of beating charged with terrorism after moscow attack the four accused of carrying out an assault at a concert hall near moscow are migrant laborers from tajikistan they face a maximum sentence of life in prison,,NA
10966,isis affiliate linked to moscow attack has global ambitions the islamic state in khorasan is active in afghanistan pakistan and iran and has set its sights on europe and beyond,isis,Iraq
10966,isis affiliate linked to moscow attack has global ambitions the islamic state in khorasan is active in afghanistan pakistan and iran and has set its sights on europe and beyond,isis,Syria
10966,isis affiliate linked to moscow attack has global ambitions the islamic state in khorasan is active in afghanistan pakistan and iran and has set its sights on europe and beyond,khorasan,Afghanistan
10966,isis affiliate linked to moscow attack has global ambitions the islamic state in khorasan is active in afghanistan pakistan and iran and has set its sights on europe and beyond,khorasan,Iran
10966,isis affiliate linked to moscow attack has global ambitions the islamic state in khorasan is active in afghanistan pakistan and iran and has set its sights on europe and beyond,khorasan,Russia
10968,quotation of the day covid malaise is killing trust in u s politics quotation of the day for monday march 25 2024,,NA
10975,is sam a dangerous dog a lawsuit divides a manhattan building a suit claims that an emotional support dog named sam attacked several tenants at an upper west side building and that the animal s owners failed to take preventative action,,NA
10981,a house is not a home israel has been destroying palestinian houses for decades palestinians carry the story of their homes and their homeland wherever they go,,NA
10988,trump s third act american gangster why does the former president keep talking about al capone,,NA
10990,the first flight of their lives an airlift after agony in gaza the evacuees make up only a tiny fraction of the thousands of civilians including many children who have suffered grievous injuries over the course of israel s monthslong campaign against hamas and its bombardment of gaza,gaza,Palestine
10990,the first flight of their lives an airlift after agony in gaza the evacuees make up only a tiny fraction of the thousands of civilians including many children who have suffered grievous injuries over the course of israel s monthslong campaign against hamas and its bombardment of gaza,hamas,Lebanon
10990,the first flight of their lives an airlift after agony in gaza the evacuees make up only a tiny fraction of the thousands of civilians including many children who have suffered grievous injuries over the course of israel s monthslong campaign against hamas and its bombardment of gaza,hamas,Palestine
10999,could first time home buyers lose out under new commission rules economists and real estate experts warn that changes in how agents are paid could have unintended consequences for people buying their first homes,,NA
11005,83 years after his killing a black soldier gets an army funeral pvt albert king shot dead by a white military police officer in georgia in 1941 was blamed for his own death and buried in an unmarked grave,,NA
11010,energy dept awards 6 billion for green steel cement and even macaroni factories industries produce 25 percent of america s planet warming emissions but so far have proved very hard to clean up the biden administration is trying,,NA
11012,a terrorist attack in russia the tragedy in a moscow suburb is a blow to vladimir v putin coming only days after his stage managed election victory,,NA
11013,trump is back in court and an isis group looks beyond russia attack plus a new golden age for shipwreck discoveries,isis,Iraq
11013,trump is back in court and an isis group looks beyond russia attack plus a new golden age for shipwreck discoveries,isis,Syria
11015,putin acknowledges radical islamists committed moscow attack but president vladimir v putin of russia held fast to the idea that a western backed ukraine could have been the ultimate mastermind of the assault that killed 139 people,,NA
11018,a higher bid and national security concerns for an ammunition maker mnc capital has raised its takeover offer for vista outdoor the owner of remington ammunition and amplified worries about a non american rival bidder,,NA
11019,how an aid group built a jetty to get food into gaza workers with world central kitchen were still finishing a jetty made from the rubble of bombed buildings when a ship arrived carrying the first aid into the enclave by sea in nearly two decades,gaza,Palestine
11020,boeing c e o to step down in major reshuffle at embattled plane maker the company s chief executive dave calhoun said he would leave at the end of the year stan deal boeing s head of commercial planes departed immediately,,NA
11021,monday briefing what the terrorist attack means for russia,,NA
11023,1949 red star says labour increases british taxes the soviet army newspaper report blamed the government s foreign policy for the higher cost of living for the working class,,NA
11027,watch the solo of solitude click through as joseph gordon performs a section from alexei ratmansky s new dance for new york city ballet a reaction to the horrors of the war in ukraine,,NA
11029,u k accuses china of cyberattacks targeting voter data and lawmakers the british government believes china has overseen two separate hacking campaigns including one that yielded information from 40 million voters,,NA
11031,spicy tofu and mushroom mazemen chicken koftas with lime couscous and plenty more minimum effort maximum rewards dinner ideas,,NA
11040,u s and britain accuse china of cyberespionage campaign the actions on both sides of the atlantic which included sanctions underscored the escalation of cyberconflict between western allies and beijing,,NA
11041,ukrainians dismiss kremlin suggestions their country was behind moscow attack officials and ordinary citizens say russia is blaming ukraine in order to shore up support for its war in ukraine and escalate the fighting there,,NA
11043,netanyahu cancels u s israel meetings on rafah to protest u n resolution president biden had requested the high level meetings to discuss alternatives to a planned israel ground offensive into rafah which u s officials say would cause mass casualties,,NA
11044,palestinians search rubble of buildings after israeli strikes people dug through the rubble from destroyed buildings in rafah in southern gaza and deir al balah in central gaza,gaza,Palestine
11047,american jews liberalism and zionism responses to a guest essay by peter beinart also m i t and the gaza war organ transplants sexual brutality,gaza,Palestine
11050,israeli soldier s video undercuts medic s account of sexual assault kibbutz residents concluded that two sisters killed on oct 7 were not victims of sexual violence,,NA
11053,videos and online profiles link suspects to moscow attack clothing and other details appear to show a connection between four suspects detained by russia and the men who carried out the concert hall massacre of more than 130 people,,NA
11054,trump urges israel to finish up your war the former president told an israeli news outlet that images of destruction in gaza were harming the country you re losing a lot of the world,gaza,Palestine
11066,nbc news faces rebellion over hiring of former republican party chair in extraordinary on air remarks mika brzezinski joe scarborough and nicolle wallace questioned their own network s decision to hire ronna mcdaniel as a political analyst,,NA
11072,trump team takes sparring with biden into vulgar territory the use of an expletive from a trump campaign social media account on monday reflects the coarsening of political discourse in the trump era,,NA
11073,obamacare is in grave danger again republicans seem determined to destroy the affordable care act,,NA
11078,man killed by no 4 train after being pushed onto subway tracks a man was arrested and charged with murder after the attack in east harlem which the police described as unprovoked,,NA
11081,police officer is killed during a traffic stop in queens the authorities arrived in the far rockaway neighborhood at about 6 p m and found the police officer and a man wounded by gunfire,,NA
11083,federal agents raid homes linked to sean combs armed officers patrolled the properties tied to the hip hop mogul and loaded boxes into vans,,NA
11085,display of battered men was russia s warning to the public analysts say videos showing the torture of four men accused of russia s deadliest terror attack in decades have circulated widely in what analysts call a sign of the russian state s growing tolerance for public violence,,NA
11092,why are china s nationalists attacking the country s heroes online vitriol has targeted the country s richest man erasing billions of dollars of his company s market value despite beijing s courtship of entrepreneurs,,NA
11095,tuesday briefing radical islamists attacked moscow vladimir putin acknowledges,,NA
11105,an act of service rob c a firefighter in idaho undergoes psychedelic assisted psychotherapy in an attempt to address his ptsd,,NA
11107,for a firefighter struggling with trauma ketamine therapy offers hope rob c a firefighter in idaho undergoes psychedelic assisted psychotherapy in an attempt to address his ptsd,,NA
11129,abortion pill dispute centers on central question who can sue the parties in the fight over access to the abortion pill sharply disagree on whether anti abortion doctors and groups can show they will suffer harm,,NA
11134,in north carolina biden attacks trump and g o p over health care the white house is using the 14th anniversary of the affordable care act to draw a contrast with republicans who have sought to do away with all or parts of the law,,NA
11138,the key bridge was named after the national anthem s author francis scott key was believed to be near the site when he observed a british bombardment during the war of 1812,,NA
11145,domestic political pressures widen divide between biden and netanyahu the war in gaza has sorely strained relations between israel and the united states and the leaders of both countries have allies at home who would pull them farther apart,gaza,Palestine
11147,weekly student news quiz israel hamas war medical breakthrough apple have you been paying attention to current events recently see how many of these 10 questions you can get right,hamas,Lebanon
11147,weekly student news quiz israel hamas war medical breakthrough apple have you been paying attention to current events recently see how many of these 10 questions you can get right,hamas,Palestine
11149,why blackrock s c e o wants to rethink retirement larry fink who leads the world s biggest asset manager warns in his annual investor letter that an aging population will soon pose huge economic troubles,,NA
11150,israel presses on with strikes in gaza after u n cease fire resolution its military said fighter jets had struck over 60 targets in the previous day there were reports of strikes on residential buildings near al shifa hospital in the north and elsewhere,gaza,Palestine
11151,suicide bomber kills 5 chinese workers in pakistan the assault comes amid a spate of terror attacks in pakistan as the country s faltering ties to the taliban affect regional security,,NA
11168,rocked by deadly terror attack kremlin amps up disinformation machine conceding that the islamic state alone carried out the assault on a moscow concert hall would mean admitting to a security failure and risk diluting vladimir putin s narrative war with the west,,NA
11173,mayor eric adams grapples with two shocking acts of violence the killing of a police officer and a fatal push on the subway underscore the challenges that mr adams faces as he tries to improve public safety,,NA
11174,israeli hostage says she was sexually assaulted and tortured in gaza amit soussana is the first former hostage to publicly say she was sexually abused in captivity a u n report has said it found clear and convincing information that some hostages suffered conflict related sexual violence,gaza,Palestine
11207,trump s newest venture a 60 bible his bible sales pitch comes as he appears to be confronting a significant financial squeeze with his legal fees growing while he fights a number of criminal cases and lawsuits,,NA
11211,turkey details visits by accused moscow attackers to istanbul a turkish official said two of the suspects had made recent trips to turkey but were radicalized earlier,,NA
11220,the islamic state claimed the moscow attack the kremlin is still blaming others russian narratives served to deflect attention from the failure to prevent the deadly attack while rallying the country behind the war in ukraine,,NA
11226,who is blowing up russia there are two plausible theories for who s behind the terrorist attack in russia both are terrifying,,NA
11228,fretting about election year deep fakes states roll out new rules for a i content an increasing number of states have advanced a i related legislation to combat attempts to mislead voters during the 2024 election according to a new analysis by the voting rights lab,,NA
11231,all orcas are classified as a single species should they be a new study suggests that two killer whale populations in the north pacific are distinct enough to be considered separate species,,NA
11235,a fatal instant on the subway captures new york s persistent challenges the man charged with shoving a man from a subway platform had a violent history according to officials the man who died was recovering from his own troubled past his family said,,NA
11236,2 ex officials at veterans home where 76 died in covid outbreak avoid jail time the former superintendent and medical director of the holyoke soldiers home in massachusetts were indicted in 2020 on charges of neglect after many residents became sick and died,,NA
11248,biden loves ireland it doesn t love him back the president s complicity with israel s assault on gaza has damaged his relationship with the irish people perhaps irreparably,gaza,Palestine
11260,when the state is a serial killer in death row welcomes you steven hale follows the cases of men in an american prison awaiting execution examining what they did as well as the people they ve become,,NA
11261,israel deploys expansive facial recognition program in gaza the experimental effort which has not been disclosed is being used to conduct mass surveillance of palestinians in gaza according to military officials and others,gaza,Palestine
11278,the challenges that a deadly night poses for eric adams the mayor has built his administration around policing and public safety the killing of a police officer and a fatal subway shoving may increase voters fears about crime,,NA
11279,how trump moved money to pay 100 million in legal bills trump supporters poured money into his effort to challenge his 2020 election loss that fund has paid lawyers to defend him in his legal battles,,NA
11282,have you ever been injured tell us the story share the tales of your bumps bruises and broken bones,,NA
11286,sean combs settled a lawsuit but his troubles were just beginning the hip hop mogul denied sexual assault accusations in a bombshell suit in november as more allegations piled up his business empire and reputation faltered,,NA
11287,worries over ethnic tensions have kremlin treading carefully on massacre anti migrant rhetoric in the aftermath of the attacks at the concert venue outside moscow has spurred fears that the tragedy could cause ethnic strife inside russia,,NA
11298,yellen warns china against flood of cheap green energy exports the treasury secretary who plans to make her second trip to china soon argued that the country s excess industrial production warped supply chains,,NA
11308,a great lakes pipeline tangles politics in two battleground states line 5 crosses tribal lands runs beneath the water and needs major upgrades opponents fear spills supporters envision jobs everyone sees a fight,,NA
11312,security forces clash with pro palestinian protesters in jordan video shows protesters gathered near the israeli embassy in amman the capital calling for the country to cancel its agreements with israel,,NA
11317,disney ends its fight with desantis over resort development the entertainment giant and the florida governor have been sparring for two years over control of a tax district that encompasses walt disney world,,NA
11318,new york takes crucial step toward making congestion pricing a reality the board of the metropolitan transportation authority voted to approve a new 15 toll to drive into manhattan the plan still faces challenges from six lawsuits before it can begin in june,,NA
11319,this easy one skillet dinner tastes like spring using canned artichokes and frozen peas keeps this fresh meal simple to make all year long,,NA
11320,man charged in deadly shooting of n y p d officer in queens lindy jones who is not the man the authorities say fired the fatal shot was charged with possessing and defacing a weapon the other man involved in the shooting has not been charged,,NA
11321,towns near israel lebanon border damaged by strikes an israeli airstrike in southern lebanon killed seven people prompting retaliatory rockets from hezbollah that killed at least one person in northern israel,hezbollah,Lebanon
11323,javier milei is a new prophet of apocalyptic capitalism in argentina the president s new fusion of contemporary culture war with throwback libertarianism is entrancing global elites,,NA
11325,a i leaders press advantage with congress as china tensions rise silicon valley chiefs are swarming the capitol to try to sway lawmakers on the dangers of falling behind in the artificial intelligence race,,NA
11329,two days after the u n call for a cease fire israeli strikes on gaza haven t let up israel and hamas appear no closer to negotiating a stop in fighting with significant gaps remaining between them,gaza,Palestine
11329,two days after the u n call for a cease fire israeli strikes on gaza haven t let up israel and hamas appear no closer to negotiating a stop in fighting with significant gaps remaining between them,hamas,Lebanon
11329,two days after the u n call for a cease fire israeli strikes on gaza haven t let up israel and hamas appear no closer to negotiating a stop in fighting with significant gaps remaining between them,hamas,Palestine
11332,majority of americans disapprove of israel s actions in gaza new poll shows the gallup poll conducted this month found that 55 percent of americans disapproved of israel s military action an increase of 10 percentage points from four months earlier,gaza,Palestine
11338,what lies beneath london boat race marred by sewage concerns rowers in the oxford cambridge boat race this weekend have been warned of dangerously high levels of e coli in the river thames the latest sign of england s polluted waterways,,NA
11343,five students wounded in slashings at queens high school the students were taken into custody after a fight at the school the police said a security guard who tried to break up the fight was also hurt,,NA
11349,trump attacks r f k jr a third party wild card robert f kennedy jr the independent presidential candidate has asserted that he intends to be a spoiler for both donald trump and president biden,,NA
11355,kate banks children s author who wrote about grief dies at 64 she became an award winning author of children s books and young adult novels despite debilitating health issues and the murder of her father,,NA
11359,another wayward container ship shows world trade s fragility the destruction of a baltimore bridge is hampering a busy port adding to the strains confronting the global supply chain,,NA
11362,trump s social media company opens new avenue for conflicts of interest ethics experts say trump media now a publicly traded company would present a new way for foreign actors or others to influence donald j trump if he is elected president,,NA
11364,thursday briefing russia s online attack on ukraine aid plus stephen king s greatest hits,,NA
11367,sean combs s legal troubles what we know federal agents executed search warrants at his homes in los angeles and miami beach and he faces several civil lawsuits accusing him of rape and sexual assault,,NA
11371,man charged with killing 4 in stabbing rampage blames drugs while a motive for the killings was not clear the suspect charged in a deadly attack in rockford ill told detectives that he had become paranoid after smoking marijuana given to him by one of the victims,,NA
11372,israel and hezbollah trade fire with deaths reported on both sides the exchange came as a u n cease fire demand appeared to be having little effect on the war in gaza and pressure increased on neighboring jordan to sever ties with israel,hezbollah,Lebanon
11372,israel and hezbollah trade fire with deaths reported on both sides the exchange came as a u n cease fire demand appeared to be having little effect on the war in gaza and pressure increased on neighboring jordan to sever ties with israel,gaza,Palestine
11380,trump spreads apparent hoax in attacking judge s daughter donald trump said a photo of him behind bars on loren merchan s x account meant he could not get a fair trial but a court official said someone had appropriated the account,,NA
11383,quotation of the day one grieving mother steps forward to urge a compromise on guns quotation of the day for thursday march 28 2024,,NA
11385,one satellite signal rules modern life what if someone knocks it out threats are mounting in space gps signals are vulnerable to attack their time keeping is essential for stock trading power transmission and more,,NA
11388,what is going on in pakistan divisions in the all powerful military make the country s future difficult to predict,,NA
11392,why russia s vast security services fell short on deadly attack the factors behind the failure to prevent a terrorist attack include a distrust of foreign intelligence a focus on ukraine and a distracting political crackdown at home,,NA
11395,life on both sides of the wall at guantanamo bay season 4 of the serial podcast nearly a decade in the making tells an insider history of the infamous american military prison,,NA
11399,are glue traps too cruel to use in the fight against mice and rats a bill would ban the sale and use of the traps in new york but some exterminators say the method is no worse than other ways of killing rodents,,NA
11416,he s got a plan for cities that flood stop fighting the water a landscape architect in china has a surprising strategy to help manage surges of water from storms supercharged by climate change,,NA
11426,is threads the good place an alternative to x it turns out is just another battlefield,,NA
11430,the menu that has made one jose andres restaurant endure a look behind the scenes at zaytinya which over two decades has remained one of the globe trotting humanitarian s most beloved spots,,NA
11434,in raymond saunders s paintings an education on how to rebel post no bills a four decade overview of the artist s work is a sprawling map of his searching mind and hard to categorize work,,NA
11440,biden fighting for credit and raising cash gets help from clinton and obama a fund raiser on thursday intends to raise 25 million to help re elect the president who has amassed a roster of achievements but whose approval ratings are the lowest of the three,,NA
11444,a simple new technique could make your eggs more humane a system that determines the sex of chicks before they hatch eliminates the need to destroy young males,,NA
11448,on the upper west side a good kitchen and room to grow which home did they choose looking to explore a new neighborhood in manhattan and create a better work setup a couple embarked on a search for a prewar two bedroom,,NA
11457,what we know about palestinians detained in israel since oct 7 israel has detained thousands of palestinians suspected of militant activity rights groups allege that israel has abused some detainees or held them without charges,,NA
11459,the beautiful game review a different kind of world cup this heart string tugging netflix movie about a homeless soccer team featuring bill nighy and micheal ward puts the emphasis on play and uplift,,NA
11468,a fiery finale for a rocket that brings the heat the delta iv heavy a rocket that briefly bursts into flame just before it lifts off is set to launch for the last time soon,,NA
11472,when richard serra s steel curves became a memorial the sculptor had a breakthrough in the late 1990s with his torqued metal rings then the attack on the world trade center which serra witnessed gave them a sudden new significance,,NA
11489,godzilla x kong the new empire review running out of steam the latest in the warner bros monsterverse franchise shows signs of an anemic imagination,,NA
11491,credit card swipe fees are going down are points going with them a new agreement by visa and mastercard to reduce fees charged to merchants may drain the lucrative rewards that grant free travel to many credit card users,,NA
11492,new york will test gun detecting technology in subway system mayor says in the wake of a deadly attack in the system earlier this week new york officials are searching for ways to make subway riders feel safer,,NA
11498,man is charged with murder in fatal shooting of n y p d officer guy rivera killed officer jonathan diller during a traffic stop the police said mr rivera was also charged with attempted murder for aiming his gun at a second officer the authorities said,,NA
11502,new senate leadership tussle is a throwback to the old days current senate leaders haven t had to fight too hard for their jobs but republicans now face a real contest to replace mitch mcconnell,,NA
11505,trump attends wake for slain n y p d officer former president donald j trump attended a wake on thursday honoring a new york city police officer who was killed in queens during a traffic stop on monday evening,,NA
11506,garbage lasagna dumps are a big driver of warming study says decades of buried trash is releasing methane a powerful greenhouse gas at higher rates than previously estimated the researchers said,,NA
11508,trump s defense team argues first amendment prohibits georgia charges fulton county prosecutors say donald j trump s comments about the 2020 election were meant to advance a broad criminal scheme to overturn the election results,,NA
11509,outcry in france as principal steps down over head scarf incident a paris school principal received online death threats after he was involved in an altercation with a muslim student over her head scarf sparking outrage in a country still scarred by the killing of two teachers,,NA
11511,the judge cracks down justice juan merchan has warned donald trump and his lawyers to be on good behavior during the hush money trial,,NA
11514,a first step toward a global price on carbon a tax on ship emissions could have an impact on almost everything we buy,,NA
11515,dal is the ultimate comfort food cheap unfussy and adaptable these lentils call up warming memories of home and family for many south asians,,NA
11518,putin offers both reassurance and threat on a wider war president vladimir v putin said that claims russia planned to invade other countries were nonsense but warned them against hosting warplanes meant for ukraine,,NA
11526,how the israel hamas war has roiled tiktok internally the video app has been criticized for how it has handled posts users see about the war some of the same tensions have also played out inside the company,hamas,Lebanon
11526,how the israel hamas war has roiled tiktok internally the video app has been criticized for how it has handled posts users see about the war some of the same tensions have also played out inside the company,hamas,Palestine
11533,they never came home bridge collapse casts a pall over baltimore s hispanic community the six men who were killed were all immigrants from latin america their deaths have shaken the growing hispanic community in and around baltimore,,NA
11541,cataclysmic situation in haiti leaves 1 500 dead in gang violence the united nations on thursday said poor governance and increasing levels of gang violence had brought state institutions close to collapse,,NA
11542,trump attending wake of slain n y p d officer pushes campaign message on crime mr trump called the officer s death a horrible tragedy and as he often does on the trail broadly called for a crackdown on violent crime without mentioning specific policies,,NA
11545,fighting rages around two gaza hospitals as pressure on israel rises israeli forces are battling to retake areas they had already seized showing the militants resilience as critics call for less destructive tactics in the war,gaza,Palestine
11547,force of ship impact was on the scale of a rocket launch a times analysis used preliminary data to estimate the force of the impact on the baltimore bridge it involved more energy than you can really get your mind around an expert said,,NA
11549,4 presidents 2 events and a preview of campaign clashes to come president biden raised 25 million at a radio city music hall event adding to his huge cash edge after donald trump pushed his law and order message at a wake for a police officer killed on duty,,NA
11553,variety marching bands to solve sam ezersky s puzzle go forward,,NA
11557,georgia lawmakers approve tougher rules on immigration after student s killing a bill prompted by the death of laken riley a 22 year old nursing student would force law enforcement agencies to report undocumented immigrants to federal officials,,NA
11570,putin s next escalation is coming even without the terror attack in moscow last week the russian president was primed to step up his assault on ukraine,,NA
11576,inside a high stakes fight to limit social media s hold on children a push by leading democrats to restrict how social media companies use algorithms to serve content to children has been met by a high stakes lobbying effort,,NA
11581,a twisty gloriously grim novel that makes for great listening a brother and sister battle for supremacy in 19th century newfoundland in michael crummey s latest novel the adversary,,NA
11584,rise of the ronin sends players into a chaotic japan team ninja showed its talent for finely tuned combat in games like ninja gaiden and nioh its first open world game presents new design challenges that are not always met,,NA
11589,an idyll on the shores of a toxic lake the town of bombay beach calif offers its residents a tight knit community in the midst of catastrophe,,NA
11599,why jonathan haidt is wildly optimistic about gen z the social psychologist and author of the anxious generation talks about how to combat the toll of smartphones and social media,,NA
11601,why school absences have exploded almost everywhere the pandemic changed families lives and the culture of education our relationship with school became optional,,NA
11605,as bridge cleanup gets underway officials warn of daunting process clearing the debris from the collapsed francis scott key bridge will be a complex but urgent task officials said and rebuilding it may take several years they cautioned,,NA
11607,stock market surges to start the year 22 record highs in 3 months the s p 500 rising 10 percent set the pace as investors looked forward to interest rate cuts,,NA
11616,hamas took her and still has her husband the story of one family at the center of the war in gaza,hamas,Lebanon
11616,hamas took her and still has her husband the story of one family at the center of the war in gaza,hamas,Palestine
11616,hamas took her and still has her husband the story of one family at the center of the war in gaza,gaza,Palestine
11621,girl 8 is sole survivor of bus plunge no one can explain this miracle forty five church pilgrims from botswana along with the driver were killed when the bus plunged off an overpass into a rocky ravine in south africa the only survivor was a little girl,,NA
11626,a common link in mideast conflicts iran and its proxies a monitoring group said that an israeli strike on syria hit multiple targets including a weapons depot belonging to hezbollah the iran backed lebanese militia here s a closer look at iran s proxies in the region,hezbollah,Lebanon
11630,biden and trump appeal to their voters and address their weaknesses president biden and donald j trump are trying to defang some of the most damaging lines of attack against them another sign that the tight campaign for president is intensifying as the country moves into the election year,,NA
11637,why it s so expensive to live in phoenix arizona is a presidential election battleground state and a dire shortage of affordable housing there is sowing economic anxiety among voters,,NA
11642,five horror movies to stream now a fanatical faith leader aggressive home invaders and disfigured attention hogs are among the subjects of this month s horror picks,,NA
11648,heart pump is linked to 49 deaths the f d a warns the agency faulted the device maker for delayed notice of mounting complications citing increasing reports of how use of the device perforated the walls of the heart,,NA
11656,4 things you need to know about health care cyberattacks despite the explosion in ransomware hacks like the one against change healthcare regulation is spotty and few new safeguards have been proposed to protect patient data vulnerable hospitals and medical groups,,NA
11671,alice coltrane s explosive carnegie hall concert and 7 more new songs hear tracks by st vincent ani difranco camila cabello and others,,NA
11675,dating on apps and the old fashioned way different ways of dating also donald trump and louis xiv the stakes in the election the music business killing animals memo to liberals,,NA
11685,read the defense s application to appeal lawyers for former president donald j trump and eight of his co defendants in the georgia election interference case asked an appeals court to take up their challenge of a judge s ruling that allowed the prosecutor fani t willis to stay on the case,,NA
11687,airstrikes kill soldiers in syria in apparent israeli attack israel s military did not immediately comment on the syria strikes but its defense minister said israel would pursue hezbollah an iran backed militia every place it operates,hezbollah,Lebanon
11689,renegade nell review when the highwayman is a superwoman in a new series for disney the creator of happy valley and last tango in halifax imagines a sometimes superpowered 18th century justice warrior,,NA
11690,why russia is protecting north korea from nuclear monitors the monitors have provided vivid evidence of how russia is keeping pyongyang brimming with fuel and other goods presumably in return for weapons that russia can use in ukraine,,NA
11691,iowa fertilizer spill kills nearly all fish across 60 mile stretch of rivers officials in iowa and missouri estimated that nearly 800 000 fish had died in waters that flow into the missouri river,,NA
11700,paula weinstein hollywood veteran and political activist dies at 78 raised by a mccarthy era rebel the producer and journalist hannah weinstein she followed her mother s path into movies and television advocacy and action,,NA
11703,bacteria that cause meningitis are spreading again c d c warns more than 140 cases have been reported so far this year far exceeding last year s pace federal health officials said,,NA
11710,dispute over conscription for ultra orthodox jews presents new threat to netanyahu prime minister benjamin netanyahu s cabinet is divided about whether ultra orthodox jews should be required to join the israeli army,,NA
11711,trump shares video featuring image of a hog tied biden the social media post reflects the increasingly violent and personal attacks that donald j trump has employed during the presidential campaign,,NA
11712,the night government expands its violent reach in rohingya camps gunfights kidnappings and homicides have become widespread in the refugee settlements in bangladesh as armed groups and criminal gangs have become more brazen,,NA
11714,some potential trump witnesses get carrots michael cohen got the stick former president donald j trump has taken different approaches to those who may testify at his trials some he attacks publicly others he rewards for loyalty,,NA
11718,thousands of mourners attend funeral of n y p d officer on long island the killing of officer jonathan diller who was shot in the line of duty has become a political flashpoint mayor eric adams and the police commissioner spoke at the services,,NA
11724,troop starved ukrainian brigades turn to marketing to attract recruits many units which say the official conscription system is dysfunctional and unwieldy have started their own recruitment campaigns to fill ranks depleted in the war with russia,,NA
11737,for disney small shareholders loom large in boardroom fight individuals hold as much as 40 percent of the company s shares and they may decide a proxy battle that is one of the most expensive in history,,NA
11745,punjabi wave music hits the juno awards stage karan aujla 27 became the first punjabi artist to win an award at the junos as the genre expands its fan base in canada,,NA
11758,a times photographer went on a gaza airdrop here s what he saw as humanitarian groups warn of a looming famine in northern gaza airdrops are playing a prominent role in efforts to deliver food and supplies even if they are less efficient than delivery by truck,gaza,Palestine
11765,i quit says lizzo citing online criticism and ridicule the grammy award winning singer said on instagram that she was starting to feel like the world doesn t want me in it,,NA
11774,chance perdomo star of chilling adventures of sabrina dies at 27 mr perdomo who died in a motorcycle accident on friday played the pansexual warlock ambrose spellman in the netflix series,,NA
11780,india s silicon valley faces a water crisis that software cannot solve bengaluru gets plenty of rain but the city did not properly adapt as its soaring population strained traditional water sources,,NA
11782,a russian defector s killing raises specter of hit squads the death in spain of maksim kuzminov a pilot who delivered a helicopter and secret documents to ukraine has raised fears that the kremlin is again targeting its enemies,,NA
11792,a warhol superstar but never a star cynthia carr s compassionate biography chronicles the brief poignant life of the transgender actress candy darling whose very existence was radical,,NA
11796,boots backpack and a ubiquitous app fourteen years and one apple app of the year award in alltrails has become something rare a tool that works for both experts and newbies,,NA
11801,hollywood s new fantasy a magical colorblind past films and tv shows keep reimagining history as a multiracial dream world is that really a step forward,,NA
11802,in yemen renewed conflict and rising hunger stalk a lean ramadan airstrikes crippling inflation and a drop in foreign aid are raising alarms about a new humanitarian crisis in the world s poorest arab country,,NA
11811,thousands protest in tel aviv against netanyahu s government some scuffles broke out between police officers and demonstrators calling for the government to strike a cease fire deal to free the hostages held in gaza,gaza,Palestine
