news_index,nyt_txt,country
2,u s helicopters sink 3 houthi boats in red sea pentagon says iranian backed houthi gunmen from yemen had fired on american helicopters responding to an attack on a commercial ship american officials said,yemen
3,in times square hundreds of thousands ring in 2024 new year s celebrations took place as protesters against the israel hamas war staged demonstrations in midtown manhattan,palestine
38,israel says it will pull several brigades from gaza strip analysts say the announcement could signal a shift to the more limited and targeted war against hamas that the united states has been urging,palestine
48,a gaza mayor s view of the conflict readers discuss a guest essay about the war s toll in gaza also western businesses in russia abortion pill case dogs and social media,palestine
106,my second trip to gaza was as a hostage i will never return an israeli woman kidnapped in the oct 7 attack on israel by hamas recalls a visit to the gaza strip in another lifetime,palestine
121,the twin fronts in the battle over israel s identity monday s court ruling joined the war in gaza in a widening crisis over what kind of state israel will be,palestine
137,top hamas official is killed in lebanon as fears grow of a wider war the israeli government would not comment on the death of saleh al arouri but a u s official said to expect israel to assassinate hamas officials for years,palestine
144,who was saleh al arouri the senior hamas leader killed in beirut the hamas deputy who the group said had been killed helped usher in closer ties with the iran backed hezbollah militia and was accused of masterminding attacks in israel,palestine
144,who was saleh al arouri the senior hamas leader killed in beirut the hamas deputy who the group said had been killed helped usher in closer ties with the iran backed hezbollah militia and was accused of masterminding attacks in israel,lebanon
157,wednesday briefing beirut blast kills senior hamas leader plus the great winter festivals of asia,palestine
160,netanyahu allies signal pause in campaign to rein in judges with israel fighting in gaza people on both sides of the judiciary debate appear unwilling to return to the domestic upheaval that preceded the war,palestine
161,who is alan garber harvard s interim president dr garber is an economist and physician who told the harvard crimson that he regretted the university s initial statement in response to the israel hamas war,palestine
166,harvard s president resigned after plagiarism accusations also a senior hamas leader was killed in beirut here s the latest at the end of tuesday,palestine
171,hamas used gaza hospital as a command center u s intelligence says israeli forces stormed the site in november drawing intense international scrutiny and criticism,palestine
181,wednesday briefing the killing of a hamas leader,palestine
184,hamas blames israel for the death of a senior official in lebanon israel and the surrounding region were on edge wednesday a day after the assassination of a top hamas leader in lebanon heightened worries that the war in gaza could spill over into a broader conflict,palestine
224,top hamas official is killed and harvard president resigns hear the news in five minutes,palestine
225,the new campus politics the resignation of harvard s president shows how the hamas attacks have scrambled campus politics,palestine
226,al arouri s killing is a blow to hamas though likely not a debilitating one analysts say the killing of saleh al arouri deprives hamas of one of its most skilled tacticians who helped route money and weapons to its operatives in gaza and elsewhere in the middle east and integrated the group more tightly into iran s network of forces committed to fighting israel according to analysts,palestine
245,leader s killing is a blow but not a knockout for hamas the killing of saleh al arouri a key hamas strategist in lebanon sets the organization back at a vulnerable time the group has rebuilt after the assassination of other leaders though,palestine
279,israel says it dismantled a hamas built tunnel under a gaza hospital the israeli military says the tearing down was done in november and that hospital wasn t damaged in the process,palestine
287,hezbollah s leader pledges revenge for killing of a hamas leader in beirut yesterday s crime will not go unpunished hassan nasrallah warned ominously but he gave no specifics saying he would speak again on friday,lebanon
287,hezbollah s leader pledges revenge for killing of a hamas leader in beirut yesterday s crime will not go unpunished hassan nasrallah warned ominously but he gave no specifics saying he would speak again on friday,palestine
295,attacks heighten fears of a wider war for the middle east and u s the killing of a top hamas leader in lebanon and mysterious twin explosions in iran heighten fears of a regional war that could draw in the united states,palestine
302,israelis worry a blow against hamas may bring blowback israelis welcomed news that a top palestinian militant had been killed but feared that it might impede the release of hostages and kindle a broader war,palestine
445,towns empty and farms languish as war stalks israeli lebanese border more than 150 000 people have been driven from their homes on both sides of the frontier as israeli forces clash with hezbollah militants,lebanon
464,the u s secretary of state begins a mideast trip amid worries of broader conflict secretary of state antony j blinken was set on friday to begin a diplomatic tour through the middle east as the biden administration seeks to defuse tensions in the region where fears are growing that the war in gaza could spiral into a broader conflict,palestine
471,residents near israel lebanon border live with uncertainty as the conflict between israel and hezbollah escalates some israeli residents are making trips back to their homes along the border with lebanon despite orders to stay away while others wait with uncertainty,lebanon
476,a palestinian man vanished oct 7 his family wants to know who killed him soheib abu amar who lived in east jerusalem was captured by hamas during its attack on israel his brothers spent weeks investigating what happened next,palestine
529,bring them home families of american hostages in gaza release tv ad the 30 second spot is set to air on cable channels and during sunday network news programs in the united states for the next several weeks,palestine
549,hezbollah s leader says it would not negotiate peace with israel until war in gaza ends in a televised speech hassan nasrallah addressed israeli citizens directly warning that they will be the first to pay the price unless the military action stops,lebanon
549,hezbollah s leader says it would not negotiate peace with israel until war in gaza ends in a televised speech hassan nasrallah addressed israeli citizens directly warning that they will be the first to pay the price unless the military action stops,palestine
598,as pressure mounts israeli minister proposes plan for postwar gaza the plan exposed divisions in israel s war cabinet as secretary of state antony j blinken returned to the middle east on friday in an effort to ease escalating tensions,palestine
619,as gaza losses mount under strikes dignified burials are another casualty the lucky are those who have someone to bury them when they die dr mohammad abu moussa a radiologist at one gaza hospital said of those killed by israeli airstrikes,palestine
637,in frothy awards season what role will israel hamas war play stars are increasingly vocal about political issues but the mideast conflict has divided hollywood magnifying the choice of whether to discuss the topic or remain silent,palestine
640,hezbollah fires rockets at israel in response to killing in beirut israel said it had fired back at militants involved in the rocket launches but the exchange stopped short of a major escalation,lebanon
676,dignified burials have become another casualty in gaza for four days kareem sabawi s body lay wrapped in a blanket in a cold empty apartment as his family sheltered nearby he was killed during intense israeli bombardment near his family home his father and mother said and in the days that followed it was too dangerous to step outside and lay their 10 year old child to rest,palestine
692,war brings tensions and assault rifles into an israeli college at the university of haifa more than 40 percent of students are arab some with family in gaza and many others have now been called up as soldiers,palestine
710,two more journalists killed in gaza including son of al jazeera reporter hamza al dahdouh the son of al jazeera s gaza bureau chief and a second reporter were killed in what officials in the territory said was an israeli airstrike two others were wounded,palestine
726,as west bank violence rises israel vows to pursue military goals in gaza diplomats toured the mideast sunday on a mission to stop the war from widening but tensions in the gaza strip spread across the region,palestine
792,blinken says saudi arabia remains interested in diplomatic ties with israel the u s secretary of state on a trip to the middle east that included a meeting with the saudi crown prince said such a move would require an end to fighting in gaza and steps toward a palestinian state,palestine
807,pro palestinian demonstrators block n y bridge and tunnel traffic hundreds of demonstrators protesting israel s bombardment of gaza blocked the manhattan entrance to the holland tunnel and disrupted traffic on three major bridges,palestine
813,israel says its military is starting to shift to a more targeted gaza campaign israeli officials privately say that they hope to complete the transition by the end of january but that the timeline could change,palestine
814,tiktok quietly curtails data tool used by critics people and groups had harnessed the tool to scrutinize content on the site related to the israel hamas war and other topics,palestine
825,protesters calling for gaza cease fire interrupt biden speech a group of protesters chanted cease fire now biden supporters countered with four more years,palestine
843,here s what to know about hezbollah s radwan force the elite unit of the lebanese armed group lost a commander in a strike on monday,lebanon
865,israeli strikes in lebanon kill hezbollah commander militia says the latest strikes across israel s northern border came as the u s secretary of state made another trip to the middle east in efforts to prevent a wider war,lebanon
873,tuesday briefing israel s next phase of the war in gaza,palestine
909,the hard truth of israel s endgame in gaza peter beinart warns that the country is committing a sin that cannot be atoned for,palestine
912,for gaza s pregnant women and newborns the war will never be over even if the war ends tomorrow its effects will last a lifetime for new mothers and their children,palestine
919,a glimpse inside a devastated gaza in the ruins of two gazan towns new york times journalists witnessed the sheer destruction that israel s war has wrought and the devastation of hamas s operations,palestine
923,saudi israel ties depend on steps toward a palestinian state blinken says in meetings with israeli leaders the u s secretary of state held out the prospect of saudi recognition to prod israel to curb combat operations in gaza and accept a path to palestinian statehood,palestine
934,israel shifting war tempo tailors its messages for home and abroad israeli officials have told foreign journalists that they are starting to slow military operations in gaza while assuring the israeli public that the war against hamas will go on,palestine
943,israel says it killed another hezbollah commander after back and forth attacks a deadly airstrike,lebanon
950,fauda actor is seriously injured fighting in gaza the actor idan amedi underwent surgery to remove shrapnel from his body and was expected to recover israeli news media reported,palestine
1036,the agony and determination of sderot the mayor of an israeli town attacked by hamas on oct 7 describes the devastation the will to recover and the source of its resilience,palestine
1061,u n expert will investigate reports of sex crimes by hamas israel says the official accepted israel s invitation and is expected to go there soon the foreign ministry said hamas has denied that its fighters committed sex crimes during the oct 7 attacks,palestine
1063,blinken meets with abbas to talk about gaza s future the u s secretary of state spoke with mahmoud abbas the leader of the palestinian authority about the role the authority might play after israel s war with hamas,palestine
1068,how the war with hamas has damaged israel s tech firms and economy israel s technology sector a key part of the economy has been jolted by worker shortages and funding fears which could drive a wider slowdown in 2024,palestine
1136,thursday briefing the fight against houthi rebels preview also violence in ecuador,yemen
1154,hamas says hostages won t go home alive as long as israeli forces remain in gaza netanyahu faces growing pressure to get the more than 100 hostages still held in gaza home safely,palestine
1174,thursday briefing houthi attacks in the red sea,yemen
1230,the threat of a wider war in the middle east a string of attacks have heightened fears that the war in gaza could become a regional conflict,palestine
1231,blinken meets with el sisi in egypt to discuss plight of palestinians in gaza the u s secretary of state also planned to talk about how to prevent the violence in the mideast from escalating further as iran backed militias ramp up attacks,palestine
1233,inspections bottlenecks and safety concerns hinder gaza aid obstacles at two border crossings are exacerbating a growing humanitarian crisis according to two u s senators and officials with the u n and other groups,palestine
1258,indiana university cancels major exhibition of palestinian artist samia halaby an 87 year old artist has been outspoken in her support of palestinians during the israel gaza war,palestine
1269,looming starvation in gaza shows resurgence of civilian sieges in warfare a u n affiliated panel said the territory could tip into famine very soon international laws to protect people from human made famines offer little help,palestine
1282,israel and hamas are in talks to deliver medicine to hostages in gaza more than 120 hostages are believed to still be held in gaza and many suffer from health conditions that require regular medical care,palestine
1310,blinken talks a grand vision for mideast peace but hits a wall in israel secretary of state antony j blinken conducted marathon diplomacy around the region but israeli leaders focused on war with hamas showed no interest in meeting demands like palestinian statehood,palestine
1331,u s missiles strike targets in yemen linked to the houthi militia the american led strikes came in response to more than two dozen houthi drone and missile attacks against commercial shipping in the red sea since the israel hamas war began,yemen
1331,u s missiles strike targets in yemen linked to the houthi militia the american led strikes came in response to more than two dozen houthi drone and missile attacks against commercial shipping in the red sea since the israel hamas war began,palestine
1338,who are the houthis and why is the u s attacking them the iranian backed militia has launched dozens of attacks on commercial ships in the red sea since the war between israel and hamas started,palestine
1341,read biden s full statement on the strikes in yemen the president directed u s military forces to strike a number of targets used by the houthi militia after attacks on ships in the red sea,yemen
1347,u s and allies hit yemen with airstrikes videos verified by the new york times show explosions in yemen that targeted the houthi militia group which has been responsible for attacks against commercial shipping in the red sea,yemen
1455,the regional war no one wanted is here how wide will it get with the u s led attacks in yemen there is no longer a question of whether the israel hamas war will escalate into a wider conflict the question is whether it can be contained,palestine
1457,with genocide case against israel south africa challenges western led order after arguing its genocide case against israel at the international court of justice south africa won praise for standing up for palestinians under israeli bombardment in gaza,palestine
1458,c i a homes in on hamas leadership u s officials say a new task force at the spy agency is also working to boost intelligence collection on hostages still held in gaza,palestine
1481,gaza is facing yet another communications blackout it is the ninth blackout the enclave has endured since the war began in early october,palestine
1511,u s strikes against houthis in yemen for second day as conflict escalates the military fired at a target in response to rising attacks on red sea shipping which the houthis linked to the war between israel and hamas,palestine
1516,u s led strikes leave yemen back on the brink of war yemen s houthi militia shaped by years of civil war says that it welcomes a battle with the united states and that strikes will not stop its red sea attacks,yemen
1552,u n warns gaza is heading for famine as specter of wider war looms officials of the iran backed houthi militia in yemen threatened to respond to american led airstrikes over the past two days,palestine
1552,u n warns gaza is heading for famine as specter of wider war looms officials of the iran backed houthi militia in yemen threatened to respond to american led airstrikes over the past two days,yemen
1556,the things we disagree on about gaza readers challenge me on my criticism of israel s bombardment,palestine
1575,two seal team members missing after incident off somalia coast the sailors were said to have disappeared into the water after a vessel boarding attempt pentagon officials said the episode was not related to recent clashes with the houthi militia in yemen,yemen
1619,as war enters 100th day netanyahu vows to keep fighting in gaza the prime minister of israel struck a defiant tone after hearings at the hague where israel has been accused of genocide,palestine
1662,monday briefing 100 days of war in gaza,palestine
1684,they thought they knew death but that didn t prepare them for oct 7 volunteers with zaka an israeli group that recovers dead bodies were among the first to reach the victims of the hamas led attacks the trauma of what they witnessed may last a lifetime,palestine
1709,the iowa caucuses and 100 days of war in gaza hear the news in five minutes,palestine
1712,hamas says two more israeli hostages are dead the group said the two were killed by israeli airstrikes which the israeli military said was at least partly false,palestine
1739,israeli teenager recounts her time as a hostage in gaza hila rotem shoshani 13 is the youngest of the hostages freed from gaza to speak out about the harsh conditions in which they were held,palestine
1777,tuesday briefing a houthi attack on a u s owned ship,yemen
1826,israel unearths more of a subterranean fortress under gaza the israeli military has been surprised by the extent depth and quality of the tunnel network beneath gaza,palestine
1835,2 missing seals were on mission to stop yemen bound iranian weapons u s says the seized items including missile guidance systems and warheads were for the iran backed houthi militia which has been targeting ships in the red sea the pentagon said,yemen
1861,u s strikes houthi targets in yemen for a third time the american strikes destroyed four missiles that posed a threat to ships in the red sea the pentagon said they came on the third day in a row the houthis have defiantly fired at passing ships,yemen
1904,hamas rocket barrage stirs debate in israel over direction of war right wing lawmakers said the attack on tuesday showed the folly of withdrawing some troops from the gaza strip while israel s government faces international pressure to scale back further,palestine
1999,phone and internet service in gaza is down for a seventh day it is the longest blackout since the start of the war according to the strip s main communications company which says it is unable to make repairs amid the fighting,palestine
2048,as fighting intensifies in southern gaza palestinians flee hospital refuge israel and hamas are battling near a hospital in khan younis near where the military said it had detected mortar fire about 7 000 people had sought shelter on the hospital grounds the u n said,palestine
2063,ann arbor school board passes resolution supporting cease fire in gaza in a raucous meeting the board became one of the first in the country to vote for a statement supporting an end to hostilities in the israel hamas war,palestine
2075,will tourists return to the middle east after the israel hamas conflict decimated travel in the middle east last year some countries are seeing a rebound in bookings welcome news to a region heavily reliant on foreign visitors,palestine
2100,see the rapid expansion of tent camps in southern gaza satellite images show the huge influx of displaced people in rafah as more evacuees have moved south to avoid areas under israeli bombardment,palestine
2110,fighting near gaza hospital and trump sharpens attacks on haley hear the news in five minutes,palestine
2139,houthi leader says clash with u s will strengthen militia group abdul malik al houthi said in a televised speech that the houthis had always emerged stronger from confrontations with their enemies,yemen
2158,netanyahu rebuffs u s calls to start working toward palestinian statehood the biden administration and the israeli government diverge sharply over how gaza should be governed when the war ends,palestine
2175,why iran is the common link in conflicts from gaza to pakistan iran s long history of building up proxy forces that fight its enemies around the region as well as its conflicts with separatist and terrorist groups have played into a spate of recent conflicts,palestine
2180,war is on the agenda in davos but the focus is elsewhere the leaders and executives gathering at the world economic forum are obsessed with elections and artificial intelligence not ukraine or gaza,palestine
2189,justice department found unimaginable failure in uvalde response also fighting has eased in northern gaza here s the latest at the end of thursday,palestine
2214,israeli women fight on front line in gaza a first after a long struggle for acceptance israel s female combat soldiers are pushing new boundaries after rushing into battle on oct 7,palestine
2264,israeli soccer player in turkey removed over gaza war post the player eden karzev was fined and moved to an israeli team he is the second israeli pro this week to run afoul of a turkish team for displaying pro israel messages,palestine
2303,netanyahu is turning against biden israel has been at war with hamas for over 100 days and still has over 100 hostages to recover but netanyahu s no 1 focus is netanyahu,palestine
2329,the u s strikes more houthi sites in yemen the strikes the sixth round in 10 days targeted houthi missiles that were poised to attack merchant and military vessels in the red sea according to a white house official,yemen
2353,divisions emerging in israel over gaza war protesters demanded action to free hostages a war cabinet minister criticized the military campaign and the israeli prime minister publicly ruled out a two state solution rebuffing the u s,palestine
2399,in strategic bind israel weighs freeing hostages against destroying hamas some israeli commanders said the government s two main goals were mutually incompatible to eradicate hamas the military would have to engage in a lengthy war that would most likely cost the hostages lives,palestine
2415,no end in sight evacuated israeli city braces for possible war with hezbollah as tensions escalated on israel s northern border with lebanon after oct 7 israel evacuated tens of thousands of residents from the region including from kiryat shmona a town with 24 000 people months later evacuees remain in limbo and the mayor insists they cannot return until hezbollah militants are pushed back,lebanon
2419,no end in sight evacuated israeli city braces for possible war with hezbollah as tensions escalated on israel s northern border with lebanon after oct 7 israel evacuated tens of thousands of residents from the region including from kiryat shmona a town with 24 000 people months later evacuees remain in limbo and the mayor insists they cannot return until hezbollah militants are pushed back,lebanon
2444,how houthi attacks have upended global shipping hundreds of ships are avoiding the red sea and sailing an extra 4 000 miles around africa because of the houthi attacks and it comes at considerable economic cost,yemen
2488,deep under gaza evidence of cells and hostages israel says the israeli military took reporters on a tour of an underground compound in the gazan city of khan younis where it says about 20 hostages were held by hamas,palestine
2490,u n chief says gaza death toll is unacceptable as it passes 25 000 palestinian authorities said on sunday that more than 25 000 people had been killed in the gaza strip in the israel s military response to the oct 7 attacks,palestine
2517,monday briefing the latest from the war in gaza,palestine
2564,the rules of war what does international law say about israel s attack on gaza,palestine
2566,the decline of deaths in gaza the daily death toll in gaza has fallen in half over the past month reflecting a change in war strategy,palestine
2568,in a sign of the war s shift daily deaths in gaza are falling data shows for more than a month now the biden administration and other allies of israel have been urging its leaders to scale back the war in gaza and reduce civilian casualties it s now clear that israel s leaders have followed the advice at least partially the most tangible sign of the change is the decline in deaths among gazan residents as reported by the hamas controlled local government,palestine
2590,fighting intensifies in southern gaza and its main city khan younis the whole district of khan younis is essentially besieged a spokeswoman for the palestinian red crescent society said,palestine
2631,new york city schools will teach about antisemitism and islamophobia all middle and high school principals will receive new training after the system faced criticism for doing too little to address the israel hamas war,palestine
2647,israel e u meeting on gaza s future yields division and confusion europeans insisting on palestinian statehood are frustrated by israel s opposition and lack of a postwar plan for the devastated gaza strip,palestine
2704,israel says its military has encircled khan younis in gaza the fighting in the southern city has involved heavy exchanges of gunfire and a surge of tanks and troops into areas around hospitals,palestine
2754,there is no safety gazans scramble to find shelter as israeli attacks intensify palestinians in gaza are packing up and moving on some for the fifth sixth or seventh time,palestine
2794,israeli soldiers clearing buffer zone in gaza die in blast on the deadliest day for israelis since the ground invasion against hamas began about 20 soldiers were killed as they prepared to level buildings near the border,palestine
2797,biden brushing off gaza protesters at rally calls for restoring abortion rights the event was interrupted by at least 10 people protesting the war in gaza but the president focused on calling attention to restrictive abortion laws,palestine
2811,the u s strikes 2 more houthi targets in yemen the attacks the ninth in two weeks hit anti ship missiles that the iran backed militia could use against merchant and navy ships in the region,yemen
2834,honed at home in yemen houthi propaganda is going global as the war in gaza gives the houthi militia an international audience the group has seized the opportunity to take its message far beyond yemen s borders,yemen
2834,honed at home in yemen houthi propaganda is going global as the war in gaza gives the houthi militia an international audience the group has seized the opportunity to take its message far beyond yemen s borders,palestine
2859,israel orders evacuation of packed gaza area with 2 major hospitals hundreds of thousands of people most of them already displaced by the war are in the evacuation zone part of the city of khan younis the united nations said,palestine
2885,britain s foreign secretary pressures netanyahu on more aid for gaza the scale of suffering in gaza is unimaginable david cameron said after his meeting with the israeli prime minister urging a sustainable cease fire,palestine
2907,israel and hamas s cease fire and hostage deal proposals what to know the negotiations continue but the sides are far apart on issues including the fate of hamas s top leadership in the gaza strip,palestine
2916,shipping costs soar in wake of red sea attacks ships risking houthi attacks must pay high insurance premiums while vessels avoiding the region lose time going around africa,yemen
2932,the daily stories on the conflict between israel and gaza listeners of the daily hear israelis and gazans express their fears hopes and experiences in real time,palestine
2960,israel tries to rebut genocide charge by declassifying cabinet decisions south africa has accused israel of committing genocide in gaza israel s legal team has challenged the charge by providing the court with secret orders made by israel s civilian and military leaders,palestine
2961,from opposite sides of war a hunt for elusive facts the israel hamas conflict has produced a prodigious amount of disinformation putting people who fact check claims especially those who live in the region back on their heels,palestine
3045,new resources for teaching about the israel hamas war here is an updated collection of new york times articles essays podcasts and videos to help students learn about the war media literacy dueling historical narratives and more,palestine
3060,plans for gaza s day after seem ever distant the very idea that there will be a clear line between war and peace is misleading given the politics security needs and anxieties of all sides,palestine
3078,what to know about the u n court s initial ruling in the genocide case against israel the international court of justice ruled that israel must take steps to prevent genocide in gaza but stopped short of demanding a stop to its military offensive,palestine
3102,u s sensing opportunity makes new push for gaza cease fire william burns the c i a director planned to meet israeli egyptian and qatari officials in europe to try to secure a deal to release the hamas hostages and a pause in the combat,palestine
3216,u n to investigate claim that employees participated in oct 7 attack the united states temporarily cut off funding to unrwa the agency that aids palestinians citing allegations that 12 of its workers were involved in the hamas led assault on southern israel,palestine
3225,genocide ruling has deep symbolism but little immediate effect the decision by the world court did not order israel to cease its war against hamas in gaza but the court made a move imbued with historical meaning,palestine
3228,does barbie deserve all the hype pamela paul thinks not our letter writers are split also donald trump s opposition to a border deal in congress an israel hamas cease fire,palestine
3256,u n court stops short of calling for cease fire in gaza the international court of justice ordered israel to take actions to prevent genocide against palestinians in gaza,palestine
3273,u n court orders israel to prevent genocide but does not demand stop to war the top united nations court in the hague did not rule on whether israel was committing genocide in gaza the accusation that south africa brought before the court,palestine
3308,how leaders and diplomats are trying to end the gaza war top american israeli and arab officials are seeking to forge three parallel but related deals that could end the war in gaza finalize its postwar status and most ambitiously set commitments for the creation of a palestinian state,palestine
3341,negotiators close in on hostage deal that would halt fighting in gaza for weeks a written draft agreement calls for the phased release of captives held by hamas in exchange for a cessation in israel s military offensive for about two months,palestine
3344,two days of horror doctor documents scene at nasser hospital dr ahmed moghrabi a surgeon who has worked at nasser medical complex for three years said that the pressure is very big at the hospital as israeli forces surrounded khan younis gaza,palestine
3360,where is hamas getting its weapons increasingly from israel the very weapons that israeli forces have used to enforce a blockade of gaza are now being used against them,palestine
3366,talks in paris will focus on a hostage deal that could pause the fighting in gaza american led negotiators are edging closer to an agreement in which israel would suspend its war in gaza for about two months in exchange for the release of more than 100 hostages still held by hamas a deal that could be sealed in the next two weeks and will be the subject of talks in paris on sunday,palestine
3371,black pastors pressure biden to call for a cease fire in gaza black congregants dismay at president biden s posture on the war could imperil his re election bid,palestine
3394,israel moves to block protesters from preventing flow of aid into gaza the israeli military has declared the area around the kerem shalom border crossing a closed military zone,palestine
3404,how unrwa donor countries have responded to israel s accusations some countries have re evaluated their support for the main u n agency in gaza after israel accused a dozen agency employees of participating in the oct 7 attacks,palestine
3416,pelosi wants f b i to investigate pro palestinian protesters the former house speaker suggested without offering evidence that some protesters calling for a cease fire in gaza had financial ties to russia and vladimir v putin,palestine
3418,details emerge on u n workers accused of aiding hamas raid israeli officials have presented evidence they say ties workers at a palestinian aid agency in gaza to violence during the hamas led attack on israel,palestine
3436,she issued a call to makejewishbabies some are taking it seriously irina barskaya a 33 year old woman in brooklyn felt a pull to have children with another jew after the oct 7 hamas attacks she s not the only one,palestine
3453,domicide the mass destruction of homes should be a crime against humanity what has happened to homes and lives in gaza is a stand alone crime even if it is physically rebuilt the trauma of losing homes will last for decades,palestine
3462,gaza s food crisis famine has become a central humanitarian concern in the enclave,palestine
3465,iran denies ordering drone strike as biden weighs a response the deaths of three u s service members were the first known fatalities from hostile fire since the start of israel s war against hamas,palestine
3496,mix up preceded deadly drone strike in jordan u s officials say the attack on sunday killed three army reservists the first known american military deaths from hostile fire in the turmoil spilling over from israel s war with hamas,palestine
3505,u n to study reports of sexual violence in israel during oct 7 attack a team from the united nations has arrived in israel to examine multiple reports of sexual violence during the hamas led attack,palestine
3519,heavy rain and cold worsen conditions for palestinians in gaza days of torrential rains have exacerbated the dire humanitarian crisis in gaza where tens of thousands of people are displaced,palestine
3523,u n agency for palestinians imperiled by terrorism charges donors have pulled funds for the main aid agency in gaza after allegations that some employees took part in the oct 7 attack but it is not clear who would fill the vacuum if it ran out of money,palestine
3531,officials propose to hamas a six week war pause and a hostage prisoner swap the united states israel egypt and qatar sketched out a bare bones framework in paris qatari officials are awaiting word from hamas,palestine
3587,the war the world can t see from outside gaza the scale of death and destruction is impossible to grasp shrouded by communications blackouts restrictions barring international reporters and extreme challenges facing local journalists,palestine
3598,israeli forces kill a hamas commander inside a west bank hospital military says surveillance video released by the palestinian authority shows several gunmen in apparent civilian clothing brandishing weapons in the hospital,palestine
3653,israeli military confirms it has begun flooding hamas tunnels it is the first time the military has publicly acknowledged using the tactic which the u n has warned could damage gaza s drinking water,palestine
3684,israel raids west bank hospital as clashes erupt with hamas in northern gaza the raid by a small team wearing medical garb killed a hamas commander it came as israel confirmed it was trying to flush militants out of tunnels with seawater and had renewed fighting in northern gaza,palestine
3695,frozen u s spending for u n in gaza is minimal state dept says just 300 000 is on hold after israeli claims that unrwa employees joined the oct 7 hamas attacks u s officials say,palestine
3742,we are not very far from an explosion as the war grinds on in gaza settler attacks are rising and palestinian anger is growing,palestine
3749,an israeli charity for palestinians grapples with oct 7 attacks before the war road to recovery helped bring sick gazans to israeli hospitals several of its volunteers died in the hamas attacks and donations to the group have slowed,palestine
3788,a federal judge dismisses a suit to block u s support of israel but urges biden to re examine his approach the judge after expressing regret that he was limited by constitutional precedent urged president biden to rethink u s policy on israel s military siege in the gaza strip,palestine
3792,israel s controlled demolitions are razing neighborhoods in gaza in addition to its aerial bombardment israeli ground forces have carried out a wave of large scale detonations destroying residential homes schools and mosques across the strip,palestine
3834,choosing rebirth over revenge after my release from gaza we can learn from holocaust survivors how to move forward after oct 7,palestine
3870,netanyahu s bind compromising in gaza or holding on to power at home to end the war in gaza and free the remaining israeli hostages prime minister benjamin netanyahu may have to cut deals that analysts say could end his government and potentially his career,palestine
4036,over 800 officials in u s and europe sign letter protesting israel policies the document was signed by government employees in 12 nations and e u institutions signers say their leaders policies could be contributing to war crimes in gaza,palestine
4118,what withholding funds to unrwa means for gaza after 12 employees of the u n agency were accused of participating in the oct 7 attack against israel some donor countries have suspended funding but more than a million people in gaza depend on the agency for aid,palestine
4134,israel signals its military will move into a gazan city turned refuge a u n official described rafah a refuge for hundreds of thousands of displaced people as a pressure cooker of despair it is one of the last cities in southern gaza that israeli ground forces have not reached,palestine
4167,as face of biden s israel policy blinken draws wrath of gaza war protesters demonstrators have turned up at the secretary of state s home and even splashed fake blood on his motorcade,palestine
4181,the world needs to stand by unrwa the foreign minister of norway explains why his nation is continuing to fund unrwa amid allegations of employees collusion with hamas in the oct 7 attack,palestine
4185,the 8 days that roiled the u n s top agency in gaza the crisis that threatens the future of the main united nations agency in gaza amid a humanitarian disaster began at a routine meeting between diplomats in tel aviv,palestine
4201,gaza rescuers go missing on mission to save girl trapped in a car the palestine red crescent said the girl named hind was in a car in northern gaza with six of her relatives who were all killed by israeli fire she was the sole survivor,palestine
4207,u s and u k launch heavy strikes on houthi sites in yemen the airstrikes meant to deter attacks on ships in the red sea came one day after the united states struck at other iran backed militias in iraq and syria,yemen
4279,u s strikes iranian backed targets for third day in a row the attack on houthi militants in yemen came as secretary of state antony blinken headed for the mideast to try to defuse escalating tensions,yemen
4302,what business leaders are saying about the red sea attacks the houthi attacks on commercial ships are driving up freight costs and adding delays to journeys with some companies affected more than others,yemen
4317,blinken s mideast visit and u s aid to israel are the focus in washington this week a trip back to the middle east by the united states top diplomat to continue talks on a possible cease fire deal highlights a week of high level wrangling over the war in gaza and beyond,palestine
4404,unrwa set to lose 65 million documents show the agency which plays a key role in the humanitarian crisis in gaza has received an influx of private donations but not enough to make up for the loss of international funding,palestine
4418,blinken meets saudi crown prince on mideast push for pause in gaza war the top u s diplomat spoke with saudi arabia s de facto ruler as he sought to broker a pause in the fighting his visit came the same day a drone struck a syrian base used by u s forces and their allies,palestine
4421,why biden is losing support among some religious black voters more than 1 000 black faith leaders are pressuring the biden administration to push for a cease fire in israel s war on hamas in gaza,palestine
4440,blinken travels to egypt and qatar in his bid to avert a wider regional war secretary of state antony j blinken met with leaders in egypt and qatar on tuesday the second day of a middle east tour aimed at preventing an exchange of attacks with iran backed militias from spiraling into a broader regional war and to rally allies around a proposed cease fire agreement for gaza,palestine
4457,houthi attacks and u s led strikes dash hopes for quick yemen peace deal a u n backed process to end yemen s nine year conflict appeared to be moving forward recently but then the war in gaza began and tensions spilled over,yemen
4457,houthi attacks and u s led strikes dash hopes for quick yemen peace deal a u n backed process to end yemen s nine year conflict appeared to be moving forward recently but then the war in gaza began and tensions spilled over,palestine
4459,what israeli soldiers videos reveal cheering destruction and mocking gazans an analysis of social media videos found israeli soldiers filming themselves in gaza and destroying what appears to be civilian property the footage provides a rare and unsanctioned window into the war,palestine
4476,group in michigan urges protest vote against biden over israel gaza war the democratic group is telling voters to mark uncommitted on their primary ballots,palestine
4495,displaced gazans wonder where to go as israel vows to keep pushing south speaking at a news conference on monday mr gallant said israeli ground forces would invade places that they still had not reached in central and southern gaza,palestine
4507,more than a fifth of hostages in gaza are dead israel says as israel and hamas inch closer to a deal to free hostages in exchange for palestinian prisoners and a cease fire the military disclosed that at least 30 of the captives still in gaza have been confirmed dead,palestine
4573,blinken says agreement is possible with hamas on a hostage deal secretary of state antony j blinken cautioned that there was still a lot of work to be done as the united states and its allies prepare to review hamas s response to their cease fire proposal,palestine
4583,hamas gives positive reply to gaza truce plan but odds remain murky u s and qatari leaders hinted at progress in talks for a truce and the release of hostages but it remains unclear how israel determined to crush hamas will respond to the group s counteroffer,palestine
4662,israel chooses a eurovision act as boycott campaigns swirl eden golan will represent the country in may in a contest that looks set to be overshadowed by the war in gaza,palestine
4711,u s strike in baghdad kills iranian backed militia commander the killing of a leader of kata ib hezbollah continued a series of strikes in retaliation for attacks on u s troops in the region including one that killed three americans in jordan,lebanon
4725,netanyahu spurns hamas offer for gaza cease fire the israeli prime minister said that the proposed deal would leave israel vulnerable to attack and that its forces were preparing to expand their operations,palestine
4726,the political perils of a black jewish rift over the war in gaza a divide bodes ill for democrats and perhaps even for palestinians,palestine
4744,under gaza s shadow syria faces a new welter of conflict fighting has surged on five fronts bringing more misery to syria s people,palestine
4755,netanyahu says israeli forces will soon enter rafah israel s prime minister said the military would soon go into to an area of gaza near the border with egypt where hundreds of thousands of displaced palestinians have fled something the united nations has said would be catastrophic,palestine
4767,navigating israel s war when one spouse is jewish and one is not for some couples figuring out how to talk about the war in gaza is a hurdle in the relationship but ultimately one that has brought them closer,palestine
4795,some hostages families say israel should keep fighting hamas a few relatives of hostages held in gaza argue that israel s military must not be too quick to end the war even if it prolongs their loved ones captivity,palestine
4798,the shaky u s israel alliance the war in gaza is straining the relationship between the two nations,palestine
4828,biden aides visit arab american leaders in michigan as pressure rises over gaza white house officials traveled to dearborn to meet with arab american leaders as the president faces mounting frustration within his party over his refusal to call for a cease fire in gaza,palestine
5052,in private remarks to arab americans biden aide expresses regrets on gaza in a closed door meeting the aide offered some of the administration s clearest notes of contrition for its response to the gaza war a sign of rising democratic pressure on president biden,palestine
5105,these israelis and palestinians are still working for peace just quietly positions have hardened on both sides in the face of the gaza war but some activists refuse to give up hope they let us sit in on one of their meetings,palestine
5121,egypt warily eyes gaza as war builds pressure on its border egypt has reinforced its frontier with gaza and warned israel that any move that would send gazans spilling into egyptian territory could jeopardize their decades old peace treaty,palestine
5218,biden cautions netanyahu on ground offensive in southern gaza the president told the israeli leader on sunday that protection was needed for palestinians seeking shelter and called for urgent and specific steps on humanitarian aid,palestine
5243,biden and jordan s king call on israel to protect palestinians in rafah king abdullah who had his first face to face conversation with president biden since the gaza war began said an israeli invasion of the city was certain to produce another humanitarian catastrophe,palestine
5252,she survived an airstrike that killed her entire family in gaza eleven year old dareen al bayaa lost dozens of her family members in a single airstrike in gaza she is one of at least 17 000 children across the territory who have been orphaned or separated from their parents,palestine
5294,dutch court moves to block export of fighter jet parts to israel the move reflected mounting alarm over the civilian toll of israel s war in gaza but was unlikely to have an immediate effect on the military campaign,palestine
5319,tuesday briefing israel strikes gaza to rescue hostages also donald trump s high stakes week and china s stadium diplomacy,palestine
5334,israeli raid in rafah rescues 2 hostages and kills dozens officials say the hostages who had been held by hamas returned to israel after a military operation that gazan health officials said killed at least 67 palestinians,palestine
5415,a bill with 14 billion for israel s war in gaza passes the senate but may falter in the house a 95 billion foreign aid package passed by the senate on tuesday morning includes 14 1 billion for israel s war against hamas though the bill still faces uncertainty in the house,palestine
5416,hezbollah attack injures 2 israelis amid fresh push to reduce tensions diplomats said france had presented a proposal aimed at ending the strikes and skirmishes along the border between israel and lebanon,lebanon
5431,israel orders evacuation of southern gaza hospital where thousands are sheltering the israeli military accused hamas of operating from nasser hospital but did not provide evidence past israeli orders to evacuate hospitals have preceded military raids,palestine
5493,talks in cairo aim for a deal to halt gaza war and free hostages israel hamas the united states qatar and egypt are involved in negotiations which will go on for days officials called them promising but an accord did not seem imminent,palestine
5505,a palestinian exile champions an arab vision for gaza mohammed dahlan who advises the united arab emirates provided public insights into what arab governments are privately planning for the battered enclave after the war ends,palestine
5553,liberal group joins efforts calling for protest vote against biden in michigan our revolution begun by senator bernie sanders in 2016 is aiming to shift the president s stance on the war in gaza,palestine
5576,hundreds flee southern gaza hospital after israel orders evacuation the israeli military threatened to take action to stop what it called hamas activity at nasser medical complex in khan younis,palestine
5621,these people had dreams and ambitions samar abu elouf a photojournalist spent weeks documenting five palestinians in gaza whose lives had been shattered by the war,palestine
5625,f b i director makes a secret trip to israel christopher a wray whose agency has worked with israeli authorities to pursue atrocities committed by hamas has made his first visit to israel since the war began the bureau disclosed,palestine
5628,israeli media report netanyahu has pulled out of gaza cease fire talks some family members of the hostages still in gaza criticized any such decision and protested outside the homes of israeli officials,palestine
5652,hundreds flee one of gaza s last working hospitals fearing israeli attack israeli forces have been expanding their operations in the southern gaza city of khan younis for weeks and on wednesday called for civilians at a hospital there to leave for safer spaces,palestine
5693,california s push for ethnic studies runs into the israel hamas war the state s high school students will be required to take the subject but some object to how the discipline addresses the israeli palestinian conflict,palestine
5718,he lost a son then chronicled life in a gaza hospital to dull his heartache mustafa abutaha told stories of people sheltering with him at nasser hospital he later fled before the israeli military closed in israeli forces began raiding the medical facility on thursday,palestine
5720,israelis enter gaza hospital and super bowl parade shooting plus russian advances on space based nuclear weapon,palestine
5754,gazans who sought shelter in rafah are fleeing again the city of rafah in southern gaza is one of the last areas of the territory where israeli troops have yet to deploy in force but now as israel warns of a ground offensive there some of the 1 4 million people who have been sheltering in the city are packing up and moving on,palestine
5822,warnings over israel s rafah threat come from all corners allies and others say the safety of the palestinian civilians who have sought shelter in the far south of gaza is paramount,palestine
5826,palestinians flee as israeli forces raid a major hospital in gaza israel says hamas routinely operates within and beneath places like nasser hospital in khan younis using them as shields and has held israeli hostages there the group denies the charges,palestine
5828,israeli military raids one of gaza s last functioning hospitals health care workers shared videos of a chaotic scene at nasser medical center in khan younis gaza strip as israeli troops raided the hospital and ordered people to evacuate on thursday,palestine
5847,as gaza death toll mounts the peace lobby fights for influence in washington the friends committee a quaker lobbying group has been pushing in washington for a cease fire going up against more powerful and better funded groups backing israel,palestine
5855,what 2 u s families did when hamas captured their sons omer neutra and edan alexander young men from the new york area who joined israel s military were taken prisoner near gaza their families now share one urgent goal to free them,palestine
5943,israel says it will not force gazans into egypt as it searches major hospital the announcement by israel s defense minister came after months of speculation and as israeli forces combed the largest hospital in southern gaza,palestine
6009,prominent black church leaders call for end of u s aid to israel the african methodist episcopal church bishops council says american financial assistance to help israel fight its war in gaza supports mass genocide,palestine
6013,hochul apologizes after implying israel has a right to destroy gaza in remarks made at a jewish philanthropy event gov kathy hochul said that if canada attacked the united states as hamas did israel there would be no canada the next day,palestine
6131,against a canvas of despair gaza s artists trace their struggle an exhibition in the israeli occupied west bank features works evoking palestinian life and protest but the show is as much about the art that cannot be displayed lost forever in the war,palestine
6159,thousands rally in tel aviv against the israeli government demonstrators expressed their anger toward benjamin netanyahu and his government and called for immediate elections in one of the country s largest protests since the start of the israel hamas war,palestine
6173,brazil s president angers israel after comparing war in gaza to the holocaust israel said it had asked for a meeting with the brazilian ambassador,palestine
6175,u s says it struck 5 houthi targets in yemen including an underwater drone the american military said it believes it is the first time such an undersea weapon had been used in the current conflict in the red sea,yemen
6178,overwhelmed by war another gazan hospital is declared not functional conditions at nasser hospital in the southern gaza strip were described as desperate after israeli forces raided it in search of hamas militants,palestine
6231,the new york times wins 3 polk awards the times was honored for its coverage of the israel hamas war and propublica won a prize for revealing the lavish gifts and luxury trips given to justice clarence thomas,palestine
6247,brazil s president lula recalls ambassador to israel escalating dispute the israeli foreign minister said mr lula was not welcome in the country until he took back remarks comparing israeli actions in the war against hamas to the holocaust,palestine
6248,two hospitals in southern gaza are left barely functioning an israeli raid reduced one of the territory s biggest facilities to little more than a shelter while food and fuel are almost gone at another,palestine
6251,israel may put new restrictions on visiting aqsa mosque as ramadan nears reducing access to al aqsa the sacred mosque compound in jerusalem that has long been a flashpoint for tensions may set off unrest some israelis warned,palestine
6282,ukraine gaza and the long shadow of german guilt in out of the darkness frank trentmann details the way people in the country that started world war ii are still confronting and atoning for the atrocities of their government,palestine
6286,motaz azaiza captured gaza s suffering but nothing changed when war broke out in gaza on oct 7 motaz azaiza a palestinian photographer turned his camera to covering pain and loss in a territory under siege in doing so he attracted millions of followers documenting the war while also trying to survive it,palestine
6306,three questions about rafah a looming battle in the southern gaza city embodies the brutal dynamics of the conflict,palestine
6316,prince william calls for end to gaza fighting as soon as possible in a measured public statement the heir to the british throne said that too many have been killed in the war between israel and hamas,palestine
6328,israeli military releases videos it says shows bibas family members in captivity on oct 7 when we saw the video it really tore our hearts out the sister of one of the hostages said hamas has said three members of the family died in an israeli airstrike israel has not confirmed the report,palestine
6362,wednesday briefing hundreds of ukrainian soldiers are missing also julian assange s appeal and a u s cease fire proposal in gaza,palestine
6384,protesting biden gaza supporters warn don t blame us if you lose at the university of michigan a demonstration against president biden s stance on israel showed his critics passion but was light on numbers,palestine
6483,brazil in dispute with israel shows limits of u s diplomacy israel and brazil have sparred this week over the gaza war secretary of state antony j blinken intervened on wednesday,palestine
6494,in brazil blinken intervenes in a dispute with israel secretary of state antony j blinken confronted president luiz inacio lula da silva of brazil on wednesday about his recent sharp comments on israel including the brazilian leader s comparison of israel s attacks in gaza to the holocaust,palestine
6594,as gaza death toll mounts israel s isolation grows a worsening humanitarian crisis has brought a wave of condemnation against israel s ongoing military operation and is testing the support of even its staunchest ally the united states,palestine
6615,the debate over ethnic studies in california by 2025 the state s public high schools must begin teaching the subject but the israel hamas war has made the effort much more complicated,palestine
6632,october rain israel s proposed eurovision entry causes a storm almost nobody has heard the song but some social media users see it as a reference to the hamas led attacks of oct 7 and so too political for eurovision,palestine
6680,kamala harris pushes abortion rights in michigan with gaza anger as backdrop during a quiet visit before the state s primary the vice president spoke to a small group about a subject that is far more comfortable for democrats than the mideast war,palestine
6688,biden lawyers wrestle with lack of congressional blessing for houthi conflict civilian prosecutors took custody of 14 wartime detainees and an official asserted that a key part of the war powers resolution did not apply,yemen
6689,israel steps up attacks in gaza amid cease fire talks strikes overnight killed nearly 100 seven of them in rafah as officials said there had been momentum on a deal to free some israeli hostages in exchange for palestinian prisoners,palestine
6691,n y c protest calling for gaza cease fire targets pro israel senators demonstrators marched to the manhattan headquarters of the lobbying group aipac then to the offices of senators who have accepted donations from the group where some were arrested,palestine
6713,the particular anguish of being palestinian in israel the war in gaza has made life even more complicated and difficult for palestinian citizens of israel,palestine
6762,as gaza war grinds on israel prepares for a prolonged conflict while israeli forces have delivered a major blow to hamas in a fight that has taken a devastating toll on civilians the group that led the oct 7 attack on israel remains a threat officials say,palestine
6787,head of palestinian aid agency warns it is at breaking point unrwa the chief lifeline for gaza s population of 2 2 million people has lost 450 million in donor funding since israeli allegations that 12 of its employees were involved in the hamas led oct 7 attack,palestine
6808,pro israel group aims to help biden in michigan amid gaza unrest the political arm of democratic majority for israel is running a digital ad that does not mention the gaza conflict but warns that voting uncommitted in the state s primary will help donald trump,palestine
6839,the u s unveiled major new sanctions on russia also netanyahu released his plan for postwar gaza here s the latest at the end of friday,palestine
6849,netanyahu issues first plan for postwar gaza the proposal which calls for indefinite israeli military control and buffer zones in the territory rankled arab nations and was rejected by palestinians,palestine
6874,sanitation crisis in gaza spreads disease it is a public health concern one u n official said of the lack of toilets for displaced people in the territory but the second thing is simply just dignity,palestine
6898,a u s call for a humanitarian cease fire in gaza while there are no good options for the united states on the war in gaza biden s leadership is indispensable,palestine
6924,atrocities mount in sudan as war spirals u n says rape killing torture a stark report offers new evidence of horrific abuses carried out by sudan s military and its enemy the paramilitary rapid support forces,sudan
6927,u s and british warplanes again strike houthi linked targets in yemen the iran backed group which has been targeting global shipping routes has proved especially difficult for the united states and its allies to restrain,yemen
6930,biden caught in a political bind over israel policy his steadfast support of the gaza war effort is angering young people and arab americans in an election year but any change risks alienating jewish voters,palestine
6970,a re established west bank settlement symbolizes hardened israeli views homesh one of the four west bank settlements dismantled by israel when it withdrew from gaza in 2005 has taken on new importance since oct 7 and the war against hamas,palestine
6997,man dies after setting himself on fire outside israeli embassy in washington air force says aaron bushnell an active duty senior airman repeatedly shouted free palestine as he filmed and livestreamed his protest against israel s deadly military actions in gaza he had been taken to a hospital on sunday with life threatening injuries,palestine
6999,netanyahu says hostage deal would delay but not stop rafah invasion the israeli leader reiterated plans for a military operation in the southern gaza city that he says is essential to eliminating hamas,palestine
7006,israeli forces will move into rafah cease fire deal or not netanyahu says amid signs of progress toward a pause in the fighting prime minister benjamin netanyahu said israeli forces planned to keep pushing into gaza,palestine
7013,rally in michigan urges protest vote against biden s israel policies with the state s primary on tuesday speakers at a gathering in dearborn mich pushed voters to cast a ballot for uncommitted in objection to president biden s handling of the israel hamas war,palestine
7029,top u n court holds last day of hearings on israeli occupation the hearings on the legality of israel s occupation of palestinian territories have put more pressure on israel during the war in gaza,palestine
7056,the war in gaza turned this longtime michigan democrat against biden she knows the stakes she loathes donald trump but terry ahwal says she won t back president biden in november,palestine
7067,israel launches its deepest airstrikes in lebanon in years at least two hezbollah fighters were killed in strikes in the bekaa valley and at least six other people were wounded the mayor of a nearby city said,lebanon
7071,palestinian authority s government submits resignation as u s calls for change it was not clear whether the appointment of a new prime minister and cabinet would be enough to revamp the authority or persuade israel to let it govern gaza after the war there ends,palestine
7088,defending academic freedom on campus readers discuss free speech on campus also mourning flaco the owl an israel gaza cease fire facial recognition domestic violence survivors,palestine
7110,jordan airdrops humanitarian aid in gaza jordanian planes dropped food and medical supplies with parachutes in central and southern gaza people were seen rowing boats to collect aid dropped into the sea,palestine
7112,a biden ally wades into the divide over gaza and emerges with a warning after days of meetings with disaffected democrats in michigan representative ro khanna says president biden cannot win the state without changes to his middle east policy,palestine
7128,biden says he s hopeful for a gaza cease fire within a week the president offered a positive assessment of negotiations aimed at halting israel s military operations in exchange for the release of hostages held by hamas,palestine
7134,israelis broach a concession in hostage talks with hamas israel negotiators are reported to be considering the release of high profile palestinians convicted of terrorism in exchange for freedom for some of the hostages in gaza,palestine
7147,tuesday briefing progress on gaza cease fire negotiations,palestine
7160,jon stewart takes on something light israel and gaza after two very controversial appearances behind the daily show desk stewart decided to dial it down a bit for his third,palestine
7185,what s happening in michigan should scare democrats michelle goldberg on how a new activist campaign supporting a cease fire in gaza could hurt biden in that swing state,palestine
7197,a government shutdown looms again and a gaza cease fire could start next week plus how lead tainted apple sauce poisoned hundreds of children,palestine
7252,wednesday briefing russia warned against nato troops in ukraine plus the latest on a possible cease fire in gaza,palestine
7277,israel is losing its greatest asset acceptance israel s very legitimacy is being undermined by the enormous casualties in gaza and its government s failure to provide a credible postwar plan,palestine
7278,hamas rejects cease fire proposal dashing biden s hopes of near term deal a day after president biden suggested there could be a deal as soon as monday a hamas official indicated the group would not trade israeli troops held hostage for palestinians imprisoned for terrorism,palestine
7294,michigan voters talk about how the war in gaza factored into their decision i want a cease fire said an 18 year old who voted for uncommitted in the democratic primary to register discontent with president biden s handling of the war in gaza,palestine
7296,back from war reserve soldiers set their sights on israel s politics as usual inspired by the unity they experienced in the military thousands of reservists returning from the front line in gaza are organizing for political change,palestine
7301,wednesday briefing hamas denies that a cease fire is near,palestine
7426,biden s gaza challenge will persist but michigan may have been unique democratic unease with the president s handling of the mideast war will continue to trail him but his allies hope that no other state on the primary calendar will present the same challenges,palestine
7427,thursday briefing u n warns of famine in gaza plus a protest vote against president biden,palestine
7428,as u n warns of famine in gaza cease fire remains elusive with the approach of ramadan as well as protests by hostage families and a threatened palestinian march on the aqsa mosque pressure is rising to reach a deal,palestine
7448,the michigan areas where uncommitted came out ahead more than 100 000 voted in protest of the president s handling of the israel hamas war with strong support from areas with higher shares of arab residents and younger voters,palestine
7465,in britain shockwaves from israel hamas war are jolting domestic politics the united states and several european nations have been caught up in toxic debates that have altered election campaigns and led to eruptions of inflammatory language over the conflict,palestine
7466,thursday briefing u n warns of dire food shortages in gaza,palestine
7528,death toll in gaza passes 30 000 the official toll of the war is staggering roughly one person killed for every 73 palestinians in gaza though experts say it is likely an undercount,palestine
7571,biden says the shooting will complicate cease fire talks president biden said on thursday that while he was still learning details of the shooting that killed or wounded hundreds in northern gaza he thought the deaths could jeopardize efforts to reach a cease fire agreement between israel and hamas,palestine
7578,as hungry gazans crowd an aid convoy a crush of bodies israeli gunshots and a deadly toll palestinian and israeli officials offered differing accounts of a deadly scene in northern gaza in which local health officials said more than 100 people were killed,palestine
7584,what we know about the deaths near the gaza aid convoy mapping the area where scores of people were killed and injured as a convoy of trucks tried to deliver aid to northern gaza,palestine
7590,this is for gaza george galloway leftist firebrand wins u k seat as the mideast conflict reverberates through british politics the politician with a history of inflammatory statements about israel won a special election in northern england,palestine
7605,i d f videos add to confusion over gazans killed at aid site the israeli military released a heavily edited video to deflect blame but the footage did little to clear up what led to mass casualties as people crowded around food aid trucks in northern gaza,palestine
7615,college dorm decorations become a front in the campus free speech wars barnard college is requiring students to strip decorations from their dorm doors in the wake of protests over the israel hamas war,palestine
7616,cease fire demand grows amid questions around gaza aid convoy deaths the israeli military and gazan officials have offered diverging accounts of one of the deadliest known disasters involving civilians in the nearly five month war,palestine
7643,the wars in ukraine and gaza have changed america s policy hasn t richard haass on why america s strategy on both ukraine and israel is untenable and what he thinks should be the north star,palestine
7645,why more american weapons will soon be made outside america with the wars in ukraine and gaza straining u s arsenals washington is seeking to expand production with global partners like australia,palestine
7671,gaza aid declined significantly in february the deaths of dozens of people amid a rush for aid trucks in gaza city showed the degree of hunger in the territory,palestine
7694,trump says little on gaza and nothing about what he d do differently donald trump s approach to the bloody mideast conflict reflects the anti interventionist shift he has brought about in republican politics and his personal feelings about the israeli prime minister,palestine
7697,a protest against biden over the gaza war readers discuss arab american criticism of the president reflected in the michigan primary also politicians visits to the border congressional gridlock,palestine
7700,international condemnations of killings near gaza aid convoy multiply the british foreign secretary and the governments of india south africa and brazil were among those denouncing the melee surrounding an aid convoy in northern gaza that left scores of palestinians dead,palestine
7704,the best of late night this week there was a glut of news this week for the hosts to discuss including developments in the israel hamas war and mitch mcconnell saying he would step down from his position as leader of the senate republicans,palestine
7728,penn trustees meeting is cut short after students protest over war in gaza the meeting was abruptly adjourned about 10 minutes in after a demonstration by pro palestinian students protesting the university s ties with israel,palestine
7806,the justice of israel s war in gaza will depend on how it ends how to think about the moral complexities in the israel gaza war,palestine
7818,u s begins airdrops of humanitarian aid in gaza three air force cargo planes dropped 38 000 ready to eat meals in gaza but critics called that insufficient a u s official said it was the beginning of a broader campaign,palestine
7821,lives ended in gaza since the war started more than 30 000 people have been killed during israel s bombardment and invasion here are some of their stories,palestine
7835,israeli strike near rafah hospital kills at least 11 gaza officials say dozens of other displaced palestinians who had been sheltering nearby were also injured the officials said,palestine
7841,lack of plan for governing gaza formed backdrop to deadly convoy chaos israel has no clear plan for governing gaza that is a particular problem in the north where the fighting has ebbed and where a deadly stampede occurred on thursday around an aid convoy,palestine
7878,israel opts out of cease fire talks as hamas delegation arrives in cairo israeli officials did not attend after hamas was said to have refused a request from israel to provide a list of the hostages who were still alive,palestine
7902,harris calls for an immediate cease fire in gaza the vice president urged hamas to agree to a six week cease fire proposal and called on israel to increase the flow of aid into the enclave,palestine
7903,deaths of gazan children likely to rapidly rise amid aid snarls u n warns delivering supplies into gaza especially the north has taken on increased urgency as the united nations has warned that many gazans are on the edge of famine,palestine
7908,kamala harris calls for immediate cease fire in gaza during a speech in selma ala the vice president called on hamas to agree to a six week pause that is on the table and for immediate aid to those living in gaza,palestine
7911,gaza war is shifting ties between secular and ultra orthodox israelis israel s haredi minority has long lived apart from the nation s mainstream but fighting has both widened that divide and in some ways helped to bridge it,palestine
7912,monday briefing the u n warns that more children will die in gaza without aid,palestine
7960,a potential answer on trump s eligibility and harris calls for a gaza cease fire plus dune part 2 is a box office smash,palestine
7997,only a trickle of aid reaches northern gaza as hunger worsens a small number of trucks carrying desperately needed food headed for gaza city but at least some were swarmed and looted by people along the way,palestine
8006,a poll reflecting worries about biden s age readers react to a front page story about a new times siena college poll also fight on nikki haley airdrops to gaza death in gaza,palestine
8007,u n team finds grounds to support reports of sexual violence in hamas attack the united nations experts also said that they had clear and convincing information that hostages seized in israel on oct 7 had been sexually abused in gaza and that they had looked into reports of abuse of palestinians in israeli detention,palestine
8098,a deadly aid delivery and growing threat of famine in gaza desperate gazans descended on aid trucks israeli troops opened fire but exactly how people died and who was responsible remains contested,palestine
8294,humanitarian aid boxes dropped over northern gaza palestinians in gaza city scrambled for boxes of supplies airdropped by the united states jordan egypt and the united arab emirates,palestine
8310,damage to cables under red sea highlights mideast conflict s broader threat what disabled three major cables linking east to west is still not clear suspicion has centered on yemen s houthi rebels who have attacked numerous ships in the area but they have denied responsibility,yemen
8314,gaza cease fire deal is in the hands of hamas biden says president biden said the israelis had been cooperating in negotiations over a possible six week cease fire in gaza being mediated by qatar and egypt and that a rational offer was made,palestine
8315,we need a cease fire biden says president biden said tuesday that talks on a possible six week cease fire in gaza are in the hands of hamas right now he spoke just before a hamas leader in lebanon appeared to reject a proposed deal the united states is backing insisting that israeli hostages would be released only after a cease fire was in place and israeli forces have withdrawn,palestine
8323,starbucks franchise lays off workers in mideast amid gaza tied boycotts store traffic has dropped off in the middle east and southeast asia as customers protest perceptions of starbucks stance on the israel hamas conflict,palestine
8345,israel sees vindication in u n s report but tensions between them rise a u n inquiry found support for israel s allegations of sexual violence in the hamas led oct 7 attack but they remain bitterly at odds over the war in the gaza strip,palestine
8384,israel must let more aid into gaza u k tells israeli official after meeting with benny gantz a member of israel s war cabinet the british foreign secretary david cameron had strong words about conditions in gaza that must change,palestine
8487,uncommitted effort to protest biden will shift its focus to washington state the campaign is urging democrats to register their discontent with president biden s handling of the war in gaza by voting uncommitted washington s primary is on tuesday,palestine
8489,israel hamas talks over hostage releases and a cease fire stall officials say hamas has continued to press israel for a commitment to a permanent cease fire after a multistage release of all hostages but israel has refused,palestine
8501,expecting protests at the oscars police plan to beef up security the los angeles police said it would increase its presence at the academy awards given the potential for protests related to the israel hamas war,palestine
8524,pregnant woman worries about giving birth in war torn gaza waem al farra is expecting her first child but for her the joys of pregnancy have been replaced with fear and concern for her future and the life of her unborn child,palestine
8591,nervous democrats press biden on gaza ahead of state of the union mainstream democratic lawmakers want the president to speak out more forcefully for the policies that his administration has embraced including a cease fire,palestine
8610,hamas negotiators leave cairo with no breakthrough in cease fire talks weeks of indirect negotiations appear to have stalled over hamas s insistence on a permanent cease fire during or after any hostage releases a demand that israel has rejected,palestine
8650,hundreds are feared seized in nigeria as kidnapping epidemic worsens a mass abduction reported in a region terrorized by boko haram and another days later at a primary school highlighted the government s inability to control crime and armed insurgency,niger
8650,hundreds are feared seized in nigeria as kidnapping epidemic worsens a mass abduction reported in a region terrorized by boko haram and another days later at a primary school highlighted the government s inability to control crime and armed insurgency,nigeria
8654,war in gaza presents biden with challenges at home and abroad domestic and international anger over israel s response to the oct 7 attacks has complicated president biden s diplomatic and re election efforts,palestine
8684,u s military to build floating pier to ferry gaza aid white house says u s officials said that a temporary port built from ships and then moved close to shore would allow hundreds of truckloads of aid to reach gazans on the brink of starvation,palestine
8723,the i c c arrest warrants for russian officers will echo beyond russia the warrants for two commanders over alleged war crimes may set an interesting precedent legal experts said including for the conflict in gaza,palestine
8733,the state of the union was rowdy for biden s election year speech the president was feisty and confrontational republicans jeered from their seats and democrats enthusiastically cheered their presidential nominee even as a few aired their grievances about the war in gaza,palestine
8735,from ukraine to gaza biden s first battles are at home republican opposition splits in his own party and tension with allies make mr biden s vow to restore american power a far more complicated task than it was when he came into office,palestine
8747,in his state of the union speech biden urges israel to do its part to increase aid to gaza president biden in his state of the union address on thursday night defended u s efforts to increase the amount of aid reaching gaza while imploring israel to do its part and not use humanitarian assistance as a bargaining chip,palestine
8866,europe and u s plan to supply gaza by sea but aid groups say it s not enough relief organizations say cumbersome new strategies cannot substitute for israel allowing more supply trucks into the gaza strip while an airdrop of aid reportedly went awry and killed five people,palestine
8892,providing both bombs and food biden puts himself in the middle of gaza s war the president s decision to send aid by air and sea represents a shift prompted by the growing humanitarian crisis but it raised uncomfortable questions about america s role,palestine
8906,the 10 year old boy who has become the face of starvation in gaza the harrowing image of a skeletal yazan kafarneh circulated widely on social media and has served as a graphic warning about the enclave s dire food situation,palestine
8907,sweden and canada to restart payments to u n agency for palestinians the countries were among those that suspended payments to the agency known as unrwa after israel accused a dozen of its employees of taking part in hamas led terrorist attacks on oct 7,palestine
8978,u s military enters a new phase with gaza aid operations as the united states continues providing israel with munitions the pentagon will deliver food and other assistance to gazans by sea and air,palestine
9001,as israel s ties to arab countries fray a strained lifeline remains the united arab emirates has maintained its links to israel throughout the war in gaza but the relationship built on a u s brokered deal is under pressure as anger against israel grows,palestine
9011,u s military ship has set sail to help build pier off gaza for aid the pier project is the latest in a flurry of efforts to get more aid into the enclave including by sea amid warnings from the u n that a famine in gaza is imminent,palestine
9012,thousands of pregnant women in gaza suffer from malnutrition health authorities say the u n has warned that famine is looming in the enclave and an obstetrician there said that pregnant women face particularly high risks of malnourishment,palestine
9029,on oscars carpet red pins worn to call for cease fire in gaza billie eilish mark ruffalo ava duvernay and others wore the bright red circles designed and distributed by artists4ceasefire,palestine
9043,some oscar attendees delayed by protesters calling for cease fire in gaza demonstrators near the dolby theater chanted long live palestine while marching down sunset boulevard,palestine
9045,gaza begins ramadan with no cease fire there were hopes for a last minute deal but both sides said they weren t close to an agreement,palestine
9050,dispute over gaza war heats up between biden and netanyahu the israeli prime minister rejected a rebuke from the u s president over the scale of the israel assault,palestine
9054,jonathan glazer condemns occupation and violence in israel and gaza glazer the director of the zone of interest spoke about the war while accepting the oscar for best international feature,palestine
9108,food shortages overshadow ramadan in gaza the war and hunger have cast a somber tone over this year s holy month as people struggle to find affordable essentials to celebrate,palestine
9114,biden marks ramadan saying the war has inflicted terrible suffering on gaza the president said he would press for a cease fire and more aid for gaza and noted that many american muslims were grieving for family members killed there,palestine
9170,israel says it targeted marwan issa a top hamas leader in gaza an israeli military official said investigators were still determining the outcome of a strike on an underground area used by marwan issa the deputy commander of hamas s military wing,palestine
9180,netanyahu s coalition may be in jeopardy intelligence report says the document predicted that israel would struggle to achieve its goal of destroying hamas in gaza,palestine
9253,hezbollah fires more than 100 rockets into israel drawing retaliation the barrage by hezbollah was among the heaviest in the months of cross border strikes that have fed fears that the war in gaza could expand,lebanon
9253,hezbollah fires more than 100 rockets into israel drawing retaliation the barrage by hezbollah was among the heaviest in the months of cross border strikes that have fed fears that the war in gaza could expand,palestine
9264,who are hamas s top leaders in gaza israel targeted marwan issa a hamas military leader with a strike over the weekend he is one of three leaders of the group in gaza who israel says were the main planners of the oct 7 attack,palestine
9318,white house denies biden has set red lines for israel hamas war in gaza the biden administration repeated its warning that israel should not attack the city of rafah the southernmost city in the enclave without protections for the more than a million people sheltering there,palestine
9330,israel has no choice but to fight on as long as hamas maintains military power there is no hope for peace,palestine
9344,these workers are risking their lives to restore gaza s phone network telecommunications infrastructure has been devastated in the territory largely preventing palestinians from calling for help coordinating the delivery of aid and communicating with family abroad,palestine
9403,israeli strike kills a hamas operative in lebanon it was the latest in a string of targeted killings there of what israel has called senior figures from both hezbollah and hamas,palestine
9403,israeli strike kills a hamas operative in lebanon it was the latest in a string of targeted killings there of what israel has called senior figures from both hezbollah and hamas,lebanon
9409,pro israel lobby faces challenges amid gaza war and shifting politics aipac long influential with both parties in washington is drawing criticism from democrats for trying to defeat incumbents while it struggles to move aid for israel through congress,palestine
9449,artists and speakers withdraw from sxsw over u s military s support of israel about 80 musical acts conference speakers and sponsors have pulled out of the festival in austin to protest sponsorship by the u s military which has lent support to israel in the war in gaza,palestine
9533,everything is difficult the struggle for life s basics in rafah most of gaza s population fled to the southern territory of rafah hoping to escape the war as they hunt for food and shelter a potential israeli invasion has added to their fears,palestine
9567,road sea and air how is aid entering gaza the amount of aid reaching gaza has fallen sharply since israel went to war with hamas leading to what humanitarian agencies say is a disaster for more than two million people,palestine
9595,film club motaz azaiza captured gaza s suffering but nothing changed a palestinian photographer has been documenting the war in gaza while also trying to survive it what can we learn from his story and about the role of photojournalists during wartime,palestine
9641,as irish leader visits u s shamrock camaraderie is strained by gaza war prime minister leo varadkar of ireland has been one of the most outspoken critics of israel s war and has promised to raise the issue during a white house meeting meant to mark st patrick s day,palestine
9678,amid israeli restrictions first friday of ramadan sees little unrest at al aqsa mosque a heavy israeli police contingent checked worshipers outside the holy site after hamas called for an escalation from palestinians in response to the war in gaza,palestine
9714,why is congress investigating a union for being anti israel republicans issue a subpoena over a resolution condemning the gaza war,palestine
9731,schumer s critique of netanyahu reveals a growing gap analysts say many israelis support the senate majority leader s call for early elections but even netanyahu s rivals were reluctant to seize on the criticism while the country is focused on the war in gaza,palestine
9757,netanyahu calls hamas s demands ludicrous and proceeds with plans for a ground invasion in rafah the israeli prime minister rejected the latest cease fire deal proposed by hamas but signaled he was open to more talks,palestine
9781,authors withdraw from pen world voices festival over its response to gaza war more than a dozen authors including lorrie moore naomi klein michelle alexander hisham matar and isabella hammad have signed a protest letter that announced their withdrawal,palestine
9783,hamas softens demand for permanent cease fire in truce talks officials say hamas s new proposal would allow the release of hostages in exchange for a phased pullback of israeli troops it could restart negotiations,palestine
9805,another gaza aid convoy ends in violence with at least 20 killed the gaza health ministry accused israel of a targeted attack israel s military denied the accusation blaming palestinian gunmen for the violence,palestine
9818,iran and u s held secret talks on proxy attacks and cease fire diplomats gathered in oman in january with the u s side seeking to stop attacks on red sea shipping and american bases and iran looking for a gaza cease fire,palestine
9878,president biden you have leverage that can save lives in gaza please use it while biden is using tougher language toward israel he isn t backing that up with consequences for being ignored,palestine
9883,examining trump s alternate reality pitch the war in ukraine hamas s attack on israel inflation the former president has insisted that none would have occurred if he had remained in office after 2020,palestine
9918,rescue worker says northern gaza is a catastrophe in every way as famine looms a rescue worker with the gaza government s palestinian civil defense gives a first hand account of life on the ground amid israel s bombing of northern gaza,palestine
9944,chef helping send aid ships to gaza calls for a cease fire the chef jose andres also said that he hoped his group world central kitchen would be eventually able to transport huge quantities of food daily into the shores of gaza,palestine
10024,israeli negotiators head to qatar for cease fire talks officials say hamas and israel failed to reach an agreement ahead of ramadan last week hamas dropped one of its demands,palestine
10058,who was marwan issa the hamas commander killed by israel mr issa a presumed planner of the oct 7 attacks is one of the most senior hamas leaders killed in gaza since the start of the war,palestine
10066,netanyahu to send israeli team to washington to discuss rafah plans the biden administration has expressed concern about israel s planned ground invasion in the city where nearly half of gaza s population has sheltered,palestine
10078,food experts predict imminent famine in northern gaza the warning came amid an israeli raid on al shifa hospital prime minister benjamin netanyahu also agreed to send military and humanitarian officials to washington to hear the biden administration s concerns,palestine
10092,canada lawmakers back motion meant to help bring peace to gaza the house of commons vote endorsing a package of conflict ending measures came after language calling on canada to immediately recognize a state of palestine was removed,palestine
10158,israel s spy chief returns home as cease fire talks continue in qatar warnings of imminent famine in gaza have added urgency to efforts to broker a cease fire between israel and hamas,palestine
10169,israel s military says its forces are still at al shifa hospital israeli officials said the raid which began monday was an operation targeting senior hamas officials who had regrouped there,palestine
10182,u n says israel may be restricting gaza aid as a war tactic international alarm has been growing over the hunger crisis in gaza with food experts predicting an imminent famine in the north of the enclave,palestine
10268,democratic donors warn biden over israel gaza policy more than 100 donors and activists including a handful who have given six figure sums to president biden signed a letter arguing that progressive anger could help donald trump,palestine
10281,an arab mandate for palestine there s only one good way the war in gaza ends,palestine
10384,top u s diplomat starts mideast trip in saudi arabia efforts to secure a cease fire in gaza are the backdrop but the biden administration also hopes to persuade saudi arabia to establish normal relations with israel,palestine
10385,blinken adds a stop in israel to his mideast trip antony blinken the top u s diplomat is making his sixth trip to the mideast since oct 7 the state department said he would discuss freeing the hostages and increasing aid to gaza,palestine
10405,congress seeks to bar funding for u n agency for palestinians a bill would bar support for the agency unrwa amid accusations that some employees were hamas fighters other countries are scrambling to make up the looming shortfall,palestine
10457,the war in gaza has left a power vacuum and scant planning to fill it analysts say the israeli military s return to the largest hospital complex in the enclave may foretell more chaos without governance,palestine
10470,a mexican drug cartel s new target seniors and their timeshares one of mexico s most violent criminal groups jalisco new generation runs call centers that offer to buy retirees vacation properties then it empties its victims bank accounts,mexico
10487,blinken describes u s push at the u n for gaza cease fire in saudi arabia the secretary of state discussed a u s draft resolution at the u n security council calling for an immediate cease fire tied to the release of hostages in gaza,palestine
10547,israel s raid on al shifa hospital grows into one of the longest of gaza war as israel s attack on the medical complex stretched into a fourth day the military said it had killed dozens of people it described as terrorists the account couldn t be verified,palestine
10625,u s draft resolution would call for immediate and sustained cease fire a resolution for the u n that american diplomats are circulating was notable for its strong language in seeking a cease fire in gaza and the release of hostages,palestine
10632,back from gaza hospitals doctors tell washington of horrors amid cease fire push volunteers who treated patients in harrowing conditions lobbied american officials on the urgency of an immediate cease fire,palestine
10667,blinken meets with netanyahu as u s israel tensions rise prime minister benjamin netanyahu repeated that israel was determined to send troops into the crowded southern gaza city of rafah despite u s urgings not to,palestine
10726,u s to push for gaza cease fire apple gets sued and more plus don t mess with elvis,palestine
10744,a look at the three previous u n cease fire resolutions the u s vetoed before a u s resolution in the united nations security council calling for a cease fire in gaza was vetoed on friday the u s had vetoed three previous ones demanding a halt to the fighting,palestine
10785,u s call for gaza cease fire runs into russia china veto at u n the american draft resolution before the security council did not go far enough to end the israel hamas war russia and china said after the united states had vetoed three earlier resolutions,palestine
10800,u s says isis was responsible for deadly moscow concert hall attack after a period of relative quiet the islamic state has been trying to increase its external attacks according to u s counterterrorism officials,iraq
10800,u s says isis was responsible for deadly moscow concert hall attack after a period of relative quiet the islamic state has been trying to increase its external attacks according to u s counterterrorism officials,syria
10808,what we know about isis k the group that has been linked to the moscow attack the islamic state affiliate has been a major threat to the taliban s ability to govern afghanistan,iraq
10808,what we know about isis k the group that has been linked to the moscow attack the islamic state affiliate has been a major threat to the taliban s ability to govern afghanistan,syria
10810,ocasio cortez in house speech accuses israel of genocide representative alexandria ocasio cortez had called for a permanent cease fire in the war between israel and hamas but had resisted labeling the conflict a genocide,palestine
10863,u n chief calls conditions in gaza a moral outrage in a visit to the rafah border crossing secretary general antonio guterres called for an immediate cease fire and expressed solidarity with palestinians in the territory,palestine
10872,isis branch blamed in moscow attack has hit at taliban s russia links islamic state khorasan or isis k previously attacked russia s embassy in kabul and has produced floods of anti kremlin propaganda,iraq
10872,isis branch blamed in moscow attack has hit at taliban s russia links islamic state khorasan or isis k previously attacked russia s embassy in kabul and has produced floods of anti kremlin propaganda,syria
10872,isis branch blamed in moscow attack has hit at taliban s russia links islamic state khorasan or isis k previously attacked russia s embassy in kabul and has produced floods of anti kremlin propaganda,afghanistan
10872,isis branch blamed in moscow attack has hit at taliban s russia links islamic state khorasan or isis k previously attacked russia s embassy in kabul and has produced floods of anti kremlin propaganda,iran
10872,isis branch blamed in moscow attack has hit at taliban s russia links islamic state khorasan or isis k previously attacked russia s embassy in kabul and has produced floods of anti kremlin propaganda,russia
10897,isis k group tied to moscow attack has grown bolder and more violent the militant group violently opposes the taliban leaders of afghanistan where it is based it is increasingly targeting foreign foes,iraq
10897,isis k group tied to moscow attack has grown bolder and more violent the militant group violently opposes the taliban leaders of afghanistan where it is based it is increasingly targeting foreign foes,syria
10922,in hezbollah s sights a stretch of northern israel becomes a no go zone for the few israelis remaining in the evacuated zone along the northern border with lebanon the simmering conflict there has become intensely personal,lebanon
10939,witnesses describe fear and deprivation at besieged hospital in gaza several patients have died as a result of the israeli military assault the gazan authorities say israel says the operation is targeting hamas leaders,palestine
10961,in russia fingers point anywhere but at isis for concert hall attack russian state media pushed the idea that ukraine was the obvious culprit but at least three of the four suspects charged on sunday are from the central asian nation of tajikistan,iraq
10961,in russia fingers point anywhere but at isis for concert hall attack russian state media pushed the idea that ukraine was the obvious culprit but at least three of the four suspects charged on sunday are from the central asian nation of tajikistan,syria
10966,isis affiliate linked to moscow attack has global ambitions the islamic state in khorasan is active in afghanistan pakistan and iran and has set its sights on europe and beyond,iraq
10966,isis affiliate linked to moscow attack has global ambitions the islamic state in khorasan is active in afghanistan pakistan and iran and has set its sights on europe and beyond,syria
10966,isis affiliate linked to moscow attack has global ambitions the islamic state in khorasan is active in afghanistan pakistan and iran and has set its sights on europe and beyond,afghanistan
10966,isis affiliate linked to moscow attack has global ambitions the islamic state in khorasan is active in afghanistan pakistan and iran and has set its sights on europe and beyond,iran
10966,isis affiliate linked to moscow attack has global ambitions the islamic state in khorasan is active in afghanistan pakistan and iran and has set its sights on europe and beyond,russia
10990,the first flight of their lives an airlift after agony in gaza the evacuees make up only a tiny fraction of the thousands of civilians including many children who have suffered grievous injuries over the course of israel s monthslong campaign against hamas and its bombardment of gaza,palestine
11013,trump is back in court and an isis group looks beyond russia attack plus a new golden age for shipwreck discoveries,iraq
11013,trump is back in court and an isis group looks beyond russia attack plus a new golden age for shipwreck discoveries,syria
11019,how an aid group built a jetty to get food into gaza workers with world central kitchen were still finishing a jetty made from the rubble of bombed buildings when a ship arrived carrying the first aid into the enclave by sea in nearly two decades,palestine
11044,palestinians search rubble of buildings after israeli strikes people dug through the rubble from destroyed buildings in rafah in southern gaza and deir al balah in central gaza,palestine
11047,american jews liberalism and zionism responses to a guest essay by peter beinart also m i t and the gaza war organ transplants sexual brutality,palestine
11054,trump urges israel to finish up your war the former president told an israeli news outlet that images of destruction in gaza were harming the country you re losing a lot of the world,palestine
11065,tuesday briefing u n voted for a gaza cease fire also searching for iceland s northern lights,palestine
11074,u n security council calls for immediate cease fire in gaza as u s abstains the u s decision not to vote on the resolution drew criticism from prime minister benjamin netanyahu of israel who ordered a delegation to hold back from a planned trip to washington,palestine
11145,domestic political pressures widen divide between biden and netanyahu the war in gaza has sorely strained relations between israel and the united states and the leaders of both countries have allies at home who would pull them farther apart,palestine
11147,weekly student news quiz israel hamas war medical breakthrough apple have you been paying attention to current events recently see how many of these 10 questions you can get right,palestine
11150,israel presses on with strikes in gaza after u n cease fire resolution its military said fighter jets had struck over 60 targets in the previous day there were reports of strikes on residential buildings near al shifa hospital in the north and elsewhere,palestine
11174,israeli hostage says she was sexually assaulted and tortured in gaza amit soussana is the first former hostage to publicly say she was sexually abused in captivity a u n report has said it found clear and convincing information that some hostages suffered conflict related sexual violence,palestine
11248,biden loves ireland it doesn t love him back the president s complicity with israel s assault on gaza has damaged his relationship with the irish people perhaps irreparably,palestine
11261,israel deploys expansive facial recognition program in gaza the experimental effort which has not been disclosed is being used to conduct mass surveillance of palestinians in gaza according to military officials and others,palestine
11321,towns near israel lebanon border damaged by strikes an israeli airstrike in southern lebanon killed seven people prompting retaliatory rockets from hezbollah that killed at least one person in northern israel,lebanon
11329,two days after the u n call for a cease fire israeli strikes on gaza haven t let up israel and hamas appear no closer to negotiating a stop in fighting with significant gaps remaining between them,palestine
11332,majority of americans disapprove of israel s actions in gaza new poll shows the gallup poll conducted this month found that 55 percent of americans disapproved of israel s military action an increase of 10 percentage points from four months earlier,palestine
11372,israel and hezbollah trade fire with deaths reported on both sides the exchange came as a u n cease fire demand appeared to be having little effect on the war in gaza and pressure increased on neighboring jordan to sever ties with israel,lebanon
11372,israel and hezbollah trade fire with deaths reported on both sides the exchange came as a u n cease fire demand appeared to be having little effect on the war in gaza and pressure increased on neighboring jordan to sever ties with israel,palestine
11526,how the israel hamas war has roiled tiktok internally the video app has been criticized for how it has handled posts users see about the war some of the same tensions have also played out inside the company,palestine
11545,fighting rages around two gaza hospitals as pressure on israel rises israeli forces are battling to retake areas they had already seized showing the militants resilience as critics call for less destructive tactics in the war,palestine
11616,hamas took her and still has her husband the story of one family at the center of the war in gaza,palestine
11619,days after u n cease fire resolution has anything changed in gaza the united nations security council passed a resolution on monday that demands an immediate cease fire in the gaza strip here s a closer look at where the situation stands,palestine
11626,a common link in mideast conflicts iran and its proxies a monitoring group said that an israeli strike on syria hit multiple targets including a weapons depot belonging to hezbollah the iran backed lebanese militia here s a closer look at iran s proxies in the region,lebanon
11687,airstrikes kill soldiers in syria in apparent israeli attack israel s military did not immediately comment on the syria strikes but its defense minister said israel would pursue hezbollah an iran backed militia every place it operates,lebanon
11758,a times photographer went on a gaza airdrop here s what he saw as humanitarian groups warn of a looming famine in northern gaza airdrops are playing a prominent role in efforts to deliver food and supplies even if they are less efficient than delivery by truck,palestine
11808,amid health concerns pope delivers strong easter message calling for gaza cease fire pope francis decisions to reduce his participation in two major holy week events had raised fears about his health,palestine
11811,thousands protest in tel aviv against netanyahu s government some scuffles broke out between police officers and demonstrators calling for the government to strike a cease fire deal to free the hostages held in gaza,palestine
2,u s helicopters sink 3 houthi boats in red sea pentagon says iranian backed houthi gunmen from yemen had fired on american helicopters responding to an attack on a commercial ship american officials said,iran
3,in times square hundreds of thousands ring in 2024 new year s celebrations took place as protesters against the israel hamas war staged demonstrations in midtown manhattan,israel
38,israel says it will pull several brigades from gaza strip analysts say the announcement could signal a shift to the more limited and targeted war against hamas that the united states has been urging,israel
48,a gaza mayor s view of the conflict readers discuss a guest essay about the war s toll in gaza also western businesses in russia abortion pill case dogs and social media,russia
51,jan 18 axiom space may send a crew of italian swedish and turkish astronauts to the international space station visits to the international space station are valuable and would be astronauts and their countries can wait a long time for the opportunity in addition to wealthy adventurers axiom space is making it possible for people to make the trip from countries that have seldom or never had astronauts aboard the orbital outpost the three on the ax 3 flight are alper gezeravci who will be the first turkish astronaut marcus wandt a european space agency astronaut from sweden and walter villadei an italian air force pilot who previously flew to the edge of space on a virgin galactic rocket plane a launch on wednesday was postponed to thursday,sweden
57,powerful earthquake hits japan setting off tsunami warnings the epicenter of the quake was in ishikawa prefecture along the west coast of japan,japan
58,putin vows to keep up bombardment after a russian city is hit president vladimir v putin of russia says his country will continue targeting ukrainian cities in retaliation for a deadly attack on the city of belgorod on saturday,russia
63,powerful earthquake hits japan and officials warn of aftershocks there were reports of collapsed buildings and people being trapped underneath them the quake disrupted electricity and phone service and initially raised fears of a tsunami,japan
71,south korean opposition leader is stabbed lee jae myung the democratic party head was attacked by a 66 year old man in the city of busan the police said mr lee is now recovering from surgery,south korea
81,russia hammers kyiv with missiles in large scale attack russia said that ukraine retaliated hours later with missile attacks on russian territory part of an escalating cycle of air assaults between the two countries,russia
81,russia hammers kyiv with missiles in large scale attack russia said that ukraine retaliated hours later with missile attacks on russian territory part of an escalating cycle of air assaults between the two countries,ukraine
90,a miracle plane erupts in flames landing in tokyo but all aboard survive japan airlines said all 367 passengers and 12 crew members had safely evacuated the jet but five crew members on a japanese coast guard plane that collided with it were killed,japan
106,my second trip to gaza was as a hostage i will never return an israeli woman kidnapped in the oct 7 attack on israel by hamas recalls a visit to the gaza strip in another lifetime,israel
121,the twin fronts in the battle over israel s identity monday s court ruling joined the war in gaza in a widening crisis over what kind of state israel will be,israel
128,should ukraine consider an armistice readers discuss actions the u s and ukraine should take also rape of israeli women private equity firms high housing costs birds not birdbrains,ukraine
128,should ukraine consider an armistice readers discuss actions the u s and ukraine should take also rape of israeli women private equity firms high housing costs birds not birdbrains,israel
130,earthquake kills dozens in japan rescuers continued to search for people trapped in the rubble a day after an earthquake struck western japan,japan
137,top hamas official is killed in lebanon as fears grow of a wider war the israeli government would not comment on the death of saleh al arouri but a u s official said to expect israel to assassinate hamas officials for years,lebanon
137,top hamas official is killed in lebanon as fears grow of a wider war the israeli government would not comment on the death of saleh al arouri but a u s official said to expect israel to assassinate hamas officials for years,israel
139,buildings smolder after russian air attacks on kyiv first responders put out fires after russia bombarded the ukrainian capital with missiles and drones,russia
144,who was saleh al arouri the senior hamas leader killed in beirut the hamas deputy who the group said had been killed helped usher in closer ties with the iran backed hezbollah militia and was accused of masterminding attacks in israel,iran
144,who was saleh al arouri the senior hamas leader killed in beirut the hamas deputy who the group said had been killed helped usher in closer ties with the iran backed hezbollah militia and was accused of masterminding attacks in israel,israel
154,maureen flavin sweeney dies at 100 her weather report delayed d day she helped save general eisenhower s invasion from potential disaster enabling the allies to gain a foothold in france that was essential to victory in world war ii,france
160,netanyahu allies signal pause in campaign to rein in judges with israel fighting in gaza people on both sides of the judiciary debate appear unwilling to return to the domestic upheaval that preceded the war,israel
161,who is alan garber harvard s interim president dr garber is an economist and physician who told the harvard crimson that he regretted the university s initial statement in response to the israel hamas war,israel
171,hamas used gaza hospital as a command center u s intelligence says israeli forces stormed the site in november drawing intense international scrutiny and criticism,israel
183,abrupt dismissals point to xi jinping s quiet shake up of china s military the purge of several commanders from china s legislature was the latest sign of widening investigations focused on the sensitive arms sector experts say,china
184,hamas blames israel for the death of a senior official in lebanon israel and the surrounding region were on edge wednesday a day after the assassination of a top hamas leader in lebanon heightened worries that the war in gaza could spill over into a broader conflict,israel
184,hamas blames israel for the death of a senior official in lebanon israel and the surrounding region were on edge wednesday a day after the assassination of a top hamas leader in lebanon heightened worries that the war in gaza could spill over into a broader conflict,lebanon
204,it s state propaganda ukrainians shun tv news as war drags on a government approved news program intended to counter russian disinformation and boost morale is coming under criticism for painting a rosy picture of the war,russia
219,world s oldest pyramid in indonesia a study draws skepticism the study under investigation by its publisher has fueled a dispute over the age of a partially excavated site and prompted warnings about the dangers of nationalist mythmaking,indonesia
220,knife attack on opposition leader raises alarms in polarized south korea the attack on lee jae myung who narrowly lost the 2022 presidential vote came amid a deepening political divide and increasingly extreme discourse in south korea,south korea
226,al arouri s killing is a blow to hamas though likely not a debilitating one analysts say the killing of saleh al arouri deprives hamas of one of its most skilled tacticians who helped route money and weapons to its operatives in gaza and elsewhere in the middle east and integrated the group more tightly into iran s network of forces committed to fighting israel according to analysts,iran
226,al arouri s killing is a blow to hamas though likely not a debilitating one analysts say the killing of saleh al arouri deprives hamas of one of its most skilled tacticians who helped route money and weapons to its operatives in gaza and elsewhere in the middle east and integrated the group more tightly into iran s network of forces committed to fighting israel according to analysts,israel
229,bombing in iran kills over 100 sowing confusion and speculation no one claimed responsibility for the bombing at a memorial for qassim suleimani the top commander killed by a u s drone strike four years ago,iran
245,leader s killing is a blow but not a knockout for hamas the killing of saleh al arouri a key hamas strategist in lebanon sets the organization back at a vulnerable time the group has rebuilt after the assassination of other leaders though,lebanon
257,who was the iranian general qassim suleimani general suleimani the powerful commander heading iran s quds force was considered a hero by some in the country the anniversary of his death has attracted horrific violence,iran
260,russia and ukraine exchange record number of p o w s the exchange of prisoners was the first in months and came as both sides were engaged in an escalating cycle of air assaults,russia
260,russia and ukraine exchange record number of p o w s the exchange of prisoners was the first in months and came as both sides were engaged in an escalating cycle of air assaults,ukraine
266,blasts kill dozens in iran two bombs exploded along the road near the burial site of qassim suleimani iran s former top general during a commemoration on the fourth anniversary of his assassination by the united states,iran
279,israel says it dismantled a hamas built tunnel under a gaza hospital the israeli military says the tearing down was done in november and that hospital wasn t damaged in the process,israel
284,thursday briefing blasts in iran kill dozens plus china shakes up its military,iran
284,thursday briefing blasts in iran kill dozens plus china shakes up its military,china
293,a bombing killed at least 100 people in iran also donald trump asked the supreme court to rule on his eligibility here s the latest at the end of wednesday,iran
295,attacks heighten fears of a wider war for the middle east and u s the killing of a top hamas leader in lebanon and mysterious twin explosions in iran heighten fears of a regional war that could draw in the united states,lebanon
295,attacks heighten fears of a wider war for the middle east and u s the killing of a top hamas leader in lebanon and mysterious twin explosions in iran heighten fears of a regional war that could draw in the united states,iran
296,more than 100 people in iran killed in blasts at suleimani memorial more than 200 people were also injured after two roadside bombs exploded during a memorial for qassim suleimani iran s former top general who was killed by a u s drone strike four years ago,iran
302,israelis worry a blow against hamas may bring blowback israelis welcomed news that a top palestinian militant had been killed but feared that it might impede the release of hostages and kindle a broader war,israel
317,israelis question army s rules of engagement after hostages slain israel s military said that soldiers who shot hostages while they waved a white flag violated its rules of engagement human rights activists say the rules are good but enforcement is lax,israel
318,canada s logging industry devours forests crucial to fighting climate change a study finds that logging has inflicted severe damage to the vast boreal forests in ontario and quebec two of the country s main commercial logging regions,canada
363,islamic state claims responsibility for deadly bombings in iran the group which has struck before in iran has a long history of division with the country,iran
367,he went that way review on the road with a serial killer in this thriller the australian actor jacob elordi tries on the tics of noteworthy american performers from james dean to matt dillon,australia
374,a trophy in ruins evidence grows that russia controls marinka ukraine said it was defending territory behind the eastern frontline town its capture would be russia s most significant territorial advance in ukraine in more than six months,russia
374,a trophy in ruins evidence grows that russia controls marinka ukraine said it was defending territory behind the eastern frontline town its capture would be russia s most significant territorial advance in ukraine in more than six months,ukraine
380,kim jong un s daughter is his likely successor south korea says kim ju ae has long accompanied her dictator father to important state events like long range missile tests and military parades,south korea
381,iraq condemns u s after drone strike in baghdad the attack acknowledged by the pentagon killed a senior militant leader of an iran allied group with ties to the iraqi government s security apparatus,iraq
381,iraq condemns u s after drone strike in baghdad the attack acknowledged by the pentagon killed a senior militant leader of an iran allied group with ties to the iraqi government s security apparatus,iran
423,white house says north korea providing russia with ballistic missiles russia has rebuilt its own domestic supply of cruise missiles but to keep up with the intensity of the barrage against ukraine it has been turning to north korea and iran,north korea
423,white house says north korea providing russia with ballistic missiles russia has rebuilt its own domestic supply of cruise missiles but to keep up with the intensity of the barrage against ukraine it has been turning to north korea and iran,russia
423,white house says north korea providing russia with ballistic missiles russia has rebuilt its own domestic supply of cruise missiles but to keep up with the intensity of the barrage against ukraine it has been turning to north korea and iran,ukraine
423,white house says north korea providing russia with ballistic missiles russia has rebuilt its own domestic supply of cruise missiles but to keep up with the intensity of the barrage against ukraine it has been turning to north korea and iran,iran
425,friday briefing islamic state claims the iran bombing plus the seven keys to longevity,iran
437,a u s strike killed an iran allied militant leader also biden faces immigration pressure from democrats here s the latest at the end of thursday,iran
445,towns empty and farms languish as war stalks israeli lebanese border more than 150 000 people have been driven from their homes on both sides of the frontier as israeli forces clash with hezbollah militants,israel
460,oscar pistorius olympic athlete convicted of murder is released the south african sprinter whose trial for the 2013 killing of his girlfriend drew intense global interest served more than seven years in prison,south africa
462,north korea fires artillery near border with south korea the south asked nearby islanders to seek shelter before it launched a military exercise in the disputed waters and chided the north for threatening peace,north korea
462,north korea fires artillery near border with south korea the south asked nearby islanders to seek shelter before it launched a military exercise in the disputed waters and chided the north for threatening peace,south korea
471,residents near israel lebanon border live with uncertainty as the conflict between israel and hezbollah escalates some israeli residents are making trips back to their homes along the border with lebanon despite orders to stay away while others wait with uncertainty,israel
476,a palestinian man vanished oct 7 his family wants to know who killed him soheib abu amar who lived in east jerusalem was captured by hamas during its attack on israel his brothers spent weeks investigating what happened next,israel
491,the families of hostages are calling on israel to do something radical in israel they are putting pressure on the government pushing for a political path to release the remaining hostages,israel
508,heavy rain in u k causes hundreds of flood warnings and travel disruptions in london around 50 people were evacuated from rising waters heavy rain brought similar scenes to parts of france and germany,u k
508,heavy rain in u k causes hundreds of flood warnings and travel disruptions in london around 50 people were evacuated from rising waters heavy rain brought similar scenes to parts of france and germany,france
508,heavy rain in u k causes hundreds of flood warnings and travel disruptions in london around 50 people were evacuated from rising waters heavy rain brought similar scenes to parts of france and germany,germany
509,beyond the front lines the war in ukraine has entered a new phase,ukraine
521,to bolster russia s army putin eases citizenship path for foreign fighters president vladimir v putin is seeking to strengthen his military to fight in ukraine while avoiding a potentially unpopular mobilization of russians,russia
521,to bolster russia s army putin eases citizenship path for foreign fighters president vladimir v putin is seeking to strengthen his military to fight in ukraine while avoiding a potentially unpopular mobilization of russians,ukraine
545,after the iowa shooting demands that politicians act readers urge the public to push for stricter laws to reduce gun violence also young voters israeli arab hope immigration judges inmates and cats,israel
549,hezbollah s leader says it would not negotiate peace with israel until war in gaza ends in a televised speech hassan nasrallah addressed israeli citizens directly warning that they will be the first to pay the price unless the military action stops,israel
567,terrorism in iran exposes a vulnerability it doesn t want to admit even after the islamic state took responsibility for deadly bombings iran s government facing public anger blamed israel,iran
567,terrorism in iran exposes a vulnerability it doesn t want to admit even after the islamic state took responsibility for deadly bombings iran s government facing public anger blamed israel,israel
598,as pressure mounts israeli minister proposes plan for postwar gaza the plan exposed divisions in israel s war cabinet as secretary of state antony j blinken returned to the middle east on friday in an effort to ease escalating tensions,israel
609,a president s son is in indonesia s election picture is it democracy or dynasty critics say that hard won progress toward democracy in indonesia has been backsliding under joko widodo a two term president who was once a political outsider,indonesia
619,as gaza losses mount under strikes dignified burials are another casualty the lucky are those who have someone to bury them when they die dr mohammad abu moussa a radiologist at one gaza hospital said of those killed by israeli airstrikes,israel
627,ukraine s patriot defenses at work shuddering booms and bursts of light the american provided air defense systems have helped ukraine defend itself against russian assaults but washington has warned that it will not be able to keep them supplied for much longer,ukraine
627,ukraine s patriot defenses at work shuddering booms and bursts of light the american provided air defense systems have helped ukraine defend itself against russian assaults but washington has warned that it will not be able to keep them supplied for much longer,russia
637,in frothy awards season what role will israel hamas war play stars are increasingly vocal about political issues but the mideast conflict has divided hollywood magnifying the choice of whether to discuss the topic or remain silent,israel
640,hezbollah fires rockets at israel in response to killing in beirut israel said it had fired back at militants involved in the rocket launches but the exchange stopped short of a major escalation,israel
648,after niger coup u s scrambles to keep a vital air base after the generals took charge the united states was forced to suspend operations at its most strategic military asset in sub saharan africa restarting them won t be easy,niger
661,russian attacks kill 11 civilians near eastern front ukraine says ukrainian officials said missile assaults had struck private houses trapping residents under the rubble and that the dead included five children,russia
661,russian attacks kill 11 civilians near eastern front ukraine says ukrainian officials said missile assaults had struck private houses trapping residents under the rubble and that the dead included five children,ukraine
671,woman rescued from rubble in japan five days after deadly quake the survivor who was in her 90s was dug out from under a collapsed house injured but responsive,japan
676,dignified burials have become another casualty in gaza for four days kareem sabawi s body lay wrapped in a blanket in a cold empty apartment as his family sheltered nearby he was killed during intense israeli bombardment near his family home his father and mother said and in the days that followed it was too dangerous to step outside and lay their 10 year old child to rest,israel
692,war brings tensions and assault rifles into an israeli college at the university of haifa more than 40 percent of students are arab some with family in gaza and many others have now been called up as soldiers,israel
710,two more journalists killed in gaza including son of al jazeera reporter hamza al dahdouh the son of al jazeera s gaza bureau chief and a second reporter were killed in what officials in the territory said was an israeli airstrike two others were wounded,israel
719,she helped the lillys blossom now she ll champion her own work after years of fighting to win parity and recognition for women in theater julia jordan said everybody gets produced now there s much more competition in a good way,jordan
723,from lebanon to the red sea a broader conflict with iran looms with its proxies attacking from many vantage points and its nuclear program suddenly revived iran is posing a new challenge to the west this time with russia and china on its side,lebanon
723,from lebanon to the red sea a broader conflict with iran looms with its proxies attacking from many vantage points and its nuclear program suddenly revived iran is posing a new challenge to the west this time with russia and china on its side,iran
723,from lebanon to the red sea a broader conflict with iran looms with its proxies attacking from many vantage points and its nuclear program suddenly revived iran is posing a new challenge to the west this time with russia and china on its side,russia
723,from lebanon to the red sea a broader conflict with iran looms with its proxies attacking from many vantage points and its nuclear program suddenly revived iran is posing a new challenge to the west this time with russia and china on its side,china
726,as west bank violence rises israel vows to pursue military goals in gaza diplomats toured the mideast sunday on a mission to stop the war from widening but tensions in the gaza strip spread across the region,israel
758,russia pounds several ukrainian regions with missiles the attack killed at least four people wounded many others and caused heavy damage it came as moscow has intensified air assaults in recent days,russia
792,blinken says saudi arabia remains interested in diplomatic ties with israel the u s secretary of state on a trip to the middle east that included a meeting with the saudi crown prince said such a move would require an end to fighting in gaza and steps toward a palestinian state,saudi arabia
792,blinken says saudi arabia remains interested in diplomatic ties with israel the u s secretary of state on a trip to the middle east that included a meeting with the saudi crown prince said such a move would require an end to fighting in gaza and steps toward a palestinian state,israel
793,india s top court reverses early release of 11 men convicted of gang rape the case of bilkis bano who was three months pregnant when she was attacked became a powerful symbol of communal bloodshed and of the widespread violence against women in the country,india
794,exhausted on the defensive and at hell s gate in ukraine the country s forces along a broad stretch of the front say that with russia pushing forward the war has never been so dangerous,ukraine
794,exhausted on the defensive and at hell s gate in ukraine the country s forces along a broad stretch of the front say that with russia pushing forward the war has never been so dangerous,russia
807,pro palestinian demonstrators block n y bridge and tunnel traffic hundreds of demonstrators protesting israel s bombardment of gaza blocked the manhattan entrance to the holland tunnel and disrupted traffic on three major bridges,israel
813,israel says its military is starting to shift to a more targeted gaza campaign israeli officials privately say that they hope to complete the transition by the end of january but that the timeline could change,israel
814,tiktok quietly curtails data tool used by critics people and groups had harnessed the tool to scrutinize content on the site related to the israel hamas war and other topics,israel
824,biden s harsh attack on trump in a campaign speech readers agree with the president that democracy is imperiled if his predecessor is elected also the japan plane crash how the movie munich resonates,japan
830,franz beckenbauer der kaiser of world soccer dies at 78 in west germany he revolutionized his central defense position and was one of only three people to win the world cup as a player and a coach,germany
837,ukrainian residential buildings destroyed by russian air assault some civilians sheltered in subway stations as russia launched a widespread missile attack on regions across ukraine,russia
837,ukrainian residential buildings destroyed by russian air assault some civilians sheltered in subway stations as russia launched a widespread missile attack on regions across ukraine,ukraine
856,israel said it had begun a less intense phase of the war also the investigation into boeing planes here s the latest at the end of monday,israel
865,israeli strikes in lebanon kill hezbollah commander militia says the latest strikes across israel s northern border came as the u s secretary of state made another trip to the middle east in efforts to prevent a wider war,israel
873,tuesday briefing israel s next phase of the war in gaza,israel
875,blinken begins meetings in israel amid deepening disagreements over the war secretary of state antony j blinken was meeting with top israeli officials on tuesday continuing diplomatic efforts to avert a broader war in the region,israel
876,south korea bans dog meat a now unpopular food breeding killing and selling dogs for their meat will be banned in a country where it has fallen out of favor hundreds of thousands of the animal were still being bred for human consumption,south korea
909,the hard truth of israel s endgame in gaza peter beinart warns that the country is committing a sin that cannot be atoned for,israel
919,a glimpse inside a devastated gaza in the ruins of two gazan towns new york times journalists witnessed the sheer destruction that israel s war has wrought and the devastation of hamas s operations,israel
920,u s navy sailor who helped china is sentenced to 2 years in prison wenheng zhao pleaded guilty to charges that he sent photos of american military installations and details of u s military exercises to an intelligence officer working for china,china
923,saudi israel ties depend on steps toward a palestinian state blinken says in meetings with israeli leaders the u s secretary of state held out the prospect of saudi recognition to prod israel to curb combat operations in gaza and accept a path to palestinian statehood,israel
924,a missile a rocket or a satellite chinese flyover sows confusion in taiwan a warning from taiwan about a satellite erroneously called a missile in english raised concerns about chinese harassment days before an election,taiwan
934,israel shifting war tempo tailors its messages for home and abroad israeli officials have told foreign journalists that they are starting to slow military operations in gaza while assuring the israeli public that the war against hamas will go on,israel
943,israel says it killed another hezbollah commander after back and forth attacks a deadly airstrike,israel
950,fauda actor is seriously injured fighting in gaza the actor idan amedi underwent surgery to remove shrapnel from his body and was expected to recover israeli news media reported,israel
986,ecuador plunges into crisis amid prison riots and gang leader s disappearance the president declared a state of emergency and ordered the military to neutralize dozens of gangs gunmen stormed a tv studio as cameras rolled,ecuador
988,ecuadorean law enforcement searches for escaped gang leader ecuadorean military and police patrolled the streets and searched residents following the disappearance of an imprisoned leader of a criminal gang,ecuador
1018,what to know about the chaos in ecuador violence erupted across the south american country this week after a notorious gang leader disappeared from prison the president has declared a state of emergency,ecuador
1026,as u s support for ukraine falters europe splits on filling the gap president volodymyr zelensky of ukraine is likely to find strong backing on a trip to the baltic states but other nations are increasingly wary,ukraine
1027,we live in constant fear violence erupts across ecuador chaos has consumed ecuador after gang leaders escaped prisons and armed men commandeered a live tv broadcast,ecuador
1028,knife attacker hoped to end south korean s presidential bid police say the suspect had planned the attack last week on the country s opposition leader for months the police said and had written an eight page manifesto,south korea
1036,the agony and determination of sderot the mayor of an israeli town attacked by hamas on oct 7 describes the devastation the will to recover and the source of its resilience,israel
1044,for this reporter the war in ukraine is also personal yaroslav trofimov grew up in kyiv our enemies will vanish records his experience as a journalist for the wall street journal assigned to cover the war,ukraine
1045,the next front in the u s china battle over chips a u s born chip technology called risc v has become critical to china s ambitions washington is debating whether and how to limit the technology,china
1061,u n expert will investigate reports of sex crimes by hamas israel says the official accepted israel s invitation and is expected to go there soon the foreign ministry said hamas has denied that its fighters committed sex crimes during the oct 7 attacks,israel
1063,blinken meets with abbas to talk about gaza s future the u s secretary of state spoke with mahmoud abbas the leader of the palestinian authority about the role the authority might play after israel s war with hamas,israel
1068,how the war with hamas has damaged israel s tech firms and economy israel s technology sector a key part of the economy has been jolted by worker shortages and funding fears which could drive a wider slowdown in 2024,israel
1069,papua new guinea orders military to restore order as unrest rocks capital angry protests started after hundreds of police officers and other public servants appeared to walk off their jobs over a wage dispute,papua new guinea
1103,ecuadoreans split on president s drastic new measure to combat drug gangs vowing to bring peace back to a shattered country president daniel noboa has deployed the military to take on what he calls terrorist groups,ecuador
1104,al shabab terrorist group captures u n helicopter in somalia somali officials said the helicopter was carrying nine passengers one of whom was killed the horn of africa nation is now grappling with how to rescue hostages from a group known for mistreating them,somalia
1104,al shabab terrorist group captures u n helicopter in somalia somali officials said the helicopter was carrying nine passengers one of whom was killed the horn of africa nation is now grappling with how to rescue hostages from a group known for mistreating them,mali
1136,thursday briefing the fight against houthi rebels preview also violence in ecuador,ecuador
1140,standoff at presidential palace shows poland s right won t go quietly the incident escalated a campaign by the ousted law and justice party to resist the transfer of power after it lost its parliamentary majority in october,poland
1145,after red sea barrage by houthis u s and allies weigh retaliation american officials and their allies warned that there would be consequences for the houthis the iranian backed armed group that has disrupted shipping in the red sea,iran
1154,hamas says hostages won t go home alive as long as israeli forces remain in gaza netanyahu faces growing pressure to get the more than 100 hostages still held in gaza home safely,israel
1171,desantis and haley clash over military aid to ukraine nikki haley said u s aid to ukraine was essential to preventing a broader conflict while ron desantis said he didn t want the u s to be dragged into a war with no clear end,ukraine
1224,frozen garlic taiwan likes its democracy loud and proud at the island s election rallies warming up the crowd for candidates is crucial you have to light a fire in their hearts one host says,taiwan
1231,blinken meets with el sisi in egypt to discuss plight of palestinians in gaza the u s secretary of state also planned to talk about how to prevent the violence in the mideast from escalating further as iran backed militias ramp up attacks,egypt
1231,blinken meets with el sisi in egypt to discuss plight of palestinians in gaza the u s secretary of state also planned to talk about how to prevent the violence in the mideast from escalating further as iran backed militias ramp up attacks,iran
1239,papua new guinea leader declares state of emergency after violent riots there were signs the authorities had regained some control but the extent of damage and casualties from the unrest remained unclear,papua new guinea
1249,u s military aid to ukraine was poorly tracked pentagon report says the report found that american officials and diplomats had failed to quickly or fully account for all of the nearly 40 000 weapons sent to the front,ukraine
1258,indiana university cancels major exhibition of palestinian artist samia halaby an 87 year old artist has been outspoken in her support of palestinians during the israel gaza war,india
1258,indiana university cancels major exhibition of palestinian artist samia halaby an 87 year old artist has been outspoken in her support of palestinians during the israel gaza war,israel
1282,israel and hamas are in talks to deliver medicine to hostages in gaza more than 120 hostages are believed to still be held in gaza and many suffer from health conditions that require regular medical care,israel
1310,blinken talks a grand vision for mideast peace but hits a wall in israel secretary of state antony j blinken conducted marathon diplomacy around the region but israeli leaders focused on war with hamas showed no interest in meeting demands like palestinian statehood,israel
1329,edward jay epstein author and stubborn skeptic dies at 88 he questioned the findings of the warren commission called edward snowden a prized russian asset and exposed the diamond industry s economic impact,russia
1331,u s missiles strike targets in yemen linked to the houthi militia the american led strikes came in response to more than two dozen houthi drone and missile attacks against commercial shipping in the red sea since the israel hamas war began,israel
1338,who are the houthis and why is the u s attacking them the iranian backed militia has launched dozens of attacks on commercial ships in the red sea since the war between israel and hamas started,iran
1338,who are the houthis and why is the u s attacking them the iranian backed militia has launched dozens of attacks on commercial ships in the red sea since the war between israel and hamas started,israel
1355,taiwan party reviled by china battles to prove its staying power the democratic progressive party has transformed taiwan into a bastion against chinese power now it is promising a mix of change and continuity,taiwan
1355,taiwan party reviled by china battles to prove its staying power the democratic progressive party has transformed taiwan into a bastion against chinese power now it is promising a mix of change and continuity,china
1370,u k pledges 3 billion in military aid to ukraine the annual british package is about 255 million more than in the past two years and is part of an effort to reassure kyiv amid concerns about a potential shortfall in western support,u k
1370,u k pledges 3 billion in military aid to ukraine the annual british package is about 255 million more than in the past two years and is part of an effort to reassure kyiv amid concerns about a potential shortfall in western support,ukraine
1413,u s led strikes draw fury from iran other critics also included militias allied with iran as well as oman a u s ally that often mediates between the houthis and international parties,iran
1413,u s led strikes draw fury from iran other critics also included militias allied with iran as well as oman a u s ally that often mediates between the houthis and international parties,oman
1422,russell hamler last of world war ii s merrill s marauders dies at 99 the foot soldiers marched and fought through harsh mountainous jungle on a mission to seize a japanese held airfield dozens did not survive,japan
1425,strikes are extremely unlikely to deter houthis experts say u s led airstrikes in yemen could play into the agenda of the houthis who have built their legitimacy on hostility toward the united states and israel scholars said,yemen
1425,strikes are extremely unlikely to deter houthis experts say u s led airstrikes in yemen could play into the agenda of the houthis who have built their legitimacy on hostility toward the united states and israel scholars said,israel
1455,the regional war no one wanted is here how wide will it get with the u s led attacks in yemen there is no longer a question of whether the israel hamas war will escalate into a wider conflict the question is whether it can be contained,yemen
1455,the regional war no one wanted is here how wide will it get with the u s led attacks in yemen there is no longer a question of whether the israel hamas war will escalate into a wider conflict the question is whether it can be contained,israel
1457,with genocide case against israel south africa challenges western led order after arguing its genocide case against israel at the international court of justice south africa won praise for standing up for palestinians under israeli bombardment in gaza,israel
1457,with genocide case against israel south africa challenges western led order after arguing its genocide case against israel at the international court of justice south africa won praise for standing up for palestinians under israeli bombardment in gaza,south africa
1471,the price of carbon emissions plunged in 2022 and that s not good new data shed light on how difficult choices stemming from the war in ukraine changed energy policy,ukraine
1484,tesla and volvo to pause production in europe after red sea attacks the carmakers said they would suspend production at their plants in germany and belgium because of supply chain snarls linked to the attacks in the red sea,germany
1484,tesla and volvo to pause production in europe after red sea attacks the carmakers said they would suspend production at their plants in germany and belgium because of supply chain snarls linked to the attacks in the red sea,belgium
1511,u s strikes against houthis in yemen for second day as conflict escalates the military fired at a target in response to rising attacks on red sea shipping which the houthis linked to the war between israel and hamas,yemen
1511,u s strikes against houthis in yemen for second day as conflict escalates the military fired at a target in response to rising attacks on red sea shipping which the houthis linked to the war between israel and hamas,israel
1517,ecuador s attorney general took on drug gangs then chaos broke out explosive revelations by the country s top prosecutor showed links between cartels and officials a move that might be kicking the hornet s nest,ecuador
1528,russia targets ukraine with large scale missile attack the assault was in line with a wider air campaign that russia began in late december seeking to wear down ukrainian air defenses,russia
1528,russia targets ukraine with large scale missile attack the assault was in line with a wider air campaign that russia began in late december seeking to wear down ukrainian air defenses,ukraine
1540,russia regains upper hand in ukraine s east as kyiv s troops struggle ukrainians are weary short of ammunition and outnumbered and their prospects look bleak we can stop them for now but who knows one soldier said tomorrow or the next day maybe we can t stop them,russia
1540,russia regains upper hand in ukraine s east as kyiv s troops struggle ukrainians are weary short of ammunition and outnumbered and their prospects look bleak we can stop them for now but who knows one soldier said tomorrow or the next day maybe we can t stop them,ukraine
1549,a russian dissident s fraught path to canadian citizenship maria kartasheva was sentenced in absentia by a moscow court for criticizing the war in ukraine threatening her citizenship application in canada,russia
1549,a russian dissident s fraught path to canadian citizenship maria kartasheva was sentenced in absentia by a moscow court for criticizing the war in ukraine threatening her citizenship application in canada,ukraine
1549,a russian dissident s fraught path to canadian citizenship maria kartasheva was sentenced in absentia by a moscow court for criticizing the war in ukraine threatening her citizenship application in canada,canada
1552,u n warns gaza is heading for famine as specter of wider war looms officials of the iran backed houthi militia in yemen threatened to respond to american led airstrikes over the past two days,iran
1556,the things we disagree on about gaza readers challenge me on my criticism of israel s bombardment,israel
1558,the necessary risk of america s military strikes in yemen given the increasingly critical threat the houthis pose to the freedom of commerce and navigation in the red sea the united states had to act,yemen
1575,two seal team members missing after incident off somalia coast the sailors were said to have disappeared into the water after a vessel boarding attempt pentagon officials said the episode was not related to recent clashes with the houthi militia in yemen,somalia
1614,war or no war many older ukrainians want to stay put the front line in ukraine is largely peopled by the elderly these days some can t afford to get out others say they won t abandon their homes,ukraine
1615,new leader set to take over in guatemala raising hopes for a fragile democracy bernardo arevalo an anticorruption crusader had to fight to make it to sunday s inauguration his challenges are just beginning,guatemala
1616,north korea test fires intermediate range ballistic missile the launch the first by the north this year indicates that the country may be developing a new missile that could threaten u s military bases in the region,north korea
1619,as war enters 100th day netanyahu vows to keep fighting in gaza the prime minister of israel struck a defiant tone after hearings at the hague where israel has been accused of genocide,israel
1647,u s and iran battle through proxies warily avoiding each other iran wants to flex its muscles without directly taking on the u s or israel but that cautious strategy is subject to miscalculation on all sides,iran
1647,u s and iran battle through proxies warily avoiding each other iran wants to flex its muscles without directly taking on the u s or israel but that cautious strategy is subject to miscalculation on all sides,israel
1684,they thought they knew death but that didn t prepare them for oct 7 volunteers with zaka an israeli group that recovers dead bodies were among the first to reach the victims of the hamas led attacks the trauma of what they witnessed may last a lifetime,israel
1688,the war has reined in ukraine s oligarchs at least for now oligarchs have lost billions from the shelling of their factories and the government has used its wartime powers to break their political influence,ukraine
1708,apple to offer rare discount on iphones in china facing a weak consumer appetite and fierce competition from domestic rivals amid u s china tensions a typically discount wary apple is offering a four day sale,china
1712,hamas says two more israeli hostages are dead the group said the two were killed by israeli airstrikes which the israeli military said was at least partly false,israel
1714,car ramming attack in israel kills 1 and wounds 17 officials say two palestinian men were arrested according to the police who said the incident was being treated as a terrorist attack the french government said two of those injured were french nationals,israel
1735,britain moves to ban the islamist group hizb ut tahrir the government said it would designate the international islamist political group a terrorist organization citing what it said was hizb ut tahrir s praise for the oct 7 attack on israel,israel
1739,israeli teenager recounts her time as a hostage in gaza hila rotem shoshani 13 is the youngest of the hostages freed from gaza to speak out about the harsh conditions in which they were held,israel
1752,iran launches missile strikes in iraq and syria citing terrorist attacks explosions shook erbil a city in northern iraq and at least four civilians were killed local officials said syrian targets were also hit iran s revolutionary guards said,iran
1752,iran launches missile strikes in iraq and syria citing terrorist attacks explosions shook erbil a city in northern iraq and at least four civilians were killed local officials said syrian targets were also hit iran s revolutionary guards said,iraq
1752,iran launches missile strikes in iraq and syria citing terrorist attacks explosions shook erbil a city in northern iraq and at least four civilians were killed local officials said syrian targets were also hit iran s revolutionary guards said,syria
1753,houthis undeterred by strikes target more ships in red sea the iranian backed militants launched a fresh round of attacks days after their military sites were hit by u s and british forces,iran
1776,quotation of the day war in ukraine pulls oligarchs off their perch quotation of the day for tuesday january 16 2024,ukraine
1795,north korea says it is no longer interested in reunifying with the south abandoning the longtime goal however unlikely kim jong un the north s leader instead threatened to subjugate south korea in war,north korea
1795,north korea says it is no longer interested in reunifying with the south abandoning the longtime goal however unlikely kim jong un the north s leader instead threatened to subjugate south korea in war,south korea
1817,senate rejects israel human rights measure but skepticism on aid persists senators voted to kill a resolution that would have ordered the administration to assess whether israel has violated human rights but the debate highlighted democratic resistance to providing unfettered aid,israel
1826,israel unearths more of a subterranean fortress under gaza the israeli military has been surprised by the extent depth and quality of the tunnel network beneath gaza,israel
1835,2 missing seals were on mission to stop yemen bound iranian weapons u s says the seized items including missile guidance systems and warheads were for the iran backed houthi militia which has been targeting ships in the red sea the pentagon said,iran
1837,zelensky calls for peace not more weapons in davos in a speech in switzerland the ukrainian president asked for more sanctions on moscow but he did not appeal for weaponry for new offenses,switzerland
1838,the big buzz at davos a i ukraine china and the middle east c e o s and world leaders gather in the swiss alps this year as war trade risks and disruptive new technologies loom large,ukraine
1838,the big buzz at davos a i ukraine china and the middle east c e o s and world leaders gather in the swiss alps this year as war trade risks and disruptive new technologies loom large,china
1846,one plane clips another at japan airport weeks after deadly runway blaze nobody was injured in the episode on tuesday which took place on the country s northern island of hokkaido amid heavy snow,japan
1868,zvi zamir israeli spy chief in a critical period dies at 98 he led the mossad s response to the massacre of 11 israelis at the 1972 olympics a year later he learned that egypt and syria were about to attack israel,israel
1868,zvi zamir israeli spy chief in a critical period dies at 98 he led the mossad s response to the massacre of 11 israelis at the 1972 olympics a year later he learned that egypt and syria were about to attack israel,egypt
1868,zvi zamir israeli spy chief in a critical period dies at 98 he led the mossad s response to the massacre of 11 israelis at the 1972 olympics a year later he learned that egypt and syria were about to attack israel,syria
1878,deadly iranian strikes in iraq and pakistan inflame regional tensions iran says its missile strikes were aimed at militant groups behind attacks on its territory but pakistan and iraq rejected that explanation,iran
1878,deadly iranian strikes in iraq and pakistan inflame regional tensions iran says its missile strikes were aimed at militant groups behind attacks on its territory but pakistan and iraq rejected that explanation,iraq
1878,deadly iranian strikes in iraq and pakistan inflame regional tensions iran says its missile strikes were aimed at militant groups behind attacks on its territory but pakistan and iraq rejected that explanation,pakistan
1896,macron promising a more dynamic france vows to break taboos the president also said during a televised appearance he would fight to the last to prevent the far right leader marine le pen from succeeding him,france
1901,malaysian prisoners plead guilty to conspiring in 2002 bali bombing the men who have been held by the united states for two decades as lieutenants to a southeast asian terrorist entered pleas at guantanamo bay,malaysia
1902,the genocide charge against israel is a moral obscenity in a war the killing ends when one side stops fighting in a genocide that s when the killing begins,israel
1904,hamas rocket barrage stirs debate in israel over direction of war right wing lawmakers said the attack on tuesday showed the folly of withdrawing some troops from the gaza strip while israel s government faces international pressure to scale back further,israel
1913,u s to return houthis to terrorism list the move is a partial return to a tougher trump administration stance toward the iran backed group which has attacked commercial ships in the red sea and the gulf of aden,iran
1917,wednesday briefing u s attacks in yemen,yemen
1921,a peaceful solution on taiwan is slipping away taiwan s election showed that the island s people want their freedom leaving china few options aside from war to achieve the unification it desires,taiwan
1921,a peaceful solution on taiwan is slipping away taiwan s election showed that the island s people want their freedom leaving china few options aside from war to achieve the unification it desires,china
1941,to be a palatable jew in germany in 1940 in the u s today victor klemperer considered himself a german above all else his diaries of life in the third reich chronicle his painful awakening to violent antisemitism,germany
1962,auction of nelson mandela items set after court fight with government south africa tried to force the return of what it deemed heritage objects but a court sided with mandela s daughter who plans to use the sale to finance a memorial garden,south africa
1977,iranian strike leaves pakistan with no easy options for response retaliation could risk drawing the country which is already mired in political and economic crises into middle east upheaval that it has so far avoided,iran
1977,iranian strike leaves pakistan with no easy options for response retaliation could risk drawing the country which is already mired in political and economic crises into middle east upheaval that it has so far avoided,pakistan
1979,fireworks factory explosion in thailand kills at least 20 the blast leveled the facility and was the second such deadly accident in the country since 2022 the police are investigating the cause,thailand
1987,iran says missile strikes show it will be tough and decisive with foes the country has hit targets in syria iraq and pakistan with missiles this week signaling to hard line supporters that it is not passive in the face of threats,iran
1987,iran says missile strikes show it will be tough and decisive with foes the country has hit targets in syria iraq and pakistan with missiles this week signaling to hard line supporters that it is not passive in the face of threats,syria
1987,iran says missile strikes show it will be tough and decisive with foes the country has hit targets in syria iraq and pakistan with missiles this week signaling to hard line supporters that it is not passive in the face of threats,iraq
1987,iran says missile strikes show it will be tough and decisive with foes the country has hit targets in syria iraq and pakistan with missiles this week signaling to hard line supporters that it is not passive in the face of threats,pakistan
2006,he killed a man turks wonder why a well connected somali went free after a crash that killed a motorcycle courier a son of somalia s president faced prison now it will be a fine of about 900,mali
2006,he killed a man turks wonder why a well connected somali went free after a crash that killed a motorcycle courier a son of somalia s president faced prison now it will be a fine of about 900,somalia
2019,ana tijoux s first album in a decade fights sorrows with joy on vida the chilean songwriter celebrates the life force,chile
2031,thursday briefing iran raises military threats also how language affects memory as we age,iran
2033,sunak quells rebellion on immigration for now the british prime minister s plan to send refugees to rwanda passed a critical vote but more hurdles lie ahead,rwanda
2044,as if we didn t have enough to frighten us north korea is acting strangely and some veteran analysts fear war,north korea
2048,as fighting intensifies in southern gaza palestinians flee hospital refuge israel and hamas are battling near a hospital in khan younis near where the military said it had detected mortar fire about 7 000 people had sought shelter on the hospital grounds the u n said,israel
2059,pakistan retaliates with strikes inside iran as tensions spill over the exchange of attacks came as the upheaval sweeping the middle east threatened to expand,pakistan
2059,pakistan retaliates with strikes inside iran as tensions spill over the exchange of attacks came as the upheaval sweeping the middle east threatened to expand,iran
2062,thursday briefing missile strikes by iran,iran
2063,ann arbor school board passes resolution supporting cease fire in gaza in a raucous meeting the board became one of the first in the country to vote for a statement supporting an end to hostilities in the israel hamas war,israel
2064,a week after deadly riots a fragile peace in papua new guinea a wage dispute prompted violent unrest in the pacific nation which experts call evidence of the effects of its demographic challenges,papua new guinea
2075,will tourists return to the middle east after the israel hamas conflict decimated travel in the middle east last year some countries are seeing a rebound in bookings welcome news to a region heavily reliant on foreign visitors,israel
2079,i s s review ariana debose s turn as a space warrior the actress stars in this low wattage thriller about russian and american astronauts facing off aboard the international space station,russia
2092,do you know how much a home costs guess again a survey found the u s cities where residents have the best awareness of changing housing prices,u k
2100,see the rapid expansion of tent camps in southern gaza satellite images show the huge influx of displaced people in rafah as more evacuees have moved south to avoid areas under israeli bombardment,israel
2108,what the houthis really want the iran backed militia has been targeting ships in the red sea and launching attacks against western military forces,iran
2109,iran s new missile fleet part deterrent part sales pitch last year the world discovered that iran s drones were becoming world class threats and a favorite of the russians now its revived missile fleet is drawing attention too,iran
2109,iran s new missile fleet part deterrent part sales pitch last year the world discovered that iran s drones were becoming world class threats and a favorite of the russians now its revived missile fleet is drawing attention too,russia
2136,protests in russia put spotlight on wartime ethnic grievances the trial and conviction of an activist in the ural mountains region sparked one of the biggest outbreaks of social unrest since the start of the war,russia
2137,ruth wilson on the true horrors of the woman in the wall her fictional character lives in an unstable reality and may have killed someone but the history of ireland s notorious magdalene laundries is all too real,ireland
2139,houthi leader says clash with u s will strengthen militia group abdul malik al houthi said in a televised speech that the houthis had always emerged stronger from confrontations with their enemies,mali
2151,brazilian police make arrest in killing of new york art dealer the suspect knew brent sikkema according to the police and was arrested at a gas station about 600 miles northwest of rio de janeiro,brazil
2158,netanyahu rebuffs u s calls to start working toward palestinian statehood the biden administration and the israeli government diverge sharply over how gaza should be governed when the war ends,israel
2159,what to watch this weekend boy swallows universe our tv critic recommends a dreamy violent netflix drama from australia based on a book by trent dalton,australia
2162,a coffee shop wedding goes viral for the wrong reasons a disagreement between a wedding party and the owners of a coffee shop in indianapolis escalated into a social media debate over wedding etiquette,india
2170,south african government seeks to halt auction of mandela items the government said that it is seeking to appeal a court ruling that had allowed the proposed online auction of some of nelson mandela s belongings to move forward,south africa
2175,why iran is the common link in conflicts from gaza to pakistan iran s long history of building up proxy forces that fight its enemies around the region as well as its conflicts with separatist and terrorist groups have played into a spate of recent conflicts,iran
2175,why iran is the common link in conflicts from gaza to pakistan iran s long history of building up proxy forces that fight its enemies around the region as well as its conflicts with separatist and terrorist groups have played into a spate of recent conflicts,pakistan
2176,friday briefing pakistan retaliates with strikes in iran also corruption accusations in singapore and travel predictions,pakistan
2176,friday briefing pakistan retaliates with strikes in iran also corruption accusations in singapore and travel predictions,iran
2176,friday briefing pakistan retaliates with strikes in iran also corruption accusations in singapore and travel predictions,singapore
2178,friday briefing pakistan retaliates with strikes in iran also corruption accusations in singapore,pakistan
2178,friday briefing pakistan retaliates with strikes in iran also corruption accusations in singapore,iran
2178,friday briefing pakistan retaliates with strikes in iran also corruption accusations in singapore,singapore
2180,war is on the agenda in davos but the focus is elsewhere the leaders and executives gathering at the world economic forum are obsessed with elections and artificial intelligence not ukraine or gaza,ukraine
2199,how pedro pascal followed doctor s orders on the red carpet after a shoulder injury the actor had been making awards season appearances in a sling zegna s artistic director explained how one strikingly minimalist version came to be,mali
2213,taiwan s democracy draws envy and tears for visiting chinese people with personal ties to china on a tour to see taiwan s election up close learned of the island s path to democracy messy violent and ultimately inspiring,taiwan
2213,taiwan s democracy draws envy and tears for visiting chinese people with personal ties to china on a tour to see taiwan s election up close learned of the island s path to democracy messy violent and ultimately inspiring,china
2214,israeli women fight on front line in gaza a first after a long struggle for acceptance israel s female combat soldiers are pushing new boundaries after rushing into battle on oct 7,israel
2222,how biden s immigration fight threatens his biggest foreign policy win the debate over immigration in the united states is spilling over into other parts of president biden s agenda particularly the war in ukraine,ukraine
2225,a map without israel plunges a grade school into a political firestorm a social media post invited attacks on an arabic arts teacher in brooklyn parents say the backlash went too far,israel
2226,in no position to fight a war pakistan seeks an off ramp with iran for two years pakistan has struggled with economic and political crises an increase in militant attacks and souring relations with another neighbor afghanistan,pakistan
2226,in no position to fight a war pakistan seeks an off ramp with iran for two years pakistan has struggled with economic and political crises an increase in militant attacks and souring relations with another neighbor afghanistan,iran
2226,in no position to fight a war pakistan seeks an off ramp with iran for two years pakistan has struggled with economic and political crises an increase in militant attacks and souring relations with another neighbor afghanistan,afghanistan
2256,kali uchis orquideas reviewed our critic calls the fourth album from the colombian american singer forward looking and delightful,colombia
2264,israeli soccer player in turkey removed over gaza war post the player eden karzev was fined and moved to an israeli team he is the second israeli pro this week to run afoul of a turkish team for displaying pro israel messages,israel
2264,israeli soccer player in turkey removed over gaza war post the player eden karzev was fined and moved to an israeli team he is the second israeli pro this week to run afoul of a turkish team for displaying pro israel messages,turkey
2281,ukraine targets russian oil plants aiming to disrupt military operations kyiv hit an oil depot on friday the latest in recent attacks on such facilities as it seeks to inflict damage away from the largely deadlocked front line,ukraine
2281,ukraine targets russian oil plants aiming to disrupt military operations kyiv hit an oil depot on friday the latest in recent attacks on such facilities as it seeks to inflict damage away from the largely deadlocked front line,russia
2283,often rumored dead sudanese general takes a victory tour lt gen mohamed hamdan was greeted by african leaders as if he had already won sudan s civil war his forces have secretly been armed by the united arab emirates an as yet unpublished u n report found,sudan
2283,often rumored dead sudanese general takes a victory tour lt gen mohamed hamdan was greeted by african leaders as if he had already won sudan s civil war his forces have secretly been armed by the united arab emirates an as yet unpublished u n report found,united arab emirates
2284,families head to guantanamo bay seeking justice in bali bombing case relatives of victims of the 2002 attack are expected to describe their loss to a u s military jury sentencing two malaysian prisoners,malaysia
2303,netanyahu is turning against biden israel has been at war with hamas for over 100 days and still has over 100 hostages to recover but netanyahu s no 1 focus is netanyahu,israel
2315,biden presses netanyahu on working toward a palestinian state the two leaders spoke for the first time in weeks their call came a day after the israeli leader rebuffed u s efforts to pressure him into a two state solution,israel
2324,in davos israel s hostages get a hearing i say a jewish prayer and ask let today be the day says the mother of a hostage,israel
2330,with deal close on border and ukraine republican rifts threaten to kill both a divided g o p coalesced behind a bit of legislative extortion no ukraine aid without a border crackdown now they are split over how large a price to demand imperiling both initiatives,ukraine
2353,divisions emerging in israel over gaza war protesters demanded action to free hostages a war cabinet minister criticized the military campaign and the israeli prime minister publicly ruled out a two state solution rebuffing the u s,israel
2370,fire kills 13 in a school dorm in central china the private school is for kindergarten and elementary school pupils though many details of the disaster remained unclear it drew widespread attention on china s internet,china
2376,police chief is indicted over south korea s deadly crowd crush kim kwang ho charged with negligence is one of the most senior officials to face legal consequences for the october 2022 disaster that killed nearly 160 people in seoul,south korea
2399,in strategic bind israel weighs freeing hostages against destroying hamas some israeli commanders said the government s two main goals were mutually incompatible to eradicate hamas the military would have to engage in a lengthy war that would most likely cost the hostages lives,israel
2400,as missiles strike a radio station broadcasts the rage of a battered city kharkiv in northern ukraine is under almost daily bombardment radio boiling over serves as a megaphone for residents fears and frustrations,ukraine
2410,new haley ad to play up her foreign policy expertise and subtly hit trump a 3 minute commercial set to run on monday features a mother whose son died just after his release from north korea it may remind voters of donald trump s friendliness toward the country s dictator,north korea
2415,no end in sight evacuated israeli city braces for possible war with hezbollah as tensions escalated on israel s northern border with lebanon after oct 7 israel evacuated tens of thousands of residents from the region including from kiryat shmona a town with 24 000 people months later evacuees remain in limbo and the mayor insists they cannot return until hezbollah militants are pushed back,israel
2419,no end in sight evacuated israeli city braces for possible war with hezbollah as tensions escalated on israel s northern border with lebanon after oct 7 israel evacuated tens of thousands of residents from the region including from kiryat shmona a town with 24 000 people months later evacuees remain in limbo and the mayor insists they cannot return until hezbollah militants are pushed back,israel
2425,3 girls were abducted and stabbed in 1975 now they know who did it investigators in indiana said genetic genealogy had helped them determine that thomas edward williams attacked two sisters and a friend and left them in a cornfield they survived he died in prison in 1983,india
2428,airstrike in syria kills 4 iranian military advisers officials say iran accused israel of launching a strike that destroyed a building in damascus syria killing members of its powerful revolutionary guards forces,syria
2428,airstrike in syria kills 4 iranian military advisers officials say iran accused israel of launching a strike that destroyed a building in damascus syria killing members of its powerful revolutionary guards forces,iran
2428,airstrike in syria kills 4 iranian military advisers officials say iran accused israel of launching a strike that destroyed a building in damascus syria killing members of its powerful revolutionary guards forces,israel
2431,lev rubinstein russian poet and a critic of putin is dead at 76 he helped found an avant garde movement fusing art and prose and was outspoken against the invasion of ukraine he died after he was hit by a car in moscow,russia
2431,lev rubinstein russian poet and a critic of putin is dead at 76 he helped found an avant garde movement fusing art and prose and was outspoken against the invasion of ukraine he died after he was hit by a car in moscow,ukraine
2438,attacks in syria and iraq ratchet tensions in a region already on edge a senior iranian intelligence official was killed in an israeli strike in damascus as u s troops came under attack in iraq,syria
2438,attacks in syria and iraq ratchet tensions in a region already on edge a senior iranian intelligence official was killed in an israeli strike in damascus as u s troops came under attack in iraq,iraq
2438,attacks in syria and iraq ratchet tensions in a region already on edge a senior iranian intelligence official was killed in an israeli strike in damascus as u s troops came under attack in iraq,iran
2438,attacks in syria and iraq ratchet tensions in a region already on edge a senior iranian intelligence official was killed in an israeli strike in damascus as u s troops came under attack in iraq,israel
2465,in france a conviction for police brutality but little expectation of change a police officer who seriously injured a 22 year old black man with a baton during an arrest in 2017 was convicted but given only a suspended sentence,france
2468,is kim jong un really planning an attack this time an intensification of nuclear threats from north korea while the world is preoccupied with other wars has ignited an urgent debate over mr kim s motives,north korea
2473,war has already hurt the economies of israel s nearest neighbors the impact on global growth of the middle east violence has so far been contained that s not the case for egypt lebanon and jordan which were already struggling,israel
2473,war has already hurt the economies of israel s nearest neighbors the impact on global growth of the middle east violence has so far been contained that s not the case for egypt lebanon and jordan which were already struggling,egypt
2473,war has already hurt the economies of israel s nearest neighbors the impact on global growth of the middle east violence has so far been contained that s not the case for egypt lebanon and jordan which were already struggling,lebanon
2473,war has already hurt the economies of israel s nearest neighbors the impact on global growth of the middle east violence has so far been contained that s not the case for egypt lebanon and jordan which were already struggling,jordan
2486,deadly blast hits market in ukrainian city controlled by russia officials say the pro moscow authorities in the eastern city of donetsk said 25 people were killed and 20 others were wounded it was not possible to independently confirm which side launched the strike,russia
2488,deep under gaza evidence of cells and hostages israel says the israeli military took reporters on a tour of an underground compound in the gazan city of khan younis where it says about 20 hostages were held by hamas,israel
2490,u n chief says gaza death toll is unacceptable as it passes 25 000 palestinian authorities said on sunday that more than 25 000 people had been killed in the gaza strip in the israel s military response to the oct 7 attacks,israel
2496,monday briefing u s pushes for new hostage talks plus the meaning of north korea s threats,north korea
2515,modi opens a giant temple in a triumph for india s hindu nationalists the temple inaugurated by the prime minister is on the disputed site of a centuries old mosque destroyed in a hindu mob attack that set a precedent of impunity in cases of violence against muslims,india
2519,why india s ram temple is a big win for modi prime minister narendra modi fulfilled a decades long promise with the inauguration of the temple which his hindu nationalist base has compared to the vatican but it also stirs memories of a violent past,india
2520,why iran doesn t want a war iran is asserting its military strength amid the widening regional turmoil in the middle east that doesn t mean its leaders want to be drawn into a wider war,iran
2522,2 navy seals declared dead after mission to stop iranian weapons the u s military has ended a 10 day search for the commandos who went overboard during the mission off the somalia coast,iran
2522,2 navy seals declared dead after mission to stop iranian weapons the u s military has ended a 10 day search for the commandos who went overboard during the mission off the somalia coast,somalia
2523,israel s foreign minister speaks in brussels amid discord at home over the war israel s foreign minister was in brussels on monday to address his counterparts from the european union as part of a diplomatic battle to win support from the bloc amid deepening criticism over the human toll of the war and prime minister benjamin netanyahu s refusal to consider palestinian statehood,israel
2538,snowy peaks rushing rivers and schnapps to warm your soul all across the tyrol region of austria alpine farms and distilleries tempt skiers and other wintertime visitors with a strong nip of a local tradition,austria
2545,a border wall to the north republicans want to discuss presidential candidates warning of terrorists criminals and traffickers have drawn a national spotlight to the nation s border with canada but proposals for a southern style wall have not exactly appeared to catch on,canada
2564,the rules of war what does international law say about israel s attack on gaza,israel
2568,in a sign of the war s shift daily deaths in gaza are falling data shows for more than a month now the biden administration and other allies of israel have been urging its leaders to scale back the war in gaza and reduce civilian casualties it s now clear that israel s leaders have followed the advice at least partially the most tangible sign of the change is the decline in deaths among gazan residents as reported by the hamas controlled local government,israel
2589,protesters storm meeting at israel s parliament to demand more action on hostages advocates and relatives of hostages urged lawmakers to do more to free their loved ones shame on you one yelled,israel
2594,a new concern on the ukrainian battlefield north korea s latest missiles as the war approaches its second anniversary the russians are beginning to deploy north korean arms worsening ukraine s troubles while it still awaits new air defenses from the united states,north korea
2594,a new concern on the ukrainian battlefield north korea s latest missiles as the war approaches its second anniversary the russians are beginning to deploy north korean arms worsening ukraine s troubles while it still awaits new air defenses from the united states,russia
2594,a new concern on the ukrainian battlefield north korea s latest missiles as the war approaches its second anniversary the russians are beginning to deploy north korean arms worsening ukraine s troubles while it still awaits new air defenses from the united states,ukraine
2616,tuesday briefing north korean missiles in ukraine plus a revolutionary way to feed the world,north korea
2616,tuesday briefing north korean missiles in ukraine plus a revolutionary way to feed the world,ukraine
2625,bali bombers may return to malaysia after sentencing the two prisoners have admitted to conspiring with an affiliate of al qaeda that carried out a deadly bombing in indonesia two decades ago,malaysia
2625,bali bombers may return to malaysia after sentencing the two prisoners have admitted to conspiring with an affiliate of al qaeda that carried out a deadly bombing in indonesia two decades ago,indonesia
2627,u s expands attacks on houthis with new strikes in yemen the strikes against eight sites come as the iran backed militant group remains defiant and the region teeters on the edge of a wider war,yemen
2627,u s expands attacks on houthis with new strikes in yemen the strikes against eight sites come as the iran backed militant group remains defiant and the region teeters on the edge of a wider war,iran
2631,new york city schools will teach about antisemitism and islamophobia all middle and high school principals will receive new training after the system faced criticism for doing too little to address the israel hamas war,israel
2647,israel e u meeting on gaza s future yields division and confusion europeans insisting on palestinian statehood are frustrated by israel s opposition and lack of a postwar plan for the devastated gaza strip,israel
2649,ex u s soldier who killed iraqi civilian charged with attacking police on jan 6 edward richmond jr 40 of geismar la was convicted of manslaughter after he shot a cow herder in iraq in 2004 he now faces felony assault charges in connection to the 2021 capitol riot,iraq
2661,remote african hub reopens for migrants headed toward europe agadez a desert outpost in the west african country of niger was officially closed to migration for years in a deal with the european union now the gate has reopened,niger
2685,with melodrama and memes a yakuza game series charms america the like a dragon role playing games follow a gangster through facsimiles of japanese cities with earnest goofiness they ve found an international audience,japan
2704,israel says its military has encircled khan younis in gaza the fighting in the southern city has involved heavy exchanges of gunfire and a surge of tanks and troops into areas around hospitals,israel
2707,trump vs haley in new hampshire and north korean missiles in ukraine plus menu trends to watch,north korea
2707,trump vs haley in new hampshire and north korean missiles in ukraine plus menu trends to watch,ukraine
2709,russian missiles hit ukrainian cities amid fears over air defenses the assault killed at least five people and wounded scores in kyiv and kharkiv ukraine is pushing for further american military aid which has been stalled in congress,russia
2709,russian missiles hit ukrainian cities amid fears over air defenses the assault killed at least five people and wounded scores in kyiv and kharkiv ukraine is pushing for further american military aid which has been stalled in congress,ukraine
2717,in vietnam star crossed lovers brave the tides of war andrew x pham s first novel twilight territory imagines an unlikely romance during a nation s fight for independence,vietnam
2719,a hazard for visitors to colombia devil s breath powerful sedatives are behind a spate of violent crimes u s officials say many victims are americans in medellin who use dating apps,colombia
2732,after years f b i recovers remains of american woman in afghanistan the recovery of cydney mizell an aid worker abducted in 2008 demonstrates the intricacies of tracking down hostages particularly in a country where the united states no longer has a presence,afghanistan
2754,there is no safety gazans scramble to find shelter as israeli attacks intensify palestinians in gaza are packing up and moving on some for the fifth sixth or seventh time,israel
2769,turkey backs sweden s nato bid the vote in the turkish parliament puts the nordic nation closer to joining the military alliance easing months of friction that have impeded efforts by the west to isolate russia over its war in ukraine,turkey
2769,turkey backs sweden s nato bid the vote in the turkish parliament puts the nordic nation closer to joining the military alliance easing months of friction that have impeded efforts by the west to isolate russia over its war in ukraine,sweden
2769,turkey backs sweden s nato bid the vote in the turkish parliament puts the nordic nation closer to joining the military alliance easing months of friction that have impeded efforts by the west to isolate russia over its war in ukraine,russia
2769,turkey backs sweden s nato bid the vote in the turkish parliament puts the nordic nation closer to joining the military alliance easing months of friction that have impeded efforts by the west to isolate russia over its war in ukraine,ukraine
2774,what is nato and how has the war in ukraine changed it this western mutual defense alliance is central to the pushback against russia even though ukraine is not a member,ukraine
2774,what is nato and how has the war in ukraine changed it this western mutual defense alliance is central to the pushback against russia even though ukraine is not a member,russia
2787,nikki haley battles long odds in new hampshire also turkey backed sweden s nato bid here s the latest at the end of tuesday,turkey
2787,nikki haley battles long odds in new hampshire also turkey backed sweden s nato bid here s the latest at the end of tuesday,sweden
2790,u s strikes 3 sites in iraq linked to militias blamed for base attack the strikes were in direct response to a series of attacks by iranian sponsored militias against u s and coalition personnel in iraq and syria the defense secretary said,iraq
2790,u s strikes 3 sites in iraq linked to militias blamed for base attack the strikes were in direct response to a series of attacks by iranian sponsored militias against u s and coalition personnel in iraq and syria the defense secretary said,iran
2790,u s strikes 3 sites in iraq linked to militias blamed for base attack the strikes were in direct response to a series of attacks by iranian sponsored militias against u s and coalition personnel in iraq and syria the defense secretary said,syria
2794,israeli soldiers clearing buffer zone in gaza die in blast on the deadliest day for israelis since the ground invasion against hamas began about 20 soldiers were killed as they prepared to level buildings near the border,israel
2799,fire rips through abkhazia gallery destroying nearly 4 000 artworks this georgian region lost a collection that is considered a national treasure but only russia and a few allies recognize it as a nation at all,russia
2808,6 day rail strike halts most trains in germany the walkout over pay and hours is the most significant in years at the national train operator which warned of a massive reduction in service,germany
2811,the u s strikes 2 more houthi targets in yemen the attacks the ninth in two weeks hit anti ship missiles that the iran backed militia could use against merchant and navy ships in the region,iran
2832,how a ragtag militia in yemen became a nimble u s foe the iran backed houthis perfected the tactics of irregular warfare during years of conflict against a saudi led coalition military officials say,yemen
2832,how a ragtag militia in yemen became a nimble u s foe the iran backed houthis perfected the tactics of irregular warfare during years of conflict against a saudi led coalition military officials say,iran
2843,the man who could unseat netanyahu in the wake of the oct 7 attacks benny gantz has emerged as the most likely candidate to take on israel s current prime minister,israel
2859,israel orders evacuation of packed gaza area with 2 major hospitals hundreds of thousands of people most of them already displaced by the war are in the evacuation zone part of the city of khan younis the united nations said,israel
2867,military plane crashes in russia killing all aboard moscow says the russian defense ministry claimed that the transport plane was carrying 65 ukrainian prisoners of war and accused ukraine of shooting it down the claims could not be independently verified,russia
2867,military plane crashes in russia killing all aboard moscow says the russian defense ministry claimed that the transport plane was carrying 65 ukrainian prisoners of war and accused ukraine of shooting it down the claims could not be independently verified,ukraine
2873,unauthorized renovation work caused fire that killed 39 in china nine people were also injured in the blaze which officials said was a result of workers renovating a cold storage unit in violation of regulations,china
2879,orban uses sweden s nato bid to take center stage in europe the hungarian leader has repeatedly opposed european efforts to boost europe s security in response to russia s invasion of ukraine he also blocked a 52 billion aid package for ukraine,sweden
2879,orban uses sweden s nato bid to take center stage in europe the hungarian leader has repeatedly opposed european efforts to boost europe s security in response to russia s invasion of ukraine he also blocked a 52 billion aid package for ukraine,russia
2879,orban uses sweden s nato bid to take center stage in europe the hungarian leader has repeatedly opposed european efforts to boost europe s security in response to russia s invasion of ukraine he also blocked a 52 billion aid package for ukraine,ukraine
2880,russian military plane crashes near border with ukraine a video verified by the new york times showed a large plane crashing and exploding in yablonovo a town in the belgorod region of russia,russia
2880,russian military plane crashes near border with ukraine a video verified by the new york times showed a large plane crashing and exploding in yablonovo a town in the belgorod region of russia,ukraine
2885,britain s foreign secretary pressures netanyahu on more aid for gaza the scale of suffering in gaza is unimaginable david cameron said after his meeting with the israeli prime minister urging a sustainable cease fire,israel
2907,israel and hamas s cease fire and hostage deal proposals what to know the negotiations continue but the sides are far apart on issues including the fate of hamas s top leadership in the gaza strip,israel
2928,thursday briefing military plane crashes in russia plus can the world s biggest cruise ship be climate friendly,russia
2932,the daily stories on the conflict between israel and gaza listeners of the daily hear israelis and gazans express their fears hopes and experiences in real time,israel
2938,new hampshire showed trump s strengths and weaknesses also a russian military plane crashed near ukraine here s the latest at the end of wednesday,russia
2938,new hampshire showed trump s strengths and weaknesses also a russian military plane crashed near ukraine here s the latest at the end of wednesday,ukraine
2960,israel tries to rebut genocide charge by declassifying cabinet decisions south africa has accused israel of committing genocide in gaza israel s legal team has challenged the charge by providing the court with secret orders made by israel s civilian and military leaders,israel
2960,israel tries to rebut genocide charge by declassifying cabinet decisions south africa has accused israel of committing genocide in gaza israel s legal team has challenged the charge by providing the court with secret orders made by israel s civilian and military leaders,south africa
2961,from opposite sides of war a hunt for elusive facts the israel hamas conflict has produced a prodigious amount of disinformation putting people who fact check claims especially those who live in the region back on their heels,israel
2964,no time to go wobbly why britain is lobbying u s republicans on ukraine the u k often a wingman to the united states in defense is pushing its ally to stand firm against president vladimir v putin amid fears that russia poses an existential threat to europe,ukraine
2964,no time to go wobbly why britain is lobbying u s republicans on ukraine the u k often a wingman to the united states in defense is pushing its ally to stand firm against president vladimir v putin amid fears that russia poses an existential threat to europe,u k
2964,no time to go wobbly why britain is lobbying u s republicans on ukraine the u k often a wingman to the united states in defense is pushing its ally to stand firm against president vladimir v putin amid fears that russia poses an existential threat to europe,russia
2965,thursday briefing a military plane crash near the russian border,russia
2966,when chaos erupted in ecuador disinformation followed as violence broke out an overwhelming flood of online disinformation further disoriented the nation,ecuador
2996,she looked for her missing brother now people are looking for her the violent abduction of volunteer searcher lorenza cano is yet another fresh wound for the hundreds of mothers looking for mexico s missing,mexico
3012,for second time this month a politician is attacked in south korea bae hyunjin of the country s governing party was assaulted in seoul and taken to a hospital the attack came three weeks after another politician was stabbed,south korea
3015,israel tries to rebut genocide charge and a drought in the amazon plus jon stewart s return to late night,israel
3025,ukraine searches for answers on russian plane crash moscow has accused ukraine of downing the craft which it says carried 65 ukrainian p o w s the claims cannot be independently verified kyiv says russia is exploiting the episode for propaganda,ukraine
3025,ukraine searches for answers on russian plane crash moscow has accused ukraine of downing the craft which it says carried 65 ukrainian p o w s the claims cannot be independently verified kyiv says russia is exploiting the episode for propaganda,russia
3038,russian court jails woman over blast that killed influential military blogger daria trepova gave maksim fomin who was known more popularly as vladlen tatarsky a statuette that contained a bomb,russia
3045,new resources for teaching about the israel hamas war here is an updated collection of new york times articles essays podcasts and videos to help students learn about the war media literacy dueling historical narratives and more,israel
3061,u s is watching north korea for signs of lethal military action a shift by kim jong un north korea s leader toward open hostility against south korea is alarming but does not indicate he is about to start a full scale war officials say,north korea
3061,u s is watching north korea for signs of lethal military action a shift by kim jong un north korea s leader toward open hostility against south korea is alarming but does not indicate he is about to start a full scale war officials say,south korea
3078,what to know about the u n court s initial ruling in the genocide case against israel the international court of justice ruled that israel must take steps to prevent genocide in gaza but stopped short of demanding a stop to its military offensive,israel
3091,friday briefing will north korea attack plus when a i generates copyrighted images,north korea
3102,u s sensing opportunity makes new push for gaza cease fire william burns the c i a director planned to meet israeli egyptian and qatari officials in europe to try to secure a deal to release the hamas hostages and a pause in the combat,israel
3102,u s sensing opportunity makes new push for gaza cease fire william burns the c i a director planned to meet israeli egyptian and qatari officials in europe to try to secure a deal to release the hamas hostages and a pause in the combat,egypt
3102,u s sensing opportunity makes new push for gaza cease fire william burns the c i a director planned to meet israeli egyptian and qatari officials in europe to try to secure a deal to release the hamas hostages and a pause in the combat,qatar
3112,an unlikely new threat to haiti s stability an armed environmental group the country s political crisis grew more volatile this week after an armed environmental brigade allied with a former coup leader began demanding the prime minister s ouster,haiti
3120,indigenous australians plan to go bigger on australia day invasion day is the reason why we re all here today but we must go beyond that one activist said,australia
3121,victims describe their pain and prisoners apologize in bali bombing trial a guantanamo military court heard anguishing testimony at the sentencing hearing for two malaysian prisoners who pleaded guilty after 20 years of detention,malaysia
3138,in angola a former cold war rival blinken touts u s investments secretary of state antony j blinken finished a four nation tour of africa with a visit to angola site of major new u s investments which may help counter china s influence,angola
3138,in angola a former cold war rival blinken touts u s investments secretary of state antony j blinken finished a four nation tour of africa with a visit to angola site of major new u s investments which may help counter china s influence,china
3139,as china s markets stumble japan rises toward record a change in perception among investors about china and japan is one of the biggest themes in the markets right now,china
3139,as china s markets stumble japan rises toward record a change in perception among investors about china and japan is one of the biggest themes in the markets right now,japan
3151,kenyan court blocks deployment of police force to haiti a contingent of 1 000 kenyan officers was intended to lead a multinational force financed by the united states to restore security in a caribbean country terrorized by armed gangs,kenya
3151,kenyan court blocks deployment of police force to haiti a contingent of 1 000 kenyan officers was intended to lead a multinational force financed by the united states to restore security in a caribbean country terrorized by armed gangs,haiti
3172,a child of another war who makes music for ukrainians mirza ramic a bosnian who sought refuge in the united states is bringing his electronic music to ukraine to show my support in these hard times,bosnia
3172,a child of another war who makes music for ukrainians mirza ramic a bosnian who sought refuge in the united states is bringing his electronic music to ukraine to show my support in these hard times,ukraine
3181,godzilla minus one stomps into oppenheimer territory those movies along with the boy and the heron are essentially in conversation about the moral weight of american and japanese actions in world war ii,japan
3212,israeli leaders slam u n court ruling but applaud lack of cease fire order prime minister benjamin netanyahu called the genocide charge against israel outrageous but said the u n court had upheld the country s right of self defense,israel
3216,u n to investigate claim that employees participated in oct 7 attack the united states temporarily cut off funding to unrwa the agency that aids palestinians citing allegations that 12 of its workers were involved in the hamas led assault on southern israel,israel
3225,genocide ruling has deep symbolism but little immediate effect the decision by the world court did not order israel to cease its war against hamas in gaza but the court made a move imbued with historical meaning,israel
3228,does barbie deserve all the hype pamela paul thinks not our letter writers are split also donald trump s opposition to a border deal in congress an israel hamas cease fire,israel
3249,u k newspaper deal seen as a fight for the heart of the tories a bid by an arab american group fronted by jeff zucker the former cnn president to buy the telegraph is under scrutiny that might leave an opening for a right wing investor,u k
3256,u n court stops short of calling for cease fire in gaza the international court of justice ordered israel to take actions to prevent genocide against palestinians in gaza,israel
3270,what to know about the u n aid agency for palestinians long a vital lifeline for gazans the agency known as unrwa was a point of contention with israel long before some of its workers were accused of taking part in the oct 7 attacks on israel,israel
3273,u n court orders israel to prevent genocide but does not demand stop to war the top united nations court in the hague did not rule on whether israel was committing genocide in gaza the accusation that south africa brought before the court,israel
3273,u n court orders israel to prevent genocide but does not demand stop to war the top united nations court in the hague did not rule on whether israel was committing genocide in gaza the accusation that south africa brought before the court,south africa
3274,bali bombing conspirators get 5 more years at guantanamo bay a military jury sentenced two malaysian men to 23 years for helping perpetrators of the bombing that killed 202 people but a side deal reduced the punishment,malaysia
3308,how leaders and diplomats are trying to end the gaza war top american israeli and arab officials are seeking to forge three parallel but related deals that could end the war in gaza finalize its postwar status and most ambitiously set commitments for the creation of a palestinian state,israel
3310,a collective no anti putin russians embrace an unlikely challenger long lines have popped up in russia and beyond to get boris b nadezhdin an antiwar candidate onto the ballot for russia s presidential election in march,russia
3315,what worries me about war with china after my visit to taiwan some well meaning u s efforts to help taiwan may end up provoking china when we should be trying to lower tensions,china
3315,what worries me about war with china after my visit to taiwan some well meaning u s efforts to help taiwan may end up provoking china when we should be trying to lower tensions,taiwan
3326,israel has history of friction with u n agency for palestinians palestinians see unrwa as an essential lifeline for millions of descendants of refugees in israel however many see the agency as an obstacle to resolving the israeli palestinian conflict,israel
3339,ukraine criticizes hbo saying new white lotus actor supports war on social media ukraine s foreign ministry posted clips of the serbian actor milos bikovic receiving a medal for cultural achievement from vladimir putin in 2018,ukraine
3339,ukraine criticizes hbo saying new white lotus actor supports war on social media ukraine s foreign ministry posted clips of the serbian actor milos bikovic receiving a medal for cultural achievement from vladimir putin in 2018,serbia
3341,negotiators close in on hostage deal that would halt fighting in gaza for weeks a written draft agreement calls for the phased release of captives held by hamas in exchange for a cessation in israel s military offensive for about two months,israel
3344,two days of horror doctor documents scene at nasser hospital dr ahmed moghrabi a surgeon who has worked at nasser medical complex for three years said that the pressure is very big at the hospital as israeli forces surrounded khan younis gaza,israel
3360,where is hamas getting its weapons increasingly from israel the very weapons that israeli forces have used to enforce a blockade of gaza are now being used against them,israel
3366,talks in paris will focus on a hostage deal that could pause the fighting in gaza american led negotiators are edging closer to an agreement in which israel would suspend its war in gaza for about two months in exchange for the release of more than 100 hostages still held by hamas a deal that could be sealed in the next two weeks and will be the subject of talks in paris on sunday,israel
3368,5 podcasts for hollywood s awards season as oscars night approaches these shows offer expert analysis and predictions insight into behind the scenes machinations and reflections on front runners of the past,china
3370,after two years of bloody fighting ukraine wrestles with conscription a proposed bill on mobilization has become the focus of a debate as more men dodge the draft and calls rise to demobilize exhausted soldiers,ukraine
3379,after help from kenyan police is blocked haitians ask what now as haiti sank into gang dominated chaos kenya promised to send officers to pacify the streets now a court has rejected that plan and there does not seem to be another,kenya
3379,after help from kenyan police is blocked haitians ask what now as haiti sank into gang dominated chaos kenya promised to send officers to pacify the streets now a court has rejected that plan and there does not seem to be another,haiti
3386,if we want to live in a world with rules they have to apply to israel too whatever the eventual outcome of the genocide case it sets up an epic battle over the meaning and values of the so called rules based order,israel
3394,israel moves to block protesters from preventing flow of aid into gaza the israeli military has declared the area around the kerem shalom border crossing a closed military zone,israel
3397,is the trump threat too serious for humor readers discuss an opinion guest essay that urges an end to trump jokes and mockery also jan 6 china s birthrates debating the mideast war,china
3399,ukraine accuses defense company of embezzling 40 million the case comes as the kyiv government tries to emphasize its focus on fighting graft,ukraine
3401,3 american soldiers killed in drone strike in jordan u s says the white house blamed an iranian backed militia for the attack the deaths were the first known fatalities of u s forces from hostile fire in the turmoil spreading in the middle east,jordan
3401,3 american soldiers killed in drone strike in jordan u s says the white house blamed an iranian backed militia for the attack the deaths were the first known fatalities of u s forces from hostile fire in the turmoil spreading in the middle east,iran
3402,three african juntas leave regional bloc accusing it of inhumane sanctions the sanctions were imposed after soldiers seized power in mali niger and burkina faso,mali
3402,three african juntas leave regional bloc accusing it of inhumane sanctions the sanctions were imposed after soldiers seized power in mali niger and burkina faso,niger
3402,three african juntas leave regional bloc accusing it of inhumane sanctions the sanctions were imposed after soldiers seized power in mali niger and burkina faso,burkina faso
3404,how unrwa donor countries have responded to israel s accusations some countries have re evaluated their support for the main u n agency in gaza after israel accused a dozen agency employees of participating in the oct 7 attacks,israel
3408,monday briefing u s service members killed in jordan also the unrwa is in trouble and an antiwar candidate rises in russia,jordan
3408,monday briefing u s service members killed in jordan also the unrwa is in trouble and an antiwar candidate rises in russia,russia
3412,biden vows to retaliate after strike against american forces in jordan president biden has carefully calibrated his responses to attacks by iranian backed militias since oct 7 now he must decide how far he is willing to go after a drone attack killed three american service members,jordan
3412,biden vows to retaliate after strike against american forces in jordan president biden has carefully calibrated his responses to attacks by iranian backed militias since oct 7 now he must decide how far he is willing to go after a drone attack killed three american service members,iran
3416,pelosi wants f b i to investigate pro palestinian protesters the former house speaker suggested without offering evidence that some protesters calling for a cease fire in gaza had financial ties to russia and vladimir v putin,russia
3418,details emerge on u n workers accused of aiding hamas raid israeli officials have presented evidence they say ties workers at a palestinian aid agency in gaza to violence during the hamas led attack on israel,israel
3422,monday briefing three u s service members were killed in jordan,jordan
3443,for europe and nato a russian invasion is no longer unthinkable amid crumbling u s support for ukraine and donald trump s rising candidacy european nations and nato are making plans to take on russia by themselves,russia
3443,for europe and nato a russian invasion is no longer unthinkable amid crumbling u s support for ukraine and donald trump s rising candidacy european nations and nato are making plans to take on russia by themselves,ukraine
3465,iran denies ordering drone strike as biden weighs a response the deaths of three u s service members were the first known fatalities from hostile fire since the start of israel s war against hamas,iran
3465,iran denies ordering drone strike as biden weighs a response the deaths of three u s service members were the first known fatalities from hostile fire since the start of israel s war against hamas,israel
3467,what evergrande s collapse might mean for global business the long embattled property developer was finally ordered to liquidate what comes next will test western companies appetite to keep operating in china,china
3480,u k to ban disposable vapes in plan to combat use by children the british government said it would act after surveys showed that the number of young people trying vapes had risen sharply,u k
3490,former n h l player faces sexual assault charges in canada the accusation made in london ontario in 2018 has put the country s hockey organization into turmoil and outraged the public,canada
3496,mix up preceded deadly drone strike in jordan u s officials say the attack on sunday killed three army reservists the first known american military deaths from hostile fire in the turmoil spilling over from israel s war with hamas,jordan
3496,mix up preceded deadly drone strike in jordan u s officials say the attack on sunday killed three army reservists the first known american military deaths from hostile fire in the turmoil spilling over from israel s war with hamas,israel
3503,french farmers block roads around paris escalating protests farmers around france sought to put pressure on the government over a wide range of grievances concerning the future of their industry,france
3505,u n to study reports of sexual violence in israel during oct 7 attack a team from the united nations has arrived in israel to examine multiple reports of sexual violence during the hamas led attack,israel
3520,u s charges iranian man and two canadians in plot to kill refugees naji sharifi zindashti is accused of being the kingpin of a network that targeted defectors and hiring the two canadians including a member of the hells angels,iran
3526,a drone mix up was cited in the deaths of 3 u s troops also china s troubled property giant will be dismantled here s the latest at the end of monday,china
3527,defense department identifies 3 soldiers killed at base in jordan officials said the dead were three army reserve soldiers from georgia part of an engineering company trained for deployment at short notice,jordan
3531,officials propose to hamas a six week war pause and a hostage prisoner swap the united states israel egypt and qatar sketched out a bare bones framework in paris qatari officials are awaiting word from hamas,israel
3531,officials propose to hamas a six week war pause and a hostage prisoner swap the united states israel egypt and qatar sketched out a bare bones framework in paris qatari officials are awaiting word from hamas,egypt
3531,officials propose to hamas a six week war pause and a hostage prisoner swap the united states israel egypt and qatar sketched out a bare bones framework in paris qatari officials are awaiting word from hamas,qatar
3533,colombia a usually wet nation reels amid widespread wildfires firefighters many of them volunteers have been confronting dozens of blazes amid high temperatures this month the conditions have been linked to climate change,colombia
3547,aid group calls halts in funding for unrwa reckless the u s and some other donor countries said they would suspend funding for the agency after israel charged that a dozen of its workers had played a role in the oct 7 attack or its aftermath,israel
3556,imran khan sentenced to 10 years ahead of pakistan s elections the verdict is widely seen as part of a military led campaign to sideline mr khan s political party,pakistan
3557,letter to san zaw htway after the 2021 military coup in myanmar loved ones of the deceased artist and political prisoner san zaw htway wrote him letters as an act of remembrance and hope,myanmar
3558,our friend is gone but he lives through our resistance in myanmar after the 2021 military coup in myanmar loved ones of the deceased artist and political prisoner san zaw htway wrote him letters as an act of remembrance and hope,myanmar
3591,u s weighs retaliation after strike in jordan and farmers lay siege to paris plus the biden campaign wants taylor swift,jordan
3592,russian skaters stripped of olympic gold setting up new fight for medals a decision to address the disqualification of kamila valieva gave the united states the gold in the beijing 2022 team event but it kept canada off the podium,russia
3592,russian skaters stripped of olympic gold setting up new fight for medals a decision to address the disqualification of kamila valieva gave the united states the gold in the beijing 2022 team event but it kept canada off the podium,canada
3596,hong kong pushes new security law to root out seeds of unrest warning of threats posed by spies the city s leader expressed confidence that the new law would enjoy public support they will love it he said,hong kong
3598,israeli forces kill a hamas commander inside a west bank hospital military says surveillance video released by the palestinian authority shows several gunmen in apparent civilian clothing brandishing weapons in the hospital,israel
3606,ukraine s latest challenge festering tension among top leaders rampant speculation that president volodymyr zelensky will fire his top military commander has consumed ukraine s capital at a precarious moment in the war,ukraine
3611,arms dealer linked to myanmar junta acquitted in thai money laundering case u tun min latt was placed under sanctions last year by the united states for supplying drones and aircraft parts to the military regime in myanmar,myanmar
3613,passport review a master of comedy in a migrant camp the new show by alexis michalik a star of commercial theater wades into political battles in france where immigration restrictions have been at the forefront of the government s agenda,france
3621,haley says u s should go after iranian military over deadly drone strike this is surgical she said after a drone strike by an iranian backed militia killed three american service members you take one or two of them out,iran
3626,hope wanes amid the wreckage where 600 apartments once stood no building remains intact at 600 konut an apartment complex in antakya turkey near the epicenter of the earthquake many residents were killed in the collapse,turkey
3629,video shows gunmen storming west bank hospital the palestinian authority health ministry released surveillance video that shows several armed israeli forces dressed in civilian clothes inside ibn sina specialized hospital in jenin,israel
3630,khaled nezzar general at center of algeria s bloodshed dies at 86 in the 1990s he oversaw troops that committed a host of atrocities against equally brutal islamist rebels in what became known as the black decade,algeria
3631,is it safe to travel to the bahamas here s what you need to know a string of gang related murders in the local community prompted the u s embassy in the island nation to issue a security alert,bahamas
3632,video shows gunmen storming west bank hospital the palestinian authority health ministry released surveillance video that shows armed members of israeli forces dressed in civilian clothes inside ibn sina specialized hospital in jenin,israel
3641,war in ukraine has weakened putin c i a director writes william j burns says russia s invasion of ukraine has created recruiting opportunities for the spy agency and ushered in a new era,ukraine
3641,war in ukraine has weakened putin c i a director writes william j burns says russia s invasion of ukraine has created recruiting opportunities for the spy agency and ushered in a new era,russia
3653,israeli military confirms it has begun flooding hamas tunnels it is the first time the military has publicly acknowledged using the tactic which the u n has warned could damage gaza s drinking water,israel
3684,israel raids west bank hospital as clashes erupt with hamas in northern gaza the raid by a small team wearing medical garb killed a hamas commander it came as israel confirmed it was trying to flush militants out of tunnels with seawater and had renewed fighting in northern gaza,israel
3687,biden says u s response to deadly drone strike in jordan has been decided the president vowed to retaliate after the attack which killed three american soldiers on sunday on tuesday he confirmed a decision without providing details,jordan
3695,frozen u s spending for u n in gaza is minimal state dept says just 300 000 is on hold after israeli claims that unrwa employees joined the oct 7 hamas attacks u s officials say,israel
3749,an israeli charity for palestinians grapples with oct 7 attacks before the war road to recovery helped bring sick gazans to israeli hospitals several of its volunteers died in the hamas attacks and donations to the group have slowed,israel
3768,pga tour raises 1 5 billion from group of u s investors the move which involves the fenway sports group raises questions about whether a deal to combine forces with saudi arabia s sovereign fund is still necessary,saudi arabia
3782,ukraine and russia exchange hundreds of prisoners of war the swap came a week after the crash of a russian military transport plane that moscow says was carrying ukrainian prisoners,ukraine
3782,ukraine and russia exchange hundreds of prisoners of war the swap came a week after the crash of a russian military transport plane that moscow says was carrying ukrainian prisoners,russia
3783,with aid stalled ukraine scrambles to make ends meet the government says it can juggle its finances for a few months but warns of an economic crisis if western assistance remains stuck,ukraine
3788,a federal judge dismisses a suit to block u s support of israel but urges biden to re examine his approach the judge after expressing regret that he was limited by constitutional precedent urged president biden to rethink u s policy on israel s military siege in the gaza strip,israel
3792,israel s controlled demolitions are razing neighborhoods in gaza in addition to its aerial bombardment israeli ground forces have carried out a wave of large scale detonations destroying residential homes schools and mosques across the strip,israel
3812,kristin hannah s new novel puts combat nurses front and center in vietnam the women follows a san diego debutante into a world of gut wounds and napalm but the real challenge comes when she arrives home,vietnam
3833,bullfighting returns to its largest arena a fight over its future goes on after a nearly two year ban a legal ruling brought bullfights back to la plaza mexico in mexico city but the fight continues after a federal judge again stopped the events,mexico
3849,russia s new threats to exiles seized assets and forced returns the kremlin is sending a chilly message to antiwar russians abroad a new law will allow their property back home to be seized and other countries are being pressured to crack down on them,russia
3856,how a game of good cop bad cop sealed the e u ukraine fund deal top european leaders coordinated to get the hungarian prime minister viktor orban to agree to the 50 billion euro plan aimed at keeping ukraine s economy afloat during the war with russia,ukraine
3856,how a game of good cop bad cop sealed the e u ukraine fund deal top european leaders coordinated to get the hungarian prime minister viktor orban to agree to the 50 billion euro plan aimed at keeping ukraine s economy afloat during the war with russia,russia
3870,netanyahu s bind compromising in gaza or holding on to power at home to end the war in gaza and free the remaining israeli hostages prime minister benjamin netanyahu may have to cut deals that analysts say could end his government and potentially his career,israel
3881,the road to 1948 and the roots of a perpetual conflict how the decisions that led to the founding of israel have brought unending conflict to the region,israel
3889,jack jennings p o w who helped build burma railway dies at 104 he was captured by the japanese in singapore and was one of thousands of prisoners whose hardships were the basis for the film the bridge on the river kwai,japan
3889,jack jennings p o w who helped build burma railway dies at 104 he was captured by the japanese in singapore and was one of thousands of prisoners whose hardships were the basis for the film the bridge on the river kwai,singapore
3895,biden orders sanctions on 4 israelis over west bank violence the order served as both a sharp edged diplomatic notice to israel and a message to arab americans a key part of the political coalition the president needs to be re elected,israel
3908,a troubled life and a violent crime readers discuss nicholas kristof s column about a childhood friend also taylor swift the tech hearing narendra modi s choice in india bounty hunters,india
3909,grateful for e u aid ukraine now waits for the united states the e u package of about 54 billion will be spent on nonmilitary expenses like pensions payments to displaced people and paying teachers and doctors,ukraine
3910,for orban ukraine is a pawn in a longer game his real aim is to lead a populist and nativist rebellion against europe s liberal elite though that campaign is showing signs of faltering,ukraine
3912,austin says iran trains and funds militias targeting u s troops president biden has promised to respond to attacks that killed three american service members at a base in jordan,iran
3912,austin says iran trains and funds militias targeting u s troops president biden has promised to respond to attacks that killed three american service members at a base in jordan,jordan
3918,iran tries to avoid war with u s after stoking mideast conflicts after iran aligned militants killed three american soldiers iran s leaders sensed a line was crossed and are sending more conciliatory signals while awaiting president biden s promised response,iran
3941,friday briefing the e u s ukraine aid deal also u s sanctions on israeli settlers and battles over bullfighting,ukraine
3941,friday briefing the e u s ukraine aid deal also u s sanctions on israeli settlers and battles over bullfighting,israel
3952,manhattan woman convicted of using crypto to fund terror groups in syria the woman victoria jacobs provided support to a military contractor that has been called the blackwater of jihad,syria
3956,what to know about the 4 israelis placed under u s sanctions over west bank violence the white house announced financial penalties on the men ranging in age from 21 to 32 over escalating violence against palestinian civilians,israel
3996,in the west bank palestinians struggle to adjust to a new reality the volatile mix of violence tensions and israeli restrictions has had a stultifying effect on the west bank,israel
4016,what you can still complain about in russia a cat thrown from a train the death of a pet during a train journey has given russians a safe space to speak out and connect and allowed the kremlin to shift attention from wartime gloom,russia
4036,over 800 officials in u s and europe sign letter protesting israel policies the document was signed by government employees in 12 nations and e u institutions signers say their leaders policies could be contributing to war crimes in gaza,israel
4067,how closely does iran control its proxy forces it depends tehran provides arms and support to an array of militant groups across the mideast but it does not call all the shots experts say,iran
4071,u n climate chief warns countries against hiding behind loopholes simon stiell used a speech in azerbaijan to set expectations for global climate negotiations there this year,azerbaijan
4088,u n court to rule on whether ukraine committed genocide the highest court of the united nations will render a verdict on a claim that has been used by russia to justify its invasion,ukraine
4088,u n court to rule on whether ukraine committed genocide the highest court of the united nations will render a verdict on a claim that has been used by russia to justify its invasion,russia
4092,biden pays silent tribute to three u s soldiers as american forces retaliate the ceremony at dover air force base in delaware came shortly before the biden administration announced airstrikes against iran backed proxies in iraq and syria,iran
4092,biden pays silent tribute to three u s soldiers as american forces retaliate the ceremony at dover air force base in delaware came shortly before the biden administration announced airstrikes against iran backed proxies in iraq and syria,iraq
4092,biden pays silent tribute to three u s soldiers as american forces retaliate the ceremony at dover air force base in delaware came shortly before the biden administration announced airstrikes against iran backed proxies in iraq and syria,syria
4105,u s conducts retaliatory strikes against iranian proxies as war deepens the strikes in response to a drone attack that killed three u s soldiers in jordan this week were a sharp escalation of hostilities in the middle east,iran
4105,u s conducts retaliatory strikes against iranian proxies as war deepens the strikes in response to a drone attack that killed three u s soldiers in jordan this week were a sharp escalation of hostilities in the middle east,jordan
4107,biden honors american soldiers killed in the middle east the bodies of three army reservists killed in an attack on a base in jordan were returned to the united states in a somber ceremony,jordan
4117,roger donlon vietnam war s first medal of honor recipient dies at 89 despite being wounded multiple times he led the defense of a jungle outpost against a vietcong assault inspiring his smaller force to superhuman effort,vietnam
4118,what withholding funds to unrwa means for gaza after 12 employees of the u n agency were accused of participating in the oct 7 attack against israel some donor countries have suspended funding but more than a million people in gaza depend on the agency for aid,israel
4121,the u s conducted retaliatory strikes in iraq and syria also the job market started 2024 with remarkable strength here s the latest at the end of friday,iraq
4121,the u s conducted retaliatory strikes in iraq and syria also the job market started 2024 with remarkable strength here s the latest at the end of friday,syria
4132,u s hits back at iran with more than just airstrikes the biden administration used sanctions and criminal charges to punish the islamic revolutionary guards corps iran s premier military force,iran
4134,israel signals its military will move into a gazan city turned refuge a u n official described rafah a refuge for hundreds of thousands of displaced people as a pressure cooker of despair it is one of the last cities in southern gaza that israeli ground forces have not reached,israel
4138,u s retaliates with strikes in iraq and syria after drone attack the times verified two videos filmed in al qaim iraq showing a series of fires and explosions close to the syrian border the flames appear to have caused secondary explosions at the site,iraq
4138,u s retaliates with strikes in iraq and syria after drone attack the times verified two videos filmed in al qaim iraq showing a series of fires and explosions close to the syrian border the flames appear to have caused secondary explosions at the site,syria
4149,with house seat at stake republicans court jewish voters rattled by war to fill george santos s seat republicans nominated mazi pilip an israeli military veteran in the feb 13 special election in new york,israel
4153,syria and iraq say civilians were among those killed in the strikes the biden administration said that its strikes on sites used by iranian forces and iran backed militias in retaliation for the killing of three u s troops would not be the last,syria
4153,syria and iraq say civilians were among those killed in the strikes the biden administration said that its strikes on sites used by iranian forces and iran backed militias in retaliation for the killing of three u s troops would not be the last,iraq
4153,syria and iraq say civilians were among those killed in the strikes the biden administration said that its strikes on sites used by iranian forces and iran backed militias in retaliation for the killing of three u s troops would not be the last,iran
4167,as face of biden s israel policy blinken draws wrath of gaza war protesters demonstrators have turned up at the secretary of state s home and even splashed fake blood on his motorcade,israel
4176,turkey s central bank chief steps down amid long inflation battle the government swiftly replaced her and said the change did not reflect a policy shift for the country where annual inflation is about 65 percent,turkey
4177,germany braces for decades of confrontation with russia leaders are sounding alarms about growing threats but chancellor olaf scholz is wary of pushing the kremlin and his own ambivalent public too far,germany
4177,germany braces for decades of confrontation with russia leaders are sounding alarms about growing threats but chancellor olaf scholz is wary of pushing the kremlin and his own ambivalent public too far,russia
4181,the world needs to stand by unrwa the foreign minister of norway explains why his nation is continuing to fund unrwa amid allegations of employees collusion with hamas in the oct 7 attack,norway
4192,northern ireland has a sinn fein leader it s a landmark moment the idea of a first minister who supports closer ties to the republic of ireland let alone one from sinn fein a party with historic ties to the irish republican army was once unthinkable on saturday it became reality,ireland
4200,u s strikes test iran s will to escalate american airstrikes hit iran linked targets in syria and iraq to retaliate for the recent killing of three u s soldiers in jordan,iran
4200,u s strikes test iran s will to escalate american airstrikes hit iran linked targets in syria and iraq to retaliate for the recent killing of three u s soldiers in jordan,syria
4200,u s strikes test iran s will to escalate american airstrikes hit iran linked targets in syria and iraq to retaliate for the recent killing of three u s soldiers in jordan,iraq
4200,u s strikes test iran s will to escalate american airstrikes hit iran linked targets in syria and iraq to retaliate for the recent killing of three u s soldiers in jordan,jordan
4201,gaza rescuers go missing on mission to save girl trapped in a car the palestine red crescent said the girl named hind was in a car in northern gaza with six of her relatives who were all killed by israeli fire she was the sole survivor,israel
4205,house g o p plans vote on israel aid as senate tries to close broader deal the move comes as the senate is racing to finalize and vote on a bill that would also include new border policies and funding for the war in ukraine,israel
4205,house g o p plans vote on israel aid as senate tries to close broader deal the move comes as the senate is racing to finalize and vote on a bill that would also include new border policies and funding for the war in ukraine,ukraine
4206,wildfires threaten 2 chilean cities destroying 1 000 homes and killing dozens the death toll is expected to rise as hundreds have been reported missing in the blazes near the cities of vina del mar and valparaiso an area home to more than a million people,chile
4207,u s and u k launch heavy strikes on houthi sites in yemen the airstrikes meant to deter attacks on ships in the red sea came one day after the united states struck at other iran backed militias in iraq and syria,u k
4207,u s and u k launch heavy strikes on houthi sites in yemen the airstrikes meant to deter attacks on ships in the red sea came one day after the united states struck at other iran backed militias in iraq and syria,iran
4207,u s and u k launch heavy strikes on houthi sites in yemen the airstrikes meant to deter attacks on ships in the red sea came one day after the united states struck at other iran backed militias in iraq and syria,iraq
4207,u s and u k launch heavy strikes on houthi sites in yemen the airstrikes meant to deter attacks on ships in the red sea came one day after the united states struck at other iran backed militias in iraq and syria,syria
4211,forest fires destroy 1 000 homes and kill dozens in central chile the death toll is expected to rise as hundreds remain missing after wildfires ripped through central chile s coastal hills according to the national government,chile
4222,pakistan s military has swayed many elections now it s going full tilt a political crackdown has been more visible than those in previous years analysts say making this week s vote among the least credible in the country s history,pakistan
4238,nikki haley s rock is watching her campaign from a distance deployed to djibouti maj michael haley has missed the highs and lows of his wife s pursuit of the white house he is still a big presence in her campaign,djibouti
4244,they come in waves ukraine goes on defense against a relentless foe at the hot spots of the eastern front line ukrainian troops are outmanned outgunned and digging in,ukraine
4252,el salvador s president claims election victory in a landslide while votes were still being counted nayib bukele easily won a second term riding enormous support for his crackdown on gangs even if the price has been restricting civil liberties,el salvador
4254,here s how the latest u s led strikes have unfolded the united states has led a wave of retaliatory strikes in the middle east hitting scores of targets belonging to iranian backed armed groups,iran
4264,we re broken wildfires on chile s coast kill 112 and leave hundreds missing officials are warning of major destruction and loss of life after fast moving fires swept through central chile s coastal hills,chile
4269,monday briefing a weekend of u s led strikes also ukraine s grinding fight and china s expanding nuclear arsenal,ukraine
4269,monday briefing a weekend of u s led strikes also ukraine s grinding fight and china s expanding nuclear arsenal,china
4272,photos from a firestorm chile s deadly blazes officials said sunday that at least 99 people had been killed and hundreds remained missing and warned that the toll could rise sharply,chile
4274,kenya plans to bypass court order in haiti deployment the united nations approved mission to stem gang violence in haiti has faced widespread criticism from activists and lawmakers and was blocked by a high court judge in kenya in january,kenya
4274,kenya plans to bypass court order in haiti deployment the united nations approved mission to stem gang violence in haiti has faced widespread criticism from activists and lawmakers and was blocked by a high court judge in kenya in january,haiti
4279,u s strikes iranian backed targets for third day in a row the attack on houthi militants in yemen came as secretary of state antony blinken headed for the mideast to try to defuse escalating tensions,iran
4307,chinese australian writer held by china given suspended death sentence the verdict in the case of yang hengjun who was detained on national security charges may weigh on the warming relations between china and australia,australia
4307,chinese australian writer held by china given suspended death sentence the verdict in the case of yang hengjun who was detained on national security charges may weigh on the warming relations between china and australia,china
4308,zelensky hints at major shake up of ukraine s government the president said a reset was needed to revive the struggling war effort adding that his plans were about the direction of the country s leadership and not just about replacing his top general,ukraine
4317,blinken s mideast visit and u s aid to israel are the focus in washington this week a trip back to the middle east by the united states top diplomat to continue talks on a possible cease fire deal highlights a week of high level wrangling over the war in gaza and beyond,israel
4336,as canadian hockey players face assault charges officials are on defensive hockey fans in canada are struggling to make sense of a scandal that has led to sexual assault charges against five former junior hockey players,canada
4351,top u s treasury officials to visit beijing for economic talks a meeting of the new economic working group comes as the u s and china are trying to prevent any escalation of hostilities,china
4375,russian tech giant reaches 5 billion deal to quit russia yandex often called russia s google said it reached a deal to sell off its assets in the market where it made its fortune after the war in ukraine upended its operations,russia
4375,russian tech giant reaches 5 billion deal to quit russia yandex often called russia s google said it reached a deal to sell off its assets in the market where it made its fortune after the war in ukraine upended its operations,ukraine
4382,at ghana event fowler museum returns items taken from asante kingdom the seven items had been part of its collection since 1965 but new research found that the objects including gold jewelry had been taken by british forces during the colonial era,ghana
4392,the fingerprints on chile s fires and california floods el nino and warming two disasters far apart show how a dangerous climate cocktail can devastate places known for mild weather,chile
4398,tragedy resilience and a miracle at chile s burned botanical garden wildfires destroyed 98 percent of chile s national botanical garden and killed a worker and her family but there were signs of hope in the ashes,chile
4413,u s strikes hit most of targets in iraq and syria pentagon says u s officials acknowledge that the targeted militias still retain the majority of their capability to carry out future attacks,iraq
4413,u s strikes hit most of targets in iraq and syria pentagon says u s officials acknowledge that the targeted militias still retain the majority of their capability to carry out future attacks,syria
4418,blinken meets saudi crown prince on mideast push for pause in gaza war the top u s diplomat spoke with saudi arabia s de facto ruler as he sought to broker a pause in the fighting his visit came the same day a drone struck a syrian base used by u s forces and their allies,saudi arabia
4418,blinken meets saudi crown prince on mideast push for pause in gaza war the top u s diplomat spoke with saudi arabia s de facto ruler as he sought to broker a pause in the fighting his visit came the same day a drone struck a syrian base used by u s forces and their allies,syria
4421,why biden is losing support among some religious black voters more than 1 000 black faith leaders are pressuring the biden administration to push for a cease fire in israel s war on hamas in gaza,israel
4423,biden threatens to veto bill that would help israel but not ukraine president biden accused republicans in the house of a cynical political maneuver intended to kill broader legislation that would also provide money for the southern border,israel
4423,biden threatens to veto bill that would help israel but not ukraine president biden accused republicans in the house of a cynical political maneuver intended to kill broader legislation that would also provide money for the southern border,ukraine
4437,a russian bank account may offer clues to a north korean arms deal moscow may be trying to help pyongyang with access to the international financial system in exchange for missiles and ammunition u s allied intelligence officials suggest,russia
4437,a russian bank account may offer clues to a north korean arms deal moscow may be trying to help pyongyang with access to the international financial system in exchange for missiles and ammunition u s allied intelligence officials suggest,north korea
4440,blinken travels to egypt and qatar in his bid to avert a wider regional war secretary of state antony j blinken met with leaders in egypt and qatar on tuesday the second day of a middle east tour aimed at preventing an exchange of attacks with iran backed militias from spiraling into a broader regional war and to rally allies around a proposed cease fire agreement for gaza,egypt
4440,blinken travels to egypt and qatar in his bid to avert a wider regional war secretary of state antony j blinken met with leaders in egypt and qatar on tuesday the second day of a middle east tour aimed at preventing an exchange of attacks with iran backed militias from spiraling into a broader regional war and to rally allies around a proposed cease fire agreement for gaza,qatar
4440,blinken travels to egypt and qatar in his bid to avert a wider regional war secretary of state antony j blinken met with leaders in egypt and qatar on tuesday the second day of a middle east tour aimed at preventing an exchange of attacks with iran backed militias from spiraling into a broader regional war and to rally allies around a proposed cease fire agreement for gaza,iran
4459,what israeli soldiers videos reveal cheering destruction and mocking gazans an analysis of social media videos found israeli soldiers filming themselves in gaza and destroying what appears to be civilian property the footage provides a rare and unsanctioned window into the war,israel
4467,in poland i saw what a second trump term could do to america being in warsaw was inspiring and sobering,poland
4476,group in michigan urges protest vote against biden over israel gaza war the democratic group is telling voters to mark uncommitted on their primary ballots,israel
4495,displaced gazans wonder where to go as israel vows to keep pushing south speaking at a news conference on monday mr gallant said israeli ground forces would invade places that they still had not reached in central and southern gaza,israel
4507,more than a fifth of hostages in gaza are dead israel says as israel and hamas inch closer to a deal to free hostages in exchange for palestinian prisoners and a cease fire the military disclosed that at least 30 of the captives still in gaza have been confirmed dead,israel
4518,biden tells republicans to show some spine against trump on border deal president biden accused the house gop of thwarting legislation tightening immigration rules and providing aid to ukraine and israel out of fear of their 2024 front runner donald trump,ukraine
4518,biden tells republicans to show some spine against trump on border deal president biden accused the house gop of thwarting legislation tightening immigration rules and providing aid to ukraine and israel out of fear of their 2024 front runner donald trump,israel
4583,hamas gives positive reply to gaza truce plan but odds remain murky u s and qatari leaders hinted at progress in talks for a truce and the release of hostages but it remains unclear how israel determined to crush hamas will respond to the group s counteroffer,qatar
4583,hamas gives positive reply to gaza truce plan but odds remain murky u s and qatari leaders hinted at progress in talks for a truce and the release of hostages but it remains unclear how israel determined to crush hamas will respond to the group s counteroffer,israel
4599,iraq hosts both u s and iranian backed forces it s getting tense as iranian backed groups and american forces both of which have bases in iraq lock horns around the mideast things are becoming uncomfortable for the iraqi government,iraq
4599,iraq hosts both u s and iranian backed forces it s getting tense as iranian backed groups and american forces both of which have bases in iraq lock horns around the mideast things are becoming uncomfortable for the iraqi government,iran
4614,russian strikes hit ukrainian cities at a tense time for kyiv the attacks killed at least five people officials said as ukraine raises pleas for more american aid and president volodymyr zelensky considers changes in his administration,russia
4614,russian strikes hit ukrainian cities at a tense time for kyiv the attacks killed at least five people officials said as ukraine raises pleas for more american aid and president volodymyr zelensky considers changes in his administration,ukraine
4636,how the israeli palestinian conflict drove a wedge into the democratic party members of congress and candidates for their seats have been drawn into bitter political clashes over the israeli palestinian conflict,israel
4650,it was once pakistan s military stronghold now even it has had enough the mounting frustration with the military establishment is a stark shift in punjab the country s most populous and politically important province,pakistan
4651,terrorized by gangs ecuador embraces the hard line noboa way president daniel noboa s new war on gangs has widespread support in a nation overwhelmed by violence but experts warn it could endanger civil liberties,ecuador
4653,sweden closes investigation of pipeline blasts but stays silent on cause the natural gas connection was sabotaged in september 2022 seven months after russia s invasion of ukraine prompting rampant speculation about who was to blame,sweden
4653,sweden closes investigation of pipeline blasts but stays silent on cause the natural gas connection was sabotaged in september 2022 seven months after russia s invasion of ukraine prompting rampant speculation about who was to blame,russia
4653,sweden closes investigation of pipeline blasts but stays silent on cause the natural gas connection was sabotaged in september 2022 seven months after russia s invasion of ukraine prompting rampant speculation about who was to blame,ukraine
4655,el salvador decimated gangs but at what cost what was one of the world s most violent countries has become incredibly safe it has transformed more troubling ways too,el salvador
4659,election office blasts in pakistan kill at least 22 a day before vote attacks against activities linked to the national elections including the targeting of candidates have surged during campaign season,pakistan
4662,israel chooses a eurovision act as boycott campaigns swirl eden golan will represent the country in may in a contest that looks set to be overshadowed by the war in gaza,israel
4671,senate bogs down on ukraine and israel aid after g o p blocks border deal democrats promised a thursday vote on a stand alone bill stripped of immigration measures with 60 1 billion for ukraine 14 1 billion for israel and 10 billion in humanitarian aid for civilians of global crises,ukraine
4671,senate bogs down on ukraine and israel aid after g o p blocks border deal democrats promised a thursday vote on a stand alone bill stripped of immigration measures with 60 1 billion for ukraine 14 1 billion for israel and 10 billion in humanitarian aid for civilians of global crises,israel
4708,thursday briefing the stakes of pakistan s elections also u s aid to ukraine stalls and a fight over the origins of butter chicken,pakistan
4708,thursday briefing the stakes of pakistan s elections also u s aid to ukraine stalls and a fight over the origins of butter chicken,ukraine
4710,two cases aim to cut off china and iran from u s technology in one case material stolen from a private company would help the development of technology to track ballistic and hypersonic missiles u s officials said,china
4710,two cases aim to cut off china and iran from u s technology in one case material stolen from a private company would help the development of technology to track ballistic and hypersonic missiles u s officials said,iran
4711,u s strike in baghdad kills iranian backed militia commander the killing of a leader of kata ib hezbollah continued a series of strikes in retaliation for attacks on u s troops in the region including one that killed three americans in jordan,iran
4711,u s strike in baghdad kills iranian backed militia commander the killing of a leader of kata ib hezbollah continued a series of strikes in retaliation for attacks on u s troops in the region including one that killed three americans in jordan,jordan
4714,the united states has been a bulwark for ukraine what happens if support collapses american officials concede there is nothing on the horizon that could match the power of a new 60 billion congressional appropriation to support its war against russian aggression,ukraine
4714,the united states has been a bulwark for ukraine what happens if support collapses american officials concede there is nothing on the horizon that could match the power of a new 60 billion congressional appropriation to support its war against russian aggression,russia
4718,the senate moved to salvage ukraine aid also a u s strike killed an iranian backed militia commander here s the latest at the end of wednesday,ukraine
4718,the senate moved to salvage ukraine aid also a u s strike killed an iranian backed militia commander here s the latest at the end of wednesday,iran
4725,netanyahu spurns hamas offer for gaza cease fire the israeli prime minister said that the proposed deal would leave israel vulnerable to attack and that its forces were preparing to expand their operations,israel
4727,ukraine worries about losing its biggest weapon u s military aid without it kyiv could hold out for part of the year one expert said but would then begin losing the war,ukraine
4732,what to know about pakistan s election analysts say pakistan s powerful military has never intervened so openly on behalf of its preferred candidate,pakistan
4740,pakistan election highlights military s sway over stormy politics a crackdown on a major political party and the political resurrection of a former leader are the latest dizzying swerves in the country s roller coaster politics,pakistan
4742,thursday briefing a u s strike kills a militia commander in iraq,iraq
4743,the drop in crime in el salvador is stunning but it has a dark side for all of its success in lowering crime the bukele model comes at a stark cost copycats beware,el salvador
4744,under gaza s shadow syria faces a new welter of conflict fighting has surged on five fronts bringing more misery to syria s people,syria
4755,netanyahu says israeli forces will soon enter rafah israel s prime minister said the military would soon go into to an area of gaza near the border with egypt where hundreds of thousands of displaced palestinians have fled something the united nations has said would be catastrophic,israel
4755,netanyahu says israeli forces will soon enter rafah israel s prime minister said the military would soon go into to an area of gaza near the border with egypt where hundreds of thousands of displaced palestinians have fled something the united nations has said would be catastrophic,egypt
4760,russia bars antiwar candidate in election putin is all but sure of winning the barring of the only candidate voicing opposition to the war in ukraine showed how little tolerance the kremlin has for dissent here s what to know about the presidential election in march,russia
4760,russia bars antiwar candidate in election putin is all but sure of winning the barring of the only candidate voicing opposition to the war in ukraine showed how little tolerance the kremlin has for dissent here s what to know about the presidential election in march,ukraine
4767,navigating israel s war when one spouse is jewish and one is not for some couples figuring out how to talk about the war in gaza is a hurdle in the relationship but ultimately one that has brought them closer,israel
4768,in the new look it s chanel versus dior in war torn paris juliette binoche and ben mendelsohn play the two fashion icons during the nazi occupation of france in a new series from apple tv,france
4795,some hostages families say israel should keep fighting hamas a few relatives of hostages held in gaza argue that israel s military must not be too quick to end the war even if it prolongs their loved ones captivity,israel
4798,the shaky u s israel alliance the war in gaza is straining the relationship between the two nations,israel
4821,ukraine s creative use of weapons carries promise and risk a russian plane shot down with a patriot missile was probably carrying ukrainian prisoners of war u s officials say,ukraine
4821,ukraine s creative use of weapons carries promise and risk a russian plane shot down with a patriot missile was probably carrying ukrainian prisoners of war u s officials say,russia
4823,ukraine and israel aid bill inches ahead as divided g o p demands changes senate republicans allowed the measure to move forward but were still slowing its progress as they held out for guarantees that they would be able to propose revisions,ukraine
4823,ukraine and israel aid bill inches ahead as divided g o p demands changes senate republicans allowed the measure to move forward but were still slowing its progress as they held out for guarantees that they would be able to propose revisions,israel
4838,zelensky removes his top general in major shake up of ukraine military gen valery zaluzhny led the effort that thwarted russia s initial assault on kyiv but his troops have struggled to make progress recently and tensions have mounted with the civilian leadership,ukraine
4838,zelensky removes his top general in major shake up of ukraine military gen valery zaluzhny led the effort that thwarted russia s initial assault on kyiv but his troops have struggled to make progress recently and tensions have mounted with the civilian leadership,russia
4868,report calls for putin and others to be investigated for assault on mariupol human rights groups said the attack on the ukrainian port city pointed to unlawful actions by top russian leaders,russia
4877,film club letter to san zaw htway after the 2021 military coup in myanmar loved ones of the deceased political prisoner wrote him letters as an act of remembrance and hope what can we learn from his life and story,myanmar
4883,friday briefing will trump be allowed to hold office again also pakistan s elections and a shake up in ukraine s military leadership,pakistan
4883,friday briefing will trump be allowed to hold office again also pakistan s elections and a shake up in ukraine s military leadership,ukraine
4889,trump putin carlson and the shifting sands of today s american politics an interview with russia s leader and congressional resistance to aid for ukraine underscore the transformation of the parties and electorate in the united states more than three decades after the cold war,russia
4889,trump putin carlson and the shifting sands of today s american politics an interview with russia s leader and congressional resistance to aid for ukraine underscore the transformation of the parties and electorate in the united states more than three decades after the cold war,ukraine
4894,a new general takes over as ukraine struggles on the battlefield gen oleksandr syrsky is taking a job vacated by a general who is well regarded by the army in what is widely perceived as a politicized shake up of ukraine s military leadership,ukraine
4906,crowded gazan city bombed as negotiators try to revive cease fire talks a day after prime minister benjamin netanyahu signaled that the israeli military was preparing to move into rafah airstrikes there killed and wounded multiple people,israel
4907,putin calls on u s to negotiate on ukraine in tucker carlson interview in a two hour interview president vladimir putin of russia was more direct than usual about how he sees his ukraine invasion ending not with a military victory but a deal with the west,ukraine
4907,putin calls on u s to negotiate on ukraine in tucker carlson interview in a two hour interview president vladimir putin of russia was more direct than usual about how he sees his ukraine invasion ending not with a military victory but a deal with the west,russia
4938,bullfighting in the arena and battling outside of it james wagner who covers latin america for the new york times recently reported on a clash over a centuries old tradition in mexico city,mexico
4943,pakistan election surprise imran khan s party puts up a fight the military had cracked down on the party of the former prime minister in favor of another former leader nawaz sharif but mr sharif s party was lagging as results trickled in,pakistan
4992,robert badinter dies at 95 won fight to end death penalty in france he spent decades as an esteemed defense lawyer but was best known as the justice minister who enacted a 1981 law abolishing capital punishment,france
4993,demolition of muslim properties sets off deadly violence in india when officials arrived to raze a mosque and seminary ruled to be illegally located on public property they encountered hundreds of protesters,india
4998,ukraine has a new military commander but the problems haven t changed as gen oleksandr syrsky assumes his role he must reckon with a grim calculus when does the cost of defending ground outweigh any benefit gained by inflicting pain on the enemy,ukraine
5047,in a victory for poland spring maine rejects new groundwater limits the bottled water company last year tried to kill legislation aimed at protecting aquifers at a time when many are at risk nationally,poland
5056,u s rejects putin s latest call for ukraine negotiations skepticism remains high about the russian leader s intentions after he told tucker carlson that the war in ukraine could be settled with a peace deal,ukraine
5056,u s rejects putin s latest call for ukraine negotiations skepticism remains high about the russian leader s intentions after he told tucker carlson that the war in ukraine could be settled with a peace deal,russia
5064,john bruton dies at 76 negotiated for peace as irish prime minister he made strides to end the sectarian violence that plagued northern ireland through the 1990s by collaborating with both britain and the irish republican army,ireland
5076,senators work into weekend on ukraine and israel bill as g o p slows progress the 95 billion package appeared on track for eventual passage but republicans who killed a bipartisan version were still trying to make changes,ukraine
5076,senators work into weekend on ukraine and israel bill as g o p slows progress the 95 billion package appeared on track for eventual passage but republicans who killed a bipartisan version were still trying to make changes,israel
5077,moody s downgrades israel s credit rating citing toll of war israel s creditworthiness remains high but the rating agency noted that the outlook for the country was negative considering the risks from the continued conflict,israel
5098,promoting peace as war rages israeli and palestinian activists meet for almost 20 years combatants for peace has called for non violence and an end to israel s occupation of palestine but after oct 7 some attendees are more hesitant to speak out about their activism times reporters attended one of their sessions,israel
5098,promoting peace as war rages israeli and palestinian activists meet for almost 20 years combatants for peace has called for non violence and an end to israel s occupation of palestine but after oct 7 some attendees are more hesitant to speak out about their activism times reporters attended one of their sessions,palestine
5105,these israelis and palestinians are still working for peace just quietly positions have hardened on both sides in the face of the gaza war but some activists refuse to give up hope they let us sit in on one of their meetings,israel
5121,egypt warily eyes gaza as war builds pressure on its border egypt has reinforced its frontier with gaza and warned israel that any move that would send gazans spilling into egyptian territory could jeopardize their decades old peace treaty,egypt
5121,egypt warily eyes gaza as war builds pressure on its border egypt has reinforced its frontier with gaza and warned israel that any move that would send gazans spilling into egyptian territory could jeopardize their decades old peace treaty,israel
5139,shocking opposition victory throws pakistan into chaos the party of imran khan the jailed former prime minister took the most seats humiliating the country s military rulers and creating a political crisis,pakistan
5141,top nigerian banker among 6 killed after helicopter crash in california herbert wigwe the director of one of nigeria s leading financial institutions died in the crash on friday,niger
5150,gazans search rubble after israeli strikes on rafah homes and a vehicle were hit in the southern gazan city where hundreds of thousands of displaced palestinians have fled since the war began,israel
5153,russian drone strike ignites a fuel depot setting a neighborhood ablaze in ukraine seven people from two families died in the inferno in kharkiv on friday night as burning oil flowed like lava people were doomed an official said,russia
5153,russian drone strike ignites a fuel depot setting a neighborhood ablaze in ukraine seven people from two families died in the inferno in kharkiv on friday night as burning oil flowed like lava people were doomed an official said,ukraine
5160,trump says he gave nato allies warning pay in or he d urge russian aggression speaking in conway s c donald j trump said as president he had told nato allies that he would urge russian aggression against countries that had not met unofficial financial commitments,russia
5163,it is suffocating a top liberal university is under attack in india a campaign to make the country an explicitly hindu nation has had a chilling effect on left leaning and secular institutions like jawaharlal nehru university,india
5166,terrified gazans await an israeli advance in the city they fled to israel has asked the military to come up with plans to evacuate gazans but it isn t clear where they are supposed to go or when israel s ground invasion might begin,israel
5168,finland elects alexander stubb president as it ushers in nato era the election of the center right politician fills a role that is responsible for foreign policy in an era of rising wariness of neighboring russia,finland
5168,finland elects alexander stubb president as it ushers in nato era the election of the center right politician fills a role that is responsible for foreign policy in an era of rising wariness of neighboring russia,russia
5169,short on soldiers ukraine debates how to find the next wave of troops a potential expansion of the nation s military draft to replenish the exhausted battered army has become an emotional politically charged issue,ukraine
5201,israeli analysts say rafah invasion is unlikely to be imminent a major challenge for israeli forces will be how to move the more than 1 million gazans who have crowded into the city out of harm s way,israel
5207,favoring foes over friends trump threatens to upend international order former president donald j trump suggested that he would incite russia to attack delinquent u s allies foreshadowing potentially far reaching changes in the world order if he wins the white house again,russia
5209,nikki haley denounces trump s nato comments and defends her husband against his attacks don t take the side of a thug who kills his opponents ms haley said on cbs s face the nation on sunday after donald trump suggested he might encourage russia to attack a nato member,russia
5210,the rise and fall and rise again of imran khan mr khan s success was fueled by social media which drove pakistan s young people to turn out to vote and rebuff the country s powerful military,pakistan
5212,an outburst by trump on nato may push europe to go it alone many were alarmed by comments that he would encourage russia to attack u s allies that didn t spend enough on their militaries but european leaders were already pondering the prospect of an alliance without the united states,russia
5218,biden cautions netanyahu on ground offensive in southern gaza the president told the israeli leader on sunday that protection was needed for palestinians seeking shelter and called for urgent and specific steps on humanitarian aid,israel
5219,israel says it will protect civilians in a gazan city it is determined to invade prime minister benjamin netanyahu said that israel would invade refugee packed rafah but was drafting a plan to help people get out of harm s way,israel
5222,kill b review dances of dominance in this work inspired by quentin tarantino s kill bill films croatian performers address the fraught director actress relationship at its core,croatia
5231,what to know about the 2 hostages israel rescued from rafah fernando simon marman 60 and louis har 70 were in good condition and were undergoing tests at a tel aviv hospital the israeli authorities said,israel
5234,how china built byd its tesla killer the leading chinese electric vehicle company with origins as a battery maker has posted two years of million car growth in sales,china
5236,what to know about indonesia s election more than 100 million people are expected to vote the country is a vibrant democracy but some fear it risks sliding back toward a dark past,indonesia
5243,biden and jordan s king call on israel to protect palestinians in rafah king abdullah who had his first face to face conversation with president biden since the gaza war began said an israeli invasion of the city was certain to produce another humanitarian catastrophe,jordan
5243,biden and jordan s king call on israel to protect palestinians in rafah king abdullah who had his first face to face conversation with president biden since the gaza war began said an israeli invasion of the city was certain to produce another humanitarian catastrophe,israel
5263,the deadly business of restricting immigration in brought forth on this continent and the last ships from hamburg people fleeing violence and famine meet resistance in the united states,hamburg
5285,palestinians in rafah describe night full of horror during israeli hostage rescue the gazan health ministry said that at least 67 people had been killed in israeli strikes overnight in rafah and that the toll was likely to rise,israel
5294,dutch court moves to block export of fighter jet parts to israel the move reflected mounting alarm over the civilian toll of israel s war in gaza but was unlikely to have an immediate effect on the military campaign,israel
5308,who are the major players after pakistan s stunning election politicians and the military are jockeying to lead the country after the success of the party of imran khan a jailed former prime minister,pakistan
5316,a left vs left house battle funded by a split over israel wesley bell a leader in the progressive prosecutors movement will take on representative cori bush of missouri in st louis,israel
5319,tuesday briefing israel strikes gaza to rescue hostages also donald trump s high stakes week and china s stadium diplomacy,israel
5319,tuesday briefing israel strikes gaza to rescue hostages also donald trump s high stakes week and china s stadium diplomacy,china
5323,u s u n and international criminal court intensify warnings against invading rafah international pressure has escalated on israel to restrain its military campaign in the southern gazan city where many have fled from attacks in the north,israel
5327,senate passes aid to ukraine but fate is uncertain in a hostile house democrats and a group of republicans teamed up to approve the 95 billion bill which also includes aid to israel and civilians in conflict zones but the house speaker threatened to ignore it,ukraine
5327,senate passes aid to ukraine but fate is uncertain in a hostile house democrats and a group of republicans teamed up to approve the 95 billion bill which also includes aid to israel and civilians in conflict zones but the house speaker threatened to ignore it,israel
5328,here are the republicans who broke with their party to back ukraine aid party leaders national security institutionalists and centrists made up the core of the 22 republicans who joined democrats in pushing through the military aid defying former president donald j trump,ukraine
5334,israeli raid in rafah rescues 2 hostages and kills dozens officials say the hostages who had been held by hamas returned to israel after a military operation that gazan health officials said killed at least 67 palestinians,israel
5335,an israeli raid rescued two hostages and killed dozens officials say also an election upset in pakistan here s the latest at the end of monday,israel
5335,an israeli raid rescued two hostages and killed dozens officials say also an election upset in pakistan here s the latest at the end of monday,pakistan
5343,trump steps up helping biden just when the president needs him donald j trump s stunning statement supporting a russian attack against delinquent nato allies takes attention away from unwelcome questions about the president s age and provides the biden camp a useful contrast,russia
5354,tuesday briefing israel s deadly operation to rescue two hostages,israel
5356,only biden and m b s can redirect the israeli palestinian conflict what the president and the saudi crown prince need to do,israel
5370,its forces depleted myanmar junta says it will enforce a military draft three years after it took power in a coup the regime appears to be on the defensive but it remains unclear if the rebels can overthrow the military,myanmar
5415,a bill with 14 billion for israel s war in gaza passes the senate but may falter in the house a 95 billion foreign aid package passed by the senate on tuesday morning includes 14 1 billion for israel s war against hamas though the bill still faces uncertainty in the house,israel
5416,hezbollah attack injures 2 israelis amid fresh push to reduce tensions diplomats said france had presented a proposal aimed at ending the strikes and skirmishes along the border between israel and lebanon,israel
5416,hezbollah attack injures 2 israelis amid fresh push to reduce tensions diplomats said france had presented a proposal aimed at ending the strikes and skirmishes along the border between israel and lebanon,france
5431,israel orders evacuation of southern gaza hospital where thousands are sheltering the israeli military accused hamas of operating from nasser hospital but did not provide evidence past israeli orders to evacuate hospitals have preceded military raids,israel
5445,as u s weighs aid ukraine turns to european allies for support president volodymyr zelensky is expected to seek more military assistance in berlin paris and possibly london,ukraine
5454,kelvin kiptum marathon world record holder is dead at 24 kiptum who came tantalizingly close last year to breaching the mythical two hour barrier in the marathon was killed in a car accident in kenya,kenya
5455,biden denounces trump s support for russian attack on allies as un american the president cited the former president s comments in seeking to increase pressure on speaker mike johnson to allow a floor vote on a 95 billion package of security aid for ukraine and israel approved by the senate,russia
5455,biden denounces trump s support for russian attack on allies as un american the president cited the former president s comments in seeking to increase pressure on speaker mike johnson to allow a floor vote on a 95 billion package of security aid for ukraine and israel approved by the senate,ukraine
5455,biden denounces trump s support for russian attack on allies as un american the president cited the former president s comments in seeking to increase pressure on speaker mike johnson to allow a floor vote on a 95 billion package of security aid for ukraine and israel approved by the senate,israel
5472,in scorning trump s remarks biden urges house to pass ukraine aid bill during remarks on the 95 billion ukraine and israel aid package president biden condemned former president donald j trump for encouraging russia to attack some nato members,ukraine
5472,in scorning trump s remarks biden urges house to pass ukraine aid bill during remarks on the 95 billion ukraine and israel aid package president biden condemned former president donald j trump for encouraging russia to attack some nato members,israel
5472,in scorning trump s remarks biden urges house to pass ukraine aid bill during remarks on the 95 billion ukraine and israel aid package president biden condemned former president donald j trump for encouraging russia to attack some nato members,russia
5480,ukraine claims russia used new hypersonic missile for first time russia has not confirmed that a zircon hypersonic missile was used the united states says it s looking into the claim,ukraine
5480,ukraine claims russia used new hypersonic missile for first time russia has not confirmed that a zircon hypersonic missile was used the united states says it s looking into the claim,russia
5488,larry taylor vietnam war pilot lauded for daring rescue dies at 81 his evacuation of four besieged u s army rangers was belatedly recognized last september with the medal of honor,vietnam
5493,talks in cairo aim for a deal to halt gaza war and free hostages israel hamas the united states qatar and egypt are involved in negotiations which will go on for days officials called them promising but an accord did not seem imminent,israel
5493,talks in cairo aim for a deal to halt gaza war and free hostages israel hamas the united states qatar and egypt are involved in negotiations which will go on for days officials called them promising but an accord did not seem imminent,qatar
5493,talks in cairo aim for a deal to halt gaza war and free hostages israel hamas the united states qatar and egypt are involved in negotiations which will go on for days officials called them promising but an accord did not seem imminent,egypt
5494,a feared ex general appears set to become indonesia s new leader prabowo subianto was ejected from the military on accusations of rights abuses now he is projected to win the country s presidency outright in the first round,indonesia
5505,a palestinian exile champions an arab vision for gaza mohammed dahlan who advises the united arab emirates provided public insights into what arab governments are privately planning for the battered enclave after the war ends,united arab emirates
5509,it s not time for our troops to leave the middle east should u s troops stay in syria and iraq or should they go and if they stay how does american leadership prevent these attacks from continuing,syria
5509,it s not time for our troops to leave the middle east should u s troops stay in syria and iraq or should they go and if they stay how does american leadership prevent these attacks from continuing,iraq
5510,imran khan s opponents reach deal to shut his allies out of government after days of wrangling two parties run by political dynasties joined forces and will nominate shehbaz sharif to be pakistan s prime minister,pakistan
5522,as china tries to present a friendlier image a new face emerges liu jianchao is a communist party diplomat skilled at defending tough positions without being pugnacious he also once hunted fugitive officials abroad,china
5555,3 ex policemen found guilty of destroying evidence in seoul crowd crush a south korean court found that the former officers had deleted an internal report that warned of safety risks ahead of halloween celebrations,south korea
5563,europe wants to stand on its own militarily is it too little too late outraged by donald j trump s remarks about encouraging russia to punish some nato members and downbeat about ukraine s military prospects europe faces growing anxiety over its own security,russia
5563,europe wants to stand on its own militarily is it too little too late outraged by donald j trump s remarks about encouraging russia to punish some nato members and downbeat about ukraine s military prospects europe faces growing anxiety over its own security,ukraine
5574,ukraine struggling on land claims to deal blow to russia at sea the ukrainian military says it has sunk a large russian landing ship off the coast of crimea although ukrainian troops inland find themselves in a precarious position,ukraine
5574,ukraine struggling on land claims to deal blow to russia at sea the ukrainian military says it has sunk a large russian landing ship off the coast of crimea although ukrainian troops inland find themselves in a precarious position,russia
5576,hundreds flee southern gaza hospital after israel orders evacuation the israeli military threatened to take action to stop what it called hamas activity at nasser medical complex in khan younis,israel
5587,dries van agt former dutch prime minister dies at 93 as justice minister he weathered a hijacking crisis and later pushed to resolve the israeli palestinian conflict he and his wife died in a joint act of euthanasia,israel
5591,austin speaking by video reiterates u s support for ukraine secretary of defense lloyd j austin iii spoke on wednesday to a u s led group that marshals military aid to ukraine,ukraine
5603,how senate democrats flipped the border issue on republicans senator chuck schumer was wary of tying immigration policy to emergency aid for ukraine but he saw an opening to address border turmoil that was becoming a political liability and to call republicans bluff,ukraine
5622,the u k labour party s worst enemy might be itself the party has a large lead in the polls but recent missteps have led to questions about the management skills of its leader keir starmer,u k
5625,f b i director makes a secret trip to israel christopher a wray whose agency has worked with israeli authorities to pursue atrocities committed by hamas has made his first visit to israel since the war began the bureau disclosed,israel
5628,israeli media report netanyahu has pulled out of gaza cease fire talks some family members of the hostages still in gaza criticized any such decision and protested outside the homes of israeli officials,israel
5632,russia s advances on space based nuclear weapon draw u s concerns a congressman s cryptic statement about new intelligence set washington abuzz and infuriated white house officials,russia
5652,hundreds flee one of gaza s last working hospitals fearing israeli attack israeli forces have been expanding their operations in the southern gaza city of khan younis for weeks and on wednesday called for civilians at a hospital there to leave for safer spaces,israel
5659,after fighting ukraine aid trump says biden will give ukraine to putin donald trump suggested he would do more to protect the country from russia seeking to flip the script on the president who has been calling for more military aid for months,ukraine
5659,after fighting ukraine aid trump says biden will give ukraine to putin donald trump suggested he would do more to protect the country from russia seeking to flip the script on the president who has been calling for more military aid for months,russia
5662,how russia depicts wounded soldiers as heroes or not at all troops with amputated limbs or serious injuries return home to find a patchwork system of treatment and often efforts to keep them out of the public eye,russia
5664,russia hides its war toll we pieced together the clues interviews with wounded russian soldiers and with relatives of others reveal glimpses of what injured veterans can expect when sent home from ukraine,russia
5664,russia hides its war toll we pieced together the clues interviews with wounded russian soldiers and with relatives of others reveal glimpses of what injured veterans can expect when sent home from ukraine,ukraine
5666,thursday briefing russian advances on a space based nuclear weapon,russia
5683,celebrity feuds do you know about this one do you care why do you think these battles blow up on social media,u k
5685,there is no safety displaced gazans leave rafah with israel signaling an invasion of the southern gazan city of rafah palestinians who fled there are uncertain about where to go next some are returning to the places they earlier had to evacuate,israel
5693,california s push for ethnic studies runs into the israel hamas war the state s high school students will be required to take the subject but some object to how the discipline addresses the israeli palestinian conflict,israel
5715,this centuries old border dispute pits an army against unarmed volunteers some guatemalans call belize their 23rd state the territorial claim is creating jitters in one of central america s most lawless corners,guatemala
5715,this centuries old border dispute pits an army against unarmed volunteers some guatemalans call belize their 23rd state the territorial claim is creating jitters in one of central america s most lawless corners,belize
5718,he lost a son then chronicled life in a gaza hospital to dull his heartache mustafa abutaha told stories of people sheltering with him at nasser hospital he later fled before the israeli military closed in israeli forces began raiding the medical facility on thursday,israel
5720,israelis enter gaza hospital and super bowl parade shooting plus russian advances on space based nuclear weapon,israel
5720,israelis enter gaza hospital and super bowl parade shooting plus russian advances on space based nuclear weapon,russia
5722,lebanon s state media says israeli strikes there killed 10 civilians the death toll wednesday was the highest in months of cross border fighting and amplified fears that the cross border clashes could escalate into a full fledged war,lebanon
5722,lebanon s state media says israeli strikes there killed 10 civilians the death toll wednesday was the highest in months of cross border fighting and amplified fears that the cross border clashes could escalate into a full fledged war,israel
5724,weeks before the israeli raid a doctor described the crisis at nasser hospital the israeli military operation at nasser medical complex on thursday followed weeks of warnings from health officials about increasingly dire conditions inside the hospital doctors struggling with scarce supplies displaced people sleeping in corridors hunger gnawing as food grew scarce bombings and gunfire reverberating in the surrounding streets,israel
5735,which version of an ex general did indonesia just vote for prabowo subianto has had many identities over the years a commander under sanctions for rights abuses a violent nationalist and now the candidate of continuity,indonesia
5751,losing ground ukraine seeks new positions around avdiivka as russian forces breach a supply line and seek to encircle opposing soldiers ukraine s commanders maneuver to more advantageous positions,ukraine
5751,losing ground ukraine seeks new positions around avdiivka as russian forces breach a supply line and seek to encircle opposing soldiers ukraine s commanders maneuver to more advantageous positions,russia
5754,gazans who sought shelter in rafah are fleeing again the city of rafah in southern gaza is one of the last areas of the territory where israeli troops have yet to deploy in force but now as israel warns of a ground offensive there some of the 1 4 million people who have been sheltering in the city are packing up and moving on,israel
5799,russia s antisatellite technology poses no immediate threat white house says we are not talking about a weapon that can be used to attack human beings or cause physical destruction here on earth a white house spokesman said,russia
5813,ex f b i informant is charged with lying over bidens role in ukraine business the informant s story was part of a series of explosive and unsubstantiated claims by republicans that the bidens engaged in potentially criminal activity,ukraine
5816,u s conducted cyberattack against iranian military ship an official says the move was part of the biden administration s retaliation to a drone attack at an outpost in jordan that killed 3 americans,iran
5816,u s conducted cyberattack against iranian military ship an official says the move was part of the biden administration s retaliation to a drone attack at an outpost in jordan that killed 3 americans,jordan
5819,frank kitson 97 dies helped shape the conflict in northern ireland a british general whose specialty was counterinsurgency he was accused of using unduly hard edge tactics against irish republican forces during the era known as the troubles,ireland
5822,warnings over israel s rafah threat come from all corners allies and others say the safety of the palestinian civilians who have sought shelter in the far south of gaza is paramount,israel
5826,palestinians flee as israeli forces raid a major hospital in gaza israel says hamas routinely operates within and beneath places like nasser hospital in khan younis using them as shields and has held israeli hostages there the group denies the charges,israel
5828,israeli military raids one of gaza s last functioning hospitals health care workers shared videos of a chaotic scene at nasser medical center in khan younis gaza strip as israeli troops raided the hospital and ordered people to evacuate on thursday,israel
5847,as gaza death toll mounts the peace lobby fights for influence in washington the friends committee a quaker lobbying group has been pushing in washington for a cease fire going up against more powerful and better funded groups backing israel,israel
5855,what 2 u s families did when hamas captured their sons omer neutra and edan alexander young men from the new york area who joined israel s military were taken prisoner near gaza their families now share one urgent goal to free them,israel
5900,war remembrance and tiny game birds an artist tells how the birds known in italy as uccellini evoke a childhood in queens a mother who fled the holocaust and loss,italy
5915,aleksei navalny russian opposition leader dies in prison at 47 the kremlin s fiercest critic whose work brought arrests attacks and a near fatal poisoning in 2020 had spent months in isolation,russia
5921,european leaders express shock at news of navalny s death president volodymyr zelensky of ukraine said that aleksei navalny the russian dissident was killed by putin like thousands of others,ukraine
5921,european leaders express shock at news of navalny s death president volodymyr zelensky of ukraine said that aleksei navalny the russian dissident was killed by putin like thousands of others,russia
5922,gunman opens fire at bus stop in israel killing at least 2 the israeli authorities called the attack which took place near the town of b nei re em an act of terrorism,israel
5943,israel says it will not force gazans into egypt as it searches major hospital the announcement by israel s defense minister came after months of speculation and as israeli forces combed the largest hospital in southern gaza,israel
5943,israel says it will not force gazans into egypt as it searches major hospital the announcement by israel s defense minister came after months of speculation and as israeli forces combed the largest hospital in southern gaza,egypt
5980,israel was behind attacks on major gas pipelines in iran officials say the sabotage which analysts said marked an escalation in the shadow war between israel and iran caused sweeping disruption in several provinces,israel
5980,israel was behind attacks on major gas pipelines in iran officials say the sabotage which analysts said marked an escalation in the shadow war between israel and iran caused sweeping disruption in several provinces,iran
5988,in prison or out navalny was the thorn in putin s side a straight talking former real estate lawyer he stayed relevant even from prison pleading with russians not to give up or give in to their fears and railing against the criminal war in ukraine,russia
5988,in prison or out navalny was the thorn in putin s side a straight talking former real estate lawyer he stayed relevant even from prison pleading with russians not to give up or give in to their fears and railing against the criminal war in ukraine,ukraine
5989,who was aleksei navalny aleksei navalny an anticorruption activist who for more than a decade led the political opposition in president vladimir putin s russia while enduring arrests assaults and a near fatal poisoning died friday in a russian prison he was 47,russia
6009,prominent black church leaders call for end of u s aid to israel the african methodist episcopal church bishops council says american financial assistance to help israel fight its war in gaza supports mass genocide,israel
6013,hochul apologizes after implying israel has a right to destroy gaza in remarks made at a jewish philanthropy event gov kathy hochul said that if canada attacked the united states as hamas did israel there would be no canada the next day,israel
6013,hochul apologizes after implying israel has a right to destroy gaza in remarks made at a jewish philanthropy event gov kathy hochul said that if canada attacked the united states as hamas did israel there would be no canada the next day,canada
6019,avdiivka longtime stronghold for ukraine falls to russians with ukraine s forces at risk of encirclement the top military commander ordered a retreat in startlingly candid accounts soldiers described disarray and despair,ukraine
6019,avdiivka longtime stronghold for ukraine falls to russians with ukraine s forces at risk of encirclement the top military commander ordered a retreat in startlingly candid accounts soldiers described disarray and despair,russia
6055,israelis newly vulnerable remain traumatized and mistrustful despite u s pressure the idea of a palestinian state seems further away than ever as israel s jews move rightward and its palestinians fear a backlash,israel
6070,the florida fraudster and the russian killer how do you like your pal putin now trump,russia
6071,the best case for ukraine aid it will make it easier to negotiate an armistice on terms favorable to ukraine,ukraine
6077,some authors were left out of awards held in china leaked emails show why when some books including best sellers were conspicuously absent from the science fiction hugo awards last year writers and fans became suspicious,china
6079,dictators do not go on vacation zelensky warns washington and europe president volodymyr zelensky pushed back against skepticism of a ukraine victory calling on world leaders not to ask when the war would end but why russia was still able to wage it,ukraine
6079,dictators do not go on vacation zelensky warns washington and europe president volodymyr zelensky pushed back against skepticism of a ukraine victory calling on world leaders not to ask when the war would end but why russia was still able to wage it,russia
6081,what to know about the fall of avdiivka russia s capture of a city that had been a stronghold of ukrainian defenses in the donetsk region is a strategic and symbolic blow,russia
6087,five places russia is fighting to break through ukrainian lines outmanned and outgunned ukrainian ground forces are in perhaps their most precarious position since the opening months of the war,russia
6092,u s fears russia might put a nuclear weapon in space american spy agencies are divided on whether moscow would go so far but the concern is urgent enough that secretary of state antony j blinken has asked china and india to try to talk russia down,russia
6092,u s fears russia might put a nuclear weapon in space american spy agencies are divided on whether moscow would go so far but the concern is urgent enough that secretary of state antony j blinken has asked china and india to try to talk russia down,china
6092,u s fears russia might put a nuclear weapon in space american spy agencies are divided on whether moscow would go so far but the concern is urgent enough that secretary of state antony j blinken has asked china and india to try to talk russia down,india
6094,large antigovernment protest returns to tel aviv as criticism of netanyahu mounts the demonstrations took a pause after the oct 7 attacks but the anger at the israeli leadership never went away,israel
6099,netanyahu says he won t bow to pressure to call off rafah invasion the israeli leader has come under international pressure to drop a threatened incursion into the city where more than a million palestinians are gathered seeking refuge from the war,israel
6131,against a canvas of despair gaza s artists trace their struggle an exhibition in the israeli occupied west bank features works evoking palestinian life and protest but the show is as much about the art that cannot be displayed lost forever in the war,israel
6138,the death throes of a ukrainian city toward the end of russia s long assault hundreds of civilians still remained in avdiivka those who escaped in the last weeks spoke of relentless devastation,russia
6140,senior pakistani official admits to helping rig the vote the surprising confession appeared to lend weight to accusations by imran khan s party that the military had tampered with the vote count in dozens of races,pakistan
6152,israel s government formally rejects the unilateral recognition of a palestinian state the largely symbolic move followed proposals by international allies that were discussed during recent cease fire negotiations in cairo,israel
6154,city s fall leaves ukraine with an even tougher fight ahead after the capture of avdiivka ukrainian forces will need a new defensive line in unforgiving terrain while russia tries to press its advantage,ukraine
6154,city s fall leaves ukraine with an even tougher fight ahead after the capture of avdiivka ukrainian forces will need a new defensive line in unforgiving terrain while russia tries to press its advantage,russia
6159,thousands rally in tel aviv against the israeli government demonstrators expressed their anger toward benjamin netanyahu and his government and called for immediate elections in one of the country s largest protests since the start of the israel hamas war,israel
6165,william beecher who revealed secret cambodia bombing dies at 90 his new york times scoop enraged the nixon white house which ordered a tap on his phone he later won a pulitzer prize for the boston globe,cambodia
6167,most wanted man pleads guilty in cyberattack that upended vermont hospital vyacheslav igorevich penchukov 37 of ukraine pleaded guilty in federal court for his role in two separate malware schemes that caused tens of millions of dollars in losses,ukraine
6170,intelligence chairman defends his hints about a russian space weapon representative michael r turner who drew criticism last week after releasing a cryptic statement about a new threat said he wanted to avoid an international crisis,russia
6173,brazil s president angers israel after comparing war in gaza to the holocaust israel said it had asked for a meeting with the brazilian ambassador,brazil
6173,brazil s president angers israel after comparing war in gaza to the holocaust israel said it had asked for a meeting with the brazilian ambassador,israel
6174,hungary snubs u s senators pushing for sweden s entry into nato officials in budapest declined to meet with a bipartisan group of american lawmakers who favor expanding the military alliance,hungary
6174,hungary snubs u s senators pushing for sweden s entry into nato officials in budapest declined to meet with a bipartisan group of american lawmakers who favor expanding the military alliance,sweden
6178,overwhelmed by war another gazan hospital is declared not functional conditions at nasser hospital in the southern gaza strip were described as desperate after israeli forces raided it in search of hamas militants,israel
6180,dozens killed after gunfight in papua new guinea the bloodshed in enga province which has been plagued by violence between tribal groups left at least 26 people dead according to the authorities,papua new guinea
6196,after fleeing ukraine a tattoo artist settles into life in brooklyn once the war started alona hamova worked as a guest artist at tattoo studios in europe and when she thought she was ready accepted an offer to work in williamsburg,ukraine
6212,u s strike killed afghans recruited to fight for iran refugees who joined the largely overlooked fatemiyoun brigade to battle for shiite islam and escape crushing poverty had become a force in tehran s proxy wars,iran
6231,the new york times wins 3 polk awards the times was honored for its coverage of the israel hamas war and propublica won a prize for revealing the lavish gifts and luxury trips given to justice clarence thomas,israel
6238,houthis say they shot down a u s drone off yemen the downing of the reaper drone is another escalation of violence between the united states and iran backed groups,yemen
6238,houthis say they shot down a u s drone off yemen the downing of the reaper drone is another escalation of violence between the united states and iran backed groups,iran
6247,brazil s president lula recalls ambassador to israel escalating dispute the israeli foreign minister said mr lula was not welcome in the country until he took back remarks comparing israeli actions in the war against hamas to the holocaust,brazil
6247,brazil s president lula recalls ambassador to israel escalating dispute the israeli foreign minister said mr lula was not welcome in the country until he took back remarks comparing israeli actions in the war against hamas to the holocaust,israel
6248,two hospitals in southern gaza are left barely functioning an israeli raid reduced one of the territory s biggest facilities to little more than a shelter while food and fuel are almost gone at another,israel
6250,the wife of haiti s assassinated president is accused in his killing martine moise the widow of president jovenel moise was charged by a haitian judge with conspiring in his assassination she was seriously injured in the attack,haiti
6251,israel may put new restrictions on visiting aqsa mosque as ramadan nears reducing access to al aqsa the sacred mosque compound in jerusalem that has long been a flashpoint for tensions may set off unrest some israelis warned,israel
6266,putin can t kill the vision of the future navalny gave us my friend aleksei s dream of a beautiful russia is immortal,russia
6267,student arrested in university of colorado shooting that killed two nicholas jordan 25 who was enrolled at the school was arrested on murder charges in colorado springs,jordan
6269,jon stewart takes notes from tucker carlson s coverage of russia i have much to learn stewart said disguise your deception and capitulation to power as noble and moral and based in freedom yes master,russia
6282,ukraine gaza and the long shadow of german guilt in out of the darkness frank trentmann details the way people in the country that started world war ii are still confronting and atoning for the atrocities of their government,ukraine
6305,stranded in rafah as an israeli invasion looms two gazans on life in the territory s southernmost city,israel
6307,russia arrests u s citizen accusing her of treason by aiding ukraine the country s main security agency said the 33 year old detainee lived in los angeles a lawyers group said she was accused of donating 50 to the war effort,russia
6307,russia arrests u s citizen accusing her of treason by aiding ukraine the country s main security agency said the 33 year old detainee lived in los angeles a lawyers group said she was accused of donating 50 to the war effort,ukraine
6316,prince william calls for end to gaza fighting as soon as possible in a measured public statement the heir to the british throne said that too many have been killed in the war between israel and hamas,israel
6328,israeli military releases videos it says shows bibas family members in captivity on oct 7 when we saw the video it really tore our hearts out the sister of one of the hostages said hamas has said three members of the family died in an israeli airstrike israel has not confirmed the report,israel
6339,hundreds of ukrainian troops feared captured or missing in chaotic retreat the fall of avdiivka to russia may be more significant than it initially seemed as ukraine struggles with morale and recruitment,russia
6339,hundreds of ukrainian troops feared captured or missing in chaotic retreat the fall of avdiivka to russia may be more significant than it initially seemed as ukraine struggles with morale and recruitment,ukraine
6384,protesting biden gaza supporters warn don t blame us if you lose at the university of michigan a demonstration against president biden s stance on israel showed his critics passion but was light on numbers,israel
6390,small businesses sound alarm over weakening german economy thousands of companies concerned that germany is facing a recession are calling for an end to political infighting that has blocked a possible stimulus plan,germany
6395,an election shatters the image of pakistan s mightiest force pakistanis once thought of the military as the iron hand controlling the country s politics that illusion has been broken creating one of the establishment s biggest crises yet,pakistan
6420,israeli raid in west bank city of jenin kills 3 military says the israeli military said its latest deadly raid targeted terrorism and was part of a broader operation in the israeli occupied territory,israel
6433,russian forces press on with attacks in southern ukraine the assaults on the village of robotyne which come at the same time as successful attacks in the east are designed to pressure ukrainian troops across the front line analysts say,russia
6433,russian forces press on with attacks in southern ukraine the assaults on the village of robotyne which come at the same time as successful attacks in the east are designed to pressure ukrainian troops across the front line analysts say,ukraine
6437,biden hardens protection against cybersecurity threats to ports an executive order expands powers to the department of homeland security amid increased fears of a conflict with china,china
6443,syria blames israel for deadly airstrike in damascus israel did not comment on the attack though it has acknowledged hundreds of past strikes on iran linked targets in syria,syria
6443,syria blames israel for deadly airstrike in damascus israel did not comment on the attack though it has acknowledged hundreds of past strikes on iran linked targets in syria,israel
6443,syria blames israel for deadly airstrike in damascus israel did not comment on the attack though it has acknowledged hundreds of past strikes on iran linked targets in syria,iran
6449,u s warns allies russia could put a nuclear weapon into orbit this year the american assessments are divided however and president vladimir putin denied having such an intention saying that russia was categorically against it,russia
6453,how an election shattered the image of pakistan s military pakistanis once thought of the military as the iron hand controlling the country s politics that illusion has been broken following a contested election in early february creating one of the establishment s biggest crises yet,pakistan
6458,ex president made honduras a safe haven for drug gangs prosecutors say the former president juan orlando hernandez went on trial wednesday in manhattan accused of years of misrule funded by cocaine proceeds,honduras
6477,a russian military blogger dies after criticizing army losses the ultranationalist blogger andrei morozov had described a campaign of intimidation against him and threatened to end his own life,russia
6479,a british nuclear missile test fails again an unarmed trident missile splashed into the sea close to its launch site the u k government confirmed on wednesday fueling scrutiny of the state of britain s nuclear deterrent,u k
6483,brazil in dispute with israel shows limits of u s diplomacy israel and brazil have sparred this week over the gaza war secretary of state antony j blinken intervened on wednesday,brazil
6483,brazil in dispute with israel shows limits of u s diplomacy israel and brazil have sparred this week over the gaza war secretary of state antony j blinken intervened on wednesday,israel
6484,deadly airstrike hits neighborhood in damascus syria syrian state media blamed the strike which it said had killed two people on israel the israeli military declined to comment,syria
6484,deadly airstrike hits neighborhood in damascus syria syrian state media blamed the strike which it said had killed two people on israel the israeli military declined to comment,israel
6485,man extradited to u s in suspected iranian plot to kill activist the man a citizen of georgia and three others were charged with planning to assassinate masih alinejad an iranian american human rights activist in brooklyn and a critic of iran,iran
6494,in brazil blinken intervenes in a dispute with israel secretary of state antony j blinken confronted president luiz inacio lula da silva of brazil on wednesday about his recent sharp comments on israel including the brazilian leader s comparison of israel s attacks in gaza to the holocaust,brazil
6494,in brazil blinken intervenes in a dispute with israel secretary of state antony j blinken confronted president luiz inacio lula da silva of brazil on wednesday about his recent sharp comments on israel including the brazilian leader s comparison of israel s attacks in gaza to the holocaust,israel
6500,japanese crime boss trafficked nuclear material from myanmar u s says takeshi ebisawa already facing federal drug trafficking charges offered uranium and plutonium that he expected iran to use in making nuclear weapons prosecutors said,japan
6500,japanese crime boss trafficked nuclear material from myanmar u s says takeshi ebisawa already facing federal drug trafficking charges offered uranium and plutonium that he expected iran to use in making nuclear weapons prosecutors said,myanmar
6500,japanese crime boss trafficked nuclear material from myanmar u s says takeshi ebisawa already facing federal drug trafficking charges offered uranium and plutonium that he expected iran to use in making nuclear weapons prosecutors said,iran
6510,thursday briefing u s warnings about a russian space weapon also a blow to pakistan s military and niue s fight for the nu domain,russia
6510,thursday briefing u s warnings about a russian space weapon also a blow to pakistan s military and niue s fight for the nu domain,pakistan
6518,israeli rape crisis group report finds systematic sexual violence on and after oct 7 israeli activists and their allies have expressed frustration at international organizations like the united nations for slow responses to such reports,israel
6541,u s defends israel s occupation of the west bank at top u n court a u s official urged judges not to call for israel s withdrawal from occupied territory arguing that israel faced very real security needs and that a palestinian state must be established for a lasting peace,israel
6546,thursday briefing u s warns of a possible russian space weapon,russia
6549,did climate change worsen chile s wildfires not this time researchers say a rapid analysis didn t find the fingerprints of global warming on the february blazes but risks are still rising overall as the planet heats,chile
6552,ship crashes into bridge in china killing 5 several vehicles plummeted from the crossing part of which collapsed in the southern city of guangzhou the authorities said,china
6567,shooting near a west bank checkpoint kills at least 1 three palestinians used automatic weapons to fire from a car toward a traffic jam at the checkpoint on a highway between a large israeli settlement and jerusalem the israeli police said,israel
6594,as gaza death toll mounts israel s isolation grows a worsening humanitarian crisis has brought a wave of condemnation against israel s ongoing military operation and is testing the support of even its staunchest ally the united states,israel
6606,kiss the future review seeing u2 in post siege sarajevo nenad cicin sain s smoothly calibrated documentary is part timeline of the concert s development and part testament to the city s defiance during the bosnian war,bosnia
6608,veselka review serving up support for ukraine subtitled the rainbow on the corner at the center of the world this documentary offers a warm tribute to an east village landmark,ukraine
6609,israel joins cease fire talks in paris an israeli delegation was meeting with officials from egypt qatar and the united states the latest attempt to advance a deal for a cease fire and the release of hostages,israel
6609,israel joins cease fire talks in paris an israeli delegation was meeting with officials from egypt qatar and the united states the latest attempt to advance a deal for a cease fire and the release of hostages,egypt
6609,israel joins cease fire talks in paris an israeli delegation was meeting with officials from egypt qatar and the united states the latest attempt to advance a deal for a cease fire and the release of hostages,qatar
6615,the debate over ethnic studies in california by 2025 the state s public high schools must begin teaching the subject but the israel hamas war has made the effort much more complicated,israel
6632,october rain israel s proposed eurovision entry causes a storm almost nobody has heard the song but some social media users see it as a reference to the hamas led attacks of oct 7 and so too political for eurovision,israel
6647,u s campaign to isolate russia shows limits after 2 years of war many nations insist on not taking sides in the war in ukraine while china india and brazil are filling russia s coffers,russia
6647,u s campaign to isolate russia shows limits after 2 years of war many nations insist on not taking sides in the war in ukraine while china india and brazil are filling russia s coffers,ukraine
6647,u s campaign to isolate russia shows limits after 2 years of war many nations insist on not taking sides in the war in ukraine while china india and brazil are filling russia s coffers,china
6647,u s campaign to isolate russia shows limits after 2 years of war many nations insist on not taking sides in the war in ukraine while china india and brazil are filling russia s coffers,india
6647,u s campaign to isolate russia shows limits after 2 years of war many nations insist on not taking sides in the war in ukraine while china india and brazil are filling russia s coffers,brazil
6671,friday briefing two years of war in ukraine also an attempt at a moon landing,ukraine
6689,israel steps up attacks in gaza amid cease fire talks strikes overnight killed nearly 100 seven of them in rafah as officials said there had been momentum on a deal to free some israeli hostages in exchange for palestinian prisoners,israel
6691,n y c protest calling for gaza cease fire targets pro israel senators demonstrators marched to the manhattan headquarters of the lobbying group aipac then to the offices of senators who have accepted donations from the group where some were arrested,israel
6694,biden announces sanctions on more than 500 russian targets a package of economic restrictions to be rolled out on friday will be the largest since russia invaded ukraine two years ago,russia
6694,biden announces sanctions on more than 500 russian targets a package of economic restrictions to be rolled out on friday will be the largest since russia invaded ukraine two years ago,ukraine
6695,mexico s president faces inquiry for disclosing phone number of times journalist president andres manuel lopez obrador of mexico has repeatedly made attacks on members of the news media in a country that is one of the world s deadliest for journalists,mexico
6709,france will cut spending as it sees a weaker economy ahead war high interest rates and slowdowns in major trade partners are trimming tax revenue and forcing the government in paris to scale back,france
6711,friday briefing two years of war in ukraine,ukraine
6713,the particular anguish of being palestinian in israel the war in gaza has made life even more complicated and difficult for palestinian citizens of israel,israel
6716,visiting ukraine schumer pressures g o p to take up aid bill the top senate democrat warned that the fate of its war against russia will turn on whether republicans drop their opposition to sending more u s aid to kyiv,ukraine
6716,visiting ukraine schumer pressures g o p to take up aid bill the top senate democrat warned that the fate of its war against russia will turn on whether republicans drop their opposition to sending more u s aid to kyiv,russia
6758,documentary download ukrainian stories of sustenance and strife after the death of russian dissident aleksei a navalny these four movies examine the war in unexpected ways,russia
6759,for many ukrainians it s been a 10 year war not a 2 year one russia s invasion came in two phases many ukrainians say the first a decade ago when it sent soldiers over the border in an unacknowledged military intervention and the second when it began its full assault two years ago,russia
6761,unpredictable strongman two years into war putin embraces the image vladimir putin is drawing on history to position himself in the realm of russian rulers of the past critics say his grip on power is not as strong as it seems,russia
6762,as gaza war grinds on israel prepares for a prolonged conflict while israeli forces have delivered a major blow to hamas in a fight that has taken a devastating toll on civilians the group that led the oct 7 attack on israel remains a threat officials say,israel
6771,orban gives green light to sweden s nato bid viktor orban the hungarian prime minister said after a meeting with sweden s leader and a deal for more fighter jets that the two countries are ready to fight for each other,sweden
6776,u s imposes major new sanctions on russia targeting finance and defense the biden administration responding to the death of aleksei a navalny unveiled its largest sanctions package to date as the war in ukraine enters its third year,russia
6776,u s imposes major new sanctions on russia targeting finance and defense the biden administration responding to the death of aleksei a navalny unveiled its largest sanctions package to date as the war in ukraine enters its third year,ukraine
6787,head of palestinian aid agency warns it is at breaking point unrwa the chief lifeline for gaza s population of 2 2 million people has lost 450 million in donor funding since israeli allegations that 12 of its employees were involved in the hamas led oct 7 attack,israel
6793,fire engulfs high rise complex in spain several people were killed and over a dozen were missing after a fire ripped through a residential complex in valencia spain video shows rescuers working to save residents from a balcony after being trapped by flames,spain
6808,pro israel group aims to help biden in michigan amid gaza unrest the political arm of democratic majority for israel is running a digital ad that does not mention the gaza conflict but warns that voting uncommitted in the state s primary will help donald trump,israel
6839,the u s unveiled major new sanctions on russia also netanyahu released his plan for postwar gaza here s the latest at the end of friday,russia
6843,chuck mawhinney 74 dies deadliest sniper in marine corps history he put the experience behind him after he returned from the vietnam war but fame finally caught up to him in the 1990s,vietnam
6849,netanyahu issues first plan for postwar gaza the proposal which calls for indefinite israeli military control and buffer zones in the territory rankled arab nations and was rejected by palestinians,israel
6858,russia s brutal war calculus the costs of two years of war in ukraine have been enormous but many russians are feeling optimistic,russia
6858,russia s brutal war calculus the costs of two years of war in ukraine have been enormous but many russians are feeling optimistic,ukraine
6888,hard lessons make for hard choices 2 years into the war in ukraine western sanctions haven t worked weapons from allies are running low pressure may build on kyiv to seek a settlement even from a weakened position,ukraine
6905,ukraine s deepening fog of war two years after russia s full scale invasion ukrainian leaders are seeking a path forward in the face of ferocious assaults and daunting unknowns,ukraine
6905,ukraine s deepening fog of war two years after russia s full scale invasion ukrainian leaders are seeking a path forward in the face of ferocious assaults and daunting unknowns,russia
6908,ukraine marks 2nd anniversary of russian invasion determined despite setbacks european and other western leaders gathered in kyiv to pledge support for ukraine amid u s reluctance while its troops suffer growing losses on the battlefield where the russians have been gaining ground,ukraine
6908,ukraine marks 2nd anniversary of russian invasion determined despite setbacks european and other western leaders gathered in kyiv to pledge support for ukraine amid u s reluctance while its troops suffer growing losses on the battlefield where the russians have been gaining ground,russia
6912,aleksei navalny s body was returned to his mother allies say the russian authorities have transferred the body ending a grim battle for custody of his remains,russia
6920,fire in valencia spain leaves residents homeless after panicked escapes a fire that killed at least 10 people left many refugees from ukraine without homes and others scrambling to rebuild their lives,spain
6920,fire in valencia spain leaves residents homeless after panicked escapes a fire that killed at least 10 people left many refugees from ukraine without homes and others scrambling to rebuild their lives,ukraine
6927,u s and british warplanes again strike houthi linked targets in yemen the iran backed group which has been targeting global shipping routes has proved especially difficult for the united states and its allies to restrain,iran
6930,biden caught in a political bind over israel policy his steadfast support of the gaza war effort is angering young people and arab americans in an election year but any change risks alienating jewish voters,israel
6947,quotation of the day kin in ukraine wait tearfully for p o w son quotation of the day for sunday feb 25 2024,ukraine
6956,the spy war how the c i a secretly helps ukraine fight putin for more than a decade the united states has nurtured a secret intelligence partnership with ukraine that is now critical for both countries in countering russia,ukraine
6956,the spy war how the c i a secretly helps ukraine fight putin for more than a decade the united states has nurtured a secret intelligence partnership with ukraine that is now critical for both countries in countering russia,russia
6970,a re established west bank settlement symbolizes hardened israeli views homesh one of the four west bank settlements dismantled by israel when it withdrew from gaza in 2005 has taken on new importance since oct 7 and the war against hamas,israel
6973,weary but determined ukrainians vow never to bow to russia despite death destruction and deprivation nearly 90 percent still believe in ukraine s ultimate victory as long as western aid continues,russia
6973,weary but determined ukrainians vow never to bow to russia despite death destruction and deprivation nearly 90 percent still believe in ukraine s ultimate victory as long as western aid continues,ukraine
6976,in russia knowing that her son is dead and waiting for him anyway she watched distressed as aleksei was sent off to war now 14 months after he died in eastern ukraine yulia seleznyova holds a sliver of hope for a miracle,russia
6976,in russia knowing that her son is dead and waiting for him anyway she watched distressed as aleksei was sent off to war now 14 months after he died in eastern ukraine yulia seleznyova holds a sliver of hope for a miracle,ukraine
6978,zong qinghou beverage tycoon in china dies at 79 a bitter but successful battle with danone of france for control of a joint venture made him the richest person in china for a time,china
6978,zong qinghou beverage tycoon in china dies at 79 a bitter but successful battle with danone of france for control of a joint venture made him the richest person in china for a time,france
6997,man dies after setting himself on fire outside israeli embassy in washington air force says aaron bushnell an active duty senior airman repeatedly shouted free palestine as he filmed and livestreamed his protest against israel s deadly military actions in gaza he had been taken to a hospital on sunday with life threatening injuries,israel
6998,monday briefing hostage talks to continue in qatar plus a look at public sentiment in ukraine,qatar
6998,monday briefing hostage talks to continue in qatar plus a look at public sentiment in ukraine,ukraine
6999,netanyahu says hostage deal would delay but not stop rafah invasion the israeli leader reiterated plans for a military operation in the southern gaza city that he says is essential to eliminating hamas,israel
7006,israeli forces will move into rafah cease fire deal or not netanyahu says amid signs of progress toward a pause in the fighting prime minister benjamin netanyahu said israeli forces planned to keep pushing into gaza,israel
7013,rally in michigan urges protest vote against biden s israel policies with the state s primary on tuesday speakers at a gathering in dearborn mich pushed voters to cast a ballot for uncommitted in objection to president biden s handling of the israel hamas war,israel
7015,monday briefing ukraine said 31 000 of its soldiers had been killed,ukraine
7016,china is running out of lines to cross in the taiwan strait a more robust approach is needed to deter chinese military activities that could escalate into a war,china
7016,china is running out of lines to cross in the taiwan strait a more robust approach is needed to deter chinese military activities that could escalate into a war,taiwan
7029,top u n court holds last day of hearings on israeli occupation the hearings on the legality of israel s occupation of palestinian territories have put more pressure on israel during the war in gaza,israel
7029,top u n court holds last day of hearings on israeli occupation the hearings on the legality of israel s occupation of palestinian territories have put more pressure on israel during the war in gaza,palestinian territories
7063,macron does not rule out sending western troops to ukraine the french leader said that talks had not resulted in any consensus among european officials on putting troops on the ground in an official way but that anything is possible,ukraine
7067,israel launches its deepest airstrikes in lebanon in years at least two hezbollah fighters were killed in strikes in the bekaa valley and at least six other people were wounded the mayor of a nearby city said,israel
7071,palestinian authority s government submits resignation as u s calls for change it was not clear whether the appointment of a new prime minister and cabinet would be enough to revamp the authority or persuade israel to let it govern gaza after the war there ends,israel
7086,hungary s parliament approves sweden s nato bid after stalling budapest had been the final obstacle to the nordic country s joining the alliance which has been trying to isolate russia over its war in ukraine,hungary
7086,hungary s parliament approves sweden s nato bid after stalling budapest had been the final obstacle to the nordic country s joining the alliance which has been trying to isolate russia over its war in ukraine,sweden
7086,hungary s parliament approves sweden s nato bid after stalling budapest had been the final obstacle to the nordic country s joining the alliance which has been trying to isolate russia over its war in ukraine,russia
7086,hungary s parliament approves sweden s nato bid after stalling budapest had been the final obstacle to the nordic country s joining the alliance which has been trying to isolate russia over its war in ukraine,ukraine
7088,defending academic freedom on campus readers discuss free speech on campus also mourning flaco the owl an israel gaza cease fire facial recognition domestic violence survivors,israel
7091,the nato welcoming sweden is larger and more determined the alliance s expansion with finland last year and soon sweden was a consequence from the invasion of ukraine that russia s president may not have calculated,sweden
7091,the nato welcoming sweden is larger and more determined the alliance s expansion with finland last year and soon sweden was a consequence from the invasion of ukraine that russia s president may not have calculated,finland
7091,the nato welcoming sweden is larger and more determined the alliance s expansion with finland last year and soon sweden was a consequence from the invasion of ukraine that russia s president may not have calculated,ukraine
7091,the nato welcoming sweden is larger and more determined the alliance s expansion with finland last year and soon sweden was a consequence from the invasion of ukraine that russia s president may not have calculated,russia
7092,canadian skaters demand bronze medals in olympics dispute reviving a fight from the 2022 games canada s team said skating officials improperly awarded third place to russia the russians filed three cases asking for the gold,canada
7092,canadian skaters demand bronze medals in olympics dispute reviving a fight from the 2022 games canada s team said skating officials improperly awarded third place to russia the russians filed three cases asking for the gold,russia
7103,another winter at the front lines in ukraine on frozen roads with frozen pens a reporter navigates bunkers and interviews weary soldiers,ukraine
7110,jordan airdrops humanitarian aid in gaza jordanian planes dropped food and medical supplies with parachutes in central and southern gaza people were seen rowing boats to collect aid dropped into the sea,jordan
7119,arrest of migrant in georgia killing turns city into latest battleground on immigration a personal and community tragedy got caught up in the national politics of immigration after a migrant from venezuela was charged in the death of a former university of georgia student,venezuela
7128,biden says he s hopeful for a gaza cease fire within a week the president offered a positive assessment of negotiations aimed at halting israel s military operations in exchange for the release of hostages held by hamas,israel
7134,israelis broach a concession in hostage talks with hamas israel negotiators are reported to be considering the release of high profile palestinians convicted of terrorism in exchange for freedom for some of the hostages in gaza,israel
7148,after u s strikes iran s proxies scale back attacks on american bases tehran wary of igniting open warfare with washington has told militia groups it backs to curtail assaults on targets such as military installations iranian and american officials say,iran
7160,jon stewart takes on something light israel and gaza after two very controversial appearances behind the daily show desk stewart decided to dial it down a bit for his third,israel
7188,myth and reality in israel s hostage negotiations it s been a long time since the entebbe rescue,israel
7196,in ukraine russia is inching forward death by death russian forces have an unorthodox view of acceptable levels of military losses with a willingness to expend troops and equipment to make even small gains on the battlefield,ukraine
7196,in ukraine russia is inching forward death by death russian forces have an unorthodox view of acceptable levels of military losses with a willingness to expend troops and equipment to make even small gains on the battlefield,russia
7201,hunger terrorism and the threat of war somalia s year of crises terrorism hunger and devastating floods have roiled the horn of africa nation now it faces an even bigger challenge the prospect of war with a neighbor ethiopia,somalia
7201,hunger terrorism and the threat of war somalia s year of crises terrorism hunger and devastating floods have roiled the horn of africa nation now it faces an even bigger challenge the prospect of war with a neighbor ethiopia,ethiopia
7202,russian court jails leading rights advocate for discrediting military oleg orlov 70 a co chairman of memorial which shared the 2022 nobel peace prize was sentenced to two and a half years in prison for speaking out on the ukraine war,russia
7202,russian court jails leading rights advocate for discrediting military oleg orlov 70 a co chairman of memorial which shared the 2022 nobel peace prize was sentenced to two and a half years in prison for speaking out on the ukraine war,ukraine
7204,kremlin warns against nato ground intervention in ukraine the warning came in response to comments by president emmanuel macron of france who said nothing should be ruled out when asked about the possibility,ukraine
7204,kremlin warns against nato ground intervention in ukraine the warning came in response to comments by president emmanuel macron of france who said nothing should be ruled out when asked about the possibility,france
7251,red army faction fugitive wanted for decades is arrested in germany daniela klette who was wanted in connection with the bombing of a prison and violent robberies was living in plain sight in berlin the police say,germany
7252,wednesday briefing russia warned against nato troops in ukraine plus the latest on a possible cease fire in gaza,russia
7252,wednesday briefing russia warned against nato troops in ukraine plus the latest on a possible cease fire in gaza,ukraine
7253,army is slashing thousands of jobs to focus on russia and china recent events suggest that the u s military will face challenges in the middle east for years to come even as it tries to shift priorities,russia
7253,army is slashing thousands of jobs to focus on russia and china recent events suggest that the u s military will face challenges in the middle east for years to come even as it tries to shift priorities,china
7255,2 men are convicted in 2002 killing of run dmc d j jam master jay karl jordan jr and ronald washington were convicted of fatally shooting the hip hop d j born jason mizell in his queens recording studio,jordan
7269,michigan tests the strength of biden s campaign also russia warned against nato forces in ukraine here s the latest at the end of tuesday,russia
7269,michigan tests the strength of biden s campaign also russia warned against nato forces in ukraine here s the latest at the end of tuesday,ukraine
7274,police officer charged with murdering two men in australia the officer beaumont lamarre condon was charged friday with killing jesse baird 26 and luke davies 29 who had been missing for more than a week and whose bodies were found on tuesday,australia
7277,israel is losing its greatest asset acceptance israel s very legitimacy is being undermined by the enormous casualties in gaza and its government s failure to provide a credible postwar plan,israel
7278,hamas rejects cease fire proposal dashing biden s hopes of near term deal a day after president biden suggested there could be a deal as soon as monday a hamas official indicated the group would not trade israeli troops held hostage for palestinians imprisoned for terrorism,israel
7289,the ally review social justice as a maddening hall of mirrors itamar moses s play offers eloquent arguments on all sides of the israeli palestinian conflict but it doesn t offer much drama,israel
7296,back from war reserve soldiers set their sights on israel s politics as usual inspired by the unity they experienced in the military thousands of reservists returning from the front line in gaza are organizing for political change,israel
7332,a land once emptied by war now faces a peacetime exodus bosnia is being hit by a combination of a low birthrate and emigration a trend fueled by ethnic tensions and disgust with corruption,bosnia
7340,why authoritarians like saddam hussein confound u s presidents a c i a capable of making a mistake on the scale of its miss about iraq s weapons of mass destruction was not part of saddam hussein s worldview,iraq
7362,an arms race quietly unfolds in space after warnings that russia could put a nuclear weapon into orbit the u s is ramping up its space effort,russia
7367,ukraine charges key figure in arms trade with corruption a times investigation showed how the war helped serhiy pashinsky rehabilitate a troubled reputation now he faces charges related to accusations about his past,ukraine
7380,a breakaway region of moldova asks russia for protection transnistria declared independence in 1992 but is not recognized internationally the request by the territory s legislature could fuel regional tensions as the war in ukraine rages,moldova
7380,a breakaway region of moldova asks russia for protection transnistria declared independence in 1992 but is not recognized internationally the request by the territory s legislature could fuel regional tensions as the war in ukraine rages,russia
7380,a breakaway region of moldova asks russia for protection transnistria declared independence in 1992 but is not recognized internationally the request by the territory s legislature could fuel regional tensions as the war in ukraine rages,ukraine
7384,immunity for troubles violence violates human rights belfast court rules a judge said a new british law aiming to foster reconciliation over decades of sectarian conflict in northern ireland would breach the european convention on human rights,ireland
7391,seeking to unsettle russia macron provokes allies the french president s openness to western troops in ukraine signaled a quest for military resolve but some allies felt blindsided,russia
7391,seeking to unsettle russia macron provokes allies the french president s openness to western troops in ukraine signaled a quest for military resolve but some allies felt blindsided,ukraine
7448,the michigan areas where uncommitted came out ahead more than 100 000 voted in protest of the president s handling of the israel hamas war with strong support from areas with higher shares of arab residents and younger voters,israel
7449,u s airman s winding path ended in self immolation to protest israel aaron bushnell the cyberdefense operations specialist who lit himself on fire to protest israel s killing of palestinians had left an isolated christian community for the air force before turning to activism,israel
7465,in britain shockwaves from israel hamas war are jolting domestic politics the united states and several european nations have been caught up in toxic debates that have altered election campaigns and led to eruptions of inflammatory language over the conflict,israel
7481,gas pumps didn t work in new zealand blame the leap year dozens of unattended fuel stations across the country stopped working on thursday for hours because of a software issue,new zealand
7524,for suspect in u of georgia killing an obscure trail across states after leaving venezuela he entered the u s through texas and stopped in new york before living in georgia,venezuela
7535,putin says west risks nuclear conflict if it intervenes more in ukraine we also have weapons that can strike targets on their territory mr putin said in an annual speech do they not understand this,ukraine
7546,pentagon weighs new plan to ship weapons to ukraine quickly a short term measure carries political and military risks as the biden administration considers whether to tap into u s stockpiles again,ukraine
7547,the best most california movies the water wars thriller chinatown was recommended most by readers,china
7554,opposition leader in chad is reported killed in a shootout yaya dillo who was expected to run in national elections in may was killed alongside many others in a gun battle in the capital the national prosecutor said,chad
7571,biden says the shooting will complicate cease fire talks president biden said on thursday that while he was still learning details of the shooting that killed or wounded hundreds in northern gaza he thought the deaths could jeopardize efforts to reach a cease fire agreement between israel and hamas,israel
7578,as hungry gazans crowd an aid convoy a crush of bodies israeli gunshots and a deadly toll palestinian and israeli officials offered differing accounts of a deadly scene in northern gaza in which local health officials said more than 100 people were killed,israel
7586,deadly bangladesh fire breaks out at mall firefighters rescued people from the charred seven story building in the capital of dhaka,bangladesh
7587,fire in bangladeshi shopping mall kills dozens officials said the multistory fire broke out just before 10 p m on thursday the blaze left dozens injured many in critical condition,bangladesh
7590,this is for gaza george galloway leftist firebrand wins u k seat as the mideast conflict reverberates through british politics the politician with a history of inflammatory statements about israel won a special election in northern england,u k
7590,this is for gaza george galloway leftist firebrand wins u k seat as the mideast conflict reverberates through british politics the politician with a history of inflammatory statements about israel won a special election in northern england,israel
7594,judge awards 6 2 million to new zealand volcano victims dozens of tourists and guides were killed or injured when a volcanic island erupted in 2019 the disaster was ruled to be a violation of new zealand s workplace safety rules,new zealand
7605,i d f videos add to confusion over gazans killed at aid site the israeli military released a heavily edited video to deflect blame but the footage did little to clear up what led to mass casualties as people crowded around food aid trucks in northern gaza,israel
7615,college dorm decorations become a front in the campus free speech wars barnard college is requiring students to strip decorations from their dorm doors in the wake of protests over the israel hamas war,israel
7616,cease fire demand grows amid questions around gaza aid convoy deaths the israeli military and gazan officials have offered diverging accounts of one of the deadliest known disasters involving civilians in the nearly five month war,israel
7620,thousands turn out for navalny s funeral in moscow the police presence appeared heavy for the service some attendees shouted no to war and russia will be free as they marched to the cemetery where the opposition leader was to be buried,russia
7622,an architect builds toward the future on mexico s border with her library senior center markets and sports complexes fernanda canales is bringing a sense of community beauty and safety to underserved towns,mexico
7643,the wars in ukraine and gaza have changed america s policy hasn t richard haass on why america s strategy on both ukraine and israel is untenable and what he thinks should be the north star,ukraine
7643,the wars in ukraine and gaza have changed america s policy hasn t richard haass on why america s strategy on both ukraine and israel is untenable and what he thinks should be the north star,israel
7645,why more american weapons will soon be made outside america with the wars in ukraine and gaza straining u s arsenals washington is seeking to expand production with global partners like australia,ukraine
7645,why more american weapons will soon be made outside america with the wars in ukraine and gaza straining u s arsenals washington is seeking to expand production with global partners like australia,australia
7669,how germany s most wanted criminal hid in plain sight daniela klette a militant from the red army faction was on the run for decades yet with publicly available digital recognition tools german police could probably have found her much sooner,germany
7678,my father the pakistani elvis elvis personified everything american what my dad wished to embody charisma rebellion and sex appeal,pakistan
7682,this small island has a dark history it s 10 miles from france but alderney feels like a windswept remote haven during world war ii nazi atrocities happened on its soil,france
7694,trump says little on gaza and nothing about what he d do differently donald trump s approach to the bloody mideast conflict reflects the anti interventionist shift he has brought about in republican politics and his personal feelings about the israeli prime minister,israel
7700,international condemnations of killings near gaza aid convoy multiply the british foreign secretary and the governments of india south africa and brazil were among those denouncing the melee surrounding an aid convoy in northern gaza that left scores of palestinians dead,india
7700,international condemnations of killings near gaza aid convoy multiply the british foreign secretary and the governments of india south africa and brazil were among those denouncing the melee surrounding an aid convoy in northern gaza that left scores of palestinians dead,south africa
7700,international condemnations of killings near gaza aid convoy multiply the british foreign secretary and the governments of india south africa and brazil were among those denouncing the melee surrounding an aid convoy in northern gaza that left scores of palestinians dead,brazil
7704,the best of late night this week there was a glut of news this week for the hosts to discuss including developments in the israel hamas war and mitch mcconnell saying he would step down from his position as leader of the senate republicans,israel
7706,gunter brus artist who shocked postwar austria dies at 85 a founder of a transgressive 1960s movement known as viennese actionism he used his body as a canvas and blood and excrement as his materials,austria
7725,robert m young filmmaker who indulged his wanderlust dies at 99 the subjects of his documentaries included indigenous peoples civil rights sit ins and the war in angola his narrative films included extremities and the ballad of gregorio cortez,angola
7728,penn trustees meeting is cut short after students protest over war in gaza the meeting was abruptly adjourned about 10 minutes in after a demonstration by pro palestinian students protesting the university s ties with israel,israel
7752,many iranians boycott vote despite officials pleas and roses at polls ordinary iranians fed up with a faltering economy and the government s oppressive rules and violent crackdowns on peaceful protests heeded calls to stay home,iran
7762,surprisingly weak ukrainian defenses help russian advance ukraine only built a sparse rudimentary defensive line outside avdiivka russia is taking advantage,russia
7762,surprisingly weak ukrainian defenses help russian advance ukraine only built a sparse rudimentary defensive line outside avdiivka russia is taking advantage,ukraine
7770,blasphemy is a crime in pakistan mobs are delivering the verdicts being convicted of the charge can bring a death sentence in the country but simply being accused of disrespect toward islam can also be enough to get a person killed,pakistan
7782,when an artist dies who owns her story the cuban artist ana mendieta fell from a window of her 34th floor apartment in 1985 her family members have been fighting for control of her legacy ever since,cuba
7806,the justice of israel s war in gaza will depend on how it ends how to think about the moral complexities in the israel gaza war,israel
7821,lives ended in gaza since the war started more than 30 000 people have been killed during israel s bombardment and invasion here are some of their stories,israel
7830,migration from south america through the perilous darien gap resumes on friday boat companies began operating in colombia after a five day pause allowing migrants to once again make their way through the notorious jungle terrain and continue toward the u s border,colombia
7833,harris to meet with top israeli official as truce talks continue the vice president expects to discuss the urgency of a hostage deal and getting food and supplies to palestinian civilians with a member of netanyahu s war cabinet,israel
7835,israeli strike near rafah hospital kills at least 11 gaza officials say dozens of other displaced palestinians who had been sheltering nearby were also injured the officials said,israel
7841,lack of plan for governing gaza formed backdrop to deadly convoy chaos israel has no clear plan for governing gaza that is a particular problem in the north where the fighting has ebbed and where a deadly stampede occurred on thursday around an aid convoy,israel
7856,how a body farm might help tackle fentanyl abuse the u s government brought mexican coroners to america to learn how to detect fatal overdoses hoping to show that fentanyl kills in mexico too,mexico
7876,russian strike s toll rises to 12 as zelensky blames air defense delay president volodymyr zelensky did not refer to the united states but his words appeared to reflect frustration over a stalled american aid package,russia
7878,israel opts out of cease fire talks as hamas delegation arrives in cairo israeli officials did not attend after hamas was said to have refused a request from israel to provide a list of the hostages who were still alive,israel
7888,u n aid agency researchers allege abuse of gazans in israeli detention unrwa the aid agency for palestinians is preparing to publish an investigation based on testimony from more than 100 detainees that accuses israeli troops of abuse,israel
7889,inmates escape after attacks on two prisons in haiti s capital the assault on prisons is the latest in a wave of violent episodes in the past few days staged by gangs who have vowed to oust the prime minister,haiti
7902,harris calls for an immediate cease fire in gaza the vice president urged hamas to agree to a six week cease fire proposal and called on israel to increase the flow of aid into the enclave,israel
7911,gaza war is shifting ties between secular and ultra orthodox israelis israel s haredi minority has long lived apart from the nation s mainstream but fighting has both widened that divide and in some ways helped to bridge it,israel
7923,harris pushes for pause in fighting in meeting with top israeli official in a white house meeting on monday afternoon with benny gantz a member of israel s war cabinet the vice president also focused on the need for a deal to free hostages,israel
7926,charmed by a city off thailand s beaten path centuries old wooden temples a graceful river and an unexpected chicken fixation make lampang in northern thailand a delightful destination away from the crowds,thailand
7990,do you know these books that became best picture winners killers of the flower moon and oppenheimer are among this year s academy award nominated films based on nonfiction books take this short quiz to test your knowledge of other books that inspired films that won the oscar for best picture,u k
7993,john c bahnsen jr 89 dies fierce commander during the vietnam war one of the most honored combat veterans in u s history he was awarded 19 decorations for valor he was blunt about what his job was killing,vietnam
8007,u n team finds grounds to support reports of sexual violence in hamas attack the united nations experts also said that they had clear and convincing information that hostages seized in israel on oct 7 had been sexually abused in gaza and that they had looked into reports of abuse of palestinians in israeli detention,israel
8020,tuesday briefing trump can appear on ballots also france protects abortion rights and a u n report on sexual assault during the oct 7 attack,france
8044,shift in russian tactics intensifies air war in ukraine moscow s recent gains in the east have been aided by more aggressive air support on the front lines but that also has helped ukraine shoot down enemy planes in the past two weeks,russia
8044,shift in russian tactics intensifies air war in ukraine moscow s recent gains in the east have been aided by more aggressive air support on the front lines but that also has helped ukraine shoot down enemy planes in the past two weeks,ukraine
8070,the maldives is a tiny paradise why are china and india fighting over it asia s two giants are crowding the island nation with building projects tossing its newborn democracy to and fro,maldives
8070,the maldives is a tiny paradise why are china and india fighting over it asia s two giants are crowding the island nation with building projects tossing its newborn democracy to and fro,china
8070,the maldives is a tiny paradise why are china and india fighting over it asia s two giants are crowding the island nation with building projects tossing its newborn democracy to and fro,india
8098,a deadly aid delivery and growing threat of famine in gaza desperate gazans descended on aid trucks israeli troops opened fire but exactly how people died and who was responsible remains contested,israel
8115,u s conducts 2nd airdrop but will not use troops on the ground in aid effort u s air force cargo planes dropped 36 800 ready to eat meals in a joint operation with the jordanian air force but a pentagon spokesman said were no plans to put u s forces on the ground,jordan
8117,fighting through art a kurdish dancer s journey to new york stages hussein smko s encounter with an american soldier in iraq led him to become a dancer this week he performs in pontus lidberg s work at the joyce theater,iraq
8290,barbara lee is a progressive hero why is she trailing in the polls in california her vote against authorizing the war in afghanistan was an act of true courage,afghanistan
8294,humanitarian aid boxes dropped over northern gaza palestinians in gaza city scrambled for boxes of supplies airdropped by the united states jordan egypt and the united arab emirates,jordan
8294,humanitarian aid boxes dropped over northern gaza palestinians in gaza city scrambled for boxes of supplies airdropped by the united states jordan egypt and the united arab emirates,egypt
8294,humanitarian aid boxes dropped over northern gaza palestinians in gaza city scrambled for boxes of supplies airdropped by the united states jordan egypt and the united arab emirates,united arab emirates
8314,gaza cease fire deal is in the hands of hamas biden says president biden said the israelis had been cooperating in negotiations over a possible six week cease fire in gaza being mediated by qatar and egypt and that a rational offer was made,israel
8314,gaza cease fire deal is in the hands of hamas biden says president biden said the israelis had been cooperating in negotiations over a possible six week cease fire in gaza being mediated by qatar and egypt and that a rational offer was made,qatar
8314,gaza cease fire deal is in the hands of hamas biden says president biden said the israelis had been cooperating in negotiations over a possible six week cease fire in gaza being mediated by qatar and egypt and that a rational offer was made,egypt
8315,we need a cease fire biden says president biden said tuesday that talks on a possible six week cease fire in gaza are in the hands of hamas right now he spoke just before a hamas leader in lebanon appeared to reject a proposed deal the united states is backing insisting that israeli hostages would be released only after a cease fire was in place and israeli forces have withdrawn,lebanon
8315,we need a cease fire biden says president biden said tuesday that talks on a possible six week cease fire in gaza are in the hands of hamas right now he spoke just before a hamas leader in lebanon appeared to reject a proposed deal the united states is backing insisting that israeli hostages would be released only after a cease fire was in place and israeli forces have withdrawn,israel
8323,starbucks franchise lays off workers in mideast amid gaza tied boycotts store traffic has dropped off in the middle east and southeast asia as customers protest perceptions of starbucks stance on the israel hamas conflict,israel
8324,u s warns spring breakers headed to mexico jamaica or the bahamas in recent weeks american travelers to some of the busiest international destinations during spring vacation have been urged by the state department to exercise extra caution,mexico
8324,u s warns spring breakers headed to mexico jamaica or the bahamas in recent weeks american travelers to some of the busiest international destinations during spring vacation have been urged by the state department to exercise extra caution,jamaica
8324,u s warns spring breakers headed to mexico jamaica or the bahamas in recent weeks american travelers to some of the busiest international destinations during spring vacation have been urged by the state department to exercise extra caution,bahamas
8344,inside america s shadow war with iran there s another middle east conflict going on and u s soldiers are on the front lines of it,iran
8345,israel sees vindication in u n s report but tensions between them rise a u n inquiry found support for israel s allegations of sexual violence in the hamas led oct 7 attack but they remain bitterly at odds over the war in the gaza strip,israel
8357,international court accuses 2 russian officers of war crimes in ukraine arrest warrants were issued by the international criminal court for two military officials a general and an admiral both accused of targeting civilians and destroying crucial energy infrastructure,russia
8357,international court accuses 2 russian officers of war crimes in ukraine arrest warrants were issued by the international criminal court for two military officials a general and an admiral both accused of targeting civilians and destroying crucial energy infrastructure,ukraine
8363,the super tuesday shocker that wasn t biden pulls out a tie in american samoa jason palmer an entrepreneur from maryland was denied a win over president biden due to a rounding error he did secure three of the territory s six delegates,american samoa
8384,israel must let more aid into gaza u k tells israeli official after meeting with benny gantz a member of israel s war cabinet the british foreign secretary david cameron had strong words about conditions in gaza that must change,israel
8384,israel must let more aid into gaza u k tells israeli official after meeting with benny gantz a member of israel s war cabinet the british foreign secretary david cameron had strong words about conditions in gaza that must change,u k
8421,too little ammunition too many russians the harrowing retreat from avdiivka the fall of the city when it came in mid february was brutal and fast soldiers fought for their lives many did not make it,russia
8435,atom bombs in space are back to scare us again russian president vladimir v putin may find that a nuclear weapon in orbit is less useful for war than intimidation,russia
8441,ukraine s first lady declines invitation to state of the union address olena zelenska s office cited a scheduling conflict the russian opposition figure yulia navalnaya also declined an invitation,ukraine
8441,ukraine s first lady declines invitation to state of the union address olena zelenska s office cited a scheduling conflict the russian opposition figure yulia navalnaya also declined an invitation,russia
8451,russia strikes odesa with missile during visit by zelensky and greek leader neither man was hurt and it was unclear whether the russian army was targeting them,russia
8466,protesters interrupt adam schiff s victory speech chanting cease fire now the california democrat was thrilled by tuesday s election results but his celebration was tempered by protests of his support of israel,israel
8473,haiti engulfed by crisis as gangs press prime minister to step down the power struggle in haiti is raising pressure on the united states to ease tensions while casting doubt on plans for a kenyan led security mission,haiti
8473,haiti engulfed by crisis as gangs press prime minister to step down the power struggle in haiti is raising pressure on the united states to ease tensions while casting doubt on plans for a kenyan led security mission,kenya
8489,israel hamas talks over hostage releases and a cease fire stall officials say hamas has continued to press israel for a commitment to a permanent cease fire after a multistage release of all hostages but israel has refused,israel
8501,expecting protests at the oscars police plan to beef up security the los angeles police said it would increase its presence at the academy awards given the potential for protests related to the israel hamas war,israel
8610,hamas negotiators leave cairo with no breakthrough in cease fire talks weeks of indirect negotiations appear to have stalled over hamas s insistence on a permanent cease fire during or after any hostage releases a demand that israel has rejected,israel
8618,mutual frustrations arise in u s ukraine alliance ukrainian officials are disheartened about stalled aid the pentagon wants kyiv to heed its advice on how to fight,ukraine
8621,4 children and 2 adults are killed in ottawa home the police are investigating the circumstances surrounding the killings on wednesday of a sri lankan family the city s largest mass murder in at least 30 years,sri lanka
8635,opposition blasts macron for risking escalation in ukraine the french president attempted to forge a united front on a harder line against russia but few were persuaded,ukraine
8635,opposition blasts macron for risking escalation in ukraine the french president attempted to forge a united front on a harder line against russia but few were persuaded,russia
8646,canadian jailed by china in tit for tat dispute gets a settlement michael spavor a canadian businessman was arrested by china in what his lawyers said was an act of retaliation for canada s detention of a chinese tech giant executive,china
8646,canadian jailed by china in tit for tat dispute gets a settlement michael spavor a canadian businessman was arrested by china in what his lawyers said was an act of retaliation for canada s detention of a chinese tech giant executive,canada
8654,war in gaza presents biden with challenges at home and abroad domestic and international anger over israel s response to the oct 7 attacks has complicated president biden s diplomatic and re election efforts,israel
8682,who are the gangs that have overrun haiti s capital the caribbean nation has plunged into disorder and violence with gangs controlling access to the main airport and seaports and taking command of many parts of port au prince,haiti
8709,a tipping point for news in new zealand there was no single trigger that caused this james gibbons a regional executive at warner bros discovery said,new zealand
8723,the i c c arrest warrants for russian officers will echo beyond russia the warrants for two commanders over alleged war crimes may set an interesting precedent legal experts said including for the conflict in gaza,russia
8728,father of marine killed in afghanistan is arrested during biden s address steve nikoui yelled abbey gate abbey gate during the speech a reference to where his son lance cpl kareem nikoui and 12 other troops were killed during the chaotic final days of the u s presence in kabul,afghanistan
8735,from ukraine to gaza biden s first battles are at home republican opposition splits in his own party and tension with allies make mr biden s vow to restore american power a far more complicated task than it was when he came into office,ukraine
8747,in his state of the union speech biden urges israel to do its part to increase aid to gaza president biden in his state of the union address on thursday night defended u s efforts to increase the amount of aid reaching gaza while imploring israel to do its part and not use humanitarian assistance as a bargaining chip,israel
8760,when the oscars were held against the backdrop of another divisive war three days before the 2003 ceremony the united states invaded iraq despite pleas to delay the awards the academy went ahead with what became a politics suffused evening,iraq
8808,israel says its forces fired precisely during aid convoy chaos an initial review by the israeli military of the episode differed from accounts of witnesses and palestinian officials who described extensive shooting after thousands massed around aid trucks,israel
8834,iran s 2022 protest crackdown included killings torture and rape u n finds a fact finding mission looking into the demonstrations that followed the death of mahsa amini found brutality and rejected iran s version of ms amini s death,iran
8862,oscars quiz test your movie knowledge the oscars are sunday it s been a busy awards season filled with barbies and biopics now that we re nearing the end let s see how much you know,u k
8866,europe and u s plan to supply gaza by sea but aid groups say it s not enough relief organizations say cumbersome new strategies cannot substitute for israel allowing more supply trucks into the gaza strip while an airdrop of aid reportedly went awry and killed five people,israel
8869,u n human rights chief warns that israeli settlements could amount to war crimes the comments came in concert with a u n report that says new building plans violence and discrimination have pushed the west bank to the brink of catastrophe,israel
8905,macron and scholz never close spar over policy toward ukraine and russia a fraught relationship has recently turned bitter with insults and barbs threatening european unity at a critical moment,ukraine
8905,macron and scholz never close spar over policy toward ukraine and russia a fraught relationship has recently turned bitter with insults and barbs threatening european unity at a critical moment,russia
8907,sweden and canada to restart payments to u n agency for palestinians the countries were among those that suspended payments to the agency known as unrwa after israel accused a dozen of its employees of taking part in hamas led terrorist attacks on oct 7,sweden
8907,sweden and canada to restart payments to u n agency for palestinians the countries were among those that suspended payments to the agency known as unrwa after israel accused a dozen of its employees of taking part in hamas led terrorist attacks on oct 7,canada
8907,sweden and canada to restart payments to u n agency for palestinians the countries were among those that suspended payments to the agency known as unrwa after israel accused a dozen of its employees of taking part in hamas led terrorist attacks on oct 7,israel
8925,the journalist who tried to fight the nazis with radio stories in how to win an information war peter pomerantsev looks to a world war ii propagandist for lessons in the battle between russia and ukraine,russia
8925,the journalist who tried to fight the nazis with radio stories in how to win an information war peter pomerantsev looks to a world war ii propagandist for lessons in the battle between russia and ukraine,ukraine
8957,russia s advance around avdiivka loses momentum after quick gains ukraine has committed significant forces to defending the area and russian troops are now attacking across open fields with little cover,russia
8957,russia s advance around avdiivka loses momentum after quick gains ukraine has committed significant forces to defending the area and russian troops are now attacking across open fields with little cover,ukraine
8968,pope says ukraine should have the courage of the white flag his words have raised questions about whether francis was suggesting that ukraine surrender but a vatican spokesman said the pope meant cease fire and negotiation,ukraine
8969,with haiti in chaos a humanitarian crisis is rapidly unfolding as gangs have united in concerted attacks against the state the prime minister is stranded in puerto rico and food water fuel and medical care are in short supply,haiti
8969,with haiti in chaos a humanitarian crisis is rapidly unfolding as gangs have united in concerted attacks against the state the prime minister is stranded in puerto rico and food water fuel and medical care are in short supply,puerto rico
8978,u s military enters a new phase with gaza aid operations as the united states continues providing israel with munitions the pentagon will deliver food and other assistance to gazans by sea and air,israel
8982,it s a way of life women make their mark in the ukrainian army as ukraine struggles against russian assaults and its losses mount there has been a surge of women enlisting and they are increasingly volunteering for combat roles,ukraine
8982,it s a way of life women make their mark in the ukrainian army as ukraine struggles against russian assaults and its losses mount there has been a surge of women enlisting and they are increasingly volunteering for combat roles,russia
9001,as israel s ties to arab countries fray a strained lifeline remains the united arab emirates has maintained its links to israel throughout the war in gaza but the relationship built on a u s brokered deal is under pressure as anger against israel grows,israel
9001,as israel s ties to arab countries fray a strained lifeline remains the united arab emirates has maintained its links to israel throughout the war in gaza but the relationship built on a u s brokered deal is under pressure as anger against israel grows,united arab emirates
9025,new york state trooper among those killed in military helicopter crash john m grassia iii was one of three people killed when a national guard helicopter crashed along the u s mexico border in texas,mexico
9030,a sudden turn in voter sentiment helped quash changes to ireland s constitution the vote against the changes dealt a blow to a government that had hoped for an easy victory but the outcome does not necessarily reflect a turn toward a more conservative electorate,ireland
9050,dispute over gaza war heats up between biden and netanyahu the israeli prime minister rejected a rebuke from the u s president over the scale of the israel assault,israel
9054,jonathan glazer condemns occupation and violence in israel and gaza glazer the director of the zone of interest spoke about the war while accepting the oscar for best international feature,israel
9058,ukrainian director says he d rather have no oscar and no war 20 days in mariupol mstyslav chernov s harrowing first person account from the early days of russia s invasion won for best documentary feature,russia
9069,ukraine could deploy f 16s as soon as july but only a few countries promised the fighter jets last year but delivering them and training pilots have proved complex ukraine may start with as few as six out of about 45 pledged,ukraine
9074,quotation of the day gang uprising is aggravating crisis in haiti quotation of the day for monday march 11 2024,haiti
9085,strong movement on flight to new zealand leaves dozens injured the airline latam said a technical problem had caused the incident most of the injuries were minor but one person was in serious condition,new zealand
9130,house to move ahead with bill targeting tiktok as trump flips to oppose it with both parties eager to demonstrate a willingness to be tough on china bipartisan legislation to force the chinese owners of the platform to divest or face a ban was moving forward,china
9154,american man sentenced to life after killing woman at german castle the u s citizen attacked two women also americans near germany s iconic neuschwanstein castle and attempted to push both of them to their deaths a court found one was killed the other survived,germany
9170,israel says it targeted marwan issa a top hamas leader in gaza an israeli military official said investigators were still determining the outcome of a strike on an underground area used by marwan issa the deputy commander of hamas s military wing,israel
9180,netanyahu s coalition may be in jeopardy intelligence report says the document predicted that israel would struggle to achieve its goal of destroying hamas in gaza,israel
9182,haiti s leader under growing pressure says he will resign with violence overrunning his country prime minister ariel henry said he would step down once a transitional council was established but it was unclear when that would happen,haiti
9186,intelligence officials warn of losses for ukraine without more u s aid william j burns the c i a director and avril d haines the director of national intelligence described an increasingly dire situation,ukraine
9229,jamming how electronic warfare is reshaping ukraine s battlefields drones have become a critical weapon for both sides but a lack of coordination among troops has put ukraine at a disadvantage,ukraine
9237,senators urge biden to stop arming israel citing violation of u s aid law an independent and seven democrats argued in a letter that the administration had run afoul of a part of a law that bars military aid from going to any country that blocks humanitarian aid,israel
9253,hezbollah fires more than 100 rockets into israel drawing retaliation the barrage by hezbollah was among the heaviest in the months of cross border strikes that have fed fears that the war in gaza could expand,israel
9260,ukraine backed russian exile groups stage assaults on moscow s turf the attacks and drone strikes across the southern border were intended to counter president vladimir v putin s control over russia a leader in one of the groups said,ukraine
9260,ukraine backed russian exile groups stage assaults on moscow s turf the attacks and drone strikes across the southern border were intended to counter president vladimir v putin s control over russia a leader in one of the groups said,russia
9264,who are hamas s top leaders in gaza israel targeted marwan issa a hamas military leader with a strike over the weekend he is one of three leaders of the group in gaza who israel says were the main planners of the oct 7 attack,israel
9277,kenya hits pause on police deployment to haiti the african nation said it would not send a force until haiti forms a new government after the haitian prime minister announced his intention to resign,kenya
9277,kenya hits pause on police deployment to haiti the african nation said it would not send a force until haiti forms a new government after the haitian prime minister announced his intention to resign,haiti
9278,for some mammals large adult daughters not sons are the norm despite a common narrative that male mammals tend to dwarf female ones fewer than half of mammalian species display that pattern a new study suggests,mali
9279,u s israeli citizen itay chen was killed in oct 7 attack parents say ruby and hagit chen said that they expected the israeli prime minister benjamin netanyahu and president biden to do everything in their power to bring itay s remains and the hostages home,israel
9298,u s to send 300 million in weapons to ukraine under makeshift plan the package will keep advancing russian troops at bay for only a few weeks an official said,ukraine
9298,u s to send 300 million in weapons to ukraine under makeshift plan the package will keep advancing russian troops at bay for only a few weeks an official said,russia
9318,white house denies biden has set red lines for israel hamas war in gaza the biden administration repeated its warning that israel should not attack the city of rafah the southernmost city in the enclave without protections for the more than a million people sheltering there,israel
9319,wednesday briefing turmoil in haiti also more u s weapons for ukraine and a looming financial crisis for dating apps,haiti
9319,wednesday briefing turmoil in haiti also more u s weapons for ukraine and a looming financial crisis for dating apps,ukraine
9325,the u s cobbled together 300 million more for ukraine also the biden special counsel was attacked on capitol hill here s the latest at the end of tuesday,ukraine
9328,top navalny aide attacked with hammer outside home in lithuania leonid volkov a top aide to aleksei navalny was beaten and sprayed with tear gas as he was pulling up to his house in vilnius,lithuania
9330,israel has no choice but to fight on as long as hamas maintains military power there is no hope for peace,israel
9347,japanese rocket explodes after liftoff a plume of smoke rose over the launch site as the surrounding area caught fire,japan
9348,space one rocket explodes seconds after launch in japan the japanese company hoped to become the country s first private business to put a satellite into orbit the failed launch was its inaugural flight,japan
9374,brazil s clashing goals protect the amazon and pump lots more oil state owned petrobras could soon be the world s third biggest oil producer in stark contrast to the country s promises to fight climate change and slow amazon destruction,brazil
9403,israeli strike kills a hamas operative in lebanon it was the latest in a string of targeted killings there of what israel has called senior figures from both hezbollah and hamas,israel
9405,putin in pre election messaging is less strident on nuclear war the russian leader struck a softer tone about nuclear weapons in an interview with state television but he warned that russia was ready to strike if its sovereignty and independence were threatened,russia
9409,pro israel lobby faces challenges amid gaza war and shifting politics aipac long influential with both parties in washington is drawing criticism from democrats for trying to defeat incumbents while it struggles to move aid for israel through congress,israel
9429,e u removes russian tech tycoon from sanctions list yandex s co founder arkady volozh received rare sanctions relief after condemning russia s war and severing ties to the country,russia
9443,israeli forces make a lethal strike on a u n aid warehouse in rafah the strike kil,israel
9449,artists and speakers withdraw from sxsw over u s military s support of israel about 80 musical acts conference speakers and sponsors have pulled out of the festival in austin to protest sponsorship by the u s military which has lent support to israel in the war in gaza,israel
9450,israel s justice ministry opens inquiry into police killing of youth in east jerusalem the israeli police said they fired in response to a firework shot directly at them the palestinian news agency said the boy was 13 while the jerusalem hospital where he was pronounced dead said he was 12,israel
9467,philippe de gaulle admiral and son of charles de gaulle dies at 102 his exploits in world war ii and later in algeria and indochina were not enough for him to emerge from the shadow of his father for whom a thousand streets in france are named,algeria
9467,philippe de gaulle admiral and son of charles de gaulle dies at 102 his exploits in world war ii and later in algeria and indochina were not enough for him to emerge from the shadow of his father for whom a thousand streets in france are named,china
9467,philippe de gaulle admiral and son of charles de gaulle dies at 102 his exploits in world war ii and later in algeria and indochina were not enough for him to emerge from the shadow of his father for whom a thousand streets in france are named,france
9486,new wildfires threaten chile s pacific coast several communities in the valparaiso region were being evacuated fires along the coast killed more than 100 people last month,chile
9490,why everything changed in haiti the gangs united the situation totally changed now because the gangs are now working together a haitian consultant said their unity forced the prime minister to resign,haiti
9491,can europe save forests without killing jobs in malaysia a new regulation aims to rid the palm oil supply chain of imports that come from former forestland southeast asian countries say it threatens livelihoods,malaysia
9493,snakes in the grass and under the piano by the pool and in the prison business is good for snake catchers in australia as the period of brumation a sort of hibernation for reptiles is shrinking a result of the warming earth,australia
9533,everything is difficult the struggle for life s basics in rafah most of gaza s population fled to the southern territory of rafah hoping to escape the war as they hunt for food and shelter a potential israeli invasion has added to their fears,israel
9547,america pulls back from ukraine what the war may look like if ukraine does not receive more u s support,ukraine
9567,road sea and air how is aid entering gaza the amount of aid reaching gaza has fallen sharply since israel went to war with hamas leading to what humanitarian agencies say is a disaster for more than two million people,israel
9579,in whitney biennial artwork a message reveals itself free palestine museum curators said they had been unaware that the artist demian dineyazhi included the message through the flickering letters of their neon installation,palestine
9586,giandomenico picco diplomat who freed hostages in lebanon dies at 75 as the chief troubleshooter for the united nations he spent months shuttling around the middle east to secure the release of 11 captives,lebanon
9597,why taiwan is building a satellite network without elon musk the island democracy urgently needs an internet backup mr musk s total control over his starlink service which dominates the market left taiwan wary,taiwan
9598,mitch albom is among group of american volunteers rescued from haiti the tuesdays with morrie author was visiting an orphanage he runs in port au prince when gangs overran the country,haiti
9610,ukraine stalled on the battlefield targets russia s oil industry ukrainian drone strikes have been able to hit refineries deep in russian territory indicating a new vulnerability but it is unclear if that will affect the fighting,ukraine
9610,ukraine stalled on the battlefield targets russia s oil industry ukrainian drone strikes have been able to hit refineries deep in russian territory indicating a new vulnerability but it is unclear if that will affect the fighting,russia
9641,as irish leader visits u s shamrock camaraderie is strained by gaza war prime minister leo varadkar of ireland has been one of the most outspoken critics of israel s war and has promised to raise the issue during a white house meeting meant to mark st patrick s day,ireland
9641,as irish leader visits u s shamrock camaraderie is strained by gaza war prime minister leo varadkar of ireland has been one of the most outspoken critics of israel s war and has promised to raise the issue during a white house meeting meant to mark st patrick s day,israel
9654,three killed and several injured after reports of tornadoes in the midwest a storm ripped through a mobile home community in eastern indiana tornadoes were also reported in ohio and kentucky,india
9655,russia strengthens its internet controls in critical year for putin facing an election this weekend and the fallout from aleksei navalny s death and the war in ukraine russia has intensified online censorship using techniques pioneered by china,russia
9655,russia strengthens its internet controls in critical year for putin facing an election this weekend and the fallout from aleksei navalny s death and the war in ukraine russia has intensified online censorship using techniques pioneered by china,ukraine
9655,russia strengthens its internet controls in critical year for putin facing an election this weekend and the fallout from aleksei navalny s death and the war in ukraine russia has intensified online censorship using techniques pioneered by china,china
9678,amid israeli restrictions first friday of ramadan sees little unrest at al aqsa mosque a heavy israeli police contingent checked worshipers outside the holy site after hamas called for an escalation from palestinians in response to the war in gaza,israel
9692,wear it or we will beat you to death russia s invasion of ukraine has seen horrifying persecution of l g b t q people the world should recognize it as a crime against humanity,russia
9692,wear it or we will beat you to death russia s invasion of ukraine has seen horrifying persecution of l g b t q people the world should recognize it as a crime against humanity,ukraine
9698,an american who has helped clear 815 000 bombs from vietnam chuck searcy has spent decades of his life redressing a deadly legacy of america s war in vietnam unexploded ordnance,vietnam
9705,as putin pitches his vision voters avert their gaze from the war vladimir v putin casting himself as the only leader able to end the war in ukraine is all but assured another term in a rubber stamp election this weekend,ukraine
9714,why is congress investigating a union for being anti israel republicans issue a subpoena over a resolution condemning the gaza war,israel
9727,what china is saying about the tiktok furor in washington a bill to force tiktok s sale in the united states has been criticized by beijing but has not triggered a high alert public response or retaliation,china
9731,schumer s critique of netanyahu reveals a growing gap analysts say many israelis support the senate majority leader s call for early elections but even netanyahu s rivals were reluctant to seize on the criticism while the country is focused on the war in gaza,israel
9740,macron and scholz meet looking to patch up differences on ukraine the leaders of france and germany tried to heal an increasingly public rift over their approach to the war holding talks alongside poland s prime minister on support for kyiv,ukraine
9740,macron and scholz meet looking to patch up differences on ukraine the leaders of france and germany tried to heal an increasingly public rift over their approach to the war holding talks alongside poland s prime minister on support for kyiv,france
9740,macron and scholz meet looking to patch up differences on ukraine the leaders of france and germany tried to heal an increasingly public rift over their approach to the war holding talks alongside poland s prime minister on support for kyiv,germany
9740,macron and scholz meet looking to patch up differences on ukraine the leaders of france and germany tried to heal an increasingly public rift over their approach to the war holding talks alongside poland s prime minister on support for kyiv,poland
9744,five science fiction movies to stream now time loops in japan a seductive interface for agoraphobes and artificial intelligence battles make up this month s science fiction streaming picks,japan
9749,russian missile strikes kill at least 20 in odesa ukraine says two missiles hit the same spot ukrainian authorities said killing some rescuers who had responded to the first attack,russia
9749,russian missile strikes kill at least 20 in odesa ukraine says two missiles hit the same spot ukrainian authorities said killing some rescuers who had responded to the first attack,ukraine
9757,netanyahu calls hamas s demands ludicrous and proceeds with plans for a ground invasion in rafah the israeli prime minister rejected the latest cease fire deal proposed by hamas but signaled he was open to more talks,israel
9758,u s and allies warn iran not to send missiles to russia the group of 7 major industrial powers threatened significant measures against tehran if it aids moscow s war against ukraine including a cutoff of iran air flights to europe,iran
9758,u s and allies warn iran not to send missiles to russia the group of 7 major industrial powers threatened significant measures against tehran if it aids moscow s war against ukraine including a cutoff of iran air flights to europe,russia
9758,u s and allies warn iran not to send missiles to russia the group of 7 major industrial powers threatened significant measures against tehran if it aids moscow s war against ukraine including a cutoff of iran air flights to europe,ukraine
9760,welcome to hell u n panel says russian war crimes are widespread in a report headed to the human rights council in geneva next week an investigative commission outlines the ongoing torture and starvation of ukrainian prisoners,russia
9775,shabab gunmen penetrate heavy security to besiege hotel in somalia the attack in the capital which left three dead and 27 injured points to al shabab s ability to continue terrorizing the country despite a somali government offensive and american airstrikes,somalia
9775,shabab gunmen penetrate heavy security to besiege hotel in somalia the attack in the capital which left three dead and 27 injured points to al shabab s ability to continue terrorizing the country despite a somali government offensive and american airstrikes,mali
9783,hamas softens demand for permanent cease fire in truce talks officials say hamas s new proposal would allow the release of hostages in exchange for a phased pullback of israeli troops it could restart negotiations,israel
9805,another gaza aid convoy ends in violence with at least 20 killed the gaza health ministry accused israel of a targeted attack israel s military denied the accusation blaming palestinian gunmen for the violence,israel
9806,biden embraces schumer s speech castigating netanyahu president biden did not explicitly endorse any of the specific criticisms in the speech but his comments were the latest step in his escalating public critique of the israeli prime minister,israel
9818,iran and u s held secret talks on proxy attacks and cease fire diplomats gathered in oman in january with the u s side seeking to stop attacks on red sea shipping and american bases and iran looking for a gaza cease fire,iran
9818,iran and u s held secret talks on proxy attacks and cease fire diplomats gathered in oman in january with the u s side seeking to stop attacks on red sea shipping and american bases and iran looking for a gaza cease fire,oman
9831,standing up to china philippine leader courts new network of partners escalating tensions in the south china sea president ferdinand r marcos jr says are not only a regional issue but a global one,china
9842,no water in the hydrants communities left defenseless against chile s deadliest wildfire weeks after chile s deadliest wildfire some firefighters and residents said a lack of water to fire hydrants had hampered efforts to combat the inferno that destroyed thousands of homes and killed 134,chile
9852,mike lynch former u k tech mogul faces the trial of his life a criminal trial is set to begin for mr lynch the founder of the software company autonomy which was sold to hewlett packard in 2011 and later accused of being a fraud,u k
9868,chile s deadliest wildfire is said to have been made worse by a lack of water poor water pressure and dry hydrants posed major obstacles to fighting the february fire that killed scores of people along the country s pacific coast,chile
9869,in occupied ukraine casting a vote as armed soldiers watch russia is holding a presidential vote in the occupied regions of ukraine to try to legitimize its rule there expose dissenters and present a veneer of democracy,ukraine
9869,in occupied ukraine casting a vote as armed soldiers watch russia is holding a presidential vote in the occupied regions of ukraine to try to legitimize its rule there expose dissenters and present a veneer of democracy,russia
9878,president biden you have leverage that can save lives in gaza please use it while biden is using tougher language toward israel he isn t backing that up with consequences for being ignored,israel
9883,examining trump s alternate reality pitch the war in ukraine hamas s attack on israel inflation the former president has insisted that none would have occurred if he had remained in office after 2020,ukraine
9883,examining trump s alternate reality pitch the war in ukraine hamas s attack on israel inflation the former president has insisted that none would have occurred if he had remained in office after 2020,israel
9894,rebellious russians stage daring attacks from ukraine on russian soil the surprise attacks timed to russia s election are meant to undermine the sense of stability in russia and divert the country s military resources from ukraine,russia
9894,rebellious russians stage daring attacks from ukraine on russian soil the surprise attacks timed to russia s election are meant to undermine the sense of stability in russia and divert the country s military resources from ukraine,ukraine
9902,russians know putin will be re elected but many worry what comes next while there is little doubt about the vote s outcome there is concern that an emboldened president putin may use a win to start a new war mobilization,russia
9918,rescue worker says northern gaza is a catastrophe in every way as famine looms a rescue worker with the gaza government s palestinian civil defense gives a first hand account of life on the ground amid israel s bombing of northern gaza,israel
9925,haiti s hospitals survived cholera and covid gangs are closing them many hospitals in haiti s capital have been looted by gangs or abandoned by their staffs amid the violence some are open but too dangerous for people in need of care to reach,haiti
9940,ukrainian drones target russia on final day of voting russian officials say an oil refinery was set on fire in southern russia and air defense forces shot down two drones flying toward moscow officials said as ukraine continued a flurry of attacks timed for the election,russia
9940,ukrainian drones target russia on final day of voting russian officials say an oil refinery was set on fire in southern russia and air defense forces shot down two drones flying toward moscow officials said as ukraine continued a flurry of attacks timed for the election,ukraine
9950,niger orders american troops to leave its territory the west african country s military junta said the presence of u s forces was illegal increasingly west africans are questioning the motives of western countries operating in africa,niger
9960,with new six year term putin cements hold on russian leadership a rubber stamp presidential election with no real competition allows vladimir putin to claim strong public support for his domestic dominance and the invasion of ukraine,russia
9960,with new six year term putin cements hold on russian leadership a rubber stamp presidential election with no real competition allows vladimir putin to claim strong public support for his domestic dominance and the invasion of ukraine,ukraine
9973,quotation of the day saving trees may kill jobs in malaysia quotation of the day for monday march 18 2024,malaysia
9988,the unforgivable silence on sudan aid groups have declared sudan to be the site of the world s worst humanitarian crisis but the suffering sudanese people have received little attention or help,sudan
10003,gambia moves toward overturning landmark ban on female genital cutting lawmakers in the west african country voted to advance a bill repealing a 2015 ban if it passes the final round of voting gambia will become the first nation to roll back protections against the practice,gambia
10023,pakistani airstrikes in afghanistan kill at least 8 taliban officials say the pre dawn strikes escalated tensions between two countries that have clashed over the recent rise in militant violence on pakistan s soil,pakistan
10023,pakistani airstrikes in afghanistan kill at least 8 taliban officials say the pre dawn strikes escalated tensions between two countries that have clashed over the recent rise in militant violence on pakistan s soil,afghanistan
10024,israeli negotiators head to qatar for cease fire talks officials say hamas and israel failed to reach an agreement ahead of ramadan last week hamas dropped one of its demands,israel
10024,israeli negotiators head to qatar for cease fire talks officials say hamas and israel failed to reach an agreement ahead of ramadan last week hamas dropped one of its demands,qatar
10050,bernard schwartz antiwar executive who built an arms maker dies at 98 despite his opposition to the vietnam war as an investor he took over an ailing defense contractor loral and turned it into a multibillion dollar company,vietnam
10058,who was marwan issa the hamas commander killed by israel mr issa a presumed planner of the oct 7 attacks is one of the most senior hamas leaders killed in gaza since the start of the war,israel
10060,putin hails conquests in ukraine in red square spectacle a day after a rubber stamp presidential election president vladimir putin said he would not back down in russia s war against ukraine,ukraine
10060,putin hails conquests in ukraine in red square spectacle a day after a rubber stamp presidential election president vladimir putin said he would not back down in russia s war against ukraine,russia
10066,netanyahu to send israeli team to washington to discuss rafah plans the biden administration has expressed concern about israel s planned ground invasion in the city where nearly half of gaza s population has sheltered,israel
10072,trump says jews who support democrats hate israel and their religion the comments on a conservative radio program echo an antisemitic trope and escalate claims he made as president that were widely criticized,israel
10078,food experts predict imminent famine in northern gaza the warning came amid an israeli raid on al shifa hospital prime minister benjamin netanyahu also agreed to send military and humanitarian officials to washington to hear the biden administration s concerns,israel
10080,serbian leader says kushner deal is not an effort to influence trump after news reports that jared kushner plans to redevelop a site in belgrade bombed by nato in 1999 serbian politicians clashed over whether the deal was appropriate,serbia
10086,from russia elaborate tales of fake journalists as the ukraine war grinds on the kremlin has created increasingly complex fabrications online to discredit ukraine s leader and undercut aid some have a hollywood style plot twist,russia
10086,from russia elaborate tales of fake journalists as the ukraine war grinds on the kremlin has created increasingly complex fabrications online to discredit ukraine s leader and undercut aid some have a hollywood style plot twist,ukraine
10092,canada lawmakers back motion meant to help bring peace to gaza the house of commons vote endorsing a package of conflict ending measures came after language calling on canada to immediately recognize a state of palestine was removed,canada
10116,how anti immigrant anger has divided a small irish town a continuing protest in the town of roscrea symbolizes a surge in hostility toward migrants in ireland that is fueled by a housing crisis and far right influencers,ireland
10153,blinken warns china against armed attack on philippines the secretary of state struck a balance seemingly meant to deter china while avoiding a dangerous escalation with beijing,china
10153,blinken warns china against armed attack on philippines the secretary of state struck a balance seemingly meant to deter china while avoiding a dangerous escalation with beijing,philippines
10158,israel s spy chief returns home as cease fire talks continue in qatar warnings of imminent famine in gaza have added urgency to efforts to broker a cease fire between israel and hamas,israel
10158,israel s spy chief returns home as cease fire talks continue in qatar warnings of imminent famine in gaza have added urgency to efforts to broker a cease fire between israel and hamas,qatar
10169,israel s military says its forces are still at al shifa hospital israeli officials said the raid which began monday was an operation targeting senior hamas officials who had regrouped there,israel
10175,u s vows to continue support for ukraine despite funding doubts the american defense secretary told a meeting of kyiv s backers that the fight against russia remains one of the great causes of our time,ukraine
10175,u s vows to continue support for ukraine despite funding doubts the american defense secretary told a meeting of kyiv s backers that the fight against russia remains one of the great causes of our time,russia
10182,u n says israel may be restricting gaza aid as a war tactic international alarm has been growing over the hunger crisis in gaza with food experts predicting an imminent famine in the north of the enclave,israel
10194,congressional republicans block aid to haiti amid unrest republicans have refused to release 40 million in security assistance and questioned how it would be used and whether it could fall into the hands of the gangs stoking the upheaval,haiti
10268,democratic donors warn biden over israel gaza policy more than 100 donors and activists including a handful who have given six figure sums to president biden signed a letter arguing that progressive anger could help donald trump,israel
10273,no alternative for rafah invasion netanyahu says as rift with u s grows a day after agreeing to president biden s request to send officials to washington to discuss rafah the israeli leader said there was no other option but to send forces into the crowded city,israel
10305,we need to go hard why britain s lords are clashing with sunak the government s contentious rwanda policy which has been championed by the prime minister has prompted a rebellion in britain s unelected second chamber,rwanda
10306,tech giant linked to france s cybersecurity tumbles in value the french government said it would seek a national solution to protect atos a debt burdened company that serves nuclear programs and the military,france
10355,symbolism or strategy ukraine battles to retain small gains despite american doubts ukrainians say that defending places with little strategic value is worth the cost in casualties and weapons because the attacking russians pay an even higher price,ukraine
10355,symbolism or strategy ukraine battles to retain small gains despite american doubts ukrainians say that defending places with little strategic value is worth the cost in casualties and weapons because the attacking russians pay an even higher price,russia
10368,abel prize awarded for studies of universe s randomness michel talagrand of france has credited a brush with blindness for leading to the work that resulted in his recognition by the math equivalent of the nobel prize,france
10384,top u s diplomat starts mideast trip in saudi arabia efforts to secure a cease fire in gaza are the backdrop but the biden administration also hopes to persuade saudi arabia to establish normal relations with israel,saudi arabia
10384,top u s diplomat starts mideast trip in saudi arabia efforts to secure a cease fire in gaza are the backdrop but the biden administration also hopes to persuade saudi arabia to establish normal relations with israel,israel
10385,blinken adds a stop in israel to his mideast trip antony blinken the top u s diplomat is making his sixth trip to the mideast since oct 7 the state department said he would discuss freeing the hostages and increasing aid to gaza,israel
10421,e u finds a way to make russia pay for weapons for ukraine using interest earned on frozen russian assets held in europe the bloc plans to raise billions but other ways to pay for new weapons remain elusive,russia
10421,e u finds a way to make russia pay for weapons for ukraine using interest earned on frozen russian assets held in europe the bloc plans to raise billions but other ways to pay for new weapons remain elusive,ukraine
10445,netanyahu assails schumer dramatizing partisan split over israel the prime minister addressed senate republicans remotely after senator chuck schumer called him out in an explosive speech urging a new election in israel,israel
10457,the war in gaza has left a power vacuum and scant planning to fill it analysts say the israeli military s return to the largest hospital complex in the enclave may foretell more chaos without governance,israel
10471,russia targets kyiv with biggest missile attack in weeks ukraine said it had intercepted all 31 missiles fired at the capital but debris injured at least 13 people and damaged several buildings,russia
10471,russia targets kyiv with biggest missile attack in weeks ukraine said it had intercepted all 31 missiles fired at the capital but debris injured at least 13 people and damaged several buildings,ukraine
10477,one of last survivors of pearl harbor attack dies at 102 richard c higgins was stationed at the hawaiian naval base as a radioman on the day of the japanese attack which pulled the u s into world war ii,japan
10487,blinken describes u s push at the u n for gaza cease fire in saudi arabia the secretary of state discussed a u s draft resolution at the u n security council calling for an immediate cease fire tied to the release of hostages in gaza,saudi arabia
10547,israel s raid on al shifa hospital grows into one of the longest of gaza war as israel s attack on the medical complex stretched into a fourth day the military said it had killed dozens of people it described as terrorists the account couldn t be verified,israel
10561,with an eye on war at home a ukrainian conductor arrives at the met oksana lyniv who is leading turandot at the metropolitan opera has used her platform to criticize russia and promote ukrainian culture,russia
10580,suicide bombing in afghanistan targets taliban heartland the blast targeted a bank in kandahar where taliban members had gathered to collect their salaries witnesses said,afghanistan
10609,he fled war in ukraine then the u s arrested him for racketeering viktor zelinger a ukrainian native admitted to running an illegal gambling club in brooklyn and threatening debtors,ukraine
10611,2 year old separated from his parents flees haiti s violent capital the boy had been dropped off with relatives nearly three weeks ago and was airlifted back to his florida home he is part of a growing number of americans trying to flee haiti,haiti
10621,u s searching for a way to keep troops in niger a top pentagon official said the united states was seeking clarification after the ruling junta decided to revoke a military cooperation deal,niger
10622,killing of teen in front of her twin sister stuns brooklyn neighborhood samyia spain 19 was fatally stabbed outside a park slope deli she and her twin were attacked by a man who had been trying to flirt with her the police said,spain
10644,collecting the dead russia left behind civilians who gather dead russian soldiers face many of the war s perils along the front where death is ubiquitous,russia
10651,democracy teetering in african countries once ruled by france a wave of military coups and presidents clinging to power are two sides of the same anti democratic coin plaguing francophone africa experts say,france
10667,blinken meets with netanyahu as u s israel tensions rise prime minister benjamin netanyahu repeated that israel was determined to send troops into the crowded southern gaza city of rafah despite u s urgings not to,israel
10688,insooni breaks racial barrier to become beloved singer in south korea born to a south korean mother and a black american soldier she rose to a pioneering stardom in a country that has long discriminated against biracial children,south korea
10728,russian attack leaves over a million in ukraine without electricity power plants and a major hydroelectric dam were damaged in what ukrainian officials said was one of the war s largest assaults on energy infrastructure,russia
10728,russian attack leaves over a million in ukraine without electricity power plants and a major hydroelectric dam were damaged in what ukrainian officials said was one of the war s largest assaults on energy infrastructure,ukraine
10755,how biden could try to coerce israel to change its war strategy president biden has tried persuading prime minister benjamin netanyahu behind the scenes but critics say it is time for a different approach,israel
10771,gunmen kill 60 at concert hall outside moscow russian authorities say the islamic state claimed the attack the deadliest in the moscow region in more than a decade,russia
10783,here s the latest on the attack in russia several gunmen opened fire at a popular concert venue on the outskirts of moscow on friday killing at least 40 people and wounding more than 100 russia s top security agency said according to state news agencies,russia
10785,u s call for gaza cease fire runs into russia china veto at u n the american draft resolution before the security council did not go far enough to end the israel hamas war russia and china said after the united states had vetoed three earlier resolutions,russia
10785,u s call for gaza cease fire runs into russia china veto at u n the american draft resolution before the security council did not go far enough to end the israel hamas war russia and china said after the united states had vetoed three earlier resolutions,china
10785,u s call for gaza cease fire runs into russia china veto at u n the american draft resolution before the security council did not go far enough to end the israel hamas war russia and china said after the united states had vetoed three earlier resolutions,israel
10789,u s warned about possible moscow attack before concert hall shooting pro moscow forces had dismissed the alert as an attempt to scare russians,russia
10794,the deadly moscow concert hall attack in photos images show the scene of what could be the deadliest attack in russia in decades multiple gunmen killed at least 133 people in an assault in the capital s outskirts,russia
10808,what we know about isis k the group that has been linked to the moscow attack the islamic state affiliate has been a major threat to the taliban s ability to govern afghanistan,afghanistan
10810,ocasio cortez in house speech accuses israel of genocide representative alexandria ocasio cortez had called for a permanent cease fire in the war between israel and hamas but had resisted labeling the conflict a genocide,israel
10815,here are the latest developments the russian authorities said saturday that they had arrested the four people who carried out a mass killing and arson at a suburban moscow concert venue which left at least 133 people dead in one of the worst terrorist attacks to jolt russia in decades,russia
10844,russia has suffered other major attacks in recent decades the concert hall massacre near moscow raised russian memories of other attacks most related to the wars against chechen separatists in the 1990s and 2000s that helped enable the rise of vladimir v putin,russia
10847,ukraine says russia s speculation it was behind attack is meant to rally war support kyiv has accused russia of falsely suggesting it was to blame for the terrorist attack in moscow and of using the assault to escalate the fighting in ukraine,ukraine
10847,ukraine says russia s speculation it was behind attack is meant to rally war support kyiv has accused russia of falsely suggesting it was to blame for the terrorist attack in moscow and of using the assault to escalate the fighting in ukraine,russia
10856,here s what we know about the moscow concert hall attack the assault on a popular concert hall was the deadliest act of terrorism in the russian capital in more than a decade,russia
10862,in first remarks on attack putin tries to link assailants to ukraine american officials who have assessed that a branch of the islamic state was responsible have voiced concern that the russian leader could seek to falsely blame ukraine,ukraine
10862,in first remarks on attack putin tries to link assailants to ukraine american officials who have assessed that a branch of the islamic state was responsible have voiced concern that the russian leader could seek to falsely blame ukraine,russia
10879,deadly moscow attack shatters putin s security promise to russians the tragedy outside moscow is a blow to a leader riding an aura of confidence only days after a stage managed election victory,russia
10892,russia arrests 4 suspects in moscow attack as death toll climbs to 133 as the islamic state claimed responsibility president vladimir v putin vowed to identify and punish those responsible and tried to implicate ukraine,russia
10892,russia arrests 4 suspects in moscow attack as death toll climbs to 133 as the islamic state claimed responsibility president vladimir v putin vowed to identify and punish those responsible and tried to implicate ukraine,ukraine
10894,41 days in a bunker how a battle raged on ukraine s bloody front line a struggle for a position held by ukrainian forces in the eastern city of avdiivka underlines how the conflict is increasingly being fought in close quarter combat,ukraine
10897,isis k group tied to moscow attack has grown bolder and more violent the militant group violently opposes the taliban leaders of afghanistan where it is based it is increasingly targeting foreign foes,afghanistan
10899,china s dispute with taiwan is playing out near this frontline island a fatal episode off kinmen a taiwanese controlled island has become the latest occasion for beijing to warn and test taiwan s president elect,china
10899,china s dispute with taiwan is playing out near this frontline island a fatal episode off kinmen a taiwanese controlled island has become the latest occasion for beijing to warn and test taiwan s president elect,taiwan
10922,in hezbollah s sights a stretch of northern israel becomes a no go zone for the few israelis remaining in the evacuated zone along the northern border with lebanon the simmering conflict there has become intensely personal,israel
10929,what would you have israel do to defend itself if the current israeli military approach is inhumane is there an alternative,israel
10931,russia s battle with extremists has simmered for years the islamic state has long threatened to strike russia for helping the syrian president bashar al assad stay in control,russia
10931,russia s battle with extremists has simmered for years the islamic state has long threatened to strike russia for helping the syrian president bashar al assad stay in control,syria
10936,dozens of children abducted in nigeria have been released officials say the military of the west african nation which is plagued by kidnappings largely driven by demands for ransom payments said 137 children had been freed in the country s north,niger
10939,witnesses describe fear and deprivation at besieged hospital in gaza several patients have died as a result of the israeli military assault the gazan authorities say israel says the operation is targeting hamas leaders,israel
10952,screams and blank stares of shock horror at a russian concert the violent attack on moscow s outskirts on friday was a scene of chaos and terror you re just running to figure out where else to run one attendee said,russia
10961,in russia fingers point anywhere but at isis for concert hall attack russian state media pushed the idea that ukraine was the obvious culprit but at least three of the four suspects charged on sunday are from the central asian nation of tajikistan,russia
10961,in russia fingers point anywhere but at isis for concert hall attack russian state media pushed the idea that ukraine was the obvious culprit but at least three of the four suspects charged on sunday are from the central asian nation of tajikistan,ukraine
10961,in russia fingers point anywhere but at isis for concert hall attack russian state media pushed the idea that ukraine was the obvious culprit but at least three of the four suspects charged on sunday are from the central asian nation of tajikistan,tajikistan
10962,4 men showing signs of beating charged with terrorism after moscow attack the four accused of carrying out an assault at a concert hall near moscow are migrant laborers from tajikistan they face a maximum sentence of life in prison,tajikistan
10966,isis affiliate linked to moscow attack has global ambitions the islamic state in khorasan is active in afghanistan pakistan and iran and has set its sights on europe and beyond,pakistan
10981,a house is not a home israel has been destroying palestinian houses for decades palestinians carry the story of their homes and their homeland wherever they go,israel
10990,the first flight of their lives an airlift after agony in gaza the evacuees make up only a tiny fraction of the thousands of civilians including many children who have suffered grievous injuries over the course of israel s monthslong campaign against hamas and its bombardment of gaza,israel
11012,a terrorist attack in russia the tragedy in a moscow suburb is a blow to vladimir v putin coming only days after his stage managed election victory,russia
11013,trump is back in court and an isis group looks beyond russia attack plus a new golden age for shipwreck discoveries,russia
11015,putin acknowledges radical islamists committed moscow attack but president vladimir v putin of russia held fast to the idea that a western backed ukraine could have been the ultimate mastermind of the assault that killed 139 people,russia
11015,putin acknowledges radical islamists committed moscow attack but president vladimir v putin of russia held fast to the idea that a western backed ukraine could have been the ultimate mastermind of the assault that killed 139 people,ukraine
11021,monday briefing what the terrorist attack means for russia,russia
11027,watch the solo of solitude click through as joseph gordon performs a section from alexei ratmansky s new dance for new york city ballet a reaction to the horrors of the war in ukraine,ukraine
11029,u k accuses china of cyberattacks targeting voter data and lawmakers the british government believes china has overseen two separate hacking campaigns including one that yielded information from 40 million voters,u k
11029,u k accuses china of cyberattacks targeting voter data and lawmakers the british government believes china has overseen two separate hacking campaigns including one that yielded information from 40 million voters,china
11040,u s and britain accuse china of cyberespionage campaign the actions on both sides of the atlantic which included sanctions underscored the escalation of cyberconflict between western allies and beijing,china
11041,ukrainians dismiss kremlin suggestions their country was behind moscow attack officials and ordinary citizens say russia is blaming ukraine in order to shore up support for its war in ukraine and escalate the fighting there,russia
11041,ukrainians dismiss kremlin suggestions their country was behind moscow attack officials and ordinary citizens say russia is blaming ukraine in order to shore up support for its war in ukraine and escalate the fighting there,ukraine
11043,netanyahu cancels u s israel meetings on rafah to protest u n resolution president biden had requested the high level meetings to discuss alternatives to a planned israel ground offensive into rafah which u s officials say would cause mass casualties,israel
11044,palestinians search rubble of buildings after israeli strikes people dug through the rubble from destroyed buildings in rafah in southern gaza and deir al balah in central gaza,israel
11050,israeli soldier s video undercuts medic s account of sexual assault kibbutz residents concluded that two sisters killed on oct 7 were not victims of sexual violence,israel
11053,videos and online profiles link suspects to moscow attack clothing and other details appear to show a connection between four suspects detained by russia and the men who carried out the concert hall massacre of more than 130 people,russia
11054,trump urges israel to finish up your war the former president told an israeli news outlet that images of destruction in gaza were harming the country you re losing a lot of the world,israel
11074,u n security council calls for immediate cease fire in gaza as u s abstains the u s decision not to vote on the resolution drew criticism from prime minister benjamin netanyahu of israel who ordered a delegation to hold back from a planned trip to washington,israel
11085,display of battered men was russia s warning to the public analysts say videos showing the torture of four men accused of russia s deadliest terror attack in decades have circulated widely in what analysts call a sign of the russian state s growing tolerance for public violence,russia
11092,why are china s nationalists attacking the country s heroes online vitriol has targeted the country s richest man erasing billions of dollars of his company s market value despite beijing s courtship of entrepreneurs,china
11145,domestic political pressures widen divide between biden and netanyahu the war in gaza has sorely strained relations between israel and the united states and the leaders of both countries have allies at home who would pull them farther apart,israel
11147,weekly student news quiz israel hamas war medical breakthrough apple have you been paying attention to current events recently see how many of these 10 questions you can get right,israel
11150,israel presses on with strikes in gaza after u n cease fire resolution its military said fighter jets had struck over 60 targets in the previous day there were reports of strikes on residential buildings near al shifa hospital in the north and elsewhere,israel
11151,suicide bomber kills 5 chinese workers in pakistan the assault comes amid a spate of terror attacks in pakistan as the country s faltering ties to the taliban affect regional security,pakistan
11174,israeli hostage says she was sexually assaulted and tortured in gaza amit soussana is the first former hostage to publicly say she was sexually abused in captivity a u n report has said it found clear and convincing information that some hostages suffered conflict related sexual violence,israel
11211,turkey details visits by accused moscow attackers to istanbul a turkish official said two of the suspects had made recent trips to turkey but were radicalized earlier,turkey
11220,the islamic state claimed the moscow attack the kremlin is still blaming others russian narratives served to deflect attention from the failure to prevent the deadly attack while rallying the country behind the war in ukraine,russia
11220,the islamic state claimed the moscow attack the kremlin is still blaming others russian narratives served to deflect attention from the failure to prevent the deadly attack while rallying the country behind the war in ukraine,ukraine
11226,who is blowing up russia there are two plausible theories for who s behind the terrorist attack in russia both are terrifying,russia
11248,biden loves ireland it doesn t love him back the president s complicity with israel s assault on gaza has damaged his relationship with the irish people perhaps irreparably,ireland
11248,biden loves ireland it doesn t love him back the president s complicity with israel s assault on gaza has damaged his relationship with the irish people perhaps irreparably,israel
11261,israel deploys expansive facial recognition program in gaza the experimental effort which has not been disclosed is being used to conduct mass surveillance of palestinians in gaza according to military officials and others,israel
11287,worries over ethnic tensions have kremlin treading carefully on massacre anti migrant rhetoric in the aftermath of the attacks at the concert venue outside moscow has spurred fears that the tragedy could cause ethnic strife inside russia,russia
11298,yellen warns china against flood of cheap green energy exports the treasury secretary who plans to make her second trip to china soon argued that the country s excess industrial production warped supply chains,china
11312,security forces clash with pro palestinian protesters in jordan video shows protesters gathered near the israeli embassy in amman the capital calling for the country to cancel its agreements with israel,jordan
11312,security forces clash with pro palestinian protesters in jordan video shows protesters gathered near the israeli embassy in amman the capital calling for the country to cancel its agreements with israel,israel
11321,towns near israel lebanon border damaged by strikes an israeli airstrike in southern lebanon killed seven people prompting retaliatory rockets from hezbollah that killed at least one person in northern israel,israel
11323,javier milei is a new prophet of apocalyptic capitalism in argentina the president s new fusion of contemporary culture war with throwback libertarianism is entrancing global elites,argentina
11325,a i leaders press advantage with congress as china tensions rise silicon valley chiefs are swarming the capitol to try to sway lawmakers on the dangers of falling behind in the artificial intelligence race,china
11329,two days after the u n call for a cease fire israeli strikes on gaza haven t let up israel and hamas appear no closer to negotiating a stop in fighting with significant gaps remaining between them,israel
11332,majority of americans disapprove of israel s actions in gaza new poll shows the gallup poll conducted this month found that 55 percent of americans disapproved of israel s military action an increase of 10 percentage points from four months earlier,israel
11364,thursday briefing russia s online attack on ukraine aid plus stephen king s greatest hits,russia
11364,thursday briefing russia s online attack on ukraine aid plus stephen king s greatest hits,ukraine
11372,israel and hezbollah trade fire with deaths reported on both sides the exchange came as a u n cease fire demand appeared to be having little effect on the war in gaza and pressure increased on neighboring jordan to sever ties with israel,israel
11372,israel and hezbollah trade fire with deaths reported on both sides the exchange came as a u n cease fire demand appeared to be having little effect on the war in gaza and pressure increased on neighboring jordan to sever ties with israel,jordan
11388,what is going on in pakistan divisions in the all powerful military make the country s future difficult to predict,pakistan
11392,why russia s vast security services fell short on deadly attack the factors behind the failure to prevent a terrorist attack include a distrust of foreign intelligence a focus on ukraine and a distracting political crackdown at home,russia
11392,why russia s vast security services fell short on deadly attack the factors behind the failure to prevent a terrorist attack include a distrust of foreign intelligence a focus on ukraine and a distracting political crackdown at home,ukraine
11416,he s got a plan for cities that flood stop fighting the water a landscape architect in china has a surprising strategy to help manage surges of water from storms supercharged by climate change,china
11457,what we know about palestinians detained in israel since oct 7 israel has detained thousands of palestinians suspected of militant activity rights groups allege that israel has abused some detainees or held them without charges,israel
11509,outcry in france as principal steps down over head scarf incident a paris school principal received online death threats after he was involved in an altercation with a muslim student over her head scarf sparking outrage in a country still scarred by the killing of two teachers,france
11518,putin offers both reassurance and threat on a wider war president vladimir v putin said that claims russia planned to invade other countries were nonsense but warned them against hosting warplanes meant for ukraine,russia
11518,putin offers both reassurance and threat on a wider war president vladimir v putin said that claims russia planned to invade other countries were nonsense but warned them against hosting warplanes meant for ukraine,ukraine
11526,how the israel hamas war has roiled tiktok internally the video app has been criticized for how it has handled posts users see about the war some of the same tensions have also played out inside the company,israel
11541,cataclysmic situation in haiti leaves 1 500 dead in gang violence the united nations on thursday said poor governance and increasing levels of gang violence had brought state institutions close to collapse,haiti
11545,fighting rages around two gaza hospitals as pressure on israel rises israeli forces are battling to retake areas they had already seized showing the militants resilience as critics call for less destructive tactics in the war,israel
11570,putin s next escalation is coming even without the terror attack in moscow last week the russian president was primed to step up his assault on ukraine,russia
11570,putin s next escalation is coming even without the terror attack in moscow last week the russian president was primed to step up his assault on ukraine,ukraine
11584,rise of the ronin sends players into a chaotic japan team ninja showed its talent for finely tuned combat in games like ninja gaiden and nioh its first open world game presents new design challenges that are not always met,japan
11621,girl 8 is sole survivor of bus plunge no one can explain this miracle forty five church pilgrims from botswana along with the driver were killed when the bus plunged off an overpass into a rocky ravine in south africa the only survivor was a little girl,botswana
11621,girl 8 is sole survivor of bus plunge no one can explain this miracle forty five church pilgrims from botswana along with the driver were killed when the bus plunged off an overpass into a rocky ravine in south africa the only survivor was a little girl,south africa
11626,a common link in mideast conflicts iran and its proxies a monitoring group said that an israeli strike on syria hit multiple targets including a weapons depot belonging to hezbollah the iran backed lebanese militia here s a closer look at iran s proxies in the region,iran
11626,a common link in mideast conflicts iran and its proxies a monitoring group said that an israeli strike on syria hit multiple targets including a weapons depot belonging to hezbollah the iran backed lebanese militia here s a closer look at iran s proxies in the region,israel
11626,a common link in mideast conflicts iran and its proxies a monitoring group said that an israeli strike on syria hit multiple targets including a weapons depot belonging to hezbollah the iran backed lebanese militia here s a closer look at iran s proxies in the region,syria
11687,airstrikes kill soldiers in syria in apparent israeli attack israel s military did not immediately comment on the syria strikes but its defense minister said israel would pursue hezbollah an iran backed militia every place it operates,syria
11687,airstrikes kill soldiers in syria in apparent israeli attack israel s military did not immediately comment on the syria strikes but its defense minister said israel would pursue hezbollah an iran backed militia every place it operates,israel
11687,airstrikes kill soldiers in syria in apparent israeli attack israel s military did not immediately comment on the syria strikes but its defense minister said israel would pursue hezbollah an iran backed militia every place it operates,iran
11690,why russia is protecting north korea from nuclear monitors the monitors have provided vivid evidence of how russia is keeping pyongyang brimming with fuel and other goods presumably in return for weapons that russia can use in ukraine,russia
11690,why russia is protecting north korea from nuclear monitors the monitors have provided vivid evidence of how russia is keeping pyongyang brimming with fuel and other goods presumably in return for weapons that russia can use in ukraine,north korea
11690,why russia is protecting north korea from nuclear monitors the monitors have provided vivid evidence of how russia is keeping pyongyang brimming with fuel and other goods presumably in return for weapons that russia can use in ukraine,ukraine
11710,dispute over conscription for ultra orthodox jews presents new threat to netanyahu prime minister benjamin netanyahu s cabinet is divided about whether ultra orthodox jews should be required to join the israeli army,israel
11712,the night government expands its violent reach in rohingya camps gunfights kidnappings and homicides have become widespread in the refugee settlements in bangladesh as armed groups and criminal gangs have become more brazen,bangladesh
11724,troop starved ukrainian brigades turn to marketing to attract recruits many units which say the official conscription system is dysfunctional and unwieldy have started their own recruitment campaigns to fill ranks depleted in the war with russia,russia
11745,punjabi wave music hits the juno awards stage karan aujla 27 became the first punjabi artist to win an award at the junos as the genre expands its fan base in canada,canada
11780,india s silicon valley faces a water crisis that software cannot solve bengaluru gets plenty of rain but the city did not properly adapt as its soaring population strained traditional water sources,india
11782,a russian defector s killing raises specter of hit squads the death in spain of maksim kuzminov a pilot who delivered a helicopter and secret documents to ukraine has raised fears that the kremlin is again targeting its enemies,russia
11782,a russian defector s killing raises specter of hit squads the death in spain of maksim kuzminov a pilot who delivered a helicopter and secret documents to ukraine has raised fears that the kremlin is again targeting its enemies,spain
11782,a russian defector s killing raises specter of hit squads the death in spain of maksim kuzminov a pilot who delivered a helicopter and secret documents to ukraine has raised fears that the kremlin is again targeting its enemies,ukraine
11802,in yemen renewed conflict and rising hunger stalk a lean ramadan airstrikes crippling inflation and a drop in foreign aid are raising alarms about a new humanitarian crisis in the world s poorest arab country,yemen
98,what s in a name the battle of baby t rex and nanotyrannus a dinosaur fossil listed for sale in london for 20 million embodies one of the most heated debates in paleontology,united kingdom
114,colorado mother accused of murdering 2 of her children is arrested in london kimberlee singler was taken into custody on saturday days after the authorities in colorado issued a warrant for her arrest,united kingdom
139,buildings smolder after russian air attacks on kyiv first responders put out fires after russia bombarded the ukrainian capital with missiles and drones,ukraine
157,wednesday briefing beirut blast kills senior hamas leader plus the great winter festivals of asia,lebanon
166,harvard s president resigned after plagiarism accusations also a senior hamas leader was killed in beirut here s the latest at the end of tuesday,lebanon
343,the newest godzilla film is stranger than fiction effects artists annihilate cities in movies all the time tokyo really was destroyed a reality the best godzilla stories have always taken seriously,japan
508,heavy rain in u k causes hundreds of flood warnings and travel disruptions in london around 50 people were evacuated from rising waters heavy rain brought similar scenes to parts of france and germany,united kingdom
1237,driving madeleine review a nonagenarian in paris the beloved french singer line renaud plays a woman who forms an unlikely bond with a surly cabdriver in this heart warmer,france
1434,review in cosmos female astronauts dance toward the stars a new show in paris by maelle poesy tells the story of the mercury 13 space program with choreographed movement and acrobatic sequences,france
1837,zelensky calls for peace not more weapons in davos in a speech in switzerland the ukrainian president asked for more sanctions on moscow but he did not appeal for weaponry for new offenses,russia
2269,a famed cemetery is nearly full can it reuse old graves to add more space to lie in the vicinity of karl marx is competitive with graves running upward of 31 000 highgate cemetery in london is trying to add more space,united kingdom
2523,israel s foreign minister speaks in brussels amid discord at home over the war israel s foreign minister was in brussels on monday to address his counterparts from the european union as part of a diplomatic battle to win support from the bloc amid deepening criticism over the human toll of the war and prime minister benjamin netanyahu s refusal to consider palestinian statehood,belgium
2611,depardieu sexual assault suit dropped over statute of limitations helene darras a french actress had accused gerard depardieu of groping her in 2007 on a movie set a separate investigation of the actor is proceeding paris prosecutors said,france
3366,talks in paris will focus on a hostage deal that could pause the fighting in gaza american led negotiators are edging closer to an agreement in which israel would suspend its war in gaza for about two months in exchange for the release of more than 100 hostages still held by hamas a deal that could be sealed in the next two weeks and will be the subject of talks in paris on sunday,france
3486,french farmers lay siege to paris in growing standoff the authorities warned residents to brace for disruptions as farmers converged on the capital to press a wide range of grievances,france
3490,former n h l player faces sexual assault charges in canada the accusation made in london ontario in 2018 has put the country s hockey organization into turmoil and outraged the public,united kingdom
3531,officials propose to hamas a six week war pause and a hostage prisoner swap the united states israel egypt and qatar sketched out a bare bones framework in paris qatari officials are awaiting word from hamas,france
3591,u s weighs retaliation after strike in jordan and farmers lay siege to paris plus the biden campaign wants taylor swift,france
3592,russian skaters stripped of olympic gold setting up new fight for medals a decision to address the disqualification of kamila valieva gave the united states the gold in the beijing 2022 team event but it kept canada off the podium,china
3637,josephine baker still moving she entertained europe between the wars and still inspires artists and activists now as a new exhibition in berlin shows,germany
3952,manhattan woman convicted of using crypto to fund terror groups in syria the woman victoria jacobs provided support to a military contractor that has been called the blackwater of jihad,hong kong
4090,meet the 2024 grammys best new artist nominees listen to songs by ice spice jelly roll victoria monet and five more competitors for one of the show s big four awards,hong kong
4711,u s strike in baghdad kills iranian backed militia commander the killing of a leader of kata ib hezbollah continued a series of strikes in retaliation for attacks on u s troops in the region including one that killed three americans in jordan,iraq
5445,as u s weighs aid ukraine turns to european allies for support president volodymyr zelensky is expected to seek more military assistance in berlin paris and possibly london,germany
5445,as u s weighs aid ukraine turns to european allies for support president volodymyr zelensky is expected to seek more military assistance in berlin paris and possibly london,france
5445,as u s weighs aid ukraine turns to european allies for support president volodymyr zelensky is expected to seek more military assistance in berlin paris and possibly london,united kingdom
5531,together there was magic two fluid dancers in our racing times the nonbinary dancers ashton edwards and taylor stanley made history in their magnetic performance of justin peck s the times are racing at new york city ballet,falkland islands
5554,cast of the new look reflects on chanel and dior s war torn past juliette binoche ben mendelsohn and john malkovich stars of a new series set in world war ii paris discussed french fashion history at the show s premiere in new york,france
5681,a cancer diagnosis and an uncertain path forward for mark landler the london bureau chief of the times news of king charles iii s recent diagnosis reflects a milestone in the way buckingham palace communicates with the public,united kingdom
6091,biden administration blames congress for fall of ukrainian city as a bill with 60 1 billion in military aid for kyiv languishes in the house a spokeswoman pointed to avdiivka s fate as the cost of congressional inaction,ukraine
6152,israel s government formally rejects the unilateral recognition of a palestinian state the largely symbolic move followed proposals by international allies that were discussed during recent cease fire negotiations in cairo,egypt
6606,kiss the future review seeing u2 in post siege sarajevo nenad cicin sain s smoothly calibrated documentary is part timeline of the concert s development and part testament to the city s defiance during the bosnian war,bosnia and herzegovina
6609,israel joins cease fire talks in paris an israeli delegation was meeting with officials from egypt qatar and the united states the latest attempt to advance a deal for a cease fire and the release of hostages,france
6932,dahomey documentary about looted artwork wins top prize at berlin film festival the documentary directed by mati diop was awarded the golden bear,germany
7223,the killing at u of georgia what we know a nursing student s body was found on thursday at the university of georgia in athens the authorities called the homicide a crime of opportunity,greece
7555,london police should not have hired officer who killed woman inquiry finds troubling information about the past of the man who killed sarah everard in 2021 a case that shook britain should have prevented him from joining the force a long awaited report said,united kingdom
7874,german police conduct raid in hunt for red army fugitives ten people were arrested and later released the action in berlin came after one of three wanted members of the militant group was arrested last week,germany
7878,israel opts out of cease fire talks as hamas delegation arrives in cairo israeli officials did not attend after hamas was said to have refused a request from israel to provide a list of the hostages who were still alive,egypt
8004,at fashion week a critic considers what clothes have to say from paris vanessa friedman the times s chief fashion critic shared what she looks for on the runway and the forces shaping fashion right now,france
8610,hamas negotiators leave cairo with no breakthrough in cease fire talks weeks of indirect negotiations appear to have stalled over hamas s insistence on a permanent cease fire during or after any hostage releases a demand that israel has rejected,egypt
8621,4 children and 2 adults are killed in ottawa home the police are investigating the circumstances surrounding the killings on wednesday of a sri lankan family the city s largest mass murder in at least 30 years,canada
8652,9 paris fashion week moments that kept us talking audiences were abuzz over breathing runways drone models social media blackouts tartan codpieces and kisses on the catwalk,france
9278,for some mammals large adult daughters not sons are the norm despite a common narrative that male mammals tend to dwarf female ones fewer than half of mammalian species display that pattern a new study suggests,maldives
9512,one life review one man s rescue of children in wartime a british stockbroker quietly saved hundreds of lives by arranging for children in prague to escape the nazis by leaving for foster homes in england,czech republic
10320,in n y suburbs republicans seek edge by targeting transgender athletes a debate over transgender women and girls in sports in nassau county spurred a legal fight a visit from caitlyn jenner and a mixed response from residents,bahamas
10541,femme review bad lovers in this white knuckle thriller set in london a drag performer seduces his attacker an intensely closeted hustler played by george mackay,united kingdom
10793,gunmen killed dozens at a moscow concert hall also princess kate announced that she has cancer here s the latest at the end of friday,russia
10800,u s says isis was responsible for deadly moscow concert hall attack after a period of relative quiet the islamic state has been trying to increase its external attacks according to u s counterterrorism officials,russia
10808,what we know about isis k the group that has been linked to the moscow attack the islamic state affiliate has been a major threat to the taliban s ability to govern afghanistan,russia
10864,names of moscow concert attack victims begin to emerge those lost include mothers fathers an amateur hockey player and many others,russia
10883,maps and diagrams of the moscow concert hall attack the mass shooting and arson at a suburban moscow concert venue which killed more than 130 were attributed by u s officials to members of a branch of the islamic state,russia
10897,isis k group tied to moscow attack has grown bolder and more violent the militant group violently opposes the taliban leaders of afghanistan where it is based it is increasingly targeting foreign foes,russia
10956,monday briefing two charged in moscow attack plus the hotel guest who wouldn t leave,russia
10962,4 men showing signs of beating charged with terrorism after moscow attack the four accused of carrying out an assault at a concert hall near moscow are migrant laborers from tajikistan they face a maximum sentence of life in prison,russia
11095,tuesday briefing radical islamists attacked moscow vladimir putin acknowledges,russia
11168,rocked by deadly terror attack kremlin amps up disinformation machine conceding that the islamic state alone carried out the assault on a moscow concert hall would mean admitting to a security failure and risk diluting vladimir putin s narrative war with the west,russia
11211,turkey details visits by accused moscow attackers to istanbul a turkish official said two of the suspects had made recent trips to turkey but were radicalized earlier,russia
11338,what lies beneath london boat race marred by sewage concerns rowers in the oxford cambridge boat race this weekend have been warned of dangerously high levels of e coli in the river thames the latest sign of england s polluted waterways,united kingdom
