news_index,nyt_txt,country
2,u s helicopters sink 3 houthi boats in red sea pentagon says iranian backed houthi gunmen from yemen had fired on american helicopters responding to an attack on a commercial ship american officials said,yemen
2,u s helicopters sink 3 houthi boats in red sea pentagon says iranian backed houthi gunmen from yemen had fired on american helicopters responding to an attack on a commercial ship american officials said,iran
9,monday briefing friction between the u s and israel,israel
38,israel says it will pull several brigades from gaza strip analysts say the announcement could signal a shift to the more limited and targeted war against hamas that the united states has been urging,israel
38,israel says it will pull several brigades from gaza strip analysts say the announcement could signal a shift to the more limited and targeted war against hamas that the united states has been urging,palestine
38,israel says it will pull several brigades from gaza strip analysts say the announcement could signal a shift to the more limited and targeted war against hamas that the united states has been urging,lebanon
48,a gaza mayor s view of the conflict readers discuss a guest essay about the war s toll in gaza also western businesses in russia abortion pill case dogs and social media,palestine
48,a gaza mayor s view of the conflict readers discuss a guest essay about the war s toll in gaza also western businesses in russia abortion pill case dogs and social media,russia
58,putin vows to keep up bombardment after a russian city is hit president vladimir v putin of russia says his country will continue targeting ukrainian cities in retaliation for a deadly attack on the city of belgorod on saturday,russia
71,south korean opposition leader is stabbed lee jae myung the democratic party head was attacked by a 66 year old man in the city of busan the police said mr lee is now recovering from surgery,south korea
77,tuesday briefing a landmark court ruling in israel,israel
81,russia hammers kyiv with missiles in large scale attack russia said that ukraine retaliated hours later with missile attacks on russian territory part of an escalating cycle of air assaults between the two countries,russia
81,russia hammers kyiv with missiles in large scale attack russia said that ukraine retaliated hours later with missile attacks on russian territory part of an escalating cycle of air assaults between the two countries,ukraine
106,my second trip to gaza was as a hostage i will never return an israeli woman kidnapped in the oct 7 attack on israel by hamas recalls a visit to the gaza strip in another lifetime,palestine
106,my second trip to gaza was as a hostage i will never return an israeli woman kidnapped in the oct 7 attack on israel by hamas recalls a visit to the gaza strip in another lifetime,israel
106,my second trip to gaza was as a hostage i will never return an israeli woman kidnapped in the oct 7 attack on israel by hamas recalls a visit to the gaza strip in another lifetime,lebanon
121,the twin fronts in the battle over israel s identity monday s court ruling joined the war in gaza in a widening crisis over what kind of state israel will be,israel
121,the twin fronts in the battle over israel s identity monday s court ruling joined the war in gaza in a widening crisis over what kind of state israel will be,palestine
124,why a port deal has the horn of africa on edge a landmark pact between ethiopia and the breakaway region of somaliland has drawn condemnation from somalia other neighbors also worry about allowing potential naval access to the red sea,ethiopia
124,why a port deal has the horn of africa on edge a landmark pact between ethiopia and the breakaway region of somaliland has drawn condemnation from somalia other neighbors also worry about allowing potential naval access to the red sea,somaliland
124,why a port deal has the horn of africa on edge a landmark pact between ethiopia and the breakaway region of somaliland has drawn condemnation from somalia other neighbors also worry about allowing potential naval access to the red sea,somalia
128,should ukraine consider an armistice readers discuss actions the u s and ukraine should take also rape of israeli women private equity firms high housing costs birds not birdbrains,ukraine
128,should ukraine consider an armistice readers discuss actions the u s and ukraine should take also rape of israeli women private equity firms high housing costs birds not birdbrains,israel
137,top hamas official is killed in lebanon as fears grow of a wider war the israeli government would not comment on the death of saleh al arouri but a u s official said to expect israel to assassinate hamas officials for years,lebanon
137,top hamas official is killed in lebanon as fears grow of a wider war the israeli government would not comment on the death of saleh al arouri but a u s official said to expect israel to assassinate hamas officials for years,palestine
137,top hamas official is killed in lebanon as fears grow of a wider war the israeli government would not comment on the death of saleh al arouri but a u s official said to expect israel to assassinate hamas officials for years,israel
139,buildings smolder after russian air attacks on kyiv first responders put out fires after russia bombarded the ukrainian capital with missiles and drones,russia
139,buildings smolder after russian air attacks on kyiv first responders put out fires after russia bombarded the ukrainian capital with missiles and drones,ukraine
144,who was saleh al arouri the senior hamas leader killed in beirut the hamas deputy who the group said had been killed helped usher in closer ties with the iran backed hezbollah militia and was accused of masterminding attacks in israel,lebanon
144,who was saleh al arouri the senior hamas leader killed in beirut the hamas deputy who the group said had been killed helped usher in closer ties with the iran backed hezbollah militia and was accused of masterminding attacks in israel,palestine
144,who was saleh al arouri the senior hamas leader killed in beirut the hamas deputy who the group said had been killed helped usher in closer ties with the iran backed hezbollah militia and was accused of masterminding attacks in israel,iran
144,who was saleh al arouri the senior hamas leader killed in beirut the hamas deputy who the group said had been killed helped usher in closer ties with the iran backed hezbollah militia and was accused of masterminding attacks in israel,israel
154,maureen flavin sweeney dies at 100 her weather report delayed d day she helped save general eisenhower s invasion from potential disaster enabling the allies to gain a foothold in france that was essential to victory in world war ii,france
157,wednesday briefing beirut blast kills senior hamas leader plus the great winter festivals of asia,lebanon
157,wednesday briefing beirut blast kills senior hamas leader plus the great winter festivals of asia,palestine
160,netanyahu allies signal pause in campaign to rein in judges with israel fighting in gaza people on both sides of the judiciary debate appear unwilling to return to the domestic upheaval that preceded the war,israel
160,netanyahu allies signal pause in campaign to rein in judges with israel fighting in gaza people on both sides of the judiciary debate appear unwilling to return to the domestic upheaval that preceded the war,palestine
166,harvard s president resigned after plagiarism accusations also a senior hamas leader was killed in beirut here s the latest at the end of tuesday,lebanon
166,harvard s president resigned after plagiarism accusations also a senior hamas leader was killed in beirut here s the latest at the end of tuesday,palestine
171,hamas used gaza hospital as a command center u s intelligence says israeli forces stormed the site in november drawing intense international scrutiny and criticism,lebanon
171,hamas used gaza hospital as a command center u s intelligence says israeli forces stormed the site in november drawing intense international scrutiny and criticism,palestine
171,hamas used gaza hospital as a command center u s intelligence says israeli forces stormed the site in november drawing intense international scrutiny and criticism,israel
181,wednesday briefing the killing of a hamas leader,lebanon
181,wednesday briefing the killing of a hamas leader,palestine
183,abrupt dismissals point to xi jinping s quiet shake up of china s military the purge of several commanders from china s legislature was the latest sign of widening investigations focused on the sensitive arms sector experts say,china
184,hamas blames israel for the death of a senior official in lebanon israel and the surrounding region were on edge wednesday a day after the assassination of a top hamas leader in lebanon heightened worries that the war in gaza could spill over into a broader conflict,lebanon
184,hamas blames israel for the death of a senior official in lebanon israel and the surrounding region were on edge wednesday a day after the assassination of a top hamas leader in lebanon heightened worries that the war in gaza could spill over into a broader conflict,palestine
184,hamas blames israel for the death of a senior official in lebanon israel and the surrounding region were on edge wednesday a day after the assassination of a top hamas leader in lebanon heightened worries that the war in gaza could spill over into a broader conflict,israel
196,it s time for america to go back to afghanistan since the u s withdrawal from afghanistan washington has isolated the taliban a tactic that backfired the last time the group was in power,afghanistan
220,knife attack on opposition leader raises alarms in polarized south korea the attack on lee jae myung who narrowly lost the 2022 presidential vote came amid a deepening political divide and increasingly extreme discourse in south korea,south korea
225,the new campus politics the resignation of harvard s president shows how the hamas attacks have scrambled campus politics,lebanon
225,the new campus politics the resignation of harvard s president shows how the hamas attacks have scrambled campus politics,palestine
226,al arouri s killing is a blow to hamas though likely not a debilitating one analysts say the killing of saleh al arouri deprives hamas of one of its most skilled tacticians who helped route money and weapons to its operatives in gaza and elsewhere in the middle east and integrated the group more tightly into iran s network of forces committed to fighting israel according to analysts,lebanon
226,al arouri s killing is a blow to hamas though likely not a debilitating one analysts say the killing of saleh al arouri deprives hamas of one of its most skilled tacticians who helped route money and weapons to its operatives in gaza and elsewhere in the middle east and integrated the group more tightly into iran s network of forces committed to fighting israel according to analysts,palestine
226,al arouri s killing is a blow to hamas though likely not a debilitating one analysts say the killing of saleh al arouri deprives hamas of one of its most skilled tacticians who helped route money and weapons to its operatives in gaza and elsewhere in the middle east and integrated the group more tightly into iran s network of forces committed to fighting israel according to analysts,iran
226,al arouri s killing is a blow to hamas though likely not a debilitating one analysts say the killing of saleh al arouri deprives hamas of one of its most skilled tacticians who helped route money and weapons to its operatives in gaza and elsewhere in the middle east and integrated the group more tightly into iran s network of forces committed to fighting israel according to analysts,israel
229,bombing in iran kills over 100 sowing confusion and speculation no one claimed responsibility for the bombing at a memorial for qassim suleimani the top commander killed by a u s drone strike four years ago,iran
245,leader s killing is a blow but not a knockout for hamas the killing of saleh al arouri a key hamas strategist in lebanon sets the organization back at a vulnerable time the group has rebuilt after the assassination of other leaders though,lebanon
245,leader s killing is a blow but not a knockout for hamas the killing of saleh al arouri a key hamas strategist in lebanon sets the organization back at a vulnerable time the group has rebuilt after the assassination of other leaders though,palestine
257,who was the iranian general qassim suleimani general suleimani the powerful commander heading iran s quds force was considered a hero by some in the country the anniversary of his death has attracted horrific violence,iran
260,russia and ukraine exchange record number of p o w s the exchange of prisoners was the first in months and came as both sides were engaged in an escalating cycle of air assaults,russia
260,russia and ukraine exchange record number of p o w s the exchange of prisoners was the first in months and came as both sides were engaged in an escalating cycle of air assaults,ukraine
266,blasts kill dozens in iran two bombs exploded along the road near the burial site of qassim suleimani iran s former top general during a commemoration on the fourth anniversary of his assassination by the united states,iran
267,mexico authorities rescue 31 migrants abducted near border with u s cartels are preying on asylum seekers and migrants from around the world as they crowd northern mexico creating a kidnap for ransom revenue stream,mexico
279,israel says it dismantled a hamas built tunnel under a gaza hospital the israeli military says the tearing down was done in november and that hospital wasn t damaged in the process,israel
279,israel says it dismantled a hamas built tunnel under a gaza hospital the israeli military says the tearing down was done in november and that hospital wasn t damaged in the process,lebanon
279,israel says it dismantled a hamas built tunnel under a gaza hospital the israeli military says the tearing down was done in november and that hospital wasn t damaged in the process,palestine
281,israel supreme court delivers setback to campaign to remove checks on netanyahu the country s supreme court ruled to postpone the adoption of a new law making it harder to designate a sitting prime minister unfit for office a direct blow to prime minister benjamin netanyahu,israel
284,thursday briefing blasts in iran kill dozens plus china shakes up its military,iran
284,thursday briefing blasts in iran kill dozens plus china shakes up its military,china
287,hezbollah s leader pledges revenge for killing of a hamas leader in beirut yesterday s crime will not go unpunished hassan nasrallah warned ominously but he gave no specifics saying he would speak again on friday,lebanon
287,hezbollah s leader pledges revenge for killing of a hamas leader in beirut yesterday s crime will not go unpunished hassan nasrallah warned ominously but he gave no specifics saying he would speak again on friday,palestine
295,attacks heighten fears of a wider war for the middle east and u s the killing of a top hamas leader in lebanon and mysterious twin explosions in iran heighten fears of a regional war that could draw in the united states,lebanon
295,attacks heighten fears of a wider war for the middle east and u s the killing of a top hamas leader in lebanon and mysterious twin explosions in iran heighten fears of a regional war that could draw in the united states,palestine
295,attacks heighten fears of a wider war for the middle east and u s the killing of a top hamas leader in lebanon and mysterious twin explosions in iran heighten fears of a regional war that could draw in the united states,iran
296,more than 100 people in iran killed in blasts at suleimani memorial more than 200 people were also injured after two roadside bombs exploded during a memorial for qassim suleimani iran s former top general who was killed by a u s drone strike four years ago,iran
302,israelis worry a blow against hamas may bring blowback israelis welcomed news that a top palestinian militant had been killed but feared that it might impede the release of hostages and kindle a broader war,israel
302,israelis worry a blow against hamas may bring blowback israelis welcomed news that a top palestinian militant had been killed but feared that it might impede the release of hostages and kindle a broader war,lebanon
302,israelis worry a blow against hamas may bring blowback israelis welcomed news that a top palestinian militant had been killed but feared that it might impede the release of hostages and kindle a broader war,palestine
317,israelis question army s rules of engagement after hostages slain israel s military said that soldiers who shot hostages while they waved a white flag violated its rules of engagement human rights activists say the rules are good but enforcement is lax,israel
319,thursday briefing a deadly blast in iran,iran
363,islamic state claims responsibility for deadly bombings in iran the group which has struck before in iran has a long history of division with the country,iran
374,a trophy in ruins evidence grows that russia controls marinka ukraine said it was defending territory behind the eastern frontline town its capture would be russia s most significant territorial advance in ukraine in more than six months,russia
374,a trophy in ruins evidence grows that russia controls marinka ukraine said it was defending territory behind the eastern frontline town its capture would be russia s most significant territorial advance in ukraine in more than six months,ukraine
380,kim jong un s daughter is his likely successor south korea says kim ju ae has long accompanied her dictator father to important state events like long range missile tests and military parades,south korea
381,iraq condemns u s after drone strike in baghdad the attack acknowledged by the pentagon killed a senior militant leader of an iran allied group with ties to the iraqi government s security apparatus,iraq
381,iraq condemns u s after drone strike in baghdad the attack acknowledged by the pentagon killed a senior militant leader of an iran allied group with ties to the iraqi government s security apparatus,iran
423,white house says north korea providing russia with ballistic missiles russia has rebuilt its own domestic supply of cruise missiles but to keep up with the intensity of the barrage against ukraine it has been turning to north korea and iran,north korea
423,white house says north korea providing russia with ballistic missiles russia has rebuilt its own domestic supply of cruise missiles but to keep up with the intensity of the barrage against ukraine it has been turning to north korea and iran,russia
423,white house says north korea providing russia with ballistic missiles russia has rebuilt its own domestic supply of cruise missiles but to keep up with the intensity of the barrage against ukraine it has been turning to north korea and iran,ukraine
423,white house says north korea providing russia with ballistic missiles russia has rebuilt its own domestic supply of cruise missiles but to keep up with the intensity of the barrage against ukraine it has been turning to north korea and iran,iran
424,education dept official resigns over biden s policies on israel and gaza tariq habash who is palestinian american said the biden administration does not value all human life equally,israel
424,education dept official resigns over biden s policies on israel and gaza tariq habash who is palestinian american said the biden administration does not value all human life equally,palestine
437,a u s strike killed an iran allied militant leader also biden faces immigration pressure from democrats here s the latest at the end of thursday,iran
445,towns empty and farms languish as war stalks israeli lebanese border more than 150 000 people have been driven from their homes on both sides of the frontier as israeli forces clash with hezbollah militants,israel
445,towns empty and farms languish as war stalks israeli lebanese border more than 150 000 people have been driven from their homes on both sides of the frontier as israeli forces clash with hezbollah militants,lebanon
462,north korea fires artillery near border with south korea the south asked nearby islanders to seek shelter before it launched a military exercise in the disputed waters and chided the north for threatening peace,north korea
462,north korea fires artillery near border with south korea the south asked nearby islanders to seek shelter before it launched a military exercise in the disputed waters and chided the north for threatening peace,south korea
464,the u s secretary of state begins a mideast trip amid worries of broader conflict secretary of state antony j blinken was set on friday to begin a diplomatic tour through the middle east as the biden administration seeks to defuse tensions in the region where fears are growing that the war in gaza could spiral into a broader conflict,palestine
471,residents near israel lebanon border live with uncertainty as the conflict between israel and hezbollah escalates some israeli residents are making trips back to their homes along the border with lebanon despite orders to stay away while others wait with uncertainty,israel
471,residents near israel lebanon border live with uncertainty as the conflict between israel and hezbollah escalates some israeli residents are making trips back to their homes along the border with lebanon despite orders to stay away while others wait with uncertainty,lebanon
476,a palestinian man vanished oct 7 his family wants to know who killed him soheib abu amar who lived in east jerusalem was captured by hamas during its attack on israel his brothers spent weeks investigating what happened next,palestine
476,a palestinian man vanished oct 7 his family wants to know who killed him soheib abu amar who lived in east jerusalem was captured by hamas during its attack on israel his brothers spent weeks investigating what happened next,israel
476,a palestinian man vanished oct 7 his family wants to know who killed him soheib abu amar who lived in east jerusalem was captured by hamas during its attack on israel his brothers spent weeks investigating what happened next,lebanon
491,the families of hostages are calling on israel to do something radical in israel they are putting pressure on the government pushing for a political path to release the remaining hostages,israel
502,america must face up to israel s extremism government ministers calls to depopulate gaza implicate the u s,israel
502,america must face up to israel s extremism government ministers calls to depopulate gaza implicate the u s,palestine
508,heavy rain in u k causes hundreds of flood warnings and travel disruptions in london around 50 people were evacuated from rising waters heavy rain brought similar scenes to parts of france and germany,u k
508,heavy rain in u k causes hundreds of flood warnings and travel disruptions in london around 50 people were evacuated from rising waters heavy rain brought similar scenes to parts of france and germany,france
508,heavy rain in u k causes hundreds of flood warnings and travel disruptions in london around 50 people were evacuated from rising waters heavy rain brought similar scenes to parts of france and germany,germany
509,beyond the front lines the war in ukraine has entered a new phase,ukraine
521,to bolster russia s army putin eases citizenship path for foreign fighters president vladimir v putin is seeking to strengthen his military to fight in ukraine while avoiding a potentially unpopular mobilization of russians,russia
521,to bolster russia s army putin eases citizenship path for foreign fighters president vladimir v putin is seeking to strengthen his military to fight in ukraine while avoiding a potentially unpopular mobilization of russians,ukraine
525,blinken returns to middle east as tensions grow with israel details of a clash between the u s secretary of state and israel s prime minister point to the challenges ahead,israel
545,after the iowa shooting demands that politicians act readers urge the public to push for stricter laws to reduce gun violence also young voters israeli arab hope immigration judges inmates and cats,israel
549,hezbollah s leader says it would not negotiate peace with israel until war in gaza ends in a televised speech hassan nasrallah addressed israeli citizens directly warning that they will be the first to pay the price unless the military action stops,lebanon
549,hezbollah s leader says it would not negotiate peace with israel until war in gaza ends in a televised speech hassan nasrallah addressed israeli citizens directly warning that they will be the first to pay the price unless the military action stops,israel
549,hezbollah s leader says it would not negotiate peace with israel until war in gaza ends in a televised speech hassan nasrallah addressed israeli citizens directly warning that they will be the first to pay the price unless the military action stops,palestine
567,terrorism in iran exposes a vulnerability it doesn t want to admit even after the islamic state took responsibility for deadly bombings iran s government facing public anger blamed israel,iran
567,terrorism in iran exposes a vulnerability it doesn t want to admit even after the islamic state took responsibility for deadly bombings iran s government facing public anger blamed israel,israel
598,as pressure mounts israeli minister proposes plan for postwar gaza the plan exposed divisions in israel s war cabinet as secretary of state antony j blinken returned to the middle east on friday in an effort to ease escalating tensions,israel
598,as pressure mounts israeli minister proposes plan for postwar gaza the plan exposed divisions in israel s war cabinet as secretary of state antony j blinken returned to the middle east on friday in an effort to ease escalating tensions,palestine
619,as gaza losses mount under strikes dignified burials are another casualty the lucky are those who have someone to bury them when they die dr mohammad abu moussa a radiologist at one gaza hospital said of those killed by israeli airstrikes,palestine
619,as gaza losses mount under strikes dignified burials are another casualty the lucky are those who have someone to bury them when they die dr mohammad abu moussa a radiologist at one gaza hospital said of those killed by israeli airstrikes,israel
627,ukraine s patriot defenses at work shuddering booms and bursts of light the american provided air defense systems have helped ukraine defend itself against russian assaults but washington has warned that it will not be able to keep them supplied for much longer,ukraine
627,ukraine s patriot defenses at work shuddering booms and bursts of light the american provided air defense systems have helped ukraine defend itself against russian assaults but washington has warned that it will not be able to keep them supplied for much longer,russia
640,hezbollah fires rockets at israel in response to killing in beirut israel said it had fired back at militants involved in the rocket launches but the exchange stopped short of a major escalation,lebanon
640,hezbollah fires rockets at israel in response to killing in beirut israel said it had fired back at militants involved in the rocket launches but the exchange stopped short of a major escalation,israel
648,after niger coup u s scrambles to keep a vital air base after the generals took charge the united states was forced to suspend operations at its most strategic military asset in sub saharan africa restarting them won t be easy,niger
661,russian attacks kill 11 civilians near eastern front ukraine says ukrainian officials said missile assaults had struck private houses trapping residents under the rubble and that the dead included five children,russia
661,russian attacks kill 11 civilians near eastern front ukraine says ukrainian officials said missile assaults had struck private houses trapping residents under the rubble and that the dead included five children,ukraine
675,blinken in jordan and qatar continues his mideast tour in hopes of reducing tensions antony j blinken the u s secretary of state met separately in amman with king abdullah ii and ayman safadi jordan s foreign minister,jordan
675,blinken in jordan and qatar continues his mideast tour in hopes of reducing tensions antony j blinken the u s secretary of state met separately in amman with king abdullah ii and ayman safadi jordan s foreign minister,qatar
676,dignified burials have become another casualty in gaza for four days kareem sabawi s body lay wrapped in a blanket in a cold empty apartment as his family sheltered nearby he was killed during intense israeli bombardment near his family home his father and mother said and in the days that followed it was too dangerous to step outside and lay their 10 year old child to rest,palestine
676,dignified burials have become another casualty in gaza for four days kareem sabawi s body lay wrapped in a blanket in a cold empty apartment as his family sheltered nearby he was killed during intense israeli bombardment near his family home his father and mother said and in the days that followed it was too dangerous to step outside and lay their 10 year old child to rest,israel
692,war brings tensions and assault rifles into an israeli college at the university of haifa more than 40 percent of students are arab some with family in gaza and many others have now been called up as soldiers,israel
692,war brings tensions and assault rifles into an israeli college at the university of haifa more than 40 percent of students are arab some with family in gaza and many others have now been called up as soldiers,palestine
704,what will happen to gaza s people officials are increasingly suggesting that palestinians should leave the region the government denies that s its policy,palestine
710,two more journalists killed in gaza including son of al jazeera reporter hamza al dahdouh the son of al jazeera s gaza bureau chief and a second reporter were killed in what officials in the territory said was an israeli airstrike two others were wounded,palestine
710,two more journalists killed in gaza including son of al jazeera reporter hamza al dahdouh the son of al jazeera s gaza bureau chief and a second reporter were killed in what officials in the territory said was an israeli airstrike two others were wounded,israel
723,from lebanon to the red sea a broader conflict with iran looms with its proxies attacking from many vantage points and its nuclear program suddenly revived iran is posing a new challenge to the west this time with russia and china on its side,lebanon
723,from lebanon to the red sea a broader conflict with iran looms with its proxies attacking from many vantage points and its nuclear program suddenly revived iran is posing a new challenge to the west this time with russia and china on its side,iran
723,from lebanon to the red sea a broader conflict with iran looms with its proxies attacking from many vantage points and its nuclear program suddenly revived iran is posing a new challenge to the west this time with russia and china on its side,russia
723,from lebanon to the red sea a broader conflict with iran looms with its proxies attacking from many vantage points and its nuclear program suddenly revived iran is posing a new challenge to the west this time with russia and china on its side,china
726,as west bank violence rises israel vows to pursue military goals in gaza diplomats toured the mideast sunday on a mission to stop the war from widening but tensions in the gaza strip spread across the region,israel
726,as west bank violence rises israel vows to pursue military goals in gaza diplomats toured the mideast sunday on a mission to stop the war from widening but tensions in the gaza strip spread across the region,palestine
758,russia pounds several ukrainian regions with missiles the attack killed at least four people wounded many others and caused heavy damage it came as moscow has intensified air assaults in recent days,russia
792,blinken says saudi arabia remains interested in diplomatic ties with israel the u s secretary of state on a trip to the middle east that included a meeting with the saudi crown prince said such a move would require an end to fighting in gaza and steps toward a palestinian state,saudi arabia
792,blinken says saudi arabia remains interested in diplomatic ties with israel the u s secretary of state on a trip to the middle east that included a meeting with the saudi crown prince said such a move would require an end to fighting in gaza and steps toward a palestinian state,israel
792,blinken says saudi arabia remains interested in diplomatic ties with israel the u s secretary of state on a trip to the middle east that included a meeting with the saudi crown prince said such a move would require an end to fighting in gaza and steps toward a palestinian state,palestine
793,india s top court reverses early release of 11 men convicted of gang rape the case of bilkis bano who was three months pregnant when she was attacked became a powerful symbol of communal bloodshed and of the widespread violence against women in the country,india
794,exhausted on the defensive and at hell s gate in ukraine the country s forces along a broad stretch of the front say that with russia pushing forward the war has never been so dangerous,ukraine
794,exhausted on the defensive and at hell s gate in ukraine the country s forces along a broad stretch of the front say that with russia pushing forward the war has never been so dangerous,russia
813,israel says its military is starting to shift to a more targeted gaza campaign israeli officials privately say that they hope to complete the transition by the end of january but that the timeline could change,israel
813,israel says its military is starting to shift to a more targeted gaza campaign israeli officials privately say that they hope to complete the transition by the end of january but that the timeline could change,palestine
815,india and maldives trade barbs after modi s beach visit some in the maldives were critical of prime minister narendra modi s trip to nearby indian islands to promote tourism seeing it as an attempt to draw visitors away from their nation,india
815,india and maldives trade barbs after modi s beach visit some in the maldives were critical of prime minister narendra modi s trip to nearby indian islands to promote tourism seeing it as an attempt to draw visitors away from their nation,maldives
817,an enforcer for a strongman president goes on trial in milestone swiss case ousman sonko served the authoritarian president of gambia for years seeking asylum in switzerland after losing his job now he faces charges of crimes against humanity,gambia
817,an enforcer for a strongman president goes on trial in milestone swiss case ousman sonko served the authoritarian president of gambia for years seeking asylum in switzerland after losing his job now he faces charges of crimes against humanity,switzerland
830,franz beckenbauer der kaiser of world soccer dies at 78 in west germany he revolutionized his central defense position and was one of only three people to win the world cup as a player and a coach,germany
837,ukrainian residential buildings destroyed by russian air assault some civilians sheltered in subway stations as russia launched a widespread missile attack on regions across ukraine,russia
837,ukrainian residential buildings destroyed by russian air assault some civilians sheltered in subway stations as russia launched a widespread missile attack on regions across ukraine,ukraine
843,here s what to know about hezbollah s radwan force the elite unit of the lebanese armed group lost a commander in a strike on monday,lebanon
850,video shows aftermath of strike in southern lebanon a video circulating on social media on monday showed the scene of a strike in khirbet selm a village in southern lebanon,lebanon
865,israeli strikes in lebanon kill hezbollah commander militia says the latest strikes across israel s northern border came as the u s secretary of state made another trip to the middle east in efforts to prevent a wider war,israel
865,israeli strikes in lebanon kill hezbollah commander militia says the latest strikes across israel s northern border came as the u s secretary of state made another trip to the middle east in efforts to prevent a wider war,lebanon
873,tuesday briefing israel s next phase of the war in gaza,israel
873,tuesday briefing israel s next phase of the war in gaza,palestine
875,blinken begins meetings in israel amid deepening disagreements over the war secretary of state antony j blinken was meeting with top israeli officials on tuesday continuing diplomatic efforts to avert a broader war in the region,israel
909,the hard truth of israel s endgame in gaza peter beinart warns that the country is committing a sin that cannot be atoned for,israel
909,the hard truth of israel s endgame in gaza peter beinart warns that the country is committing a sin that cannot be atoned for,palestine
912,for gaza s pregnant women and newborns the war will never be over even if the war ends tomorrow its effects will last a lifetime for new mothers and their children,palestine
919,a glimpse inside a devastated gaza in the ruins of two gazan towns new york times journalists witnessed the sheer destruction that israel s war has wrought and the devastation of hamas s operations,palestine
919,a glimpse inside a devastated gaza in the ruins of two gazan towns new york times journalists witnessed the sheer destruction that israel s war has wrought and the devastation of hamas s operations,israel
919,a glimpse inside a devastated gaza in the ruins of two gazan towns new york times journalists witnessed the sheer destruction that israel s war has wrought and the devastation of hamas s operations,lebanon
920,u s navy sailor who helped china is sentenced to 2 years in prison wenheng zhao pleaded guilty to charges that he sent photos of american military installations and details of u s military exercises to an intelligence officer working for china,china
923,saudi israel ties depend on steps toward a palestinian state blinken says in meetings with israeli leaders the u s secretary of state held out the prospect of saudi recognition to prod israel to curb combat operations in gaza and accept a path to palestinian statehood,israel
923,saudi israel ties depend on steps toward a palestinian state blinken says in meetings with israeli leaders the u s secretary of state held out the prospect of saudi recognition to prod israel to curb combat operations in gaza and accept a path to palestinian statehood,palestine
924,a missile a rocket or a satellite chinese flyover sows confusion in taiwan a warning from taiwan about a satellite erroneously called a missile in english raised concerns about chinese harassment days before an election,taiwan
927,new york times journalists get a glimpse inside a devastated gaza for a few fleeting moments the two story house on the edge of bureij a ruined town in central gaza still felt like a palestinian home,palestine
934,israel shifting war tempo tailors its messages for home and abroad israeli officials have told foreign journalists that they are starting to slow military operations in gaza while assuring the israeli public that the war against hamas will go on,israel
934,israel shifting war tempo tailors its messages for home and abroad israeli officials have told foreign journalists that they are starting to slow military operations in gaza while assuring the israeli public that the war against hamas will go on,palestine
934,israel shifting war tempo tailors its messages for home and abroad israeli officials have told foreign journalists that they are starting to slow military operations in gaza while assuring the israeli public that the war against hamas will go on,lebanon
943,israel says it killed another hezbollah commander after back and forth attacks a deadly airstrike,israel
943,israel says it killed another hezbollah commander after back and forth attacks a deadly airstrike,lebanon
950,fauda actor is seriously injured fighting in gaza the actor idan amedi underwent surgery to remove shrapnel from his body and was expected to recover israeli news media reported,palestine
950,fauda actor is seriously injured fighting in gaza the actor idan amedi underwent surgery to remove shrapnel from his body and was expected to recover israeli news media reported,israel
986,ecuador plunges into crisis amid prison riots and gang leader s disappearance the president declared a state of emergency and ordered the military to neutralize dozens of gangs gunmen stormed a tv studio as cameras rolled,ecuador
1018,what to know about the chaos in ecuador violence erupted across the south american country this week after a notorious gang leader disappeared from prison the president has declared a state of emergency,ecuador
1026,as u s support for ukraine falters europe splits on filling the gap president volodymyr zelensky of ukraine is likely to find strong backing on a trip to the baltic states but other nations are increasingly wary,ukraine
1027,we live in constant fear violence erupts across ecuador chaos has consumed ecuador after gang leaders escaped prisons and armed men commandeered a live tv broadcast,ecuador
1036,the agony and determination of sderot the mayor of an israeli town attacked by hamas on oct 7 describes the devastation the will to recover and the source of its resilience,israel
1036,the agony and determination of sderot the mayor of an israeli town attacked by hamas on oct 7 describes the devastation the will to recover and the source of its resilience,lebanon
1036,the agony and determination of sderot the mayor of an israeli town attacked by hamas on oct 7 describes the devastation the will to recover and the source of its resilience,palestine
1061,u n expert will investigate reports of sex crimes by hamas israel says the official accepted israel s invitation and is expected to go there soon the foreign ministry said hamas has denied that its fighters committed sex crimes during the oct 7 attacks,lebanon
1061,u n expert will investigate reports of sex crimes by hamas israel says the official accepted israel s invitation and is expected to go there soon the foreign ministry said hamas has denied that its fighters committed sex crimes during the oct 7 attacks,palestine
1061,u n expert will investigate reports of sex crimes by hamas israel says the official accepted israel s invitation and is expected to go there soon the foreign ministry said hamas has denied that its fighters committed sex crimes during the oct 7 attacks,israel
1063,blinken meets with abbas to talk about gaza s future the u s secretary of state spoke with mahmoud abbas the leader of the palestinian authority about the role the authority might play after israel s war with hamas,palestine
1063,blinken meets with abbas to talk about gaza s future the u s secretary of state spoke with mahmoud abbas the leader of the palestinian authority about the role the authority might play after israel s war with hamas,israel
1063,blinken meets with abbas to talk about gaza s future the u s secretary of state spoke with mahmoud abbas the leader of the palestinian authority about the role the authority might play after israel s war with hamas,lebanon
1086,at world court israel to confront accusations of genocide israel has categorically rejected the allegations being brought this week in the international court of justice by south africa,israel
1086,at world court israel to confront accusations of genocide israel has categorically rejected the allegations being brought this week in the international court of justice by south africa,south africa
1103,ecuadoreans split on president s drastic new measure to combat drug gangs vowing to bring peace back to a shattered country president daniel noboa has deployed the military to take on what he calls terrorist groups,ecuador
1104,al shabab terrorist group captures u n helicopter in somalia somali officials said the helicopter was carrying nine passengers one of whom was killed the horn of africa nation is now grappling with how to rescue hostages from a group known for mistreating them,somalia
1104,al shabab terrorist group captures u n helicopter in somalia somali officials said the helicopter was carrying nine passengers one of whom was killed the horn of africa nation is now grappling with how to rescue hostages from a group known for mistreating them,mali
1136,thursday briefing the fight against houthi rebels preview also violence in ecuador,yemen
1136,thursday briefing the fight against houthi rebels preview also violence in ecuador,ecuador
1140,standoff at presidential palace shows poland s right won t go quietly the incident escalated a campaign by the ousted law and justice party to resist the transfer of power after it lost its parliamentary majority in october,poland
1145,after red sea barrage by houthis u s and allies weigh retaliation american officials and their allies warned that there would be consequences for the houthis the iranian backed armed group that has disrupted shipping in the red sea,iran
1154,hamas says hostages won t go home alive as long as israeli forces remain in gaza netanyahu faces growing pressure to get the more than 100 hostages still held in gaza home safely,lebanon
1154,hamas says hostages won t go home alive as long as israeli forces remain in gaza netanyahu faces growing pressure to get the more than 100 hostages still held in gaza home safely,palestine
1154,hamas says hostages won t go home alive as long as israeli forces remain in gaza netanyahu faces growing pressure to get the more than 100 hostages still held in gaza home safely,israel
1171,desantis and haley clash over military aid to ukraine nikki haley said u s aid to ukraine was essential to preventing a broader conflict while ron desantis said he didn t want the u s to be dragged into a war with no clear end,ukraine
1174,thursday briefing houthi attacks in the red sea,yemen
1231,blinken meets with el sisi in egypt to discuss plight of palestinians in gaza the u s secretary of state also planned to talk about how to prevent the violence in the mideast from escalating further as iran backed militias ramp up attacks,egypt
1231,blinken meets with el sisi in egypt to discuss plight of palestinians in gaza the u s secretary of state also planned to talk about how to prevent the violence in the mideast from escalating further as iran backed militias ramp up attacks,palestine
1231,blinken meets with el sisi in egypt to discuss plight of palestinians in gaza the u s secretary of state also planned to talk about how to prevent the violence in the mideast from escalating further as iran backed militias ramp up attacks,iran
1233,inspections bottlenecks and safety concerns hinder gaza aid obstacles at two border crossings are exacerbating a growing humanitarian crisis according to two u s senators and officials with the u n and other groups,palestine
1239,papua new guinea leader declares state of emergency after violent riots there were signs the authorities had regained some control but the extent of damage and casualties from the unrest remained unclear,papua new guinea
1247,finland extends closure of border with russia late last year finland accused moscow of facilitating an influx of migrants and shut its land border crossings with russia,finland
1247,finland extends closure of border with russia late last year finland accused moscow of facilitating an influx of migrants and shut its land border crossings with russia,russia
1249,u s military aid to ukraine was poorly tracked pentagon report says the report found that american officials and diplomats had failed to quickly or fully account for all of the nearly 40 000 weapons sent to the front,ukraine
1282,israel and hamas are in talks to deliver medicine to hostages in gaza more than 120 hostages are believed to still be held in gaza and many suffer from health conditions that require regular medical care,israel
1282,israel and hamas are in talks to deliver medicine to hostages in gaza more than 120 hostages are believed to still be held in gaza and many suffer from health conditions that require regular medical care,lebanon
1282,israel and hamas are in talks to deliver medicine to hostages in gaza more than 120 hostages are believed to still be held in gaza and many suffer from health conditions that require regular medical care,palestine
1310,blinken talks a grand vision for mideast peace but hits a wall in israel secretary of state antony j blinken conducted marathon diplomacy around the region but israeli leaders focused on war with hamas showed no interest in meeting demands like palestinian statehood,israel
1310,blinken talks a grand vision for mideast peace but hits a wall in israel secretary of state antony j blinken conducted marathon diplomacy around the region but israeli leaders focused on war with hamas showed no interest in meeting demands like palestinian statehood,lebanon
1310,blinken talks a grand vision for mideast peace but hits a wall in israel secretary of state antony j blinken conducted marathon diplomacy around the region but israeli leaders focused on war with hamas showed no interest in meeting demands like palestinian statehood,palestine
1313,nowhere is safe in gaza south africa accuses israel of genocide south africa began laying out its case that israel is acting with genocidal intent in gaza to the international court of justice in the hague,palestine
1313,nowhere is safe in gaza south africa accuses israel of genocide south africa began laying out its case that israel is acting with genocidal intent in gaza to the international court of justice in the hague,south africa
1313,nowhere is safe in gaza south africa accuses israel of genocide south africa began laying out its case that israel is acting with genocidal intent in gaza to the international court of justice in the hague,israel
1326,israel faces accusation of genocide as south africa brings case to u n court arguing to a packed courtroom at the international court of justice in the hague south african lawyers cited the words of israeli officials as evidence in their case israel has categorically denied the accusation,israel
1326,israel faces accusation of genocide as south africa brings case to u n court arguing to a packed courtroom at the international court of justice in the hague south african lawyers cited the words of israeli officials as evidence in their case israel has categorically denied the accusation,south africa
1331,u s missiles strike targets in yemen linked to the houthi militia the american led strikes came in response to more than two dozen houthi drone and missile attacks against commercial shipping in the red sea since the israel hamas war began,yemen
1331,u s missiles strike targets in yemen linked to the houthi militia the american led strikes came in response to more than two dozen houthi drone and missile attacks against commercial shipping in the red sea since the israel hamas war began,israel
1331,u s missiles strike targets in yemen linked to the houthi militia the american led strikes came in response to more than two dozen houthi drone and missile attacks against commercial shipping in the red sea since the israel hamas war began,lebanon
1331,u s missiles strike targets in yemen linked to the houthi militia the american led strikes came in response to more than two dozen houthi drone and missile attacks against commercial shipping in the red sea since the israel hamas war began,palestine
1338,who are the houthis and why is the u s attacking them the iranian backed militia has launched dozens of attacks on commercial ships in the red sea since the war between israel and hamas started,iran
1338,who are the houthis and why is the u s attacking them the iranian backed militia has launched dozens of attacks on commercial ships in the red sea since the war between israel and hamas started,israel
1338,who are the houthis and why is the u s attacking them the iranian backed militia has launched dozens of attacks on commercial ships in the red sea since the war between israel and hamas started,lebanon
1338,who are the houthis and why is the u s attacking them the iranian backed militia has launched dozens of attacks on commercial ships in the red sea since the war between israel and hamas started,palestine
1341,read biden s full statement on the strikes in yemen the president directed u s military forces to strike a number of targets used by the houthi militia after attacks on ships in the red sea,yemen
1347,u s and allies hit yemen with airstrikes videos verified by the new york times show explosions in yemen that targeted the houthi militia group which has been responsible for attacks against commercial shipping in the red sea,yemen
1355,taiwan party reviled by china battles to prove its staying power the democratic progressive party has transformed taiwan into a bastion against chinese power now it is promising a mix of change and continuity,taiwan
1355,taiwan party reviled by china battles to prove its staying power the democratic progressive party has transformed taiwan into a bastion against chinese power now it is promising a mix of change and continuity,china
1371,accused of genocide israelis see reversal of reality palestinians see justice israel stands accused of committing genocide in gaza to israelis the charge is a perversion of history but for palestinians it creates a fleeting sense of justice,israel
1371,accused of genocide israelis see reversal of reality palestinians see justice israel stands accused of committing genocide in gaza to israelis the charge is a perversion of history but for palestinians it creates a fleeting sense of justice,palestine
1396,don t turn away from the charges of genocide against israel south africa s case before the international court of justice is crammed with evidence of breaches of the 1948 international genocide convention,israel
1396,don t turn away from the charges of genocide against israel south africa s case before the international court of justice is crammed with evidence of breaches of the 1948 international genocide convention,south africa
1413,u s led strikes draw fury from iran other critics also included militias allied with iran as well as oman a u s ally that often mediates between the houthis and international parties,iran
1413,u s led strikes draw fury from iran other critics also included militias allied with iran as well as oman a u s ally that often mediates between the houthis and international parties,oman
1422,russell hamler last of world war ii s merrill s marauders dies at 99 the foot soldiers marched and fought through harsh mountainous jungle on a mission to seize a japanese held airfield dozens did not survive,japan
1425,strikes are extremely unlikely to deter houthis experts say u s led airstrikes in yemen could play into the agenda of the houthis who have built their legitimacy on hostility toward the united states and israel scholars said,yemen
1425,strikes are extremely unlikely to deter houthis experts say u s led airstrikes in yemen could play into the agenda of the houthis who have built their legitimacy on hostility toward the united states and israel scholars said,israel
1430,what to know about the international court of justice the united nations highest judicial body held two days of hearings this week in a case by south africa accusing israel of committing genocide against palestinians in gaza,south africa
1430,what to know about the international court of justice the united nations highest judicial body held two days of hearings this week in a case by south africa accusing israel of committing genocide against palestinians in gaza,israel
1430,what to know about the international court of justice the united nations highest judicial body held two days of hearings this week in a case by south africa accusing israel of committing genocide against palestinians in gaza,palestine
1433,biden trump and the 24 election playing political pundit readers discuss whether president biden should run the effect of third parties and campaign strategy also the g o p debate surrogacy gaza the sphere,palestine
1455,the regional war no one wanted is here how wide will it get with the u s led attacks in yemen there is no longer a question of whether the israel hamas war will escalate into a wider conflict the question is whether it can be contained,yemen
1455,the regional war no one wanted is here how wide will it get with the u s led attacks in yemen there is no longer a question of whether the israel hamas war will escalate into a wider conflict the question is whether it can be contained,israel
1455,the regional war no one wanted is here how wide will it get with the u s led attacks in yemen there is no longer a question of whether the israel hamas war will escalate into a wider conflict the question is whether it can be contained,lebanon
1455,the regional war no one wanted is here how wide will it get with the u s led attacks in yemen there is no longer a question of whether the israel hamas war will escalate into a wider conflict the question is whether it can be contained,palestine
1457,with genocide case against israel south africa challenges western led order after arguing its genocide case against israel at the international court of justice south africa won praise for standing up for palestinians under israeli bombardment in gaza,israel
1457,with genocide case against israel south africa challenges western led order after arguing its genocide case against israel at the international court of justice south africa won praise for standing up for palestinians under israeli bombardment in gaza,south africa
1457,with genocide case against israel south africa challenges western led order after arguing its genocide case against israel at the international court of justice south africa won praise for standing up for palestinians under israeli bombardment in gaza,palestine
1458,c i a homes in on hamas leadership u s officials say a new task force at the spy agency is also working to boost intelligence collection on hostages still held in gaza,lebanon
1458,c i a homes in on hamas leadership u s officials say a new task force at the spy agency is also working to boost intelligence collection on hostages still held in gaza,palestine
1471,the price of carbon emissions plunged in 2022 and that s not good new data shed light on how difficult choices stemming from the war in ukraine changed energy policy,ukraine
1511,u s strikes against houthis in yemen for second day as conflict escalates the military fired at a target in response to rising attacks on red sea shipping which the houthis linked to the war between israel and hamas,yemen
1511,u s strikes against houthis in yemen for second day as conflict escalates the military fired at a target in response to rising attacks on red sea shipping which the houthis linked to the war between israel and hamas,israel
1511,u s strikes against houthis in yemen for second day as conflict escalates the military fired at a target in response to rising attacks on red sea shipping which the houthis linked to the war between israel and hamas,lebanon
1511,u s strikes against houthis in yemen for second day as conflict escalates the military fired at a target in response to rising attacks on red sea shipping which the houthis linked to the war between israel and hamas,palestine
1516,u s led strikes leave yemen back on the brink of war yemen s houthi militia shaped by years of civil war says that it welcomes a battle with the united states and that strikes will not stop its red sea attacks,yemen
1517,ecuador s attorney general took on drug gangs then chaos broke out explosive revelations by the country s top prosecutor showed links between cartels and officials a move that might be kicking the hornet s nest,ecuador
1518,in a setback for beijing taiwan elects lai ching te as president taiwan s vice president whose party has emphasized the island s sovereignty defeated an opposition party that favors reviving engagement with china,china
1518,in a setback for beijing taiwan elects lai ching te as president taiwan s vice president whose party has emphasized the island s sovereignty defeated an opposition party that favors reviving engagement with china,taiwan
1528,russia targets ukraine with large scale missile attack the assault was in line with a wider air campaign that russia began in late december seeking to wear down ukrainian air defenses,russia
1528,russia targets ukraine with large scale missile attack the assault was in line with a wider air campaign that russia began in late december seeking to wear down ukrainian air defenses,ukraine
1540,russia regains upper hand in ukraine s east as kyiv s troops struggle ukrainians are weary short of ammunition and outnumbered and their prospects look bleak we can stop them for now but who knows one soldier said tomorrow or the next day maybe we can t stop them,russia
1540,russia regains upper hand in ukraine s east as kyiv s troops struggle ukrainians are weary short of ammunition and outnumbered and their prospects look bleak we can stop them for now but who knows one soldier said tomorrow or the next day maybe we can t stop them,ukraine
1549,a russian dissident s fraught path to canadian citizenship maria kartasheva was sentenced in absentia by a moscow court for criticizing the war in ukraine threatening her citizenship application in canada,russia
1549,a russian dissident s fraught path to canadian citizenship maria kartasheva was sentenced in absentia by a moscow court for criticizing the war in ukraine threatening her citizenship application in canada,ukraine
1549,a russian dissident s fraught path to canadian citizenship maria kartasheva was sentenced in absentia by a moscow court for criticizing the war in ukraine threatening her citizenship application in canada,canada
1552,u n warns gaza is heading for famine as specter of wider war looms officials of the iran backed houthi militia in yemen threatened to respond to american led airstrikes over the past two days,palestine
1552,u n warns gaza is heading for famine as specter of wider war looms officials of the iran backed houthi militia in yemen threatened to respond to american led airstrikes over the past two days,iran
1552,u n warns gaza is heading for famine as specter of wider war looms officials of the iran backed houthi militia in yemen threatened to respond to american led airstrikes over the past two days,yemen
1556,the things we disagree on about gaza readers challenge me on my criticism of israel s bombardment,palestine
1556,the things we disagree on about gaza readers challenge me on my criticism of israel s bombardment,israel
1566,china failed to sway taiwan s election what happens now beijing loathes the new president lai ching te he aims to protect the status quo with caution and american help but tensions are likely to rise,china
1566,china failed to sway taiwan s election what happens now beijing loathes the new president lai ching te he aims to protect the status quo with caution and american help but tensions are likely to rise,taiwan
1575,two seal team members missing after incident off somalia coast the sailors were said to have disappeared into the water after a vessel boarding attempt pentagon officials said the episode was not related to recent clashes with the houthi militia in yemen,somalia
1575,two seal team members missing after incident off somalia coast the sailors were said to have disappeared into the water after a vessel boarding attempt pentagon officials said the episode was not related to recent clashes with the houthi militia in yemen,yemen
1602,how taiwan s election fits into the island s past and its future tensions over the island s status have flared repeatedly for decades especially as washington s relationship with china has grown more strained,taiwan
1602,how taiwan s election fits into the island s past and its future tensions over the island s status have flared repeatedly for decades especially as washington s relationship with china has grown more strained,china
1614,war or no war many older ukrainians want to stay put the front line in ukraine is largely peopled by the elderly these days some can t afford to get out others say they won t abandon their homes,ukraine
1616,north korea test fires intermediate range ballistic missile the launch the first by the north this year indicates that the country may be developing a new missile that could threaten u s military bases in the region,north korea
1619,as war enters 100th day netanyahu vows to keep fighting in gaza the prime minister of israel struck a defiant tone after hearings at the hague where israel has been accused of genocide,israel
1619,as war enters 100th day netanyahu vows to keep fighting in gaza the prime minister of israel struck a defiant tone after hearings at the hague where israel has been accused of genocide,palestine
1623,who is lai ching te taiwan s next president a former doctor with a humble background mr lai is seen as more attuned to the mood of taiwan s people than to the perilous nuances of dealing with beijing,taiwan
1623,who is lai ching te taiwan s next president a former doctor with a humble background mr lai is seen as more attuned to the mood of taiwan s people than to the perilous nuances of dealing with beijing,china
1647,u s and iran battle through proxies warily avoiding each other iran wants to flex its muscles without directly taking on the u s or israel but that cautious strategy is subject to miscalculation on all sides,iran
1647,u s and iran battle through proxies warily avoiding each other iran wants to flex its muscles without directly taking on the u s or israel but that cautious strategy is subject to miscalculation on all sides,israel
1660,the social contract has been completely ruptured ireland s housing crisis soaring rents have left many struggling to afford homes in dublin and have created a generational divide two thirds of younger adults in the city live with their parents,ireland
1662,monday briefing 100 days of war in gaza,palestine
1675,taiwan loses ally to china after electing president loathed by beijing the tiny pacific island of nauru severed relations with taiwan a move that boosts china s regional sway and was seemingly timed to taiwan s contentious recent election,taiwan
1675,taiwan loses ally to china after electing president loathed by beijing the tiny pacific island of nauru severed relations with taiwan a move that boosts china s regional sway and was seemingly timed to taiwan s contentious recent election,china
1675,taiwan loses ally to china after electing president loathed by beijing the tiny pacific island of nauru severed relations with taiwan a move that boosts china s regional sway and was seemingly timed to taiwan s contentious recent election,nauru
1684,they thought they knew death but that didn t prepare them for oct 7 volunteers with zaka an israeli group that recovers dead bodies were among the first to reach the victims of the hamas led attacks the trauma of what they witnessed may last a lifetime,israel
1684,they thought they knew death but that didn t prepare them for oct 7 volunteers with zaka an israeli group that recovers dead bodies were among the first to reach the victims of the hamas led attacks the trauma of what they witnessed may last a lifetime,lebanon
1684,they thought they knew death but that didn t prepare them for oct 7 volunteers with zaka an israeli group that recovers dead bodies were among the first to reach the victims of the hamas led attacks the trauma of what they witnessed may last a lifetime,palestine
1688,the war has reined in ukraine s oligarchs at least for now oligarchs have lost billions from the shelling of their factories and the government has used its wartime powers to break their political influence,ukraine
1711,soccer player detained by turkey after message of support for israel the player sagiv jehezkel displayed a pro israel message after scoring on sunday and was promptly suspended by his club he was released after questioning and returned to israel,turkey
1711,soccer player detained by turkey after message of support for israel the player sagiv jehezkel displayed a pro israel message after scoring on sunday and was promptly suspended by his club he was released after questioning and returned to israel,israel
1712,hamas says two more israeli hostages are dead the group said the two were killed by israeli airstrikes which the israeli military said was at least partly false,lebanon
1712,hamas says two more israeli hostages are dead the group said the two were killed by israeli airstrikes which the israeli military said was at least partly false,palestine
1712,hamas says two more israeli hostages are dead the group said the two were killed by israeli airstrikes which the israeli military said was at least partly false,israel
1714,car ramming attack in israel kills 1 and wounds 17 officials say two palestinian men were arrested according to the police who said the incident was being treated as a terrorist attack the french government said two of those injured were french nationals,israel
1714,car ramming attack in israel kills 1 and wounds 17 officials say two palestinian men were arrested according to the police who said the incident was being treated as a terrorist attack the french government said two of those injured were french nationals,palestine
1735,britain moves to ban the islamist group hizb ut tahrir the government said it would designate the international islamist political group a terrorist organization citing what it said was hizb ut tahrir s praise for the oct 7 attack on israel,israel
1739,israeli teenager recounts her time as a hostage in gaza hila rotem shoshani 13 is the youngest of the hostages freed from gaza to speak out about the harsh conditions in which they were held,israel
1739,israeli teenager recounts her time as a hostage in gaza hila rotem shoshani 13 is the youngest of the hostages freed from gaza to speak out about the harsh conditions in which they were held,palestine
1752,iran launches missile strikes in iraq and syria citing terrorist attacks explosions shook erbil a city in northern iraq and at least four civilians were killed local officials said syrian targets were also hit iran s revolutionary guards said,iran
1752,iran launches missile strikes in iraq and syria citing terrorist attacks explosions shook erbil a city in northern iraq and at least four civilians were killed local officials said syrian targets were also hit iran s revolutionary guards said,iraq
1752,iran launches missile strikes in iraq and syria citing terrorist attacks explosions shook erbil a city in northern iraq and at least four civilians were killed local officials said syrian targets were also hit iran s revolutionary guards said,syria
1753,houthis undeterred by strikes target more ships in red sea the iranian backed militants launched a fresh round of attacks days after their military sites were hit by u s and british forces,iran
1777,tuesday briefing a houthi attack on a u s owned ship,yemen
1782,putin is making his plans brutally clear ukrainians know that when it comes to vladimir putin one must not trust what he says but watch what he does,russia
1795,north korea says it is no longer interested in reunifying with the south abandoning the longtime goal however unlikely kim jong un the north s leader instead threatened to subjugate south korea in war,north korea
1795,north korea says it is no longer interested in reunifying with the south abandoning the longtime goal however unlikely kim jong un the north s leader instead threatened to subjugate south korea in war,south korea
1817,senate rejects israel human rights measure but skepticism on aid persists senators voted to kill a resolution that would have ordered the administration to assess whether israel has violated human rights but the debate highlighted democratic resistance to providing unfettered aid,israel
1826,israel unearths more of a subterranean fortress under gaza the israeli military has been surprised by the extent depth and quality of the tunnel network beneath gaza,israel
1826,israel unearths more of a subterranean fortress under gaza the israeli military has been surprised by the extent depth and quality of the tunnel network beneath gaza,palestine
1835,2 missing seals were on mission to stop yemen bound iranian weapons u s says the seized items including missile guidance systems and warheads were for the iran backed houthi militia which has been targeting ships in the red sea the pentagon said,yemen
1835,2 missing seals were on mission to stop yemen bound iranian weapons u s says the seized items including missile guidance systems and warheads were for the iran backed houthi militia which has been targeting ships in the red sea the pentagon said,iran
1837,zelensky calls for peace not more weapons in davos in a speech in switzerland the ukrainian president asked for more sanctions on moscow but he did not appeal for weaponry for new offenses,ukraine
1837,zelensky calls for peace not more weapons in davos in a speech in switzerland the ukrainian president asked for more sanctions on moscow but he did not appeal for weaponry for new offenses,switzerland
1837,zelensky calls for peace not more weapons in davos in a speech in switzerland the ukrainian president asked for more sanctions on moscow but he did not appeal for weaponry for new offenses,russia
1861,u s strikes houthi targets in yemen for a third time the american strikes destroyed four missiles that posed a threat to ships in the red sea the pentagon said they came on the third day in a row the houthis have defiantly fired at passing ships,yemen
1863,trump s landslide victory in iowa readers offer their takeaways from the republican caucuses also young voters u s strikes in yemen genocide charges against israel,yemen
1863,trump s landslide victory in iowa readers offer their takeaways from the republican caucuses also young voters u s strikes in yemen genocide charges against israel,israel
1868,zvi zamir israeli spy chief in a critical period dies at 98 he led the mossad s response to the massacre of 11 israelis at the 1972 olympics a year later he learned that egypt and syria were about to attack israel,israel
1868,zvi zamir israeli spy chief in a critical period dies at 98 he led the mossad s response to the massacre of 11 israelis at the 1972 olympics a year later he learned that egypt and syria were about to attack israel,egypt
1868,zvi zamir israeli spy chief in a critical period dies at 98 he led the mossad s response to the massacre of 11 israelis at the 1972 olympics a year later he learned that egypt and syria were about to attack israel,syria
1875,biden invites congressional leaders to white house to discuss aid to ukraine president biden s request for more than 110 billion in assistance for ukraine israel and the border has been held up by a dispute with republicans on capitol hill,ukraine
1875,biden invites congressional leaders to white house to discuss aid to ukraine president biden s request for more than 110 billion in assistance for ukraine israel and the border has been held up by a dispute with republicans on capitol hill,israel
1878,deadly iranian strikes in iraq and pakistan inflame regional tensions iran says its missile strikes were aimed at militant groups behind attacks on its territory but pakistan and iraq rejected that explanation,iran
1878,deadly iranian strikes in iraq and pakistan inflame regional tensions iran says its missile strikes were aimed at militant groups behind attacks on its territory but pakistan and iraq rejected that explanation,iraq
1878,deadly iranian strikes in iraq and pakistan inflame regional tensions iran says its missile strikes were aimed at militant groups behind attacks on its territory but pakistan and iraq rejected that explanation,pakistan
1896,macron promising a more dynamic france vows to break taboos the president also said during a televised appearance he would fight to the last to prevent the far right leader marine le pen from succeeding him,france
1897,trump left iowa with momentum and a court date also the u s struck houthi targets for a third time here s the latest at the end of tuesday,yemen
1902,the genocide charge against israel is a moral obscenity in a war the killing ends when one side stops fighting in a genocide that s when the killing begins,israel
1904,hamas rocket barrage stirs debate in israel over direction of war right wing lawmakers said the attack on tuesday showed the folly of withdrawing some troops from the gaza strip while israel s government faces international pressure to scale back further,lebanon
1904,hamas rocket barrage stirs debate in israel over direction of war right wing lawmakers said the attack on tuesday showed the folly of withdrawing some troops from the gaza strip while israel s government faces international pressure to scale back further,palestine
1904,hamas rocket barrage stirs debate in israel over direction of war right wing lawmakers said the attack on tuesday showed the folly of withdrawing some troops from the gaza strip while israel s government faces international pressure to scale back further,israel
1913,u s to return houthis to terrorism list the move is a partial return to a tougher trump administration stance toward the iran backed group which has attacked commercial ships in the red sea and the gulf of aden,iran
1917,wednesday briefing u s attacks in yemen,yemen
1921,a peaceful solution on taiwan is slipping away taiwan s election showed that the island s people want their freedom leaving china few options aside from war to achieve the unification it desires,taiwan
1921,a peaceful solution on taiwan is slipping away taiwan s election showed that the island s people want their freedom leaving china few options aside from war to achieve the unification it desires,china
1922,team biden needs a reset on israel the administration has failed to achieve its goals on israeli policies and actions it should change course,israel
1961,ann arbor school board set to vote on israel gaza ceasefire resolution the proposed resolution has divided the left leaning michigan college town home to sizable arab and jewish populations,israel
1961,ann arbor school board set to vote on israel gaza ceasefire resolution the proposed resolution has divided the left leaning michigan college town home to sizable arab and jewish populations,palestine
1975,polish truckers lift border blockade with ukraine the suspension of the protest until march while its leaders talk with the polish government promises some relief for ukraine s flagging economy,ukraine
1977,iranian strike leaves pakistan with no easy options for response retaliation could risk drawing the country which is already mired in political and economic crises into middle east upheaval that it has so far avoided,iran
1977,iranian strike leaves pakistan with no easy options for response retaliation could risk drawing the country which is already mired in political and economic crises into middle east upheaval that it has so far avoided,pakistan
1979,fireworks factory explosion in thailand kills at least 20 the blast leveled the facility and was the second such deadly accident in the country since 2022 the police are investigating the cause,thailand
1987,iran says missile strikes show it will be tough and decisive with foes the country has hit targets in syria iraq and pakistan with missiles this week signaling to hard line supporters that it is not passive in the face of threats,iran
1987,iran says missile strikes show it will be tough and decisive with foes the country has hit targets in syria iraq and pakistan with missiles this week signaling to hard line supporters that it is not passive in the face of threats,syria
1987,iran says missile strikes show it will be tough and decisive with foes the country has hit targets in syria iraq and pakistan with missiles this week signaling to hard line supporters that it is not passive in the face of threats,iraq
1987,iran says missile strikes show it will be tough and decisive with foes the country has hit targets in syria iraq and pakistan with missiles this week signaling to hard line supporters that it is not passive in the face of threats,pakistan
2004,johnson casts doubt on border deal to unlock ukraine aid defying biden a white house meeting between the president and congressional leaders did little to break the stalemate over aid to ukraine as the republican speaker insisted on a tougher immigration crackdown,ukraine
2011,france rejects genocide accusations against israel in gaza to accuse the jewish state of genocide is to cross a moral threshold france s foreign minister said on wednesday,france
2011,france rejects genocide accusations against israel in gaza to accuse the jewish state of genocide is to cross a moral threshold france s foreign minister said on wednesday,israel
2011,france rejects genocide accusations against israel in gaza to accuse the jewish state of genocide is to cross a moral threshold france s foreign minister said on wednesday,palestine
2033,sunak quells rebellion on immigration for now the british prime minister s plan to send refugees to rwanda passed a critical vote but more hurdles lie ahead,rwanda
2040,justices seemed inclined to limit a key regulatory power also u s leaders clashed over ukraine aid here s the latest at the end of wednesday,ukraine
2044,as if we didn t have enough to frighten us north korea is acting strangely and some veteran analysts fear war,north korea
2048,as fighting intensifies in southern gaza palestinians flee hospital refuge israel and hamas are battling near a hospital in khan younis near where the military said it had detected mortar fire about 7 000 people had sought shelter on the hospital grounds the u n said,palestine
2048,as fighting intensifies in southern gaza palestinians flee hospital refuge israel and hamas are battling near a hospital in khan younis near where the military said it had detected mortar fire about 7 000 people had sought shelter on the hospital grounds the u n said,israel
2048,as fighting intensifies in southern gaza palestinians flee hospital refuge israel and hamas are battling near a hospital in khan younis near where the military said it had detected mortar fire about 7 000 people had sought shelter on the hospital grounds the u n said,lebanon
2049,u s moves to bar guatemala s ex president from entry the decision against alejandro giammattei who is accused of accepting bribes signaled u s support for a new anticorruption drive in guatemala,guatemala
2059,pakistan retaliates with strikes inside iran as tensions spill over the exchange of attacks came as the upheaval sweeping the middle east threatened to expand,pakistan
2059,pakistan retaliates with strikes inside iran as tensions spill over the exchange of attacks came as the upheaval sweeping the middle east threatened to expand,iran
2062,thursday briefing missile strikes by iran,iran
2063,ann arbor school board passes resolution supporting cease fire in gaza in a raucous meeting the board became one of the first in the country to vote for a statement supporting an end to hostilities in the israel hamas war,palestine
2063,ann arbor school board passes resolution supporting cease fire in gaza in a raucous meeting the board became one of the first in the country to vote for a statement supporting an end to hostilities in the israel hamas war,israel
2063,ann arbor school board passes resolution supporting cease fire in gaza in a raucous meeting the board became one of the first in the country to vote for a statement supporting an end to hostilities in the israel hamas war,lebanon
2064,a week after deadly riots a fragile peace in papua new guinea a wage dispute prompted violent unrest in the pacific nation which experts call evidence of the effects of its demographic challenges,papua new guinea
2100,see the rapid expansion of tent camps in southern gaza satellite images show the huge influx of displaced people in rafah as more evacuees have moved south to avoid areas under israeli bombardment,palestine
2100,see the rapid expansion of tent camps in southern gaza satellite images show the huge influx of displaced people in rafah as more evacuees have moved south to avoid areas under israeli bombardment,israel
2109,iran s new missile fleet part deterrent part sales pitch last year the world discovered that iran s drones were becoming world class threats and a favorite of the russians now its revived missile fleet is drawing attention too,iran
2109,iran s new missile fleet part deterrent part sales pitch last year the world discovered that iran s drones were becoming world class threats and a favorite of the russians now its revived missile fleet is drawing attention too,russia
2136,protests in russia put spotlight on wartime ethnic grievances the trial and conviction of an activist in the ural mountains region sparked one of the biggest outbreaks of social unrest since the start of the war,russia
2139,houthi leader says clash with u s will strengthen militia group abdul malik al houthi said in a televised speech that the houthis had always emerged stronger from confrontations with their enemies,yemen
2139,houthi leader says clash with u s will strengthen militia group abdul malik al houthi said in a televised speech that the houthis had always emerged stronger from confrontations with their enemies,mali
2158,netanyahu rebuffs u s calls to start working toward palestinian statehood the biden administration and the israeli government diverge sharply over how gaza should be governed when the war ends,israel
2158,netanyahu rebuffs u s calls to start working toward palestinian statehood the biden administration and the israeli government diverge sharply over how gaza should be governed when the war ends,palestine
2175,why iran is the common link in conflicts from gaza to pakistan iran s long history of building up proxy forces that fight its enemies around the region as well as its conflicts with separatist and terrorist groups have played into a spate of recent conflicts,iran
2175,why iran is the common link in conflicts from gaza to pakistan iran s long history of building up proxy forces that fight its enemies around the region as well as its conflicts with separatist and terrorist groups have played into a spate of recent conflicts,palestine
2175,why iran is the common link in conflicts from gaza to pakistan iran s long history of building up proxy forces that fight its enemies around the region as well as its conflicts with separatist and terrorist groups have played into a spate of recent conflicts,pakistan
2176,friday briefing pakistan retaliates with strikes in iran also corruption accusations in singapore and travel predictions,pakistan
2176,friday briefing pakistan retaliates with strikes in iran also corruption accusations in singapore and travel predictions,iran
2176,friday briefing pakistan retaliates with strikes in iran also corruption accusations in singapore and travel predictions,singapore
2178,friday briefing pakistan retaliates with strikes in iran also corruption accusations in singapore,pakistan
2178,friday briefing pakistan retaliates with strikes in iran also corruption accusations in singapore,iran
2178,friday briefing pakistan retaliates with strikes in iran also corruption accusations in singapore,singapore
2189,justice department found unimaginable failure in uvalde response also fighting has eased in northern gaza here s the latest at the end of thursday,palestine
2214,israeli women fight on front line in gaza a first after a long struggle for acceptance israel s female combat soldiers are pushing new boundaries after rushing into battle on oct 7,israel
2214,israeli women fight on front line in gaza a first after a long struggle for acceptance israel s female combat soldiers are pushing new boundaries after rushing into battle on oct 7,palestine
2222,how biden s immigration fight threatens his biggest foreign policy win the debate over immigration in the united states is spilling over into other parts of president biden s agenda particularly the war in ukraine,ukraine
2226,in no position to fight a war pakistan seeks an off ramp with iran for two years pakistan has struggled with economic and political crises an increase in militant attacks and souring relations with another neighbor afghanistan,pakistan
2226,in no position to fight a war pakistan seeks an off ramp with iran for two years pakistan has struggled with economic and political crises an increase in militant attacks and souring relations with another neighbor afghanistan,iran
2226,in no position to fight a war pakistan seeks an off ramp with iran for two years pakistan has struggled with economic and political crises an increase in militant attacks and souring relations with another neighbor afghanistan,afghanistan
2236,the subversive act of photographing palestinian life the photographer adam rouhana documents palestinians in the face of imagery that often dehumanizes them,palestine
2264,israeli soccer player in turkey removed over gaza war post the player eden karzev was fined and moved to an israeli team he is the second israeli pro this week to run afoul of a turkish team for displaying pro israel messages,israel
2264,israeli soccer player in turkey removed over gaza war post the player eden karzev was fined and moved to an israeli team he is the second israeli pro this week to run afoul of a turkish team for displaying pro israel messages,turkey
2264,israeli soccer player in turkey removed over gaza war post the player eden karzev was fined and moved to an israeli team he is the second israeli pro this week to run afoul of a turkish team for displaying pro israel messages,palestine
2281,ukraine targets russian oil plants aiming to disrupt military operations kyiv hit an oil depot on friday the latest in recent attacks on such facilities as it seeks to inflict damage away from the largely deadlocked front line,ukraine
2281,ukraine targets russian oil plants aiming to disrupt military operations kyiv hit an oil depot on friday the latest in recent attacks on such facilities as it seeks to inflict damage away from the largely deadlocked front line,russia
2283,often rumored dead sudanese general takes a victory tour lt gen mohamed hamdan was greeted by african leaders as if he had already won sudan s civil war his forces have secretly been armed by the united arab emirates an as yet unpublished u n report found,sudan
2283,often rumored dead sudanese general takes a victory tour lt gen mohamed hamdan was greeted by african leaders as if he had already won sudan s civil war his forces have secretly been armed by the united arab emirates an as yet unpublished u n report found,united arab emirates
2284,families head to guantanamo bay seeking justice in bali bombing case relatives of victims of the 2002 attack are expected to describe their loss to a u s military jury sentencing two malaysian prisoners,malaysia
2288,making changes to u s immigration policy readers discuss a guest essay suggesting ways to fix the immigration crisis also aid to ukraine nikki haley and the confederate flag botox,ukraine
2303,netanyahu is turning against biden israel has been at war with hamas for over 100 days and still has over 100 hostages to recover but netanyahu s no 1 focus is netanyahu,israel
2303,netanyahu is turning against biden israel has been at war with hamas for over 100 days and still has over 100 hostages to recover but netanyahu s no 1 focus is netanyahu,lebanon
2303,netanyahu is turning against biden israel has been at war with hamas for over 100 days and still has over 100 hostages to recover but netanyahu s no 1 focus is netanyahu,palestine
2315,biden presses netanyahu on working toward a palestinian state the two leaders spoke for the first time in weeks their call came a day after the israeli leader rebuffed u s efforts to pressure him into a two state solution,israel
2315,biden presses netanyahu on working toward a palestinian state the two leaders spoke for the first time in weeks their call came a day after the israeli leader rebuffed u s efforts to pressure him into a two state solution,palestine
2324,in davos israel s hostages get a hearing i say a jewish prayer and ask let today be the day says the mother of a hostage,israel
2329,the u s strikes more houthi sites in yemen the strikes the sixth round in 10 days targeted houthi missiles that were poised to attack merchant and military vessels in the red sea according to a white house official,yemen
2330,with deal close on border and ukraine republican rifts threaten to kill both a divided g o p coalesced behind a bit of legislative extortion no ukraine aid without a border crackdown now they are split over how large a price to demand imperiling both initiatives,ukraine
2353,divisions emerging in israel over gaza war protesters demanded action to free hostages a war cabinet minister criticized the military campaign and the israeli prime minister publicly ruled out a two state solution rebuffing the u s,israel
2353,divisions emerging in israel over gaza war protesters demanded action to free hostages a war cabinet minister criticized the military campaign and the israeli prime minister publicly ruled out a two state solution rebuffing the u s,palestine
2376,police chief is indicted over south korea s deadly crowd crush kim kwang ho charged with negligence is one of the most senior officials to face legal consequences for the october 2022 disaster that killed nearly 160 people in seoul,south korea
2399,in strategic bind israel weighs freeing hostages against destroying hamas some israeli commanders said the government s two main goals were mutually incompatible to eradicate hamas the military would have to engage in a lengthy war that would most likely cost the hostages lives,israel
2399,in strategic bind israel weighs freeing hostages against destroying hamas some israeli commanders said the government s two main goals were mutually incompatible to eradicate hamas the military would have to engage in a lengthy war that would most likely cost the hostages lives,lebanon
2399,in strategic bind israel weighs freeing hostages against destroying hamas some israeli commanders said the government s two main goals were mutually incompatible to eradicate hamas the military would have to engage in a lengthy war that would most likely cost the hostages lives,palestine
2400,as missiles strike a radio station broadcasts the rage of a battered city kharkiv in northern ukraine is under almost daily bombardment radio boiling over serves as a megaphone for residents fears and frustrations,ukraine
2415,no end in sight evacuated israeli city braces for possible war with hezbollah as tensions escalated on israel s northern border with lebanon after oct 7 israel evacuated tens of thousands of residents from the region including from kiryat shmona a town with 24 000 people months later evacuees remain in limbo and the mayor insists they cannot return until hezbollah militants are pushed back,israel
2415,no end in sight evacuated israeli city braces for possible war with hezbollah as tensions escalated on israel s northern border with lebanon after oct 7 israel evacuated tens of thousands of residents from the region including from kiryat shmona a town with 24 000 people months later evacuees remain in limbo and the mayor insists they cannot return until hezbollah militants are pushed back,lebanon
2419,no end in sight evacuated israeli city braces for possible war with hezbollah as tensions escalated on israel s northern border with lebanon after oct 7 israel evacuated tens of thousands of residents from the region including from kiryat shmona a town with 24 000 people months later evacuees remain in limbo and the mayor insists they cannot return until hezbollah militants are pushed back,israel
2419,no end in sight evacuated israeli city braces for possible war with hezbollah as tensions escalated on israel s northern border with lebanon after oct 7 israel evacuated tens of thousands of residents from the region including from kiryat shmona a town with 24 000 people months later evacuees remain in limbo and the mayor insists they cannot return until hezbollah militants are pushed back,lebanon
2428,airstrike in syria kills 4 iranian military advisers officials say iran accused israel of launching a strike that destroyed a building in damascus syria killing members of its powerful revolutionary guards forces,syria
2428,airstrike in syria kills 4 iranian military advisers officials say iran accused israel of launching a strike that destroyed a building in damascus syria killing members of its powerful revolutionary guards forces,iran
2428,airstrike in syria kills 4 iranian military advisers officials say iran accused israel of launching a strike that destroyed a building in damascus syria killing members of its powerful revolutionary guards forces,israel
2431,lev rubinstein russian poet and a critic of putin is dead at 76 he helped found an avant garde movement fusing art and prose and was outspoken against the invasion of ukraine he died after he was hit by a car in moscow,russia
2431,lev rubinstein russian poet and a critic of putin is dead at 76 he helped found an avant garde movement fusing art and prose and was outspoken against the invasion of ukraine he died after he was hit by a car in moscow,ukraine
2432,palestinian american teenager is killed in the west bank tawfic abdel jabbar 17 who was fatally shot on friday was raised in new orleans and had planned to attend business school there,palestine
2438,attacks in syria and iraq ratchet tensions in a region already on edge a senior iranian intelligence official was killed in an israeli strike in damascus as u s troops came under attack in iraq,syria
2438,attacks in syria and iraq ratchet tensions in a region already on edge a senior iranian intelligence official was killed in an israeli strike in damascus as u s troops came under attack in iraq,iraq
2438,attacks in syria and iraq ratchet tensions in a region already on edge a senior iranian intelligence official was killed in an israeli strike in damascus as u s troops came under attack in iraq,iran
2438,attacks in syria and iraq ratchet tensions in a region already on edge a senior iranian intelligence official was killed in an israeli strike in damascus as u s troops came under attack in iraq,israel
2444,how houthi attacks have upended global shipping hundreds of ships are avoiding the red sea and sailing an extra 4 000 miles around africa because of the houthi attacks and it comes at considerable economic cost,yemen
2446,as switzerland s glaciers shrink a way of life may melt away rising temperatures and retreating glaciers threaten europe s water tower forcing local farmers to adapt and presaging larger troubles downstream,switzerland
2468,is kim jong un really planning an attack this time an intensification of nuclear threats from north korea while the world is preoccupied with other wars has ignited an urgent debate over mr kim s motives,north korea
2469,he loved basketball and wanted to help his family stores a bullet ended it all a palestinian american teenager was killed by gunfire the west bank this is a shock to the whole family the community and anyone else with a heart that knows him a relative said,palestine
2471,netanyahu restates opposition to two state solution despite pressure from biden the israeli prime minister said that he had long opposed a palestinian state because it would constitute an existential danger to israel,israel
2471,netanyahu restates opposition to two state solution despite pressure from biden the israeli prime minister said that he had long opposed a palestinian state because it would constitute an existential danger to israel,palestine
2486,deadly blast hits market in ukrainian city controlled by russia officials say the pro moscow authorities in the eastern city of donetsk said 25 people were killed and 20 others were wounded it was not possible to independently confirm which side launched the strike,russia
2486,deadly blast hits market in ukrainian city controlled by russia officials say the pro moscow authorities in the eastern city of donetsk said 25 people were killed and 20 others were wounded it was not possible to independently confirm which side launched the strike,ukraine
2488,deep under gaza evidence of cells and hostages israel says the israeli military took reporters on a tour of an underground compound in the gazan city of khan younis where it says about 20 hostages were held by hamas,palestine
2488,deep under gaza evidence of cells and hostages israel says the israeli military took reporters on a tour of an underground compound in the gazan city of khan younis where it says about 20 hostages were held by hamas,israel
2488,deep under gaza evidence of cells and hostages israel says the israeli military took reporters on a tour of an underground compound in the gazan city of khan younis where it says about 20 hostages were held by hamas,lebanon
2490,u n chief says gaza death toll is unacceptable as it passes 25 000 palestinian authorities said on sunday that more than 25 000 people had been killed in the gaza strip in the israel s military response to the oct 7 attacks,palestine
2490,u n chief says gaza death toll is unacceptable as it passes 25 000 palestinian authorities said on sunday that more than 25 000 people had been killed in the gaza strip in the israel s military response to the oct 7 attacks,israel
2494,u s and european officials push for gaza aid to pass through an israeli port the ultimate goal officials said is to establish a workable alternative to delivering aid via egypt in a way that satisfies israel s demand for security checks,palestine
2494,u s and european officials push for gaza aid to pass through an israeli port the ultimate goal officials said is to establish a workable alternative to delivering aid via egypt in a way that satisfies israel s demand for security checks,israel
2494,u s and european officials push for gaza aid to pass through an israeli port the ultimate goal officials said is to establish a workable alternative to delivering aid via egypt in a way that satisfies israel s demand for security checks,egypt
2496,monday briefing u s pushes for new hostage talks plus the meaning of north korea s threats,north korea
2515,modi opens a giant temple in a triumph for india s hindu nationalists the temple inaugurated by the prime minister is on the disputed site of a centuries old mosque destroyed in a hindu mob attack that set a precedent of impunity in cases of violence against muslims,india
2517,monday briefing the latest from the war in gaza,palestine
2520,why iran doesn t want a war iran is asserting its military strength amid the widening regional turmoil in the middle east that doesn t mean its leaders want to be drawn into a wider war,iran
2522,2 navy seals declared dead after mission to stop iranian weapons the u s military has ended a 10 day search for the commandos who went overboard during the mission off the somalia coast,iran
2522,2 navy seals declared dead after mission to stop iranian weapons the u s military has ended a 10 day search for the commandos who went overboard during the mission off the somalia coast,somalia
2523,israel s foreign minister speaks in brussels amid discord at home over the war israel s foreign minister was in brussels on monday to address his counterparts from the european union as part of a diplomatic battle to win support from the bloc amid deepening criticism over the human toll of the war and prime minister benjamin netanyahu s refusal to consider palestinian statehood,israel
2523,israel s foreign minister speaks in brussels amid discord at home over the war israel s foreign minister was in brussels on monday to address his counterparts from the european union as part of a diplomatic battle to win support from the bloc amid deepening criticism over the human toll of the war and prime minister benjamin netanyahu s refusal to consider palestinian statehood,belgium
2523,israel s foreign minister speaks in brussels amid discord at home over the war israel s foreign minister was in brussels on monday to address his counterparts from the european union as part of a diplomatic battle to win support from the bloc amid deepening criticism over the human toll of the war and prime minister benjamin netanyahu s refusal to consider palestinian statehood,palestine
2566,the decline of deaths in gaza the daily death toll in gaza has fallen in half over the past month reflecting a change in war strategy,palestine
2568,in a sign of the war s shift daily deaths in gaza are falling data shows for more than a month now the biden administration and other allies of israel have been urging its leaders to scale back the war in gaza and reduce civilian casualties it s now clear that israel s leaders have followed the advice at least partially the most tangible sign of the change is the decline in deaths among gazan residents as reported by the hamas controlled local government,palestine
2568,in a sign of the war s shift daily deaths in gaza are falling data shows for more than a month now the biden administration and other allies of israel have been urging its leaders to scale back the war in gaza and reduce civilian casualties it s now clear that israel s leaders have followed the advice at least partially the most tangible sign of the change is the decline in deaths among gazan residents as reported by the hamas controlled local government,israel
2568,in a sign of the war s shift daily deaths in gaza are falling data shows for more than a month now the biden administration and other allies of israel have been urging its leaders to scale back the war in gaza and reduce civilian casualties it s now clear that israel s leaders have followed the advice at least partially the most tangible sign of the change is the decline in deaths among gazan residents as reported by the hamas controlled local government,lebanon
2589,protesters storm meeting at israel s parliament to demand more action on hostages advocates and relatives of hostages urged lawmakers to do more to free their loved ones shame on you one yelled,israel
2590,fighting intensifies in southern gaza and its main city khan younis the whole district of khan younis is essentially besieged a spokeswoman for the palestinian red crescent society said,palestine
2594,a new concern on the ukrainian battlefield north korea s latest missiles as the war approaches its second anniversary the russians are beginning to deploy north korean arms worsening ukraine s troubles while it still awaits new air defenses from the united states,north korea
2594,a new concern on the ukrainian battlefield north korea s latest missiles as the war approaches its second anniversary the russians are beginning to deploy north korean arms worsening ukraine s troubles while it still awaits new air defenses from the united states,russia
2594,a new concern on the ukrainian battlefield north korea s latest missiles as the war approaches its second anniversary the russians are beginning to deploy north korean arms worsening ukraine s troubles while it still awaits new air defenses from the united states,ukraine
2616,tuesday briefing north korean missiles in ukraine plus a revolutionary way to feed the world,north korea
2616,tuesday briefing north korean missiles in ukraine plus a revolutionary way to feed the world,ukraine
2625,bali bombers may return to malaysia after sentencing the two prisoners have admitted to conspiring with an affiliate of al qaeda that carried out a deadly bombing in indonesia two decades ago,malaysia
2625,bali bombers may return to malaysia after sentencing the two prisoners have admitted to conspiring with an affiliate of al qaeda that carried out a deadly bombing in indonesia two decades ago,indonesia
2627,u s expands attacks on houthis with new strikes in yemen the strikes against eight sites come as the iran backed militant group remains defiant and the region teeters on the edge of a wider war,yemen
2627,u s expands attacks on houthis with new strikes in yemen the strikes against eight sites come as the iran backed militant group remains defiant and the region teeters on the edge of a wider war,iran
2647,israel e u meeting on gaza s future yields division and confusion europeans insisting on palestinian statehood are frustrated by israel s opposition and lack of a postwar plan for the devastated gaza strip,israel
2647,israel e u meeting on gaza s future yields division and confusion europeans insisting on palestinian statehood are frustrated by israel s opposition and lack of a postwar plan for the devastated gaza strip,palestine
2649,ex u s soldier who killed iraqi civilian charged with attacking police on jan 6 edward richmond jr 40 of geismar la was convicted of manslaughter after he shot a cow herder in iraq in 2004 he now faces felony assault charges in connection to the 2021 capitol riot,iraq
2663,tuesday briefing strikes by britain and the u s in yemen,yemen
2669,a post on gaza leads to turmoil at australia s public broadcaster the hiring and forced departure of a lebanese australian journalist has exposed long simmering issues at one of the country s most trusted institutions,palestine
2669,a post on gaza leads to turmoil at australia s public broadcaster the hiring and forced departure of a lebanese australian journalist has exposed long simmering issues at one of the country s most trusted institutions,australia
2703,stripped beaten or vanished israel s treatment of gaza detainees raises alarm a u n office said israel s detention and treatment of detainees might amount to torture it estimated thousands had been detained and held in horrific conditions some were freed wearing only diapers,israel
2703,stripped beaten or vanished israel s treatment of gaza detainees raises alarm a u n office said israel s detention and treatment of detainees might amount to torture it estimated thousands had been detained and held in horrific conditions some were freed wearing only diapers,palestine
2704,israel says its military has encircled khan younis in gaza the fighting in the southern city has involved heavy exchanges of gunfire and a surge of tanks and troops into areas around hospitals,israel
2704,israel says its military has encircled khan younis in gaza the fighting in the southern city has involved heavy exchanges of gunfire and a surge of tanks and troops into areas around hospitals,palestine
2709,russian missiles hit ukrainian cities amid fears over air defenses the assault killed at least five people and wounded scores in kyiv and kharkiv ukraine is pushing for further american military aid which has been stalled in congress,russia
2709,russian missiles hit ukrainian cities amid fears over air defenses the assault killed at least five people and wounded scores in kyiv and kharkiv ukraine is pushing for further american military aid which has been stalled in congress,ukraine
2732,after years f b i recovers remains of american woman in afghanistan the recovery of cydney mizell an aid worker abducted in 2008 demonstrates the intricacies of tracking down hostages particularly in a country where the united states no longer has a presence,afghanistan
2754,there is no safety gazans scramble to find shelter as israeli attacks intensify palestinians in gaza are packing up and moving on some for the fifth sixth or seventh time,israel
2754,there is no safety gazans scramble to find shelter as israeli attacks intensify palestinians in gaza are packing up and moving on some for the fifth sixth or seventh time,palestine
2769,turkey backs sweden s nato bid the vote in the turkish parliament puts the nordic nation closer to joining the military alliance easing months of friction that have impeded efforts by the west to isolate russia over its war in ukraine,turkey
2769,turkey backs sweden s nato bid the vote in the turkish parliament puts the nordic nation closer to joining the military alliance easing months of friction that have impeded efforts by the west to isolate russia over its war in ukraine,sweden
2769,turkey backs sweden s nato bid the vote in the turkish parliament puts the nordic nation closer to joining the military alliance easing months of friction that have impeded efforts by the west to isolate russia over its war in ukraine,russia
2769,turkey backs sweden s nato bid the vote in the turkish parliament puts the nordic nation closer to joining the military alliance easing months of friction that have impeded efforts by the west to isolate russia over its war in ukraine,ukraine
2774,what is nato and how has the war in ukraine changed it this western mutual defense alliance is central to the pushback against russia even though ukraine is not a member,ukraine
2774,what is nato and how has the war in ukraine changed it this western mutual defense alliance is central to the pushback against russia even though ukraine is not a member,russia
2787,nikki haley battles long odds in new hampshire also turkey backed sweden s nato bid here s the latest at the end of tuesday,turkey
2787,nikki haley battles long odds in new hampshire also turkey backed sweden s nato bid here s the latest at the end of tuesday,sweden
2790,u s strikes 3 sites in iraq linked to militias blamed for base attack the strikes were in direct response to a series of attacks by iranian sponsored militias against u s and coalition personnel in iraq and syria the defense secretary said,iraq
2790,u s strikes 3 sites in iraq linked to militias blamed for base attack the strikes were in direct response to a series of attacks by iranian sponsored militias against u s and coalition personnel in iraq and syria the defense secretary said,iran
2790,u s strikes 3 sites in iraq linked to militias blamed for base attack the strikes were in direct response to a series of attacks by iranian sponsored militias against u s and coalition personnel in iraq and syria the defense secretary said,syria
2794,israeli soldiers clearing buffer zone in gaza die in blast on the deadliest day for israelis since the ground invasion against hamas began about 20 soldiers were killed as they prepared to level buildings near the border,israel
2794,israeli soldiers clearing buffer zone in gaza die in blast on the deadliest day for israelis since the ground invasion against hamas began about 20 soldiers were killed as they prepared to level buildings near the border,palestine
2794,israeli soldiers clearing buffer zone in gaza die in blast on the deadliest day for israelis since the ground invasion against hamas began about 20 soldiers were killed as they prepared to level buildings near the border,lebanon
2795,the meaning of gaza s tunnels hamas could have devoted its money and time to building a future for its people not a fortress for itself,palestine
2795,the meaning of gaza s tunnels hamas could have devoted its money and time to building a future for its people not a fortress for itself,lebanon
2797,biden brushing off gaza protesters at rally calls for restoring abortion rights the event was interrupted by at least 10 people protesting the war in gaza but the president focused on calling attention to restrictive abortion laws,palestine
2811,the u s strikes 2 more houthi targets in yemen the attacks the ninth in two weeks hit anti ship missiles that the iran backed militia could use against merchant and navy ships in the region,yemen
2811,the u s strikes 2 more houthi targets in yemen the attacks the ninth in two weeks hit anti ship missiles that the iran backed militia could use against merchant and navy ships in the region,iran
2832,how a ragtag militia in yemen became a nimble u s foe the iran backed houthis perfected the tactics of irregular warfare during years of conflict against a saudi led coalition military officials say,yemen
2832,how a ragtag militia in yemen became a nimble u s foe the iran backed houthis perfected the tactics of irregular warfare during years of conflict against a saudi led coalition military officials say,iran
2834,honed at home in yemen houthi propaganda is going global as the war in gaza gives the houthi militia an international audience the group has seized the opportunity to take its message far beyond yemen s borders,yemen
2834,honed at home in yemen houthi propaganda is going global as the war in gaza gives the houthi militia an international audience the group has seized the opportunity to take its message far beyond yemen s borders,palestine
2843,the man who could unseat netanyahu in the wake of the oct 7 attacks benny gantz has emerged as the most likely candidate to take on israel s current prime minister,israel
2859,israel orders evacuation of packed gaza area with 2 major hospitals hundreds of thousands of people most of them already displaced by the war are in the evacuation zone part of the city of khan younis the united nations said,israel
2859,israel orders evacuation of packed gaza area with 2 major hospitals hundreds of thousands of people most of them already displaced by the war are in the evacuation zone part of the city of khan younis the united nations said,palestine
2867,military plane crashes in russia killing all aboard moscow says the russian defense ministry claimed that the transport plane was carrying 65 ukrainian prisoners of war and accused ukraine of shooting it down the claims could not be independently verified,russia
2867,military plane crashes in russia killing all aboard moscow says the russian defense ministry claimed that the transport plane was carrying 65 ukrainian prisoners of war and accused ukraine of shooting it down the claims could not be independently verified,ukraine
2879,orban uses sweden s nato bid to take center stage in europe the hungarian leader has repeatedly opposed european efforts to boost europe s security in response to russia s invasion of ukraine he also blocked a 52 billion aid package for ukraine,sweden
2879,orban uses sweden s nato bid to take center stage in europe the hungarian leader has repeatedly opposed european efforts to boost europe s security in response to russia s invasion of ukraine he also blocked a 52 billion aid package for ukraine,russia
2879,orban uses sweden s nato bid to take center stage in europe the hungarian leader has repeatedly opposed european efforts to boost europe s security in response to russia s invasion of ukraine he also blocked a 52 billion aid package for ukraine,ukraine
2880,russian military plane crashes near border with ukraine a video verified by the new york times showed a large plane crashing and exploding in yablonovo a town in the belgorod region of russia,russia
2880,russian military plane crashes near border with ukraine a video verified by the new york times showed a large plane crashing and exploding in yablonovo a town in the belgorod region of russia,ukraine
2885,britain s foreign secretary pressures netanyahu on more aid for gaza the scale of suffering in gaza is unimaginable david cameron said after his meeting with the israeli prime minister urging a sustainable cease fire,israel
2885,britain s foreign secretary pressures netanyahu on more aid for gaza the scale of suffering in gaza is unimaginable david cameron said after his meeting with the israeli prime minister urging a sustainable cease fire,palestine
2907,israel and hamas s cease fire and hostage deal proposals what to know the negotiations continue but the sides are far apart on issues including the fate of hamas s top leadership in the gaza strip,israel
2907,israel and hamas s cease fire and hostage deal proposals what to know the negotiations continue but the sides are far apart on issues including the fate of hamas s top leadership in the gaza strip,lebanon
2907,israel and hamas s cease fire and hostage deal proposals what to know the negotiations continue but the sides are far apart on issues including the fate of hamas s top leadership in the gaza strip,palestine
2958,biden urges congress to quickly approve f 16 sale to turkey the white house sent a letter to four senior lawmakers one day after turkey s parliament voted to allow sweden to join nato,turkey
2958,biden urges congress to quickly approve f 16 sale to turkey the white house sent a letter to four senior lawmakers one day after turkey s parliament voted to allow sweden to join nato,sweden
2960,israel tries to rebut genocide charge by declassifying cabinet decisions south africa has accused israel of committing genocide in gaza israel s legal team has challenged the charge by providing the court with secret orders made by israel s civilian and military leaders,israel
2960,israel tries to rebut genocide charge by declassifying cabinet decisions south africa has accused israel of committing genocide in gaza israel s legal team has challenged the charge by providing the court with secret orders made by israel s civilian and military leaders,south africa
2960,israel tries to rebut genocide charge by declassifying cabinet decisions south africa has accused israel of committing genocide in gaza israel s legal team has challenged the charge by providing the court with secret orders made by israel s civilian and military leaders,palestine
2964,no time to go wobbly why britain is lobbying u s republicans on ukraine the u k often a wingman to the united states in defense is pushing its ally to stand firm against president vladimir v putin amid fears that russia poses an existential threat to europe,ukraine
2964,no time to go wobbly why britain is lobbying u s republicans on ukraine the u k often a wingman to the united states in defense is pushing its ally to stand firm against president vladimir v putin amid fears that russia poses an existential threat to europe,u k
2964,no time to go wobbly why britain is lobbying u s republicans on ukraine the u k often a wingman to the united states in defense is pushing its ally to stand firm against president vladimir v putin amid fears that russia poses an existential threat to europe,russia
3012,for second time this month a politician is attacked in south korea bae hyunjin of the country s governing party was assaulted in seoul and taken to a hospital the attack came three weeks after another politician was stabbed,south korea
3025,ukraine searches for answers on russian plane crash moscow has accused ukraine of downing the craft which it says carried 65 ukrainian p o w s the claims cannot be independently verified kyiv says russia is exploiting the episode for propaganda,ukraine
3025,ukraine searches for answers on russian plane crash moscow has accused ukraine of downing the craft which it says carried 65 ukrainian p o w s the claims cannot be independently verified kyiv says russia is exploiting the episode for propaganda,russia
3038,russian court jails woman over blast that killed influential military blogger daria trepova gave maksim fomin who was known more popularly as vladlen tatarsky a statuette that contained a bomb,russia
3052,qatar expresses anger over netanyahu s leaked criticism in a recording that aired on israeli television a voice that appears to be prime minister benjamin netanyahu s called qatar s role as a mediator problematic because of its relationship to hamas,qatar
3052,qatar expresses anger over netanyahu s leaked criticism in a recording that aired on israeli television a voice that appears to be prime minister benjamin netanyahu s called qatar s role as a mediator problematic because of its relationship to hamas,israel
3052,qatar expresses anger over netanyahu s leaked criticism in a recording that aired on israeli television a voice that appears to be prime minister benjamin netanyahu s called qatar s role as a mediator problematic because of its relationship to hamas,lebanon
3052,qatar expresses anger over netanyahu s leaked criticism in a recording that aired on israeli television a voice that appears to be prime minister benjamin netanyahu s called qatar s role as a mediator problematic because of its relationship to hamas,palestine
3060,plans for gaza s day after seem ever distant the very idea that there will be a clear line between war and peace is misleading given the politics security needs and anxieties of all sides,palestine
3061,u s is watching north korea for signs of lethal military action a shift by kim jong un north korea s leader toward open hostility against south korea is alarming but does not indicate he is about to start a full scale war officials say,north korea
3061,u s is watching north korea for signs of lethal military action a shift by kim jong un north korea s leader toward open hostility against south korea is alarming but does not indicate he is about to start a full scale war officials say,south korea
3070,sweden s leader says he will meet with orban to advance nato bid the hungarian leader viktor orban invited his swedish counterpart to budapest for talks hungary is the last country to vote to accept sweden s bid to join nato after turkey s parliament did so this week,sweden
3070,sweden s leader says he will meet with orban to advance nato bid the hungarian leader viktor orban invited his swedish counterpart to budapest for talks hungary is the last country to vote to accept sweden s bid to join nato after turkey s parliament did so this week,hungary
3070,sweden s leader says he will meet with orban to advance nato bid the hungarian leader viktor orban invited his swedish counterpart to budapest for talks hungary is the last country to vote to accept sweden s bid to join nato after turkey s parliament did so this week,turkey
3078,what to know about the u n court s initial ruling in the genocide case against israel the international court of justice ruled that israel must take steps to prevent genocide in gaza but stopped short of demanding a stop to its military offensive,israel
3078,what to know about the u n court s initial ruling in the genocide case against israel the international court of justice ruled that israel must take steps to prevent genocide in gaza but stopped short of demanding a stop to its military offensive,palestine
3102,u s sensing opportunity makes new push for gaza cease fire william burns the c i a director planned to meet israeli egyptian and qatari officials in europe to try to secure a deal to release the hamas hostages and a pause in the combat,palestine
3102,u s sensing opportunity makes new push for gaza cease fire william burns the c i a director planned to meet israeli egyptian and qatari officials in europe to try to secure a deal to release the hamas hostages and a pause in the combat,israel
3102,u s sensing opportunity makes new push for gaza cease fire william burns the c i a director planned to meet israeli egyptian and qatari officials in europe to try to secure a deal to release the hamas hostages and a pause in the combat,egypt
3102,u s sensing opportunity makes new push for gaza cease fire william burns the c i a director planned to meet israeli egyptian and qatari officials in europe to try to secure a deal to release the hamas hostages and a pause in the combat,qatar
3102,u s sensing opportunity makes new push for gaza cease fire william burns the c i a director planned to meet israeli egyptian and qatari officials in europe to try to secure a deal to release the hamas hostages and a pause in the combat,lebanon
3112,an unlikely new threat to haiti s stability an armed environmental group the country s political crisis grew more volatile this week after an armed environmental brigade allied with a former coup leader began demanding the prime minister s ouster,haiti
3120,indigenous australians plan to go bigger on australia day invasion day is the reason why we re all here today but we must go beyond that one activist said,australia
3138,in angola a former cold war rival blinken touts u s investments secretary of state antony j blinken finished a four nation tour of africa with a visit to angola site of major new u s investments which may help counter china s influence,angola
3138,in angola a former cold war rival blinken touts u s investments secretary of state antony j blinken finished a four nation tour of africa with a visit to angola site of major new u s investments which may help counter china s influence,china
3140,friday briefing the uncertain future for gaza,palestine
3141,south africa sees its moral conscience in a genocide case for some south africans their nation s charge of genocide against israel evokes the ideals of the anti apartheid struggle,south africa
3141,south africa sees its moral conscience in a genocide case for some south africans their nation s charge of genocide against israel evokes the ideals of the anti apartheid struggle,israel
3151,kenyan court blocks deployment of police force to haiti a contingent of 1 000 kenyan officers was intended to lead a multinational force financed by the united states to restore security in a caribbean country terrorized by armed gangs,kenya
3151,kenyan court blocks deployment of police force to haiti a contingent of 1 000 kenyan officers was intended to lead a multinational force financed by the united states to restore security in a caribbean country terrorized by armed gangs,haiti
3171,gen z is listening to what netanyahu is saying is biden israel is losing the support of a generation not just a few student groups and it is losing it because of what it does not what it is,israel
3172,a child of another war who makes music for ukrainians mirza ramic a bosnian who sought refuge in the united states is bringing his electronic music to ukraine to show my support in these hard times,bosnia and herzegovina
3172,a child of another war who makes music for ukrainians mirza ramic a bosnian who sought refuge in the united states is bringing his electronic music to ukraine to show my support in these hard times,ukraine
3200,read the i c j ruling the international court of justice issued a preliminary ruling in a case accusing israel of committing genocide in gaza,israel
3200,read the i c j ruling the international court of justice issued a preliminary ruling in a case accusing israel of committing genocide in gaza,palestine
3212,israeli leaders slam u n court ruling but applaud lack of cease fire order prime minister benjamin netanyahu called the genocide charge against israel outrageous but said the u n court had upheld the country s right of self defense,israel
3216,u n to investigate claim that employees participated in oct 7 attack the united states temporarily cut off funding to unrwa the agency that aids palestinians citing allegations that 12 of its workers were involved in the hamas led assault on southern israel,palestine
3216,u n to investigate claim that employees participated in oct 7 attack the united states temporarily cut off funding to unrwa the agency that aids palestinians citing allegations that 12 of its workers were involved in the hamas led assault on southern israel,lebanon
3216,u n to investigate claim that employees participated in oct 7 attack the united states temporarily cut off funding to unrwa the agency that aids palestinians citing allegations that 12 of its workers were involved in the hamas led assault on southern israel,israel
3225,genocide ruling has deep symbolism but little immediate effect the decision by the world court did not order israel to cease its war against hamas in gaza but the court made a move imbued with historical meaning,israel
3225,genocide ruling has deep symbolism but little immediate effect the decision by the world court did not order israel to cease its war against hamas in gaza but the court made a move imbued with historical meaning,lebanon
3225,genocide ruling has deep symbolism but little immediate effect the decision by the world court did not order israel to cease its war against hamas in gaza but the court made a move imbued with historical meaning,palestine
3228,does barbie deserve all the hype pamela paul thinks not our letter writers are split also donald trump s opposition to a border deal in congress an israel hamas cease fire,israel
3228,does barbie deserve all the hype pamela paul thinks not our letter writers are split also donald trump s opposition to a border deal in congress an israel hamas cease fire,lebanon
3228,does barbie deserve all the hype pamela paul thinks not our letter writers are split also donald trump s opposition to a border deal in congress an israel hamas cease fire,palestine
3256,u n court stops short of calling for cease fire in gaza the international court of justice ordered israel to take actions to prevent genocide against palestinians in gaza,palestine
3256,u n court stops short of calling for cease fire in gaza the international court of justice ordered israel to take actions to prevent genocide against palestinians in gaza,israel
3264,palestinian americans lawsuit in oakland seeks to halt u s support for israel the case filed in federal district court in northern california is unlikely to succeed given legal precedents regarding foreign policy decisions but it has energized pro palestinian activists,palestine
3264,palestinian americans lawsuit in oakland seeks to halt u s support for israel the case filed in federal district court in northern california is unlikely to succeed given legal precedents regarding foreign policy decisions but it has energized pro palestinian activists,israel
3267,trump ordered to pay carroll 83 3 million also a u n court ordered israel to prevent genocide,israel
3270,what to know about the u n aid agency for palestinians long a vital lifeline for gazans the agency known as unrwa was a point of contention with israel long before some of its workers were accused of taking part in the oct 7 attacks on israel,palestine
3270,what to know about the u n aid agency for palestinians long a vital lifeline for gazans the agency known as unrwa was a point of contention with israel long before some of its workers were accused of taking part in the oct 7 attacks on israel,israel
3273,u n court orders israel to prevent genocide but does not demand stop to war the top united nations court in the hague did not rule on whether israel was committing genocide in gaza the accusation that south africa brought before the court,israel
3273,u n court orders israel to prevent genocide but does not demand stop to war the top united nations court in the hague did not rule on whether israel was committing genocide in gaza the accusation that south africa brought before the court,palestine
3273,u n court orders israel to prevent genocide but does not demand stop to war the top united nations court in the hague did not rule on whether israel was committing genocide in gaza the accusation that south africa brought before the court,south africa
3274,bali bombing conspirators get 5 more years at guantanamo bay a military jury sentenced two malaysian men to 23 years for helping perpetrators of the bombing that killed 202 people but a side deal reduced the punishment,malaysia
3277,state dept tells congress it has approved sale of f 16 jets to turkey the department received documents on friday signed by turkey s leader approving sweden s long delayed entry into nato the alliance now awaits word from the lone holdout hungary,turkey
3277,state dept tells congress it has approved sale of f 16 jets to turkey the department received documents on friday signed by turkey s leader approving sweden s long delayed entry into nato the alliance now awaits word from the lone holdout hungary,sweden
3277,state dept tells congress it has approved sale of f 16 jets to turkey the department received documents on friday signed by turkey s leader approving sweden s long delayed entry into nato the alliance now awaits word from the lone holdout hungary,hungary
3308,how leaders and diplomats are trying to end the gaza war top american israeli and arab officials are seeking to forge three parallel but related deals that could end the war in gaza finalize its postwar status and most ambitiously set commitments for the creation of a palestinian state,palestine
3308,how leaders and diplomats are trying to end the gaza war top american israeli and arab officials are seeking to forge three parallel but related deals that could end the war in gaza finalize its postwar status and most ambitiously set commitments for the creation of a palestinian state,israel
3315,what worries me about war with china after my visit to taiwan some well meaning u s efforts to help taiwan may end up provoking china when we should be trying to lower tensions,china
3315,what worries me about war with china after my visit to taiwan some well meaning u s efforts to help taiwan may end up provoking china when we should be trying to lower tensions,taiwan
3320,netanyahu s cynical political game he has managed to alienate israel s most important allies,israel
3326,israel has history of friction with u n agency for palestinians palestinians see unrwa as an essential lifeline for millions of descendants of refugees in israel however many see the agency as an obstacle to resolving the israeli palestinian conflict,israel
3326,israel has history of friction with u n agency for palestinians palestinians see unrwa as an essential lifeline for millions of descendants of refugees in israel however many see the agency as an obstacle to resolving the israeli palestinian conflict,palestine
3328,on holocaust memorial day germans rally against far right and for democracy large crowds have protested since it was revealed that members of the far right alternative for germany party had met with neo nazis and those calling for a mass deportation,germany
3338,major donors pause funding for u n agency as scandal widens the actions came as specific horrific details were more widely shared by the u n and israel,israel
3341,negotiators close in on hostage deal that would halt fighting in gaza for weeks a written draft agreement calls for the phased release of captives held by hamas in exchange for a cessation in israel s military offensive for about two months,palestine
3341,negotiators close in on hostage deal that would halt fighting in gaza for weeks a written draft agreement calls for the phased release of captives held by hamas in exchange for a cessation in israel s military offensive for about two months,lebanon
3341,negotiators close in on hostage deal that would halt fighting in gaza for weeks a written draft agreement calls for the phased release of captives held by hamas in exchange for a cessation in israel s military offensive for about two months,israel
3344,two days of horror doctor documents scene at nasser hospital dr ahmed moghrabi a surgeon who has worked at nasser medical complex for three years said that the pressure is very big at the hospital as israeli forces surrounded khan younis gaza,israel
3344,two days of horror doctor documents scene at nasser hospital dr ahmed moghrabi a surgeon who has worked at nasser medical complex for three years said that the pressure is very big at the hospital as israeli forces surrounded khan younis gaza,palestine
3353,finland s presidential election first since joining nato heads to runoff voting took place as the alliance s newest member grapples with concerns about potential aggression from its neighbor russia,finland
3353,finland s presidential election first since joining nato heads to runoff voting took place as the alliance s newest member grapples with concerns about potential aggression from its neighbor russia,russia
3360,where is hamas getting its weapons increasingly from israel the very weapons that israeli forces have used to enforce a blockade of gaza are now being used against them,lebanon
3360,where is hamas getting its weapons increasingly from israel the very weapons that israeli forces have used to enforce a blockade of gaza are now being used against them,palestine
3360,where is hamas getting its weapons increasingly from israel the very weapons that israeli forces have used to enforce a blockade of gaza are now being used against them,israel
3366,talks in paris will focus on a hostage deal that could pause the fighting in gaza american led negotiators are edging closer to an agreement in which israel would suspend its war in gaza for about two months in exchange for the release of more than 100 hostages still held by hamas a deal that could be sealed in the next two weeks and will be the subject of talks in paris on sunday,france
3366,talks in paris will focus on a hostage deal that could pause the fighting in gaza american led negotiators are edging closer to an agreement in which israel would suspend its war in gaza for about two months in exchange for the release of more than 100 hostages still held by hamas a deal that could be sealed in the next two weeks and will be the subject of talks in paris on sunday,palestine
3366,talks in paris will focus on a hostage deal that could pause the fighting in gaza american led negotiators are edging closer to an agreement in which israel would suspend its war in gaza for about two months in exchange for the release of more than 100 hostages still held by hamas a deal that could be sealed in the next two weeks and will be the subject of talks in paris on sunday,israel
3366,talks in paris will focus on a hostage deal that could pause the fighting in gaza american led negotiators are edging closer to an agreement in which israel would suspend its war in gaza for about two months in exchange for the release of more than 100 hostages still held by hamas a deal that could be sealed in the next two weeks and will be the subject of talks in paris on sunday,lebanon
3370,after two years of bloody fighting ukraine wrestles with conscription a proposed bill on mobilization has become the focus of a debate as more men dodge the draft and calls rise to demobilize exhausted soldiers,ukraine
3379,after help from kenyan police is blocked haitians ask what now as haiti sank into gang dominated chaos kenya promised to send officers to pacify the streets now a court has rejected that plan and there does not seem to be another,kenya
3379,after help from kenyan police is blocked haitians ask what now as haiti sank into gang dominated chaos kenya promised to send officers to pacify the streets now a court has rejected that plan and there does not seem to be another,haiti
3386,if we want to live in a world with rules they have to apply to israel too whatever the eventual outcome of the genocide case it sets up an epic battle over the meaning and values of the so called rules based order,israel
3394,israel moves to block protesters from preventing flow of aid into gaza the israeli military has declared the area around the kerem shalom border crossing a closed military zone,israel
3394,israel moves to block protesters from preventing flow of aid into gaza the israeli military has declared the area around the kerem shalom border crossing a closed military zone,palestine
3399,ukraine accuses defense company of embezzling 40 million the case comes as the kyiv government tries to emphasize its focus on fighting graft,ukraine
3401,3 american soldiers killed in drone strike in jordan u s says the white house blamed an iranian backed militia for the attack the deaths were the first known fatalities of u s forces from hostile fire in the turmoil spreading in the middle east,jordan
3401,3 american soldiers killed in drone strike in jordan u s says the white house blamed an iranian backed militia for the attack the deaths were the first known fatalities of u s forces from hostile fire in the turmoil spreading in the middle east,iran
3402,three african juntas leave regional bloc accusing it of inhumane sanctions the sanctions were imposed after soldiers seized power in mali niger and burkina faso,mali
3402,three african juntas leave regional bloc accusing it of inhumane sanctions the sanctions were imposed after soldiers seized power in mali niger and burkina faso,niger
3402,three african juntas leave regional bloc accusing it of inhumane sanctions the sanctions were imposed after soldiers seized power in mali niger and burkina faso,burkina faso
3404,how unrwa donor countries have responded to israel s accusations some countries have re evaluated their support for the main u n agency in gaza after israel accused a dozen agency employees of participating in the oct 7 attacks,israel
3404,how unrwa donor countries have responded to israel s accusations some countries have re evaluated their support for the main u n agency in gaza after israel accused a dozen agency employees of participating in the oct 7 attacks,palestine
3408,monday briefing u s service members killed in jordan also the unrwa is in trouble and an antiwar candidate rises in russia,jordan
3408,monday briefing u s service members killed in jordan also the unrwa is in trouble and an antiwar candidate rises in russia,russia
3412,biden vows to retaliate after strike against american forces in jordan president biden has carefully calibrated his responses to attacks by iranian backed militias since oct 7 now he must decide how far he is willing to go after a drone attack killed three american service members,jordan
3412,biden vows to retaliate after strike against american forces in jordan president biden has carefully calibrated his responses to attacks by iranian backed militias since oct 7 now he must decide how far he is willing to go after a drone attack killed three american service members,iran
3416,pelosi wants f b i to investigate pro palestinian protesters the former house speaker suggested without offering evidence that some protesters calling for a cease fire in gaza had financial ties to russia and vladimir v putin,palestine
3416,pelosi wants f b i to investigate pro palestinian protesters the former house speaker suggested without offering evidence that some protesters calling for a cease fire in gaza had financial ties to russia and vladimir v putin,russia
3418,details emerge on u n workers accused of aiding hamas raid israeli officials have presented evidence they say ties workers at a palestinian aid agency in gaza to violence during the hamas led attack on israel,lebanon
3418,details emerge on u n workers accused of aiding hamas raid israeli officials have presented evidence they say ties workers at a palestinian aid agency in gaza to violence during the hamas led attack on israel,palestine
3418,details emerge on u n workers accused of aiding hamas raid israeli officials have presented evidence they say ties workers at a palestinian aid agency in gaza to violence during the hamas led attack on israel,israel
3422,monday briefing three u s service members were killed in jordan,jordan
3443,for europe and nato a russian invasion is no longer unthinkable amid crumbling u s support for ukraine and donald trump s rising candidacy european nations and nato are making plans to take on russia by themselves,russia
3443,for europe and nato a russian invasion is no longer unthinkable amid crumbling u s support for ukraine and donald trump s rising candidacy european nations and nato are making plans to take on russia by themselves,ukraine
3453,domicide the mass destruction of homes should be a crime against humanity what has happened to homes and lives in gaza is a stand alone crime even if it is physically rebuilt the trauma of losing homes will last for decades,palestine
3462,gaza s food crisis famine has become a central humanitarian concern in the enclave,palestine
3465,iran denies ordering drone strike as biden weighs a response the deaths of three u s service members were the first known fatalities from hostile fire since the start of israel s war against hamas,iran
3465,iran denies ordering drone strike as biden weighs a response the deaths of three u s service members were the first known fatalities from hostile fire since the start of israel s war against hamas,israel
3465,iran denies ordering drone strike as biden weighs a response the deaths of three u s service members were the first known fatalities from hostile fire since the start of israel s war against hamas,lebanon
3465,iran denies ordering drone strike as biden weighs a response the deaths of three u s service members were the first known fatalities from hostile fire since the start of israel s war against hamas,palestine
3490,former n h l player faces sexual assault charges in canada the accusation made in london ontario in 2018 has put the country s hockey organization into turmoil and outraged the public,canada
3490,former n h l player faces sexual assault charges in canada the accusation made in london ontario in 2018 has put the country s hockey organization into turmoil and outraged the public,u k
3496,mix up preceded deadly drone strike in jordan u s officials say the attack on sunday killed three army reservists the first known american military deaths from hostile fire in the turmoil spilling over from israel s war with hamas,jordan
3496,mix up preceded deadly drone strike in jordan u s officials say the attack on sunday killed three army reservists the first known american military deaths from hostile fire in the turmoil spilling over from israel s war with hamas,israel
3496,mix up preceded deadly drone strike in jordan u s officials say the attack on sunday killed three army reservists the first known american military deaths from hostile fire in the turmoil spilling over from israel s war with hamas,lebanon
3496,mix up preceded deadly drone strike in jordan u s officials say the attack on sunday killed three army reservists the first known american military deaths from hostile fire in the turmoil spilling over from israel s war with hamas,palestine
3505,u n to study reports of sexual violence in israel during oct 7 attack a team from the united nations has arrived in israel to examine multiple reports of sexual violence during the hamas led attack,israel
3505,u n to study reports of sexual violence in israel during oct 7 attack a team from the united nations has arrived in israel to examine multiple reports of sexual violence during the hamas led attack,lebanon
3505,u n to study reports of sexual violence in israel during oct 7 attack a team from the united nations has arrived in israel to examine multiple reports of sexual violence during the hamas led attack,palestine
3519,heavy rain and cold worsen conditions for palestinians in gaza days of torrential rains have exacerbated the dire humanitarian crisis in gaza where tens of thousands of people are displaced,palestine
3523,u n agency for palestinians imperiled by terrorism charges donors have pulled funds for the main aid agency in gaza after allegations that some employees took part in the oct 7 attack but it is not clear who would fill the vacuum if it ran out of money,palestine
3524,court clears way for italy to send some asylum seekers to albania the arrangement widely criticized by human rights groups is part of the italian government s efforts to send the message that many undocumented migrants will not be allowed directly into the country,italy
3524,court clears way for italy to send some asylum seekers to albania the arrangement widely criticized by human rights groups is part of the italian government s efforts to send the message that many undocumented migrants will not be allowed directly into the country,albania
3527,defense department identifies 3 soldiers killed at base in jordan officials said the dead were three army reserve soldiers from georgia part of an engineering company trained for deployment at short notice,jordan
3531,officials propose to hamas a six week war pause and a hostage prisoner swap the united states israel egypt and qatar sketched out a bare bones framework in paris qatari officials are awaiting word from hamas,lebanon
3531,officials propose to hamas a six week war pause and a hostage prisoner swap the united states israel egypt and qatar sketched out a bare bones framework in paris qatari officials are awaiting word from hamas,palestine
3531,officials propose to hamas a six week war pause and a hostage prisoner swap the united states israel egypt and qatar sketched out a bare bones framework in paris qatari officials are awaiting word from hamas,israel
3531,officials propose to hamas a six week war pause and a hostage prisoner swap the united states israel egypt and qatar sketched out a bare bones framework in paris qatari officials are awaiting word from hamas,egypt
3531,officials propose to hamas a six week war pause and a hostage prisoner swap the united states israel egypt and qatar sketched out a bare bones framework in paris qatari officials are awaiting word from hamas,qatar
3531,officials propose to hamas a six week war pause and a hostage prisoner swap the united states israel egypt and qatar sketched out a bare bones framework in paris qatari officials are awaiting word from hamas,france
3544,tuesday briefing biden weighs a response to iran,iran
3547,aid group calls halts in funding for unrwa reckless the u s and some other donor countries said they would suspend funding for the agency after israel charged that a dozen of its workers had played a role in the oct 7 attack or its aftermath,israel
3556,imran khan sentenced to 10 years ahead of pakistan s elections the verdict is widely seen as part of a military led campaign to sideline mr khan s political party,pakistan
3557,letter to san zaw htway after the 2021 military coup in myanmar loved ones of the deceased artist and political prisoner san zaw htway wrote him letters as an act of remembrance and hope,myanmar
3558,our friend is gone but he lives through our resistance in myanmar after the 2021 military coup in myanmar loved ones of the deceased artist and political prisoner san zaw htway wrote him letters as an act of remembrance and hope,myanmar
3587,the war the world can t see from outside gaza the scale of death and destruction is impossible to grasp shrouded by communications blackouts restrictions barring international reporters and extreme challenges facing local journalists,palestine
3597,what iran really wants the nation is at the center of the current turmoil in the middle east,iran
3598,israeli forces kill a hamas commander inside a west bank hospital military says surveillance video released by the palestinian authority shows several gunmen in apparent civilian clothing brandishing weapons in the hospital,israel
3598,israeli forces kill a hamas commander inside a west bank hospital military says surveillance video released by the palestinian authority shows several gunmen in apparent civilian clothing brandishing weapons in the hospital,lebanon
3598,israeli forces kill a hamas commander inside a west bank hospital military says surveillance video released by the palestinian authority shows several gunmen in apparent civilian clothing brandishing weapons in the hospital,palestine
3606,ukraine s latest challenge festering tension among top leaders rampant speculation that president volodymyr zelensky will fire his top military commander has consumed ukraine s capital at a precarious moment in the war,ukraine
3611,arms dealer linked to myanmar junta acquitted in thai money laundering case u tun min latt was placed under sanctions last year by the united states for supplying drones and aircraft parts to the military regime in myanmar,myanmar
3615,britain s foreign secretary signals willingness to recognize palestinian state sooner david cameron the foreign secretary said that his country and other allies should show palestinians irreversible progress toward an independent state,palestine
3621,haley says u s should go after iranian military over deadly drone strike this is surgical she said after a drone strike by an iranian backed militia killed three american service members you take one or two of them out,iran
3629,video shows gunmen storming west bank hospital the palestinian authority health ministry released surveillance video that shows several armed israeli forces dressed in civilian clothes inside ibn sina specialized hospital in jenin,palestine
3629,video shows gunmen storming west bank hospital the palestinian authority health ministry released surveillance video that shows several armed israeli forces dressed in civilian clothes inside ibn sina specialized hospital in jenin,israel
3630,khaled nezzar general at center of algeria s bloodshed dies at 86 in the 1990s he oversaw troops that committed a host of atrocities against equally brutal islamist rebels in what became known as the black decade,algeria
3632,video shows gunmen storming west bank hospital the palestinian authority health ministry released surveillance video that shows armed members of israeli forces dressed in civilian clothes inside ibn sina specialized hospital in jenin,palestine
3632,video shows gunmen storming west bank hospital the palestinian authority health ministry released surveillance video that shows armed members of israeli forces dressed in civilian clothes inside ibn sina specialized hospital in jenin,israel
3641,war in ukraine has weakened putin c i a director writes william j burns says russia s invasion of ukraine has created recruiting opportunities for the spy agency and ushered in a new era,ukraine
3641,war in ukraine has weakened putin c i a director writes william j burns says russia s invasion of ukraine has created recruiting opportunities for the spy agency and ushered in a new era,russia
3653,israeli military confirms it has begun flooding hamas tunnels it is the first time the military has publicly acknowledged using the tactic which the u n has warned could damage gaza s drinking water,israel
3653,israeli military confirms it has begun flooding hamas tunnels it is the first time the military has publicly acknowledged using the tactic which the u n has warned could damage gaza s drinking water,lebanon
3653,israeli military confirms it has begun flooding hamas tunnels it is the first time the military has publicly acknowledged using the tactic which the u n has warned could damage gaza s drinking water,palestine
3656,abolish the u n s palestinian refugee agency unrwa s problem goes much deeper than charges that it is infested with terrorists,palestine
3670,wednesday briefing imran khan gets 10 years also a possible israel hamas deal and a security proposal in hong kong,israel
3670,wednesday briefing imran khan gets 10 years also a possible israel hamas deal and a security proposal in hong kong,lebanon
3670,wednesday briefing imran khan gets 10 years also a possible israel hamas deal and a security proposal in hong kong,palestine
3670,wednesday briefing imran khan gets 10 years also a possible israel hamas deal and a security proposal in hong kong,hong kong
3684,israel raids west bank hospital as clashes erupt with hamas in northern gaza the raid by a small team wearing medical garb killed a hamas commander it came as israel confirmed it was trying to flush militants out of tunnels with seawater and had renewed fighting in northern gaza,israel
3684,israel raids west bank hospital as clashes erupt with hamas in northern gaza the raid by a small team wearing medical garb killed a hamas commander it came as israel confirmed it was trying to flush militants out of tunnels with seawater and had renewed fighting in northern gaza,lebanon
3684,israel raids west bank hospital as clashes erupt with hamas in northern gaza the raid by a small team wearing medical garb killed a hamas commander it came as israel confirmed it was trying to flush militants out of tunnels with seawater and had renewed fighting in northern gaza,palestine
3687,biden says u s response to deadly drone strike in jordan has been decided the president vowed to retaliate after the attack which killed three american soldiers on sunday on tuesday he confirmed a decision without providing details,jordan
3695,frozen u s spending for u n in gaza is minimal state dept says just 300 000 is on hold after israeli claims that unrwa employees joined the oct 7 hamas attacks u s officials say,palestine
3695,frozen u s spending for u n in gaza is minimal state dept says just 300 000 is on hold after israeli claims that unrwa employees joined the oct 7 hamas attacks u s officials say,israel
3695,frozen u s spending for u n in gaza is minimal state dept says just 300 000 is on hold after israeli claims that unrwa employees joined the oct 7 hamas attacks u s officials say,lebanon
3706,wednesday briefing israel raided a west bank hospital,israel
3749,an israeli charity for palestinians grapples with oct 7 attacks before the war road to recovery helped bring sick gazans to israeli hospitals several of its volunteers died in the hamas attacks and donations to the group have slowed,israel
3749,an israeli charity for palestinians grapples with oct 7 attacks before the war road to recovery helped bring sick gazans to israeli hospitals several of its volunteers died in the hamas attacks and donations to the group have slowed,palestine
3749,an israeli charity for palestinians grapples with oct 7 attacks before the war road to recovery helped bring sick gazans to israeli hospitals several of its volunteers died in the hamas attacks and donations to the group have slowed,lebanon
3782,ukraine and russia exchange hundreds of prisoners of war the swap came a week after the crash of a russian military transport plane that moscow says was carrying ukrainian prisoners,ukraine
3782,ukraine and russia exchange hundreds of prisoners of war the swap came a week after the crash of a russian military transport plane that moscow says was carrying ukrainian prisoners,russia
3783,with aid stalled ukraine scrambles to make ends meet the government says it can juggle its finances for a few months but warns of an economic crisis if western assistance remains stuck,ukraine
3788,a federal judge dismisses a suit to block u s support of israel but urges biden to re examine his approach the judge after expressing regret that he was limited by constitutional precedent urged president biden to rethink u s policy on israel s military siege in the gaza strip,israel
3788,a federal judge dismisses a suit to block u s support of israel but urges biden to re examine his approach the judge after expressing regret that he was limited by constitutional precedent urged president biden to rethink u s policy on israel s military siege in the gaza strip,palestine
3792,israel s controlled demolitions are razing neighborhoods in gaza in addition to its aerial bombardment israeli ground forces have carried out a wave of large scale detonations destroying residential homes schools and mosques across the strip,israel
3792,israel s controlled demolitions are razing neighborhoods in gaza in addition to its aerial bombardment israeli ground forces have carried out a wave of large scale detonations destroying residential homes schools and mosques across the strip,palestine
3794,the e u s 54 billion deal to fund ukraine explained european leaders authorized the long term financing after hungary s prime minister viktor orban dropped his opposition,ukraine
3794,the e u s 54 billion deal to fund ukraine explained european leaders authorized the long term financing after hungary s prime minister viktor orban dropped his opposition,hungary
3796,thursday briefing an e u summit on aid for ukraine,ukraine
3834,choosing rebirth over revenge after my release from gaza we can learn from holocaust survivors how to move forward after oct 7,palestine
3849,russia s new threats to exiles seized assets and forced returns the kremlin is sending a chilly message to antiwar russians abroad a new law will allow their property back home to be seized and other countries are being pressured to crack down on them,russia
3856,how a game of good cop bad cop sealed the e u ukraine fund deal top european leaders coordinated to get the hungarian prime minister viktor orban to agree to the 50 billion euro plan aimed at keeping ukraine s economy afloat during the war with russia,ukraine
3856,how a game of good cop bad cop sealed the e u ukraine fund deal top european leaders coordinated to get the hungarian prime minister viktor orban to agree to the 50 billion euro plan aimed at keeping ukraine s economy afloat during the war with russia,russia
3860,mexico s immigration crackdown mexico s recent efforts offer a reminder stricter enforcement of immigration laws really does tend to reduce migration flows,mexico
3870,netanyahu s bind compromising in gaza or holding on to power at home to end the war in gaza and free the remaining israeli hostages prime minister benjamin netanyahu may have to cut deals that analysts say could end his government and potentially his career,israel
3870,netanyahu s bind compromising in gaza or holding on to power at home to end the war in gaza and free the remaining israeli hostages prime minister benjamin netanyahu may have to cut deals that analysts say could end his government and potentially his career,palestine
3889,jack jennings p o w who helped build burma railway dies at 104 he was captured by the japanese in singapore and was one of thousands of prisoners whose hardships were the basis for the film the bridge on the river kwai,japan
3889,jack jennings p o w who helped build burma railway dies at 104 he was captured by the japanese in singapore and was one of thousands of prisoners whose hardships were the basis for the film the bridge on the river kwai,singapore
3894,iran slows production of enriched uranium the u n s nuclear watchdog says the move suggests that tehran may be trying to ease tensions with the united states,iran
3895,biden orders sanctions on 4 israelis over west bank violence the order served as both a sharp edged diplomatic notice to israel and a message to arab americans a key part of the political coalition the president needs to be re elected,israel
3910,for orban ukraine is a pawn in a longer game his real aim is to lead a populist and nativist rebellion against europe s liberal elite though that campaign is showing signs of faltering,ukraine
3912,austin says iran trains and funds militias targeting u s troops president biden has promised to respond to attacks that killed three american service members at a base in jordan,iran
3912,austin says iran trains and funds militias targeting u s troops president biden has promised to respond to attacks that killed three american service members at a base in jordan,jordan
3918,iran tries to avoid war with u s after stoking mideast conflicts after iran aligned militants killed three american soldiers iran s leaders sensed a line was crossed and are sending more conciliatory signals while awaiting president biden s promised response,iran
3935,u n officials urge nations to resume unrwa funding the united nations said the suspension of funding for the u n relief and works agency could threaten the lives of millions in gaza,palestine
3941,friday briefing the e u s ukraine aid deal also u s sanctions on israeli settlers and battles over bullfighting,ukraine
3941,friday briefing the e u s ukraine aid deal also u s sanctions on israeli settlers and battles over bullfighting,israel
3954,schumer plans vote next week on border and ukraine deal but prospects are in doubt the senate majority leader promised a test vote by wednesday on a measure pairing an immigration crackdown with ukraine aid but its outlook remains dim with republican resistance,ukraine
3956,what to know about the 4 israelis placed under u s sanctions over west bank violence the white house announced financial penalties on the men ranging in age from 21 to 32 over escalating violence against palestinian civilians,israel
3956,what to know about the 4 israelis placed under u s sanctions over west bank violence the white house announced financial penalties on the men ranging in age from 21 to 32 over escalating violence against palestinian civilians,palestine
3974,friday briefing the e u reached a ukraine aid deal,ukraine
3980,china and the u s are talking but their detente has limits negotiations have resumed on restricting the flow of fentanyl into the united states but beijing may prove less cooperative on iran and north korea,china
3980,china and the u s are talking but their detente has limits negotiations have resumed on restricting the flow of fentanyl into the united states but beijing may prove less cooperative on iran and north korea,iran
3980,china and the u s are talking but their detente has limits negotiations have resumed on restricting the flow of fentanyl into the united states but beijing may prove less cooperative on iran and north korea,north korea
3996,in the west bank palestinians struggle to adjust to a new reality the volatile mix of violence tensions and israeli restrictions has had a stultifying effect on the west bank,palestine
3996,in the west bank palestinians struggle to adjust to a new reality the volatile mix of violence tensions and israeli restrictions has had a stultifying effect on the west bank,israel
4016,what you can still complain about in russia a cat thrown from a train the death of a pet during a train journey has given russians a safe space to speak out and connect and allowed the kremlin to shift attention from wartime gloom,russia
4036,over 800 officials in u s and europe sign letter protesting israel policies the document was signed by government employees in 12 nations and e u institutions signers say their leaders policies could be contributing to war crimes in gaza,israel
4036,over 800 officials in u s and europe sign letter protesting israel policies the document was signed by government employees in 12 nations and e u institutions signers say their leaders policies could be contributing to war crimes in gaza,palestine
4067,how closely does iran control its proxy forces it depends tehran provides arms and support to an array of militant groups across the mideast but it does not call all the shots experts say,iran
4088,u n court to rule on whether ukraine committed genocide the highest court of the united nations will render a verdict on a claim that has been used by russia to justify its invasion,ukraine
4088,u n court to rule on whether ukraine committed genocide the highest court of the united nations will render a verdict on a claim that has been used by russia to justify its invasion,russia
4092,biden pays silent tribute to three u s soldiers as american forces retaliate the ceremony at dover air force base in delaware came shortly before the biden administration announced airstrikes against iran backed proxies in iraq and syria,iran
4092,biden pays silent tribute to three u s soldiers as american forces retaliate the ceremony at dover air force base in delaware came shortly before the biden administration announced airstrikes against iran backed proxies in iraq and syria,iraq
4092,biden pays silent tribute to three u s soldiers as american forces retaliate the ceremony at dover air force base in delaware came shortly before the biden administration announced airstrikes against iran backed proxies in iraq and syria,syria
4105,u s conducts retaliatory strikes against iranian proxies as war deepens the strikes in response to a drone attack that killed three u s soldiers in jordan this week were a sharp escalation of hostilities in the middle east,iran
4105,u s conducts retaliatory strikes against iranian proxies as war deepens the strikes in response to a drone attack that killed three u s soldiers in jordan this week were a sharp escalation of hostilities in the middle east,jordan
4107,biden honors american soldiers killed in the middle east the bodies of three army reservists killed in an attack on a base in jordan were returned to the united states in a somber ceremony,jordan
4117,roger donlon vietnam war s first medal of honor recipient dies at 89 despite being wounded multiple times he led the defense of a jungle outpost against a vietcong assault inspiring his smaller force to superhuman effort,vietnam
4118,what withholding funds to unrwa means for gaza after 12 employees of the u n agency were accused of participating in the oct 7 attack against israel some donor countries have suspended funding but more than a million people in gaza depend on the agency for aid,palestine
4118,what withholding funds to unrwa means for gaza after 12 employees of the u n agency were accused of participating in the oct 7 attack against israel some donor countries have suspended funding but more than a million people in gaza depend on the agency for aid,israel
4132,u s hits back at iran with more than just airstrikes the biden administration used sanctions and criminal charges to punish the islamic revolutionary guards corps iran s premier military force,iran
4134,israel signals its military will move into a gazan city turned refuge a u n official described rafah a refuge for hundreds of thousands of displaced people as a pressure cooker of despair it is one of the last cities in southern gaza that israeli ground forces have not reached,israel
4134,israel signals its military will move into a gazan city turned refuge a u n official described rafah a refuge for hundreds of thousands of displaced people as a pressure cooker of despair it is one of the last cities in southern gaza that israeli ground forces have not reached,palestine
4138,u s retaliates with strikes in iraq and syria after drone attack the times verified two videos filmed in al qaim iraq showing a series of fires and explosions close to the syrian border the flames appear to have caused secondary explosions at the site,iraq
4138,u s retaliates with strikes in iraq and syria after drone attack the times verified two videos filmed in al qaim iraq showing a series of fires and explosions close to the syrian border the flames appear to have caused secondary explosions at the site,syria
4153,syria and iraq say civilians were among those killed in the strikes the biden administration said that its strikes on sites used by iranian forces and iran backed militias in retaliation for the killing of three u s troops would not be the last,syria
4153,syria and iraq say civilians were among those killed in the strikes the biden administration said that its strikes on sites used by iranian forces and iran backed militias in retaliation for the killing of three u s troops would not be the last,iraq
4153,syria and iraq say civilians were among those killed in the strikes the biden administration said that its strikes on sites used by iranian forces and iran backed militias in retaliation for the killing of three u s troops would not be the last,iran
4167,as face of biden s israel policy blinken draws wrath of gaza war protesters demonstrators have turned up at the secretary of state s home and even splashed fake blood on his motorcade,israel
4167,as face of biden s israel policy blinken draws wrath of gaza war protesters demonstrators have turned up at the secretary of state s home and even splashed fake blood on his motorcade,palestine
4177,germany braces for decades of confrontation with russia leaders are sounding alarms about growing threats but chancellor olaf scholz is wary of pushing the kremlin and his own ambivalent public too far,germany
4177,germany braces for decades of confrontation with russia leaders are sounding alarms about growing threats but chancellor olaf scholz is wary of pushing the kremlin and his own ambivalent public too far,russia
4181,the world needs to stand by unrwa the foreign minister of norway explains why his nation is continuing to fund unrwa amid allegations of employees collusion with hamas in the oct 7 attack,norway
4181,the world needs to stand by unrwa the foreign minister of norway explains why his nation is continuing to fund unrwa amid allegations of employees collusion with hamas in the oct 7 attack,lebanon
4181,the world needs to stand by unrwa the foreign minister of norway explains why his nation is continuing to fund unrwa amid allegations of employees collusion with hamas in the oct 7 attack,palestine
4182,what can we possibly say to the children of gaza yes israel has the right to defend itself but that doesn t excuse this many civilian deaths,palestine
4182,what can we possibly say to the children of gaza yes israel has the right to defend itself but that doesn t excuse this many civilian deaths,israel
4185,the 8 days that roiled the u n s top agency in gaza the crisis that threatens the future of the main united nations agency in gaza amid a humanitarian disaster began at a routine meeting between diplomats in tel aviv,palestine
4200,u s strikes test iran s will to escalate american airstrikes hit iran linked targets in syria and iraq to retaliate for the recent killing of three u s soldiers in jordan,iran
4200,u s strikes test iran s will to escalate american airstrikes hit iran linked targets in syria and iraq to retaliate for the recent killing of three u s soldiers in jordan,syria
4200,u s strikes test iran s will to escalate american airstrikes hit iran linked targets in syria and iraq to retaliate for the recent killing of three u s soldiers in jordan,iraq
4200,u s strikes test iran s will to escalate american airstrikes hit iran linked targets in syria and iraq to retaliate for the recent killing of three u s soldiers in jordan,jordan
4201,gaza rescuers go missing on mission to save girl trapped in a car the palestine red crescent said the girl named hind was in a car in northern gaza with six of her relatives who were all killed by israeli fire she was the sole survivor,palestine
4201,gaza rescuers go missing on mission to save girl trapped in a car the palestine red crescent said the girl named hind was in a car in northern gaza with six of her relatives who were all killed by israeli fire she was the sole survivor,israel
4205,house g o p plans vote on israel aid as senate tries to close broader deal the move comes as the senate is racing to finalize and vote on a bill that would also include new border policies and funding for the war in ukraine,israel
4205,house g o p plans vote on israel aid as senate tries to close broader deal the move comes as the senate is racing to finalize and vote on a bill that would also include new border policies and funding for the war in ukraine,ukraine
4207,u s and u k launch heavy strikes on houthi sites in yemen the airstrikes meant to deter attacks on ships in the red sea came one day after the united states struck at other iran backed militias in iraq and syria,u k
4207,u s and u k launch heavy strikes on houthi sites in yemen the airstrikes meant to deter attacks on ships in the red sea came one day after the united states struck at other iran backed militias in iraq and syria,yemen
4207,u s and u k launch heavy strikes on houthi sites in yemen the airstrikes meant to deter attacks on ships in the red sea came one day after the united states struck at other iran backed militias in iraq and syria,iran
4207,u s and u k launch heavy strikes on houthi sites in yemen the airstrikes meant to deter attacks on ships in the red sea came one day after the united states struck at other iran backed militias in iraq and syria,iraq
4207,u s and u k launch heavy strikes on houthi sites in yemen the airstrikes meant to deter attacks on ships in the red sea came one day after the united states struck at other iran backed militias in iraq and syria,syria
4211,forest fires destroy 1 000 homes and kill dozens in central chile the death toll is expected to rise as hundreds remain missing after wildfires ripped through central chile s coastal hills according to the national government,chile
4218,fear and ambition propel xi s nuclear acceleration china s leader built up a nuclear arsenal steeling for a growing rivalry with the united states now china is exploring how to wield its newfound strength,china
4219,after the quake one turkish family s struggle in the year since earthquakes devastated southern turkey the karapirli family has struggled to heal find a home and cope with a bottomless sense of loss,turkey
4241,portraits of gazans a photojournalist followed some palestinians whose lives were ripped apart in one of the deadliest wars of the 21st century,palestine
4244,they come in waves ukraine goes on defense against a relentless foe at the hot spots of the eastern front line ukrainian troops are outmanned outgunned and digging in,ukraine
4254,here s how the latest u s led strikes have unfolded the united states has led a wave of retaliatory strikes in the middle east hitting scores of targets belonging to iranian backed armed groups,iran
4264,we re broken wildfires on chile s coast kill 112 and leave hundreds missing officials are warning of major destruction and loss of life after fast moving fires swept through central chile s coastal hills,chile
4269,monday briefing a weekend of u s led strikes also ukraine s grinding fight and china s expanding nuclear arsenal,ukraine
4269,monday briefing a weekend of u s led strikes also ukraine s grinding fight and china s expanding nuclear arsenal,china
4274,kenya plans to bypass court order in haiti deployment the united nations approved mission to stem gang violence in haiti has faced widespread criticism from activists and lawmakers and was blocked by a high court judge in kenya in january,kenya
4274,kenya plans to bypass court order in haiti deployment the united nations approved mission to stem gang violence in haiti has faced widespread criticism from activists and lawmakers and was blocked by a high court judge in kenya in january,haiti
4279,u s strikes iranian backed targets for third day in a row the attack on houthi militants in yemen came as secretary of state antony blinken headed for the mideast to try to defuse escalating tensions,iran
4279,u s strikes iranian backed targets for third day in a row the attack on houthi militants in yemen came as secretary of state antony blinken headed for the mideast to try to defuse escalating tensions,yemen
4307,chinese australian writer held by china given suspended death sentence the verdict in the case of yang hengjun who was detained on national security charges may weigh on the warming relations between china and australia,australia
4307,chinese australian writer held by china given suspended death sentence the verdict in the case of yang hengjun who was detained on national security charges may weigh on the warming relations between china and australia,china
4308,zelensky hints at major shake up of ukraine s government the president said a reset was needed to revive the struggling war effort adding that his plans were about the direction of the country s leadership and not just about replacing his top general,ukraine
4317,blinken s mideast visit and u s aid to israel are the focus in washington this week a trip back to the middle east by the united states top diplomat to continue talks on a possible cease fire deal highlights a week of high level wrangling over the war in gaza and beyond,israel
4317,blinken s mideast visit and u s aid to israel are the focus in washington this week a trip back to the middle east by the united states top diplomat to continue talks on a possible cease fire deal highlights a week of high level wrangling over the war in gaza and beyond,palestine
4335,many israelis want netanyahu out but there is no simple path to do it there is no clear mechanism to force early elections in israel but there are other ways to oust the israeli prime minister,israel
4336,as canadian hockey players face assault charges officials are on defensive hockey fans in canada are struggling to make sense of a scandal that has led to sexual assault charges against five former junior hockey players,canada
4347,here s what s in the senate s 118 billion ukraine and border deal tens of billions of dollars in aid to ukraine would be tied to an immigration crackdown under legislation that faces a test vote in the senate this week,ukraine
4375,russian tech giant reaches 5 billion deal to quit russia yandex often called russia s google said it reached a deal to sell off its assets in the market where it made its fortune after the war in ukraine upended its operations,russia
4375,russian tech giant reaches 5 billion deal to quit russia yandex often called russia s google said it reached a deal to sell off its assets in the market where it made its fortune after the war in ukraine upended its operations,ukraine
4404,unrwa set to lose 65 million documents show the agency which plays a key role in the humanitarian crisis in gaza has received an influx of private donations but not enough to make up for the loss of international funding,palestine
4413,u s strikes hit most of targets in iraq and syria pentagon says u s officials acknowledge that the targeted militias still retain the majority of their capability to carry out future attacks,iraq
4413,u s strikes hit most of targets in iraq and syria pentagon says u s officials acknowledge that the targeted militias still retain the majority of their capability to carry out future attacks,syria
4418,blinken meets saudi crown prince on mideast push for pause in gaza war the top u s diplomat spoke with saudi arabia s de facto ruler as he sought to broker a pause in the fighting his visit came the same day a drone struck a syrian base used by u s forces and their allies,palestine
4418,blinken meets saudi crown prince on mideast push for pause in gaza war the top u s diplomat spoke with saudi arabia s de facto ruler as he sought to broker a pause in the fighting his visit came the same day a drone struck a syrian base used by u s forces and their allies,saudi arabia
4418,blinken meets saudi crown prince on mideast push for pause in gaza war the top u s diplomat spoke with saudi arabia s de facto ruler as he sought to broker a pause in the fighting his visit came the same day a drone struck a syrian base used by u s forces and their allies,syria
4421,why biden is losing support among some religious black voters more than 1 000 black faith leaders are pressuring the biden administration to push for a cease fire in israel s war on hamas in gaza,israel
4421,why biden is losing support among some religious black voters more than 1 000 black faith leaders are pressuring the biden administration to push for a cease fire in israel s war on hamas in gaza,lebanon
4421,why biden is losing support among some religious black voters more than 1 000 black faith leaders are pressuring the biden administration to push for a cease fire in israel s war on hamas in gaza,palestine
4423,biden threatens to veto bill that would help israel but not ukraine president biden accused republicans in the house of a cynical political maneuver intended to kill broader legislation that would also provide money for the southern border,israel
4423,biden threatens to veto bill that would help israel but not ukraine president biden accused republicans in the house of a cynical political maneuver intended to kill broader legislation that would also provide money for the southern border,ukraine
4437,a russian bank account may offer clues to a north korean arms deal moscow may be trying to help pyongyang with access to the international financial system in exchange for missiles and ammunition u s allied intelligence officials suggest,russia
4437,a russian bank account may offer clues to a north korean arms deal moscow may be trying to help pyongyang with access to the international financial system in exchange for missiles and ammunition u s allied intelligence officials suggest,north korea
4440,blinken travels to egypt and qatar in his bid to avert a wider regional war secretary of state antony j blinken met with leaders in egypt and qatar on tuesday the second day of a middle east tour aimed at preventing an exchange of attacks with iran backed militias from spiraling into a broader regional war and to rally allies around a proposed cease fire agreement for gaza,egypt
4440,blinken travels to egypt and qatar in his bid to avert a wider regional war secretary of state antony j blinken met with leaders in egypt and qatar on tuesday the second day of a middle east tour aimed at preventing an exchange of attacks with iran backed militias from spiraling into a broader regional war and to rally allies around a proposed cease fire agreement for gaza,qatar
4440,blinken travels to egypt and qatar in his bid to avert a wider regional war secretary of state antony j blinken met with leaders in egypt and qatar on tuesday the second day of a middle east tour aimed at preventing an exchange of attacks with iran backed militias from spiraling into a broader regional war and to rally allies around a proposed cease fire agreement for gaza,iran
4440,blinken travels to egypt and qatar in his bid to avert a wider regional war secretary of state antony j blinken met with leaders in egypt and qatar on tuesday the second day of a middle east tour aimed at preventing an exchange of attacks with iran backed militias from spiraling into a broader regional war and to rally allies around a proposed cease fire agreement for gaza,palestine
4455,from ferguson to gaza how african americans bonded with palestinian activists the relationship became closer during protests over police brutality but brings political risks like straining the alliance between african americans and jews,palestine
4457,houthi attacks and u s led strikes dash hopes for quick yemen peace deal a u n backed process to end yemen s nine year conflict appeared to be moving forward recently but then the war in gaza began and tensions spilled over,yemen
4457,houthi attacks and u s led strikes dash hopes for quick yemen peace deal a u n backed process to end yemen s nine year conflict appeared to be moving forward recently but then the war in gaza began and tensions spilled over,palestine
4459,what israeli soldiers videos reveal cheering destruction and mocking gazans an analysis of social media videos found israeli soldiers filming themselves in gaza and destroying what appears to be civilian property the footage provides a rare and unsanctioned window into the war,israel
4459,what israeli soldiers videos reveal cheering destruction and mocking gazans an analysis of social media videos found israeli soldiers filming themselves in gaza and destroying what appears to be civilian property the footage provides a rare and unsanctioned window into the war,palestine
4467,in poland i saw what a second trump term could do to america being in warsaw was inspiring and sobering,poland
4493,peace in ukraine what a ukraine peace deal might look like,ukraine
4495,displaced gazans wonder where to go as israel vows to keep pushing south speaking at a news conference on monday mr gallant said israeli ground forces would invade places that they still had not reached in central and southern gaza,israel
4495,displaced gazans wonder where to go as israel vows to keep pushing south speaking at a news conference on monday mr gallant said israeli ground forces would invade places that they still had not reached in central and southern gaza,palestine
4507,more than a fifth of hostages in gaza are dead israel says as israel and hamas inch closer to a deal to free hostages in exchange for palestinian prisoners and a cease fire the military disclosed that at least 30 of the captives still in gaza have been confirmed dead,palestine
4507,more than a fifth of hostages in gaza are dead israel says as israel and hamas inch closer to a deal to free hostages in exchange for palestinian prisoners and a cease fire the military disclosed that at least 30 of the captives still in gaza have been confirmed dead,israel
4507,more than a fifth of hostages in gaza are dead israel says as israel and hamas inch closer to a deal to free hostages in exchange for palestinian prisoners and a cease fire the military disclosed that at least 30 of the captives still in gaza have been confirmed dead,lebanon
4512,after the quake one turkish family s year long struggle in the year since earthquakes devastated southern turkey the karapirli family have worked to repair relearn to use their bodies and cope with a bottomless sense of loss,turkey
4518,biden tells republicans to show some spine against trump on border deal president biden accused the house gop of thwarting legislation tightening immigration rules and providing aid to ukraine and israel out of fear of their 2024 front runner donald trump,ukraine
4518,biden tells republicans to show some spine against trump on border deal president biden accused the house gop of thwarting legislation tightening immigration rules and providing aid to ukraine and israel out of fear of their 2024 front runner donald trump,israel
4520,desperate migrants seeking a new life readers discuss the surge of migrants seeking asylum in the u s also palestinian suffering and israeli dilemmas the moon s mystique,palestine
4520,desperate migrants seeking a new life readers discuss the surge of migrants seeking asylum in the u s also palestinian suffering and israeli dilemmas the moon s mystique,israel
4550,tucker carlson says his putin interview will be shown on thursday the interview which moscow said took place this week would give the russian leader a chance to reach a potentially sympathetic audience in the united states,russia
4573,blinken says agreement is possible with hamas on a hostage deal secretary of state antony j blinken cautioned that there was still a lot of work to be done as the united states and its allies prepare to review hamas s response to their cease fire proposal,lebanon
4573,blinken says agreement is possible with hamas on a hostage deal secretary of state antony j blinken cautioned that there was still a lot of work to be done as the united states and its allies prepare to review hamas s response to their cease fire proposal,palestine
4583,hamas gives positive reply to gaza truce plan but odds remain murky u s and qatari leaders hinted at progress in talks for a truce and the release of hostages but it remains unclear how israel determined to crush hamas will respond to the group s counteroffer,lebanon
4583,hamas gives positive reply to gaza truce plan but odds remain murky u s and qatari leaders hinted at progress in talks for a truce and the release of hostages but it remains unclear how israel determined to crush hamas will respond to the group s counteroffer,palestine
4583,hamas gives positive reply to gaza truce plan but odds remain murky u s and qatari leaders hinted at progress in talks for a truce and the release of hostages but it remains unclear how israel determined to crush hamas will respond to the group s counteroffer,qatar
4583,hamas gives positive reply to gaza truce plan but odds remain murky u s and qatari leaders hinted at progress in talks for a truce and the release of hostages but it remains unclear how israel determined to crush hamas will respond to the group s counteroffer,israel
4599,iraq hosts both u s and iranian backed forces it s getting tense as iranian backed groups and american forces both of which have bases in iraq lock horns around the mideast things are becoming uncomfortable for the iraqi government,iraq
4599,iraq hosts both u s and iranian backed forces it s getting tense as iranian backed groups and american forces both of which have bases in iraq lock horns around the mideast things are becoming uncomfortable for the iraqi government,iran
4602,giorgia meloni solidifies her credentials in europe the italian prime minister helped persuade the hungarian leader viktor orban to go along with a landmark fund for ukraine it was a big moment for europe and for her,ukraine
4614,russian strikes hit ukrainian cities at a tense time for kyiv the attacks killed at least five people officials said as ukraine raises pleas for more american aid and president volodymyr zelensky considers changes in his administration,russia
4614,russian strikes hit ukrainian cities at a tense time for kyiv the attacks killed at least five people officials said as ukraine raises pleas for more american aid and president volodymyr zelensky considers changes in his administration,ukraine
4650,it was once pakistan s military stronghold now even it has had enough the mounting frustration with the military establishment is a stark shift in punjab the country s most populous and politically important province,pakistan
4651,terrorized by gangs ecuador embraces the hard line noboa way president daniel noboa s new war on gangs has widespread support in a nation overwhelmed by violence but experts warn it could endanger civil liberties,ecuador
4653,sweden closes investigation of pipeline blasts but stays silent on cause the natural gas connection was sabotaged in september 2022 seven months after russia s invasion of ukraine prompting rampant speculation about who was to blame,sweden
4653,sweden closes investigation of pipeline blasts but stays silent on cause the natural gas connection was sabotaged in september 2022 seven months after russia s invasion of ukraine prompting rampant speculation about who was to blame,russia
4653,sweden closes investigation of pipeline blasts but stays silent on cause the natural gas connection was sabotaged in september 2022 seven months after russia s invasion of ukraine prompting rampant speculation about who was to blame,ukraine
4658,israel s fragile democratic future israel s supreme court narrowly shut down benjamin netanyahu s efforts to overhaul the judiciary but the concern remains,israel
4659,election office blasts in pakistan kill at least 22 a day before vote attacks against activities linked to the national elections including the targeting of candidates have surged during campaign season,pakistan
4671,senate bogs down on ukraine and israel aid after g o p blocks border deal democrats promised a thursday vote on a stand alone bill stripped of immigration measures with 60 1 billion for ukraine 14 1 billion for israel and 10 billion in humanitarian aid for civilians of global crises,ukraine
4671,senate bogs down on ukraine and israel aid after g o p blocks border deal democrats promised a thursday vote on a stand alone bill stripped of immigration measures with 60 1 billion for ukraine 14 1 billion for israel and 10 billion in humanitarian aid for civilians of global crises,israel
4685,senate democrats put salvaging an aid bill for israel and ukraine on hold for at least a day senate democrats pressing to advance a stand alone bill to send tens of billions of dollars to israel and ukraine after republicans blocked a compromise that would have paired the aid with stringent border security measures promised a thursday vote on the alternative,israel
4685,senate democrats put salvaging an aid bill for israel and ukraine on hold for at least a day senate democrats pressing to advance a stand alone bill to send tens of billions of dollars to israel and ukraine after republicans blocked a compromise that would have paired the aid with stringent border security measures promised a thursday vote on the alternative,ukraine
4708,thursday briefing the stakes of pakistan s elections also u s aid to ukraine stalls and a fight over the origins of butter chicken,pakistan
4708,thursday briefing the stakes of pakistan s elections also u s aid to ukraine stalls and a fight over the origins of butter chicken,ukraine
4711,u s strike in baghdad kills iranian backed militia commander the killing of a leader of kata ib hezbollah continued a series of strikes in retaliation for attacks on u s troops in the region including one that killed three americans in jordan,iraq
4711,u s strike in baghdad kills iranian backed militia commander the killing of a leader of kata ib hezbollah continued a series of strikes in retaliation for attacks on u s troops in the region including one that killed three americans in jordan,iran
4711,u s strike in baghdad kills iranian backed militia commander the killing of a leader of kata ib hezbollah continued a series of strikes in retaliation for attacks on u s troops in the region including one that killed three americans in jordan,lebanon
4711,u s strike in baghdad kills iranian backed militia commander the killing of a leader of kata ib hezbollah continued a series of strikes in retaliation for attacks on u s troops in the region including one that killed three americans in jordan,jordan
4718,the senate moved to salvage ukraine aid also a u s strike killed an iranian backed militia commander here s the latest at the end of wednesday,ukraine
4718,the senate moved to salvage ukraine aid also a u s strike killed an iranian backed militia commander here s the latest at the end of wednesday,iran
4725,netanyahu spurns hamas offer for gaza cease fire the israeli prime minister said that the proposed deal would leave israel vulnerable to attack and that its forces were preparing to expand their operations,israel
4725,netanyahu spurns hamas offer for gaza cease fire the israeli prime minister said that the proposed deal would leave israel vulnerable to attack and that its forces were preparing to expand their operations,lebanon
4725,netanyahu spurns hamas offer for gaza cease fire the israeli prime minister said that the proposed deal would leave israel vulnerable to attack and that its forces were preparing to expand their operations,palestine
4726,the political perils of a black jewish rift over the war in gaza a divide bodes ill for democrats and perhaps even for palestinians,palestine
4727,ukraine worries about losing its biggest weapon u s military aid without it kyiv could hold out for part of the year one expert said but would then begin losing the war,ukraine
4742,thursday briefing a u s strike kills a militia commander in iraq,iraq
4744,under gaza s shadow syria faces a new welter of conflict fighting has surged on five fronts bringing more misery to syria s people,palestine
4744,under gaza s shadow syria faces a new welter of conflict fighting has surged on five fronts bringing more misery to syria s people,syria
4755,netanyahu says israeli forces will soon enter rafah israel s prime minister said the military would soon go into to an area of gaza near the border with egypt where hundreds of thousands of displaced palestinians have fled something the united nations has said would be catastrophic,israel
4755,netanyahu says israeli forces will soon enter rafah israel s prime minister said the military would soon go into to an area of gaza near the border with egypt where hundreds of thousands of displaced palestinians have fled something the united nations has said would be catastrophic,palestine
4755,netanyahu says israeli forces will soon enter rafah israel s prime minister said the military would soon go into to an area of gaza near the border with egypt where hundreds of thousands of displaced palestinians have fled something the united nations has said would be catastrophic,egypt
4760,russia bars antiwar candidate in election putin is all but sure of winning the barring of the only candidate voicing opposition to the war in ukraine showed how little tolerance the kremlin has for dissent here s what to know about the presidential election in march,russia
4760,russia bars antiwar candidate in election putin is all but sure of winning the barring of the only candidate voicing opposition to the war in ukraine showed how little tolerance the kremlin has for dissent here s what to know about the presidential election in march,ukraine
4767,navigating israel s war when one spouse is jewish and one is not for some couples figuring out how to talk about the war in gaza is a hurdle in the relationship but ultimately one that has brought them closer,israel
4767,navigating israel s war when one spouse is jewish and one is not for some couples figuring out how to talk about the war in gaza is a hurdle in the relationship but ultimately one that has brought them closer,palestine
4795,some hostages families say israel should keep fighting hamas a few relatives of hostages held in gaza argue that israel s military must not be too quick to end the war even if it prolongs their loved ones captivity,israel
4795,some hostages families say israel should keep fighting hamas a few relatives of hostages held in gaza argue that israel s military must not be too quick to end the war even if it prolongs their loved ones captivity,lebanon
4795,some hostages families say israel should keep fighting hamas a few relatives of hostages held in gaza argue that israel s military must not be too quick to end the war even if it prolongs their loved ones captivity,palestine
4798,the shaky u s israel alliance the war in gaza is straining the relationship between the two nations,israel
4798,the shaky u s israel alliance the war in gaza is straining the relationship between the two nations,palestine
4821,ukraine s creative use of weapons carries promise and risk a russian plane shot down with a patriot missile was probably carrying ukrainian prisoners of war u s officials say,ukraine
4821,ukraine s creative use of weapons carries promise and risk a russian plane shot down with a patriot missile was probably carrying ukrainian prisoners of war u s officials say,russia
4828,biden aides visit arab american leaders in michigan as pressure rises over gaza white house officials traveled to dearborn to meet with arab american leaders as the president faces mounting frustration within his party over his refusal to call for a cease fire in gaza,palestine
4838,zelensky removes his top general in major shake up of ukraine military gen valery zaluzhny led the effort that thwarted russia s initial assault on kyiv but his troops have struggled to make progress recently and tensions have mounted with the civilian leadership,ukraine
4838,zelensky removes his top general in major shake up of ukraine military gen valery zaluzhny led the effort that thwarted russia s initial assault on kyiv but his troops have struggled to make progress recently and tensions have mounted with the civilian leadership,russia
4866,a blinken visit puts u s israeli tensions on full display during a round of diplomacy by secretary of state antony j blinken prime minister benjamin netanyahu seemed to be speaking to a domestic audience that does not want to let up pressure on hamas,israel
4866,a blinken visit puts u s israeli tensions on full display during a round of diplomacy by secretary of state antony j blinken prime minister benjamin netanyahu seemed to be speaking to a domestic audience that does not want to let up pressure on hamas,lebanon
4866,a blinken visit puts u s israeli tensions on full display during a round of diplomacy by secretary of state antony j blinken prime minister benjamin netanyahu seemed to be speaking to a domestic audience that does not want to let up pressure on hamas,palestine
4883,friday briefing will trump be allowed to hold office again also pakistan s elections and a shake up in ukraine s military leadership,pakistan
4883,friday briefing will trump be allowed to hold office again also pakistan s elections and a shake up in ukraine s military leadership,ukraine
4886,riad al turk the mandela of syria dies in exile at 93 imprisoned four times he spent almost 20 years in syria s prisons nearly 18 in solitary confinement for speaking out against the assad regimes he died in france,syria
4886,riad al turk the mandela of syria dies in exile at 93 imprisoned four times he spent almost 20 years in syria s prisons nearly 18 in solitary confinement for speaking out against the assad regimes he died in france,france
4889,trump putin carlson and the shifting sands of today s american politics an interview with russia s leader and congressional resistance to aid for ukraine underscore the transformation of the parties and electorate in the united states more than three decades after the cold war,russia
4889,trump putin carlson and the shifting sands of today s american politics an interview with russia s leader and congressional resistance to aid for ukraine underscore the transformation of the parties and electorate in the united states more than three decades after the cold war,ukraine
4894,a new general takes over as ukraine struggles on the battlefield gen oleksandr syrsky is taking a job vacated by a general who is well regarded by the army in what is widely perceived as a politicized shake up of ukraine s military leadership,ukraine
4904,trump came for their party but took over their souls the defeat of the immigration ukraine israel package marks the end of the party of eisenhower reagan and mccain,ukraine
4904,trump came for their party but took over their souls the defeat of the immigration ukraine israel package marks the end of the party of eisenhower reagan and mccain,israel
4906,crowded gazan city bombed as negotiators try to revive cease fire talks a day after prime minister benjamin netanyahu signaled that the israeli military was preparing to move into rafah airstrikes there killed and wounded multiple people,israel
4907,putin calls on u s to negotiate on ukraine in tucker carlson interview in a two hour interview president vladimir putin of russia was more direct than usual about how he sees his ukraine invasion ending not with a military victory but a deal with the west,russia
4907,putin calls on u s to negotiate on ukraine in tucker carlson interview in a two hour interview president vladimir putin of russia was more direct than usual about how he sees his ukraine invasion ending not with a military victory but a deal with the west,ukraine
4924,biden sharpens criticism of israel calling its gaza response over the top there are a lot of innocent people who are in trouble and dying the president said in a session with reporters and it s got to stop,israel
4924,biden sharpens criticism of israel calling its gaza response over the top there are a lot of innocent people who are in trouble and dying the president said in a session with reporters and it s got to stop,palestine
4943,pakistan election surprise imran khan s party puts up a fight the military had cracked down on the party of the former prime minister in favor of another former leader nawaz sharif but mr sharif s party was lagging as results trickled in,pakistan
4962,building the palestinian state with salam fayyad the former prime minister of the palestinian authority shares his lessons on statecraft working with israel and what he thinks should happen now,palestine
4962,building the palestinian state with salam fayyad the former prime minister of the palestinian authority shares his lessons on statecraft working with israel and what he thinks should happen now,israel
4984,israeli settlers left gaza in 2005 they now see a chance to return the united states and many other nations are pushing israel to hand gaza back to palestinian leadership but within israel a powerful lobby is trying to rally support for jewish settlements there,israel
4984,israeli settlers left gaza in 2005 they now see a chance to return the united states and many other nations are pushing israel to hand gaza back to palestinian leadership but within israel a powerful lobby is trying to rally support for jewish settlements there,palestine
4993,demolition of muslim properties sets off deadly violence in india when officials arrived to raze a mosque and seminary ruled to be illegally located on public property they encountered hundreds of protesters,india
4998,ukraine has a new military commander but the problems haven t changed as gen oleksandr syrsky assumes his role he must reckon with a grim calculus when does the cost of defending ground outweigh any benefit gained by inflicting pain on the enemy,ukraine
5004,burned vehicles litter streets after clashes in northern india protests broke out in the town of haldwani india after officials and the police arrived to demolish a mosque and a muslim seminary,india
5021,putin to u s let s make a deal on ukraine the russian leader clearly believes he can now negotiate from strength but the message in the tucker carlson interview was muddled critics say,russia
5021,putin to u s let s make a deal on ukraine the russian leader clearly believes he can now negotiate from strength but the message in the tucker carlson interview was muddled critics say,ukraine
5052,in private remarks to arab americans biden aide expresses regrets on gaza in a closed door meeting the aide offered some of the administration s clearest notes of contrition for its response to the gaza war a sign of rising democratic pressure on president biden,palestine
5056,u s rejects putin s latest call for ukraine negotiations skepticism remains high about the russian leader s intentions after he told tucker carlson that the war in ukraine could be settled with a peace deal,russia
5056,u s rejects putin s latest call for ukraine negotiations skepticism remains high about the russian leader s intentions after he told tucker carlson that the war in ukraine could be settled with a peace deal,ukraine
5064,john bruton dies at 76 negotiated for peace as irish prime minister he made strides to end the sectarian violence that plagued northern ireland through the 1990s by collaborating with both britain and the irish republican army,ireland
5074,netanyahu orders evacuation plan for city where a million gazans shelter many civilians in rafah are sheltering in rickety tents made of plastic and wood and say there is nowhere left in gaza to avoid israeli shelling,israel
5074,netanyahu orders evacuation plan for city where a million gazans shelter many civilians in rafah are sheltering in rickety tents made of plastic and wood and say there is nowhere left in gaza to avoid israeli shelling,palestine
5077,moody s downgrades israel s credit rating citing toll of war israel s creditworthiness remains high but the rating agency noted that the outlook for the country was negative considering the risks from the continued conflict,israel
5090,on a frozen border finland puzzles over a russian game as it votes on sunday for a new president nato s newest member says moscow is testing it by turning asylum seekers into a political pressure point,finland
5090,on a frozen border finland puzzles over a russian game as it votes on sunday for a new president nato s newest member says moscow is testing it by turning asylum seekers into a political pressure point,russia
5091,panamanian candidate facing prison vows to campaign from an embassy convicted of money laundering ricardo martinelli a conservative ex president who had planned to run again has sought refuge in the embassy of leftist and autocratic nicaragua,panama
5091,panamanian candidate facing prison vows to campaign from an embassy convicted of money laundering ricardo martinelli a conservative ex president who had planned to run again has sought refuge in the embassy of leftist and autocratic nicaragua,nicaragua
5098,promoting peace as war rages israeli and palestinian activists meet for almost 20 years combatants for peace has called for non violence and an end to israel s occupation of palestine but after oct 7 some attendees are more hesitant to speak out about their activism times reporters attended one of their sessions,israel
5098,promoting peace as war rages israeli and palestinian activists meet for almost 20 years combatants for peace has called for non violence and an end to israel s occupation of palestine but after oct 7 some attendees are more hesitant to speak out about their activism times reporters attended one of their sessions,palestine
5105,these israelis and palestinians are still working for peace just quietly positions have hardened on both sides in the face of the gaza war but some activists refuse to give up hope they let us sit in on one of their meetings,israel
5105,these israelis and palestinians are still working for peace just quietly positions have hardened on both sides in the face of the gaza war but some activists refuse to give up hope they let us sit in on one of their meetings,palestine
5121,egypt warily eyes gaza as war builds pressure on its border egypt has reinforced its frontier with gaza and warned israel that any move that would send gazans spilling into egyptian territory could jeopardize their decades old peace treaty,egypt
5121,egypt warily eyes gaza as war builds pressure on its border egypt has reinforced its frontier with gaza and warned israel that any move that would send gazans spilling into egyptian territory could jeopardize their decades old peace treaty,palestine
5121,egypt warily eyes gaza as war builds pressure on its border egypt has reinforced its frontier with gaza and warned israel that any move that would send gazans spilling into egyptian territory could jeopardize their decades old peace treaty,israel
5126,don t underestimate the mobilizing force of abortion poland voted out authoritarianism reproductive rights tipped the scales,poland
5130,the backpack you need isn t for carrying books study spanish in bolivia or teach english in south korea or volunteer in nepal,bolivia
5130,the backpack you need isn t for carrying books study spanish in bolivia or teach english in south korea or volunteer in nepal,south korea
5130,the backpack you need isn t for carrying books study spanish in bolivia or teach english in south korea or volunteer in nepal,nepal
5134,missing 6 year old and rescue team found dead in gaza aid group says the palestine red crescent had issued a series of posts about the girl named hind and two rescuers sent to find her after she was trapped in a car with dead relatives in it,palestine
5139,shocking opposition victory throws pakistan into chaos the party of imran khan the jailed former prime minister took the most seats humiliating the country s military rulers and creating a political crisis,pakistan
5143,u n agency in gaza fought hamas infiltration not hard enough israel says the main u n agency in gaza said it has long investigated claims of links firing several employees over the years israel says it is a compromised organization too weak to protect itself,palestine
5143,u n agency in gaza fought hamas infiltration not hard enough israel says the main u n agency in gaza said it has long investigated claims of links firing several employees over the years israel says it is a compromised organization too weak to protect itself,lebanon
5143,u n agency in gaza fought hamas infiltration not hard enough israel says the main u n agency in gaza said it has long investigated claims of links firing several employees over the years israel says it is a compromised organization too weak to protect itself,israel
5150,gazans search rubble after israeli strikes on rafah homes and a vehicle were hit in the southern gazan city where hundreds of thousands of displaced palestinians have fled since the war began,israel
5150,gazans search rubble after israeli strikes on rafah homes and a vehicle were hit in the southern gazan city where hundreds of thousands of displaced palestinians have fled since the war began,palestine
5153,russian drone strike ignites a fuel depot setting a neighborhood ablaze in ukraine seven people from two families died in the inferno in kharkiv on friday night as burning oil flowed like lava people were doomed an official said,russia
5153,russian drone strike ignites a fuel depot setting a neighborhood ablaze in ukraine seven people from two families died in the inferno in kharkiv on friday night as burning oil flowed like lava people were doomed an official said,ukraine
5166,terrified gazans await an israeli advance in the city they fled to israel has asked the military to come up with plans to evacuate gazans but it isn t clear where they are supposed to go or when israel s ground invasion might begin,israel
5168,finland elects alexander stubb president as it ushers in nato era the election of the center right politician fills a role that is responsible for foreign policy in an era of rising wariness of neighboring russia,finland
5168,finland elects alexander stubb president as it ushers in nato era the election of the center right politician fills a role that is responsible for foreign policy in an era of rising wariness of neighboring russia,russia
5169,short on soldiers ukraine debates how to find the next wave of troops a potential expansion of the nation s military draft to replenish the exhausted battered army has become an emotional politically charged issue,ukraine
5201,israeli analysts say rafah invasion is unlikely to be imminent a major challenge for israeli forces will be how to move the more than 1 million gazans who have crowded into the city out of harm s way,israel
5207,favoring foes over friends trump threatens to upend international order former president donald j trump suggested that he would incite russia to attack delinquent u s allies foreshadowing potentially far reaching changes in the world order if he wins the white house again,russia
5208,for many in rafah displacement is a recurring nightmare more than a million people fled repeatedly before landing in gaza s southernmost city and now they and the city s residents are wondering where they could possibly go next,palestine
5209,nikki haley denounces trump s nato comments and defends her husband against his attacks don t take the side of a thug who kills his opponents ms haley said on cbs s face the nation on sunday after donald trump suggested he might encourage russia to attack a nato member,russia
5212,an outburst by trump on nato may push europe to go it alone many were alarmed by comments that he would encourage russia to attack u s allies that didn t spend enough on their militaries but european leaders were already pondering the prospect of an alliance without the united states,russia
5218,biden cautions netanyahu on ground offensive in southern gaza the president told the israeli leader on sunday that protection was needed for palestinians seeking shelter and called for urgent and specific steps on humanitarian aid,israel
5218,biden cautions netanyahu on ground offensive in southern gaza the president told the israeli leader on sunday that protection was needed for palestinians seeking shelter and called for urgent and specific steps on humanitarian aid,palestine
5219,israel says it will protect civilians in a gazan city it is determined to invade prime minister benjamin netanyahu said that israel would invade refugee packed rafah but was drafting a plan to help people get out of harm s way,israel
5231,what to know about the 2 hostages israel rescued from rafah fernando simon marman 60 and louis har 70 were in good condition and were undergoing tests at a tel aviv hospital the israeli authorities said,israel
5243,biden and jordan s king call on israel to protect palestinians in rafah king abdullah who had his first face to face conversation with president biden since the gaza war began said an israeli invasion of the city was certain to produce another humanitarian catastrophe,jordan
5243,biden and jordan s king call on israel to protect palestinians in rafah king abdullah who had his first face to face conversation with president biden since the gaza war began said an israeli invasion of the city was certain to produce another humanitarian catastrophe,israel
5243,biden and jordan s king call on israel to protect palestinians in rafah king abdullah who had his first face to face conversation with president biden since the gaza war began said an israeli invasion of the city was certain to produce another humanitarian catastrophe,palestine
5252,she survived an airstrike that killed her entire family in gaza eleven year old dareen al bayaa lost dozens of her family members in a single airstrike in gaza she is one of at least 17 000 children across the territory who have been orphaned or separated from their parents,palestine
5285,palestinians in rafah describe night full of horror during israeli hostage rescue the gazan health ministry said that at least 67 people had been killed in israeli strikes overnight in rafah and that the toll was likely to rise,palestine
5285,palestinians in rafah describe night full of horror during israeli hostage rescue the gazan health ministry said that at least 67 people had been killed in israeli strikes overnight in rafah and that the toll was likely to rise,israel
5294,dutch court moves to block export of fighter jet parts to israel the move reflected mounting alarm over the civilian toll of israel s war in gaza but was unlikely to have an immediate effect on the military campaign,israel
5294,dutch court moves to block export of fighter jet parts to israel the move reflected mounting alarm over the civilian toll of israel s war in gaza but was unlikely to have an immediate effect on the military campaign,palestine
5305,finland s new president faces unexpected first test not russia but trump alexander stubb was elected vowing to bolster finland s new role in nato just as trump s threats have thrown the future of the alliance into doubt,finland
5305,finland s new president faces unexpected first test not russia but trump alexander stubb was elected vowing to bolster finland s new role in nato just as trump s threats have thrown the future of the alliance into doubt,russia
5308,who are the major players after pakistan s stunning election politicians and the military are jockeying to lead the country after the success of the party of imran khan a jailed former prime minister,pakistan
5319,tuesday briefing israel strikes gaza to rescue hostages also donald trump s high stakes week and china s stadium diplomacy,israel
5319,tuesday briefing israel strikes gaza to rescue hostages also donald trump s high stakes week and china s stadium diplomacy,palestine
5319,tuesday briefing israel strikes gaza to rescue hostages also donald trump s high stakes week and china s stadium diplomacy,china
5323,u s u n and international criminal court intensify warnings against invading rafah international pressure has escalated on israel to restrain its military campaign in the southern gazan city where many have fled from attacks in the north,israel
5327,senate passes aid to ukraine but fate is uncertain in a hostile house democrats and a group of republicans teamed up to approve the 95 billion bill which also includes aid to israel and civilians in conflict zones but the house speaker threatened to ignore it,ukraine
5327,senate passes aid to ukraine but fate is uncertain in a hostile house democrats and a group of republicans teamed up to approve the 95 billion bill which also includes aid to israel and civilians in conflict zones but the house speaker threatened to ignore it,israel
5334,israeli raid in rafah rescues 2 hostages and kills dozens officials say the hostages who had been held by hamas returned to israel after a military operation that gazan health officials said killed at least 67 palestinians,israel
5334,israeli raid in rafah rescues 2 hostages and kills dozens officials say the hostages who had been held by hamas returned to israel after a military operation that gazan health officials said killed at least 67 palestinians,lebanon
5334,israeli raid in rafah rescues 2 hostages and kills dozens officials say the hostages who had been held by hamas returned to israel after a military operation that gazan health officials said killed at least 67 palestinians,palestine
5335,an israeli raid rescued two hostages and killed dozens officials say also an election upset in pakistan here s the latest at the end of monday,israel
5335,an israeli raid rescued two hostages and killed dozens officials say also an election upset in pakistan here s the latest at the end of monday,pakistan
5345,a tunnel offers clues to how hamas uses gaza s hospitals new evidence shows hamas operated under al shifa hospital but falls short of proving israel s early claims that there was a command center there,lebanon
5345,a tunnel offers clues to how hamas uses gaza s hospitals new evidence shows hamas operated under al shifa hospital but falls short of proving israel s early claims that there was a command center there,palestine
5345,a tunnel offers clues to how hamas uses gaza s hospitals new evidence shows hamas operated under al shifa hospital but falls short of proving israel s early claims that there was a command center there,israel
5354,tuesday briefing israel s deadly operation to rescue two hostages,israel
5356,only biden and m b s can redirect the israeli palestinian conflict what the president and the saudi crown prince need to do,israel
5356,only biden and m b s can redirect the israeli palestinian conflict what the president and the saudi crown prince need to do,palestine
5370,its forces depleted myanmar junta says it will enforce a military draft three years after it took power in a coup the regime appears to be on the defensive but it remains unclear if the rebels can overthrow the military,myanmar
5415,a bill with 14 billion for israel s war in gaza passes the senate but may falter in the house a 95 billion foreign aid package passed by the senate on tuesday morning includes 14 1 billion for israel s war against hamas though the bill still faces uncertainty in the house,israel
5415,a bill with 14 billion for israel s war in gaza passes the senate but may falter in the house a 95 billion foreign aid package passed by the senate on tuesday morning includes 14 1 billion for israel s war against hamas though the bill still faces uncertainty in the house,palestine
5415,a bill with 14 billion for israel s war in gaza passes the senate but may falter in the house a 95 billion foreign aid package passed by the senate on tuesday morning includes 14 1 billion for israel s war against hamas though the bill still faces uncertainty in the house,lebanon
5416,hezbollah attack injures 2 israelis amid fresh push to reduce tensions diplomats said france had presented a proposal aimed at ending the strikes and skirmishes along the border between israel and lebanon,lebanon
5416,hezbollah attack injures 2 israelis amid fresh push to reduce tensions diplomats said france had presented a proposal aimed at ending the strikes and skirmishes along the border between israel and lebanon,israel
5416,hezbollah attack injures 2 israelis amid fresh push to reduce tensions diplomats said france had presented a proposal aimed at ending the strikes and skirmishes along the border between israel and lebanon,france
5431,israel orders evacuation of southern gaza hospital where thousands are sheltering the israeli military accused hamas of operating from nasser hospital but did not provide evidence past israeli orders to evacuate hospitals have preceded military raids,israel
5431,israel orders evacuation of southern gaza hospital where thousands are sheltering the israeli military accused hamas of operating from nasser hospital but did not provide evidence past israeli orders to evacuate hospitals have preceded military raids,palestine
5431,israel orders evacuation of southern gaza hospital where thousands are sheltering the israeli military accused hamas of operating from nasser hospital but did not provide evidence past israeli orders to evacuate hospitals have preceded military raids,lebanon
5445,as u s weighs aid ukraine turns to european allies for support president volodymyr zelensky is expected to seek more military assistance in berlin paris and possibly london,ukraine
5445,as u s weighs aid ukraine turns to european allies for support president volodymyr zelensky is expected to seek more military assistance in berlin paris and possibly london,germany
5445,as u s weighs aid ukraine turns to european allies for support president volodymyr zelensky is expected to seek more military assistance in berlin paris and possibly london,france
5445,as u s weighs aid ukraine turns to european allies for support president volodymyr zelensky is expected to seek more military assistance in berlin paris and possibly london,u k
5448,france imposes sanctions on west bank settlers joining the u s and britain the french foreign ministry said it had banned 28 settlers from entering france or any of its territories calling on israel s government to pursue legal action against them,france
5448,france imposes sanctions on west bank settlers joining the u s and britain the french foreign ministry said it had banned 28 settlers from entering france or any of its territories calling on israel s government to pursue legal action against them,israel
5455,biden denounces trump s support for russian attack on allies as un american the president cited the former president s comments in seeking to increase pressure on speaker mike johnson to allow a floor vote on a 95 billion package of security aid for ukraine and israel approved by the senate,russia
5455,biden denounces trump s support for russian attack on allies as un american the president cited the former president s comments in seeking to increase pressure on speaker mike johnson to allow a floor vote on a 95 billion package of security aid for ukraine and israel approved by the senate,ukraine
5455,biden denounces trump s support for russian attack on allies as un american the president cited the former president s comments in seeking to increase pressure on speaker mike johnson to allow a floor vote on a 95 billion package of security aid for ukraine and israel approved by the senate,israel
5464,two students two views one campus conflict in the midwest at the university of michigan a palestinian activist and a self described zionist counterprotester have little in common except the way they were shaped by life on campus,palestine
5472,in scorning trump s remarks biden urges house to pass ukraine aid bill during remarks on the 95 billion ukraine and israel aid package president biden condemned former president donald j trump for encouraging russia to attack some nato members,ukraine
5472,in scorning trump s remarks biden urges house to pass ukraine aid bill during remarks on the 95 billion ukraine and israel aid package president biden condemned former president donald j trump for encouraging russia to attack some nato members,israel
5472,in scorning trump s remarks biden urges house to pass ukraine aid bill during remarks on the 95 billion ukraine and israel aid package president biden condemned former president donald j trump for encouraging russia to attack some nato members,russia
5475,south africa asks top u n court to act against israel s plans for rafah the international court of justice in the hague which last month ordered israel to ensure its actions in gaza would not lead to genocide is required to regard the new request as a matter of priority,south africa
5475,south africa asks top u n court to act against israel s plans for rafah the international court of justice in the hague which last month ordered israel to ensure its actions in gaza would not lead to genocide is required to regard the new request as a matter of priority,israel
5475,south africa asks top u n court to act against israel s plans for rafah the international court of justice in the hague which last month ordered israel to ensure its actions in gaza would not lead to genocide is required to regard the new request as a matter of priority,palestine
5480,ukraine claims russia used new hypersonic missile for first time russia has not confirmed that a zircon hypersonic missile was used the united states says it s looking into the claim,ukraine
5480,ukraine claims russia used new hypersonic missile for first time russia has not confirmed that a zircon hypersonic missile was used the united states says it s looking into the claim,russia
5493,talks in cairo aim for a deal to halt gaza war and free hostages israel hamas the united states qatar and egypt are involved in negotiations which will go on for days officials called them promising but an accord did not seem imminent,egypt
5493,talks in cairo aim for a deal to halt gaza war and free hostages israel hamas the united states qatar and egypt are involved in negotiations which will go on for days officials called them promising but an accord did not seem imminent,palestine
5493,talks in cairo aim for a deal to halt gaza war and free hostages israel hamas the united states qatar and egypt are involved in negotiations which will go on for days officials called them promising but an accord did not seem imminent,israel
5493,talks in cairo aim for a deal to halt gaza war and free hostages israel hamas the united states qatar and egypt are involved in negotiations which will go on for days officials called them promising but an accord did not seem imminent,lebanon
5493,talks in cairo aim for a deal to halt gaza war and free hostages israel hamas the united states qatar and egypt are involved in negotiations which will go on for days officials called them promising but an accord did not seem imminent,qatar
5494,a feared ex general appears set to become indonesia s new leader prabowo subianto was ejected from the military on accusations of rights abuses now he is projected to win the country s presidency outright in the first round,indonesia
5505,a palestinian exile champions an arab vision for gaza mohammed dahlan who advises the united arab emirates provided public insights into what arab governments are privately planning for the battered enclave after the war ends,palestine
5505,a palestinian exile champions an arab vision for gaza mohammed dahlan who advises the united arab emirates provided public insights into what arab governments are privately planning for the battered enclave after the war ends,united arab emirates
5506,wednesday briefing ukraine turns to europe for more support,ukraine
5509,it s not time for our troops to leave the middle east should u s troops stay in syria and iraq or should they go and if they stay how does american leadership prevent these attacks from continuing,syria
5509,it s not time for our troops to leave the middle east should u s troops stay in syria and iraq or should they go and if they stay how does american leadership prevent these attacks from continuing,iraq
5553,liberal group joins efforts calling for protest vote against biden in michigan our revolution begun by senator bernie sanders in 2016 is aiming to shift the president s stance on the war in gaza,palestine
5563,europe wants to stand on its own militarily is it too little too late outraged by donald j trump s remarks about encouraging russia to punish some nato members and downbeat about ukraine s military prospects europe faces growing anxiety over its own security,russia
5563,europe wants to stand on its own militarily is it too little too late outraged by donald j trump s remarks about encouraging russia to punish some nato members and downbeat about ukraine s military prospects europe faces growing anxiety over its own security,ukraine
5564,israeli minister blocks flour from reaching unrwa in gaza israel s finance minister bezalel smotrich said he had ordered flour shipments not to be transferred to the agency that aids palestinians citing allegations that some of its employees were affiliated with hamas,israel
5564,israeli minister blocks flour from reaching unrwa in gaza israel s finance minister bezalel smotrich said he had ordered flour shipments not to be transferred to the agency that aids palestinians citing allegations that some of its employees were affiliated with hamas,palestine
5564,israeli minister blocks flour from reaching unrwa in gaza israel s finance minister bezalel smotrich said he had ordered flour shipments not to be transferred to the agency that aids palestinians citing allegations that some of its employees were affiliated with hamas,lebanon
5574,ukraine struggling on land claims to deal blow to russia at sea the ukrainian military says it has sunk a large russian landing ship off the coast of crimea although ukrainian troops inland find themselves in a precarious position,ukraine
5574,ukraine struggling on land claims to deal blow to russia at sea the ukrainian military says it has sunk a large russian landing ship off the coast of crimea although ukrainian troops inland find themselves in a precarious position,russia
5576,hundreds flee southern gaza hospital after israel orders evacuation the israeli military threatened to take action to stop what it called hamas activity at nasser medical complex in khan younis,palestine
5576,hundreds flee southern gaza hospital after israel orders evacuation the israeli military threatened to take action to stop what it called hamas activity at nasser medical complex in khan younis,israel
5576,hundreds flee southern gaza hospital after israel orders evacuation the israeli military threatened to take action to stop what it called hamas activity at nasser medical complex in khan younis,lebanon
5587,dries van agt former dutch prime minister dies at 93 as justice minister he weathered a hijacking crisis and later pushed to resolve the israeli palestinian conflict he and his wife died in a joint act of euthanasia,israel
5587,dries van agt former dutch prime minister dies at 93 as justice minister he weathered a hijacking crisis and later pushed to resolve the israeli palestinian conflict he and his wife died in a joint act of euthanasia,palestine
5591,austin speaking by video reiterates u s support for ukraine secretary of defense lloyd j austin iii spoke on wednesday to a u s led group that marshals military aid to ukraine,ukraine
5595,palestinians leave gazan hospital after israel orders evacuation hundreds of displaced palestinians fled nasser medical complex in southern gaza on wednesday following evacuation orders from israel,palestine
5595,palestinians leave gazan hospital after israel orders evacuation hundreds of displaced palestinians fled nasser medical complex in southern gaza on wednesday following evacuation orders from israel,israel
5603,how senate democrats flipped the border issue on republicans senator chuck schumer was wary of tying immigration policy to emergency aid for ukraine but he saw an opening to address border turmoil that was becoming a political liability and to call republicans bluff,ukraine
5621,these people had dreams and ambitions samar abu elouf a photojournalist spent weeks documenting five palestinians in gaza whose lives had been shattered by the war,palestine
5625,f b i director makes a secret trip to israel christopher a wray whose agency has worked with israeli authorities to pursue atrocities committed by hamas has made his first visit to israel since the war began the bureau disclosed,israel
5625,f b i director makes a secret trip to israel christopher a wray whose agency has worked with israeli authorities to pursue atrocities committed by hamas has made his first visit to israel since the war began the bureau disclosed,lebanon
5625,f b i director makes a secret trip to israel christopher a wray whose agency has worked with israeli authorities to pursue atrocities committed by hamas has made his first visit to israel since the war began the bureau disclosed,palestine
5627,thursday briefing indonesia s new leader also a coalition forms in pakistan and motorbikes pile high in vietnam,indonesia
5627,thursday briefing indonesia s new leader also a coalition forms in pakistan and motorbikes pile high in vietnam,pakistan
5627,thursday briefing indonesia s new leader also a coalition forms in pakistan and motorbikes pile high in vietnam,vietnam
5628,israeli media report netanyahu has pulled out of gaza cease fire talks some family members of the hostages still in gaza criticized any such decision and protested outside the homes of israeli officials,israel
5628,israeli media report netanyahu has pulled out of gaza cease fire talks some family members of the hostages still in gaza criticized any such decision and protested outside the homes of israeli officials,palestine
5629,biden shields palestinians in the u s from deportation the president who is facing mounting criticism over u s support for israel used an authority that exempts people from deportation if their homeland is in crisis,palestine
5629,biden shields palestinians in the u s from deportation the president who is facing mounting criticism over u s support for israel used an authority that exempts people from deportation if their homeland is in crisis,israel
5652,hundreds flee one of gaza s last working hospitals fearing israeli attack israeli forces have been expanding their operations in the southern gaza city of khan younis for weeks and on wednesday called for civilians at a hospital there to leave for safer spaces,palestine
5652,hundreds flee one of gaza s last working hospitals fearing israeli attack israeli forces have been expanding their operations in the southern gaza city of khan younis for weeks and on wednesday called for civilians at a hospital there to leave for safer spaces,israel
5659,after fighting ukraine aid trump says biden will give ukraine to putin donald trump suggested he would do more to protect the country from russia seeking to flip the script on the president who has been calling for more military aid for months,ukraine
5659,after fighting ukraine aid trump says biden will give ukraine to putin donald trump suggested he would do more to protect the country from russia seeking to flip the script on the president who has been calling for more military aid for months,russia
5662,how russia depicts wounded soldiers as heroes or not at all troops with amputated limbs or serious injuries return home to find a patchwork system of treatment and often efforts to keep them out of the public eye,russia
5664,russia hides its war toll we pieced together the clues interviews with wounded russian soldiers and with relatives of others reveal glimpses of what injured veterans can expect when sent home from ukraine,russia
5664,russia hides its war toll we pieced together the clues interviews with wounded russian soldiers and with relatives of others reveal glimpses of what injured veterans can expect when sent home from ukraine,ukraine
5669,putin s puppets are coming to life the kremlin s method for maintaining the facade of democracy seems to have broken down,russia
5685,there is no safety displaced gazans leave rafah with israel signaling an invasion of the southern gazan city of rafah palestinians who fled there are uncertain about where to go next some are returning to the places they earlier had to evacuate,israel
5685,there is no safety displaced gazans leave rafah with israel signaling an invasion of the southern gazan city of rafah palestinians who fled there are uncertain about where to go next some are returning to the places they earlier had to evacuate,palestine
5693,california s push for ethnic studies runs into the israel hamas war the state s high school students will be required to take the subject but some object to how the discipline addresses the israeli palestinian conflict,israel
5693,california s push for ethnic studies runs into the israel hamas war the state s high school students will be required to take the subject but some object to how the discipline addresses the israeli palestinian conflict,lebanon
5693,california s push for ethnic studies runs into the israel hamas war the state s high school students will be required to take the subject but some object to how the discipline addresses the israeli palestinian conflict,palestine
5718,he lost a son then chronicled life in a gaza hospital to dull his heartache mustafa abutaha told stories of people sheltering with him at nasser hospital he later fled before the israeli military closed in israeli forces began raiding the medical facility on thursday,palestine
5718,he lost a son then chronicled life in a gaza hospital to dull his heartache mustafa abutaha told stories of people sheltering with him at nasser hospital he later fled before the israeli military closed in israeli forces began raiding the medical facility on thursday,israel
5722,lebanon s state media says israeli strikes there killed 10 civilians the death toll wednesday was the highest in months of cross border fighting and amplified fears that the cross border clashes could escalate into a full fledged war,lebanon
5722,lebanon s state media says israeli strikes there killed 10 civilians the death toll wednesday was the highest in months of cross border fighting and amplified fears that the cross border clashes could escalate into a full fledged war,israel
5724,weeks before the israeli raid a doctor described the crisis at nasser hospital the israeli military operation at nasser medical complex on thursday followed weeks of warnings from health officials about increasingly dire conditions inside the hospital doctors struggling with scarce supplies displaced people sleeping in corridors hunger gnawing as food grew scarce bombings and gunfire reverberating in the surrounding streets,israel
5734,putin says he prefers biden over trump commentators are skeptical the russian president vladimir v putin called president biden experienced and predictable but moscow watchers said the comments most likely had an ulterior motive,russia
5751,losing ground ukraine seeks new positions around avdiivka as russian forces breach a supply line and seek to encircle opposing soldiers ukraine s commanders maneuver to more advantageous positions,ukraine
5751,losing ground ukraine seeks new positions around avdiivka as russian forces breach a supply line and seek to encircle opposing soldiers ukraine s commanders maneuver to more advantageous positions,russia
5754,gazans who sought shelter in rafah are fleeing again the city of rafah in southern gaza is one of the last areas of the territory where israeli troops have yet to deploy in force but now as israel warns of a ground offensive there some of the 1 4 million people who have been sheltering in the city are packing up and moving on,palestine
5754,gazans who sought shelter in rafah are fleeing again the city of rafah in southern gaza is one of the last areas of the territory where israeli troops have yet to deploy in force but now as israel warns of a ground offensive there some of the 1 4 million people who have been sheltering in the city are packing up and moving on,israel
5769,palestinians evacuate major gaza hospital after israeli orders even before thursday s raid a local journalist described a chaotic scene inside the nasser medical complex in khan younis,palestine
5769,palestinians evacuate major gaza hospital after israeli orders even before thursday s raid a local journalist described a chaotic scene inside the nasser medical complex in khan younis,israel
5777,trump s takeover of the republican party readers discuss a column by david brooks also tears for america the border reform bill fafsa delays an alzheimer s drug protests in israel,israel
5781,intelligence about russia puts focus on new u s satellite push the pentagon is in the early stages of a program to put constellations of smaller and cheaper satellites into orbit to counter space based threats of the sort being developed by russia and china,russia
5781,intelligence about russia puts focus on new u s satellite push the pentagon is in the early stages of a program to put constellations of smaller and cheaper satellites into orbit to counter space based threats of the sort being developed by russia and china,china
5793,egypt is building a wall near gaza border but won t say why amid fears about displaced palestinians massing at the border with gaza egyptian officials have disclosed little about a new construction project,egypt
5793,egypt is building a wall near gaza border but won t say why amid fears about displaced palestinians massing at the border with gaza egyptian officials have disclosed little about a new construction project,palestine
5797,friday briefing trump to go on trial also israel storms a hospital in gaza and readers reflect on the right to disconnect,israel
5797,friday briefing trump to go on trial also israel storms a hospital in gaza and readers reflect on the right to disconnect,palestine
5799,russia s antisatellite technology poses no immediate threat white house says we are not talking about a weapon that can be used to attack human beings or cause physical destruction here on earth a white house spokesman said,russia
5809,u s disrupts hacking operation led by russian intelligence the disruption is part of a broader effort to stymie russia s cybercampaigns against the united states and its allies including ukraine,russia
5809,u s disrupts hacking operation led by russian intelligence the disruption is part of a broader effort to stymie russia s cybercampaigns against the united states and its allies including ukraine,ukraine
5816,u s conducted cyberattack against iranian military ship an official says the move was part of the biden administration s retaliation to a drone attack at an outpost in jordan that killed 3 americans,iran
5816,u s conducted cyberattack against iranian military ship an official says the move was part of the biden administration s retaliation to a drone attack at an outpost in jordan that killed 3 americans,jordan
5819,frank kitson 97 dies helped shape the conflict in northern ireland a british general whose specialty was counterinsurgency he was accused of using unduly hard edge tactics against irish republican forces during the era known as the troubles,ireland
5822,warnings over israel s rafah threat come from all corners allies and others say the safety of the palestinian civilians who have sought shelter in the far south of gaza is paramount,israel
5822,warnings over israel s rafah threat come from all corners allies and others say the safety of the palestinian civilians who have sought shelter in the far south of gaza is paramount,palestine
5826,palestinians flee as israeli forces raid a major hospital in gaza israel says hamas routinely operates within and beneath places like nasser hospital in khan younis using them as shields and has held israeli hostages there the group denies the charges,palestine
5826,palestinians flee as israeli forces raid a major hospital in gaza israel says hamas routinely operates within and beneath places like nasser hospital in khan younis using them as shields and has held israeli hostages there the group denies the charges,israel
5826,palestinians flee as israeli forces raid a major hospital in gaza israel says hamas routinely operates within and beneath places like nasser hospital in khan younis using them as shields and has held israeli hostages there the group denies the charges,lebanon
5828,israeli military raids one of gaza s last functioning hospitals health care workers shared videos of a chaotic scene at nasser medical center in khan younis gaza strip as israeli troops raided the hospital and ordered people to evacuate on thursday,israel
5828,israeli military raids one of gaza s last functioning hospitals health care workers shared videos of a chaotic scene at nasser medical center in khan younis gaza strip as israeli troops raided the hospital and ordered people to evacuate on thursday,palestine
5847,as gaza death toll mounts the peace lobby fights for influence in washington the friends committee a quaker lobbying group has been pushing in washington for a cease fire going up against more powerful and better funded groups backing israel,palestine
5847,as gaza death toll mounts the peace lobby fights for influence in washington the friends committee a quaker lobbying group has been pushing in washington for a cease fire going up against more powerful and better funded groups backing israel,israel
5862,zelensky visits berlin and paris to shore up support as u s wavers the ukrainian president signed security agreements and sought to push the european leaders to bolster aid as concerns over american funding grow,ukraine
5862,zelensky visits berlin and paris to shore up support as u s wavers the ukrainian president signed security agreements and sought to push the european leaders to bolster aid as concerns over american funding grow,germany
5862,zelensky visits berlin and paris to shore up support as u s wavers the ukrainian president signed security agreements and sought to push the european leaders to bolster aid as concerns over american funding grow,france
5912,why sanctions haven t hobbled russia moscow s continued strength is a humbling result for the u s and its allies,russia
5915,aleksei navalny russian opposition leader dies in prison at 47 the kremlin s fiercest critic whose work brought arrests attacks and a near fatal poisoning in 2020 had spent months in isolation,russia
5921,european leaders express shock at news of navalny s death president volodymyr zelensky of ukraine said that aleksei navalny the russian dissident was killed by putin like thousands of others,ukraine
5921,european leaders express shock at news of navalny s death president volodymyr zelensky of ukraine said that aleksei navalny the russian dissident was killed by putin like thousands of others,russia
5922,gunman opens fire at bus stop in israel killing at least 2 the israeli authorities called the attack which took place near the town of b nei re em an act of terrorism,israel
5925,navalny s wife makes dramatic appearance after reports of his death in a surprise address in munich yulia navalnaya said that if her husband aleksei a navalny was dead president vladimir v putin of russia would bear responsibility and she called on the world to defeat this evil,russia
5943,israel says it will not force gazans into egypt as it searches major hospital the announcement by israel s defense minister came after months of speculation and as israeli forces combed the largest hospital in southern gaza,israel
5943,israel says it will not force gazans into egypt as it searches major hospital the announcement by israel s defense minister came after months of speculation and as israeli forces combed the largest hospital in southern gaza,egypt
5943,israel says it will not force gazans into egypt as it searches major hospital the announcement by israel s defense minister came after months of speculation and as israeli forces combed the largest hospital in southern gaza,palestine
5952,where does navalny s reported death leave russia and putin the reported death of aleksei a navalny ushers in a new turning point for president vladimir v putin s russia underscoring both the kremlin s power and the potential for instability that continues to threaten it,russia
5955,navalny s death raises tensions between u s and russia president biden condemned putin and his thugs for the russian dissident s demise while european allies urgently sought assurances that the united states would not abandon them,russia
5969,what feckless americans can learn from navalny s bravery the authoritarian russia that navalny stood against is the same russia that too many americans have buttressed by opposing aid to ukraine,russia
5969,what feckless americans can learn from navalny s bravery the authoritarian russia that navalny stood against is the same russia that too many americans have buttressed by opposing aid to ukraine,ukraine
5975,after report of navalny death haley attacks trump over past praise for putin putin did this the same putin who donald trump praises and defends nikki haley said mr trump has so far kept silent since reports that aleksei a navalny died,russia
5980,israel was behind attacks on major gas pipelines in iran officials say the sabotage which analysts said marked an escalation in the shadow war between israel and iran caused sweeping disruption in several provinces,israel
5980,israel was behind attacks on major gas pipelines in iran officials say the sabotage which analysts said marked an escalation in the shadow war between israel and iran caused sweeping disruption in several provinces,iran
5988,in prison or out navalny was the thorn in putin s side a straight talking former real estate lawyer he stayed relevant even from prison pleading with russians not to give up or give in to their fears and railing against the criminal war in ukraine,russia
5988,in prison or out navalny was the thorn in putin s side a straight talking former real estate lawyer he stayed relevant even from prison pleading with russians not to give up or give in to their fears and railing against the criminal war in ukraine,ukraine
5989,who was aleksei navalny aleksei navalny an anticorruption activist who for more than a decade led the political opposition in president vladimir putin s russia while enduring arrests assaults and a near fatal poisoning died friday in a russian prison he was 47,russia
5999,a third political ally of hungary s prime minister is forced to resign the sex scandal underlying the resignation has challenged the family values image viktor orban s authoritarian government has tried to promote,hungary
6009,prominent black church leaders call for end of u s aid to israel the african methodist episcopal church bishops council says american financial assistance to help israel fight its war in gaza supports mass genocide,israel
6009,prominent black church leaders call for end of u s aid to israel the african methodist episcopal church bishops council says american financial assistance to help israel fight its war in gaza supports mass genocide,palestine
6019,avdiivka longtime stronghold for ukraine falls to russians with ukraine s forces at risk of encirclement the top military commander ordered a retreat in startlingly candid accounts soldiers described disarray and despair,ukraine
6019,avdiivka longtime stronghold for ukraine falls to russians with ukraine s forces at risk of encirclement the top military commander ordered a retreat in startlingly candid accounts soldiers described disarray and despair,russia
6055,israelis newly vulnerable remain traumatized and mistrustful despite u s pressure the idea of a palestinian state seems further away than ever as israel s jews move rightward and its palestinians fear a backlash,israel
6055,israelis newly vulnerable remain traumatized and mistrustful despite u s pressure the idea of a palestinian state seems further away than ever as israel s jews move rightward and its palestinians fear a backlash,palestine
6071,the best case for ukraine aid it will make it easier to negotiate an armistice on terms favorable to ukraine,ukraine
6073,in death navalny is even more dangerous to putin s lies the reported death of a leading dissident reveals how deeply his crusade against corruption has challenged russia s autocratic leader vladimir putin,russia
6079,dictators do not go on vacation zelensky warns washington and europe president volodymyr zelensky pushed back against skepticism of a ukraine victory calling on world leaders not to ask when the war would end but why russia was still able to wage it,ukraine
6079,dictators do not go on vacation zelensky warns washington and europe president volodymyr zelensky pushed back against skepticism of a ukraine victory calling on world leaders not to ask when the war would end but why russia was still able to wage it,russia
6081,what to know about the fall of avdiivka russia s capture of a city that had been a stronghold of ukrainian defenses in the donetsk region is a strategic and symbolic blow,russia
6081,what to know about the fall of avdiivka russia s capture of a city that had been a stronghold of ukrainian defenses in the donetsk region is a strategic and symbolic blow,ukraine
6087,five places russia is fighting to break through ukrainian lines outmanned and outgunned ukrainian ground forces are in perhaps their most precarious position since the opening months of the war,russia
6088,police in russia detain mourners at navalny memorials police officers escorted and detained people who were paying tribute to aleksei a navalny russia s leading opposition figure who died in a prison colony,russia
6091,biden administration blames congress for fall of ukrainian city as a bill with 60 1 billion in military aid for kyiv languishes in the house a spokeswoman pointed to avdiivka s fate as the cost of congressional inaction,ukraine
6092,u s fears russia might put a nuclear weapon in space american spy agencies are divided on whether moscow would go so far but the concern is urgent enough that secretary of state antony j blinken has asked china and india to try to talk russia down,russia
6092,u s fears russia might put a nuclear weapon in space american spy agencies are divided on whether moscow would go so far but the concern is urgent enough that secretary of state antony j blinken has asked china and india to try to talk russia down,china
6092,u s fears russia might put a nuclear weapon in space american spy agencies are divided on whether moscow would go so far but the concern is urgent enough that secretary of state antony j blinken has asked china and india to try to talk russia down,india
6094,large antigovernment protest returns to tel aviv as criticism of netanyahu mounts the demonstrations took a pause after the oct 7 attacks but the anger at the israeli leadership never went away,israel
6099,netanyahu says he won t bow to pressure to call off rafah invasion the israeli leader has come under international pressure to drop a threatened incursion into the city where more than a million palestinians are gathered seeking refuge from the war,israel
6099,netanyahu says he won t bow to pressure to call off rafah invasion the israeli leader has come under international pressure to drop a threatened incursion into the city where more than a million palestinians are gathered seeking refuge from the war,palestine
6131,against a canvas of despair gaza s artists trace their struggle an exhibition in the israeli occupied west bank features works evoking palestinian life and protest but the show is as much about the art that cannot be displayed lost forever in the war,palestine
6131,against a canvas of despair gaza s artists trace their struggle an exhibition in the israeli occupied west bank features works evoking palestinian life and protest but the show is as much about the art that cannot be displayed lost forever in the war,israel
6138,the death throes of a ukrainian city toward the end of russia s long assault hundreds of civilians still remained in avdiivka those who escaped in the last weeks spoke of relentless devastation,russia
6150,a stunned russian opposition in exile considers a future without navalny the death of aleksei a navalny in a russian prison has been a blow to an opposition movement in which he was the figurehead but it has also raised hopes of a united front against president vladimir v putin,russia
6152,israel s government formally rejects the unilateral recognition of a palestinian state the largely symbolic move followed proposals by international allies that were discussed during recent cease fire negotiations in cairo,israel
6152,israel s government formally rejects the unilateral recognition of a palestinian state the largely symbolic move followed proposals by international allies that were discussed during recent cease fire negotiations in cairo,palestine
6152,israel s government formally rejects the unilateral recognition of a palestinian state the largely symbolic move followed proposals by international allies that were discussed during recent cease fire negotiations in cairo,egypt
6154,city s fall leaves ukraine with an even tougher fight ahead after the capture of avdiivka ukrainian forces will need a new defensive line in unforgiving terrain while russia tries to press its advantage,ukraine
6154,city s fall leaves ukraine with an even tougher fight ahead after the capture of avdiivka ukrainian forces will need a new defensive line in unforgiving terrain while russia tries to press its advantage,russia
6159,thousands rally in tel aviv against the israeli government demonstrators expressed their anger toward benjamin netanyahu and his government and called for immediate elections in one of the country s largest protests since the start of the israel hamas war,israel
6159,thousands rally in tel aviv against the israeli government demonstrators expressed their anger toward benjamin netanyahu and his government and called for immediate elections in one of the country s largest protests since the start of the israel hamas war,lebanon
6159,thousands rally in tel aviv against the israeli government demonstrators expressed their anger toward benjamin netanyahu and his government and called for immediate elections in one of the country s largest protests since the start of the israel hamas war,palestine
6161,navalny s death shocked the world but will it galvanize opposition to putin his death united world leaders and demonstrators in grief but it also left russia without a charismatic counterweight to its leader s increasingly repressive policies,russia
6162,as putin threatens despair and hedging in europe there is a dawning recognition that the continent urgently needs to step up its own defense especially as the u s wavers but the commitments still are not coming,russia
6169,monday briefing avdiivka falls to russia also russians mourn aleksei navalny,russia
6173,brazil s president angers israel after comparing war in gaza to the holocaust israel said it had asked for a meeting with the brazilian ambassador,brazil
6173,brazil s president angers israel after comparing war in gaza to the holocaust israel said it had asked for a meeting with the brazilian ambassador,israel
6173,brazil s president angers israel after comparing war in gaza to the holocaust israel said it had asked for a meeting with the brazilian ambassador,palestine
6174,hungary snubs u s senators pushing for sweden s entry into nato officials in budapest declined to meet with a bipartisan group of american lawmakers who favor expanding the military alliance,hungary
6174,hungary snubs u s senators pushing for sweden s entry into nato officials in budapest declined to meet with a bipartisan group of american lawmakers who favor expanding the military alliance,sweden
6175,u s says it struck 5 houthi targets in yemen including an underwater drone the american military said it believes it is the first time such an undersea weapon had been used in the current conflict in the red sea,yemen
6178,overwhelmed by war another gazan hospital is declared not functional conditions at nasser hospital in the southern gaza strip were described as desperate after israeli forces raided it in search of hamas militants,palestine
6178,overwhelmed by war another gazan hospital is declared not functional conditions at nasser hospital in the southern gaza strip were described as desperate after israeli forces raided it in search of hamas militants,israel
6178,overwhelmed by war another gazan hospital is declared not functional conditions at nasser hospital in the southern gaza strip were described as desperate after israeli forces raided it in search of hamas militants,lebanon
6180,dozens killed after gunfight in papua new guinea the bloodshed in enga province which has been plagued by violence between tribal groups left at least 26 people dead according to the authorities,papua new guinea
6212,u s strike killed afghans recruited to fight for iran refugees who joined the largely overlooked fatemiyoun brigade to battle for shiite islam and escape crushing poverty had become a force in tehran s proxy wars,iran
6220,israel s occupation of palestinian territories draws focus of u n court dozens of countries are expected to argue before the international court of justice about the legality of israeli actions in the west bank and east jerusalem,israel
6220,israel s occupation of palestinian territories draws focus of u n court dozens of countries are expected to argue before the international court of justice about the legality of israeli actions in the west bank and east jerusalem,palestine
6237,u n held a conference on afghanistan taliban officials boycotted it the group said it would not take part in a conference that also included women s rights groups the european union and representatives of afghan civil society,afghanistan
6238,houthis say they shot down a u s drone off yemen the downing of the reaper drone is another escalation of violence between the united states and iran backed groups,yemen
6238,houthis say they shot down a u s drone off yemen the downing of the reaper drone is another escalation of violence between the united states and iran backed groups,iran
6244,trump breaks silence on navalny death but doesn t condemn putin his winding social media post on monday contained no reference to vladimir v putin the russian president who has been widely condemned after the death of one of his most vocal critics aleksei a navalny,russia
6247,brazil s president lula recalls ambassador to israel escalating dispute the israeli foreign minister said mr lula was not welcome in the country until he took back remarks comparing israeli actions in the war against hamas to the holocaust,brazil
6247,brazil s president lula recalls ambassador to israel escalating dispute the israeli foreign minister said mr lula was not welcome in the country until he took back remarks comparing israeli actions in the war against hamas to the holocaust,israel
6247,brazil s president lula recalls ambassador to israel escalating dispute the israeli foreign minister said mr lula was not welcome in the country until he took back remarks comparing israeli actions in the war against hamas to the holocaust,lebanon
6247,brazil s president lula recalls ambassador to israel escalating dispute the israeli foreign minister said mr lula was not welcome in the country until he took back remarks comparing israeli actions in the war against hamas to the holocaust,palestine
6248,two hospitals in southern gaza are left barely functioning an israeli raid reduced one of the territory s biggest facilities to little more than a shelter while food and fuel are almost gone at another,palestine
6248,two hospitals in southern gaza are left barely functioning an israeli raid reduced one of the territory s biggest facilities to little more than a shelter while food and fuel are almost gone at another,israel
6250,the wife of haiti s assassinated president is accused in his killing martine moise the widow of president jovenel moise was charged by a haitian judge with conspiring in his assassination she was seriously injured in the attack,haiti
6251,israel may put new restrictions on visiting aqsa mosque as ramadan nears reducing access to al aqsa the sacred mosque compound in jerusalem that has long been a flashpoint for tensions may set off unrest some israelis warned,israel
6251,israel may put new restrictions on visiting aqsa mosque as ramadan nears reducing access to al aqsa the sacred mosque compound in jerusalem that has long been a flashpoint for tensions may set off unrest some israelis warned,palestine
6259,can the olympics rejuvenate one of france s poorest corners officials hope an olympic village can transform a paris suburb known for poverty and crime but big plans have failed before,france
6266,putin can t kill the vision of the future navalny gave us my friend aleksei s dream of a beautiful russia is immortal,russia
6286,motaz azaiza captured gaza s suffering but nothing changed when war broke out in gaza on oct 7 motaz azaiza a palestinian photographer turned his camera to covering pain and loss in a territory under siege in doing so he attracted millions of followers documenting the war while also trying to survive it,palestine
6306,three questions about rafah a looming battle in the southern gaza city embodies the brutal dynamics of the conflict,palestine
6307,russia arrests u s citizen accusing her of treason by aiding ukraine the country s main security agency said the 33 year old detainee lived in los angeles a lawyers group said she was accused of donating 50 to the war effort,russia
6307,russia arrests u s citizen accusing her of treason by aiding ukraine the country s main security agency said the 33 year old detainee lived in los angeles a lawyers group said she was accused of donating 50 to the war effort,ukraine
6312,south africa says palestinians are enduring extreme form of apartheid the hearings which focus on israel s occupation of the west bank and east jerusalem make up one of the two matters regarding israel currently before the international court of justice,south africa
6312,south africa says palestinians are enduring extreme form of apartheid the hearings which focus on israel s occupation of the west bank and east jerusalem make up one of the two matters regarding israel currently before the international court of justice,palestine
6312,south africa says palestinians are enduring extreme form of apartheid the hearings which focus on israel s occupation of the west bank and east jerusalem make up one of the two matters regarding israel currently before the international court of justice,israel
6316,prince william calls for end to gaza fighting as soon as possible in a measured public statement the heir to the british throne said that too many have been killed in the war between israel and hamas,palestine
6316,prince william calls for end to gaza fighting as soon as possible in a measured public statement the heir to the british throne said that too many have been killed in the war between israel and hamas,israel
6316,prince william calls for end to gaza fighting as soon as possible in a measured public statement the heir to the british throne said that too many have been killed in the war between israel and hamas,lebanon
6328,israeli military releases videos it says shows bibas family members in captivity on oct 7 when we saw the video it really tore our hearts out the sister of one of the hostages said hamas has said three members of the family died in an israeli airstrike israel has not confirmed the report,israel
6328,israeli military releases videos it says shows bibas family members in captivity on oct 7 when we saw the video it really tore our hearts out the sister of one of the hostages said hamas has said three members of the family died in an israeli airstrike israel has not confirmed the report,lebanon
6328,israeli military releases videos it says shows bibas family members in captivity on oct 7 when we saw the video it really tore our hearts out the sister of one of the hostages said hamas has said three members of the family died in an israeli airstrike israel has not confirmed the report,palestine
6339,hundreds of ukrainian troops feared captured or missing in chaotic retreat the fall of avdiivka to russia may be more significant than it initially seemed as ukraine struggles with morale and recruitment,russia
6339,hundreds of ukrainian troops feared captured or missing in chaotic retreat the fall of avdiivka to russia may be more significant than it initially seemed as ukraine struggles with morale and recruitment,ukraine
6342,israel orders new evacuations in northern gaza as u n suspends food deliveries residents of two neighborhoods in gaza city were ordered to evacuate and the world food program described scenes of chaos in the north too dangerous to allow it to provide food supplies,israel
6342,israel orders new evacuations in northern gaza as u n suspends food deliveries residents of two neighborhoods in gaza city were ordered to evacuate and the world food program described scenes of chaos in the north too dangerous to allow it to provide food supplies,palestine
6343,protesting polish farmers block much of ukraine s western border the farmers are demonstrating against what they see as an influx of ukrainian food products crowding the polish market and undercutting their livelihood,ukraine
6346,russian pilot who defected to ukraine is believed dead in spain the apparent death in spain of maksim kuzminov is likely to fuel speculation that it was the work of russia s intelligence services,russia
6346,russian pilot who defected to ukraine is believed dead in spain the apparent death in spain of maksim kuzminov is likely to fuel speculation that it was the work of russia s intelligence services,ukraine
6346,russian pilot who defected to ukraine is believed dead in spain the apparent death in spain of maksim kuzminov is likely to fuel speculation that it was the work of russia s intelligence services,spain
6352,u s prepares major sanctions against russia over navalny s death president biden has said there is no doubt that vladimir v putin s government was behind the death of the russian opposition leader,russia
6359,julian assange supporters rally outside london s high court supporters of julian assange the founder of wikileaks protested outside the royal courts of justice in london where his legal team made a final bid for an appeal against a u s extradition order,u k
6362,wednesday briefing hundreds of ukrainian soldiers are missing also julian assange s appeal and a u s cease fire proposal in gaza,palestine
6372,trump s g o p is a confederacy of fakers lindsey graham j d vance mike johnson and other republicans are waving the white flag of surrender on ukraine all at trump s behest,ukraine
6379,how biden can avenge navalny s death the president cannot allow russia s rulers to think that his threats are hollow,russia
6384,protesting biden gaza supporters warn don t blame us if you lose at the university of michigan a demonstration against president biden s stance on israel showed his critics passion but was light on numbers,palestine
6384,protesting biden gaza supporters warn don t blame us if you lose at the university of michigan a demonstration against president biden s stance on israel showed his critics passion but was light on numbers,israel
6395,an election shatters the image of pakistan s mightiest force pakistanis once thought of the military as the iron hand controlling the country s politics that illusion has been broken creating one of the establishment s biggest crises yet,pakistan
6420,israeli raid in west bank city of jenin kills 3 military says the israeli military said its latest deadly raid targeted terrorism and was part of a broader operation in the israeli occupied territory,israel
6433,russian forces press on with attacks in southern ukraine the assaults on the village of robotyne which come at the same time as successful attacks in the east are designed to pressure ukrainian troops across the front line analysts say,russia
6433,russian forces press on with attacks in southern ukraine the assaults on the village of robotyne which come at the same time as successful attacks in the east are designed to pressure ukrainian troops across the front line analysts say,ukraine
6434,what the ukraine aid debate is really about two key presumptions are at the heart of the debate over ukraine vs taiwan,ukraine
6434,what the ukraine aid debate is really about two key presumptions are at the heart of the debate over ukraine vs taiwan,taiwan
6443,syria blames israel for deadly airstrike in damascus israel did not comment on the attack though it has acknowledged hundreds of past strikes on iran linked targets in syria,syria
6443,syria blames israel for deadly airstrike in damascus israel did not comment on the attack though it has acknowledged hundreds of past strikes on iran linked targets in syria,israel
6443,syria blames israel for deadly airstrike in damascus israel did not comment on the attack though it has acknowledged hundreds of past strikes on iran linked targets in syria,iran
6449,u s warns allies russia could put a nuclear weapon into orbit this year the american assessments are divided however and president vladimir putin denied having such an intention saying that russia was categorically against it,russia
6453,how an election shattered the image of pakistan s military pakistanis once thought of the military as the iron hand controlling the country s politics that illusion has been broken following a contested election in early february creating one of the establishment s biggest crises yet,pakistan
6454,amid food shortages people in gaza are ambushing aid convoys images of one ambush attempt show several dozen young men briefly forcing aid trucks off a highway and throwing stones at them,palestine
6471,u s defends israeli occupation of palestinian territories the united states urged the international court of justice not to call for immediate withdrawal of israel from palestinian territories and to consider the country s security needs,israel
6471,u s defends israeli occupation of palestinian territories the united states urged the international court of justice not to call for immediate withdrawal of israel from palestinian territories and to consider the country s security needs,palestine
6477,a russian military blogger dies after criticizing army losses the ultranationalist blogger andrei morozov had described a campaign of intimidation against him and threatened to end his own life,russia
6483,brazil in dispute with israel shows limits of u s diplomacy israel and brazil have sparred this week over the gaza war secretary of state antony j blinken intervened on wednesday,brazil
6483,brazil in dispute with israel shows limits of u s diplomacy israel and brazil have sparred this week over the gaza war secretary of state antony j blinken intervened on wednesday,israel
6483,brazil in dispute with israel shows limits of u s diplomacy israel and brazil have sparred this week over the gaza war secretary of state antony j blinken intervened on wednesday,palestine
6484,deadly airstrike hits neighborhood in damascus syria syrian state media blamed the strike which it said had killed two people on israel the israeli military declined to comment,syria
6484,deadly airstrike hits neighborhood in damascus syria syrian state media blamed the strike which it said had killed two people on israel the israeli military declined to comment,israel
6494,in brazil blinken intervenes in a dispute with israel secretary of state antony j blinken confronted president luiz inacio lula da silva of brazil on wednesday about his recent sharp comments on israel including the brazilian leader s comparison of israel s attacks in gaza to the holocaust,brazil
6494,in brazil blinken intervenes in a dispute with israel secretary of state antony j blinken confronted president luiz inacio lula da silva of brazil on wednesday about his recent sharp comments on israel including the brazilian leader s comparison of israel s attacks in gaza to the holocaust,israel
6494,in brazil blinken intervenes in a dispute with israel secretary of state antony j blinken confronted president luiz inacio lula da silva of brazil on wednesday about his recent sharp comments on israel including the brazilian leader s comparison of israel s attacks in gaza to the holocaust,palestine
6510,thursday briefing u s warnings about a russian space weapon also a blow to pakistan s military and niue s fight for the nu domain,russia
6510,thursday briefing u s warnings about a russian space weapon also a blow to pakistan s military and niue s fight for the nu domain,pakistan
6518,israeli rape crisis group report finds systematic sexual violence on and after oct 7 israeli activists and their allies have expressed frustration at international organizations like the united nations for slow responses to such reports,israel
6541,u s defends israel s occupation of the west bank at top u n court a u s official urged judges not to call for israel s withdrawal from occupied territory arguing that israel faced very real security needs and that a palestinian state must be established for a lasting peace,israel
6541,u s defends israel s occupation of the west bank at top u n court a u s official urged judges not to call for israel s withdrawal from occupied territory arguing that israel faced very real security needs and that a palestinian state must be established for a lasting peace,palestine
6544,in taiwan visiting lawmakers say u s support is firm a bipartisan house delegation said the united states would stand by the island in the face of pressure from china drawing connections between taiwan s cause and ukraine s,taiwan
6544,in taiwan visiting lawmakers say u s support is firm a bipartisan house delegation said the united states would stand by the island in the face of pressure from china drawing connections between taiwan s cause and ukraine s,china
6544,in taiwan visiting lawmakers say u s support is firm a bipartisan house delegation said the united states would stand by the island in the face of pressure from china drawing connections between taiwan s cause and ukraine s,ukraine
6547,bosnia s dysfunction snarls efforts to curb moscow s reach in the balkans the united states and europe have championed a new pipeline to bring gas to bosnia and cut supplies from russia but the project has been stalled by feuding among ethnic groups,bosnia and herzegovina
6547,bosnia s dysfunction snarls efforts to curb moscow s reach in the balkans the united states and europe have championed a new pipeline to bring gas to bosnia and cut supplies from russia but the project has been stalled by feuding among ethnic groups,russia
6555,putin has already lost ukraine will never be his,russia
6555,putin has already lost ukraine will never be his,ukraine
6567,shooting near a west bank checkpoint kills at least 1 three palestinians used automatic weapons to fire from a car toward a traffic jam at the checkpoint on a highway between a large israeli settlement and jerusalem the israeli police said,palestine
6567,shooting near a west bank checkpoint kills at least 1 three palestinians used automatic weapons to fire from a car toward a traffic jam at the checkpoint on a highway between a large israeli settlement and jerusalem the israeli police said,israel
6590,the trauma experienced in gaza is beyond ptsd what palestinians have been experiencing is beyond the framework of today s mental health care,palestine
6594,as gaza death toll mounts israel s isolation grows a worsening humanitarian crisis has brought a wave of condemnation against israel s ongoing military operation and is testing the support of even its staunchest ally the united states,palestine
6594,as gaza death toll mounts israel s isolation grows a worsening humanitarian crisis has brought a wave of condemnation against israel s ongoing military operation and is testing the support of even its staunchest ally the united states,israel
6595,will biden s gaza stance hurt him in 2024 michigan is the first test with the state s primary election set to gauge democratic anger over the president s position on israel some of his supporters worry about lasting political fallout,palestine
6595,will biden s gaza stance hurt him in 2024 michigan is the first test with the state s primary election set to gauge democratic anger over the president s position on israel some of his supporters worry about lasting political fallout,israel
6609,israel joins cease fire talks in paris an israeli delegation was meeting with officials from egypt qatar and the united states the latest attempt to advance a deal for a cease fire and the release of hostages,israel
6609,israel joins cease fire talks in paris an israeli delegation was meeting with officials from egypt qatar and the united states the latest attempt to advance a deal for a cease fire and the release of hostages,france
6609,israel joins cease fire talks in paris an israeli delegation was meeting with officials from egypt qatar and the united states the latest attempt to advance a deal for a cease fire and the release of hostages,egypt
6609,israel joins cease fire talks in paris an israeli delegation was meeting with officials from egypt qatar and the united states the latest attempt to advance a deal for a cease fire and the release of hostages,qatar
6615,the debate over ethnic studies in california by 2025 the state s public high schools must begin teaching the subject but the israel hamas war has made the effort much more complicated,israel
6615,the debate over ethnic studies in california by 2025 the state s public high schools must begin teaching the subject but the israel hamas war has made the effort much more complicated,lebanon
6615,the debate over ethnic studies in california by 2025 the state s public high schools must begin teaching the subject but the israel hamas war has made the effort much more complicated,palestine
6646,navalny and the mirage of a different russia aleksei navalny symbolized a possibility for russia his death symbolizes its end,russia
6647,u s campaign to isolate russia shows limits after 2 years of war many nations insist on not taking sides in the war in ukraine while china india and brazil are filling russia s coffers,russia
6647,u s campaign to isolate russia shows limits after 2 years of war many nations insist on not taking sides in the war in ukraine while china india and brazil are filling russia s coffers,ukraine
6647,u s campaign to isolate russia shows limits after 2 years of war many nations insist on not taking sides in the war in ukraine while china india and brazil are filling russia s coffers,china
6647,u s campaign to isolate russia shows limits after 2 years of war many nations insist on not taking sides in the war in ukraine while china india and brazil are filling russia s coffers,india
6647,u s campaign to isolate russia shows limits after 2 years of war many nations insist on not taking sides in the war in ukraine while china india and brazil are filling russia s coffers,brazil
6671,friday briefing two years of war in ukraine also an attempt at a moon landing,ukraine
6688,biden lawyers wrestle with lack of congressional blessing for houthi conflict civilian prosecutors took custody of 14 wartime detainees and an official asserted that a key part of the war powers resolution did not apply,yemen
6689,israel steps up attacks in gaza amid cease fire talks strikes overnight killed nearly 100 seven of them in rafah as officials said there had been momentum on a deal to free some israeli hostages in exchange for palestinian prisoners,israel
6689,israel steps up attacks in gaza amid cease fire talks strikes overnight killed nearly 100 seven of them in rafah as officials said there had been momentum on a deal to free some israeli hostages in exchange for palestinian prisoners,palestine
6695,mexico s president faces inquiry for disclosing phone number of times journalist president andres manuel lopez obrador of mexico has repeatedly made attacks on members of the news media in a country that is one of the world s deadliest for journalists,mexico
6711,friday briefing two years of war in ukraine,ukraine
6713,the particular anguish of being palestinian in israel the war in gaza has made life even more complicated and difficult for palestinian citizens of israel,palestine
6713,the particular anguish of being palestinian in israel the war in gaza has made life even more complicated and difficult for palestinian citizens of israel,israel
6716,visiting ukraine schumer pressures g o p to take up aid bill the top senate democrat warned that the fate of its war against russia will turn on whether republicans drop their opposition to sending more u s aid to kyiv,ukraine
6716,visiting ukraine schumer pressures g o p to take up aid bill the top senate democrat warned that the fate of its war against russia will turn on whether republicans drop their opposition to sending more u s aid to kyiv,russia
6759,for many ukrainians it s been a 10 year war not a 2 year one russia s invasion came in two phases many ukrainians say the first a decade ago when it sent soldiers over the border in an unacknowledged military intervention and the second when it began its full assault two years ago,russia
6761,unpredictable strongman two years into war putin embraces the image vladimir putin is drawing on history to position himself in the realm of russian rulers of the past critics say his grip on power is not as strong as it seems,russia
6762,as gaza war grinds on israel prepares for a prolonged conflict while israeli forces have delivered a major blow to hamas in a fight that has taken a devastating toll on civilians the group that led the oct 7 attack on israel remains a threat officials say,palestine
6762,as gaza war grinds on israel prepares for a prolonged conflict while israeli forces have delivered a major blow to hamas in a fight that has taken a devastating toll on civilians the group that led the oct 7 attack on israel remains a threat officials say,israel
6762,as gaza war grinds on israel prepares for a prolonged conflict while israeli forces have delivered a major blow to hamas in a fight that has taken a devastating toll on civilians the group that led the oct 7 attack on israel remains a threat officials say,lebanon
6767,shamima begum who joined isis as a teen loses latest bid to regain u k citizenship an appeals court upheld a decision that means ms begum who has been living in a refugee camp in syria since 2019 remains effectively stateless,iraq
6767,shamima begum who joined isis as a teen loses latest bid to regain u k citizenship an appeals court upheld a decision that means ms begum who has been living in a refugee camp in syria since 2019 remains effectively stateless,syria
6767,shamima begum who joined isis as a teen loses latest bid to regain u k citizenship an appeals court upheld a decision that means ms begum who has been living in a refugee camp in syria since 2019 remains effectively stateless,u k
6767,shamima begum who joined isis as a teen loses latest bid to regain u k citizenship an appeals court upheld a decision that means ms begum who has been living in a refugee camp in syria since 2019 remains effectively stateless,stateless
6771,orban gives green light to sweden s nato bid viktor orban the hungarian prime minister said after a meeting with sweden s leader and a deal for more fighter jets that the two countries are ready to fight for each other,sweden
6784,international calls for a palestinian state clash with netanyahu s plan the israeli leader s proposal is at odds with the united states and much of the world over palestinian statehood border areas and the future role of the palestinian authority,palestine
6784,international calls for a palestinian state clash with netanyahu s plan the israeli leader s proposal is at odds with the united states and much of the world over palestinian statehood border areas and the future role of the palestinian authority,israel
6787,head of palestinian aid agency warns it is at breaking point unrwa the chief lifeline for gaza s population of 2 2 million people has lost 450 million in donor funding since israeli allegations that 12 of its employees were involved in the hamas led oct 7 attack,palestine
6787,head of palestinian aid agency warns it is at breaking point unrwa the chief lifeline for gaza s population of 2 2 million people has lost 450 million in donor funding since israeli allegations that 12 of its employees were involved in the hamas led oct 7 attack,israel
6787,head of palestinian aid agency warns it is at breaking point unrwa the chief lifeline for gaza s population of 2 2 million people has lost 450 million in donor funding since israeli allegations that 12 of its employees were involved in the hamas led oct 7 attack,lebanon
6808,pro israel group aims to help biden in michigan amid gaza unrest the political arm of democratic majority for israel is running a digital ad that does not mention the gaza conflict but warns that voting uncommitted in the state s primary will help donald trump,israel
6808,pro israel group aims to help biden in michigan amid gaza unrest the political arm of democratic majority for israel is running a digital ad that does not mention the gaza conflict but warns that voting uncommitted in the state s primary will help donald trump,palestine
6839,the u s unveiled major new sanctions on russia also netanyahu released his plan for postwar gaza here s the latest at the end of friday,russia
6839,the u s unveiled major new sanctions on russia also netanyahu released his plan for postwar gaza here s the latest at the end of friday,israel
6839,the u s unveiled major new sanctions on russia also netanyahu released his plan for postwar gaza here s the latest at the end of friday,palestine
6843,chuck mawhinney 74 dies deadliest sniper in marine corps history he put the experience behind him after he returned from the vietnam war but fame finally caught up to him in the 1990s,vietnam
6849,netanyahu issues first plan for postwar gaza the proposal which calls for indefinite israeli military control and buffer zones in the territory rankled arab nations and was rejected by palestinians,israel
6849,netanyahu issues first plan for postwar gaza the proposal which calls for indefinite israeli military control and buffer zones in the territory rankled arab nations and was rejected by palestinians,palestine
6858,russia s brutal war calculus the costs of two years of war in ukraine have been enormous but many russians are feeling optimistic,russia
6858,russia s brutal war calculus the costs of two years of war in ukraine have been enormous but many russians are feeling optimistic,ukraine
6874,sanitation crisis in gaza spreads disease it is a public health concern one u n official said of the lack of toilets for displaced people in the territory but the second thing is simply just dignity,palestine
6888,hard lessons make for hard choices 2 years into the war in ukraine western sanctions haven t worked weapons from allies are running low pressure may build on kyiv to seek a settlement even from a weakened position,ukraine
6898,a u s call for a humanitarian cease fire in gaza while there are no good options for the united states on the war in gaza biden s leadership is indispensable,palestine
6903,farmers clash with police and macron at paris agricultural fair at the annual show where the french countryside comes to the capital president emmanuel macron s efforts to calm a monthlong confrontation were met with anger,france
6905,ukraine s deepening fog of war two years after russia s full scale invasion ukrainian leaders are seeking a path forward in the face of ferocious assaults and daunting unknowns,ukraine
6905,ukraine s deepening fog of war two years after russia s full scale invasion ukrainian leaders are seeking a path forward in the face of ferocious assaults and daunting unknowns,russia
6908,ukraine marks 2nd anniversary of russian invasion determined despite setbacks european and other western leaders gathered in kyiv to pledge support for ukraine amid u s reluctance while its troops suffer growing losses on the battlefield where the russians have been gaining ground,ukraine
6908,ukraine marks 2nd anniversary of russian invasion determined despite setbacks european and other western leaders gathered in kyiv to pledge support for ukraine amid u s reluctance while its troops suffer growing losses on the battlefield where the russians have been gaining ground,russia
6912,aleksei navalny s body was returned to his mother allies say the russian authorities have transferred the body ending a grim battle for custody of his remains,russia
6920,fire in valencia spain leaves residents homeless after panicked escapes a fire that killed at least 10 people left many refugees from ukraine without homes and others scrambling to rebuild their lives,spain
6920,fire in valencia spain leaves residents homeless after panicked escapes a fire that killed at least 10 people left many refugees from ukraine without homes and others scrambling to rebuild their lives,ukraine
6924,atrocities mount in sudan as war spirals u n says rape killing torture a stark report offers new evidence of horrific abuses carried out by sudan s military and its enemy the paramilitary rapid support forces,sudan
6927,u s and british warplanes again strike houthi linked targets in yemen the iran backed group which has been targeting global shipping routes has proved especially difficult for the united states and its allies to restrain,yemen
6927,u s and british warplanes again strike houthi linked targets in yemen the iran backed group which has been targeting global shipping routes has proved especially difficult for the united states and its allies to restrain,iran
6930,biden caught in a political bind over israel policy his steadfast support of the gaza war effort is angering young people and arab americans in an election year but any change risks alienating jewish voters,israel
6930,biden caught in a political bind over israel policy his steadfast support of the gaza war effort is angering young people and arab americans in an election year but any change risks alienating jewish voters,palestine
6956,the spy war how the c i a secretly helps ukraine fight putin for more than a decade the united states has nurtured a secret intelligence partnership with ukraine that is now critical for both countries in countering russia,ukraine
6956,the spy war how the c i a secretly helps ukraine fight putin for more than a decade the united states has nurtured a secret intelligence partnership with ukraine that is now critical for both countries in countering russia,russia
6970,a re established west bank settlement symbolizes hardened israeli views homesh one of the four west bank settlements dismantled by israel when it withdrew from gaza in 2005 has taken on new importance since oct 7 and the war against hamas,israel
6970,a re established west bank settlement symbolizes hardened israeli views homesh one of the four west bank settlements dismantled by israel when it withdrew from gaza in 2005 has taken on new importance since oct 7 and the war against hamas,palestine
6970,a re established west bank settlement symbolizes hardened israeli views homesh one of the four west bank settlements dismantled by israel when it withdrew from gaza in 2005 has taken on new importance since oct 7 and the war against hamas,lebanon
6976,in russia knowing that her son is dead and waiting for him anyway she watched distressed as aleksei was sent off to war now 14 months after he died in eastern ukraine yulia seleznyova holds a sliver of hope for a miracle,russia
6976,in russia knowing that her son is dead and waiting for him anyway she watched distressed as aleksei was sent off to war now 14 months after he died in eastern ukraine yulia seleznyova holds a sliver of hope for a miracle,ukraine
6981,when artists can t go home all that s left is their art chaim soutine s identity was never integral to his art even as a jew whose death nazis caused artists in gaza syria and ukraine share his universality,palestine
6981,when artists can t go home all that s left is their art chaim soutine s identity was never integral to his art even as a jew whose death nazis caused artists in gaza syria and ukraine share his universality,syria
6981,when artists can t go home all that s left is their art chaim soutine s identity was never integral to his art even as a jew whose death nazis caused artists in gaza syria and ukraine share his universality,ukraine
6990,31 000 ukrainian soldiers killed in two years of war zelensky says the tally that president volodymyr zelensky revealed on sunday differs sharply from that given by u s officials who have said the number is closer to 70 000,ukraine
6997,man dies after setting himself on fire outside israeli embassy in washington air force says aaron bushnell an active duty senior airman repeatedly shouted free palestine as he filmed and livestreamed his protest against israel s deadly military actions in gaza he had been taken to a hospital on sunday with life threatening injuries,israel
6997,man dies after setting himself on fire outside israeli embassy in washington air force says aaron bushnell an active duty senior airman repeatedly shouted free palestine as he filmed and livestreamed his protest against israel s deadly military actions in gaza he had been taken to a hospital on sunday with life threatening injuries,palestine
6998,monday briefing hostage talks to continue in qatar plus a look at public sentiment in ukraine,qatar
6998,monday briefing hostage talks to continue in qatar plus a look at public sentiment in ukraine,ukraine
6999,netanyahu says hostage deal would delay but not stop rafah invasion the israeli leader reiterated plans for a military operation in the southern gaza city that he says is essential to eliminating hamas,israel
6999,netanyahu says hostage deal would delay but not stop rafah invasion the israeli leader reiterated plans for a military operation in the southern gaza city that he says is essential to eliminating hamas,palestine
6999,netanyahu says hostage deal would delay but not stop rafah invasion the israeli leader reiterated plans for a military operation in the southern gaza city that he says is essential to eliminating hamas,lebanon
7006,israeli forces will move into rafah cease fire deal or not netanyahu says amid signs of progress toward a pause in the fighting prime minister benjamin netanyahu said israeli forces planned to keep pushing into gaza,israel
7006,israeli forces will move into rafah cease fire deal or not netanyahu says amid signs of progress toward a pause in the fighting prime minister benjamin netanyahu said israeli forces planned to keep pushing into gaza,palestine
7013,rally in michigan urges protest vote against biden s israel policies with the state s primary on tuesday speakers at a gathering in dearborn mich pushed voters to cast a ballot for uncommitted in objection to president biden s handling of the israel hamas war,israel
7013,rally in michigan urges protest vote against biden s israel policies with the state s primary on tuesday speakers at a gathering in dearborn mich pushed voters to cast a ballot for uncommitted in objection to president biden s handling of the israel hamas war,lebanon
7013,rally in michigan urges protest vote against biden s israel policies with the state s primary on tuesday speakers at a gathering in dearborn mich pushed voters to cast a ballot for uncommitted in objection to president biden s handling of the israel hamas war,palestine
7014,senate aide investigated over unofficial actions in ukraine kyle parker says he delivered sniper gear as part of his unabashed support for ukraine investigators say there may be counterintelligence issues,ukraine
7015,monday briefing ukraine said 31 000 of its soldiers had been killed,ukraine
7016,china is running out of lines to cross in the taiwan strait a more robust approach is needed to deter chinese military activities that could escalate into a war,china
7016,china is running out of lines to cross in the taiwan strait a more robust approach is needed to deter chinese military activities that could escalate into a war,taiwan
7029,top u n court holds last day of hearings on israeli occupation the hearings on the legality of israel s occupation of palestinian territories have put more pressure on israel during the war in gaza,israel
7029,top u n court holds last day of hearings on israeli occupation the hearings on the legality of israel s occupation of palestinian territories have put more pressure on israel during the war in gaza,palestine
7063,macron does not rule out sending western troops to ukraine the french leader said that talks had not resulted in any consensus among european officials on putting troops on the ground in an official way but that anything is possible,ukraine
7067,israel launches its deepest airstrikes in lebanon in years at least two hezbollah fighters were killed in strikes in the bekaa valley and at least six other people were wounded the mayor of a nearby city said,israel
7067,israel launches its deepest airstrikes in lebanon in years at least two hezbollah fighters were killed in strikes in the bekaa valley and at least six other people were wounded the mayor of a nearby city said,lebanon
7071,palestinian authority s government submits resignation as u s calls for change it was not clear whether the appointment of a new prime minister and cabinet would be enough to revamp the authority or persuade israel to let it govern gaza after the war there ends,palestine
7071,palestinian authority s government submits resignation as u s calls for change it was not clear whether the appointment of a new prime minister and cabinet would be enough to revamp the authority or persuade israel to let it govern gaza after the war there ends,israel
7086,hungary s parliament approves sweden s nato bid after stalling budapest had been the final obstacle to the nordic country s joining the alliance which has been trying to isolate russia over its war in ukraine,hungary
7086,hungary s parliament approves sweden s nato bid after stalling budapest had been the final obstacle to the nordic country s joining the alliance which has been trying to isolate russia over its war in ukraine,sweden
7086,hungary s parliament approves sweden s nato bid after stalling budapest had been the final obstacle to the nordic country s joining the alliance which has been trying to isolate russia over its war in ukraine,russia
7086,hungary s parliament approves sweden s nato bid after stalling budapest had been the final obstacle to the nordic country s joining the alliance which has been trying to isolate russia over its war in ukraine,ukraine
7088,defending academic freedom on campus readers discuss free speech on campus also mourning flaco the owl an israel gaza cease fire facial recognition domestic violence survivors,israel
7088,defending academic freedom on campus readers discuss free speech on campus also mourning flaco the owl an israel gaza cease fire facial recognition domestic violence survivors,palestine
7091,the nato welcoming sweden is larger and more determined the alliance s expansion with finland last year and soon sweden was a consequence from the invasion of ukraine that russia s president may not have calculated,sweden
7091,the nato welcoming sweden is larger and more determined the alliance s expansion with finland last year and soon sweden was a consequence from the invasion of ukraine that russia s president may not have calculated,finland
7091,the nato welcoming sweden is larger and more determined the alliance s expansion with finland last year and soon sweden was a consequence from the invasion of ukraine that russia s president may not have calculated,ukraine
7091,the nato welcoming sweden is larger and more determined the alliance s expansion with finland last year and soon sweden was a consequence from the invasion of ukraine that russia s president may not have calculated,russia
7094,jeffries weighs how to force ukraine aid vote while keeping democrats united the house democratic leader is facing a critical test of whether he can hold his party together long enough to force a vote on an aid package for ukraine amid progressive opposition to its funding for israel,ukraine
7094,jeffries weighs how to force ukraine aid vote while keeping democrats united the house democratic leader is facing a critical test of whether he can hold his party together long enough to force a vote on an aid package for ukraine amid progressive opposition to its funding for israel,israel
7110,jordan airdrops humanitarian aid in gaza jordanian planes dropped food and medical supplies with parachutes in central and southern gaza people were seen rowing boats to collect aid dropped into the sea,jordan
7110,jordan airdrops humanitarian aid in gaza jordanian planes dropped food and medical supplies with parachutes in central and southern gaza people were seen rowing boats to collect aid dropped into the sea,palestine
7114,tuesday briefing hungary approved sweden s nato bid plus movement in a possible israel hamas deal,hungary
7114,tuesday briefing hungary approved sweden s nato bid plus movement in a possible israel hamas deal,sweden
7114,tuesday briefing hungary approved sweden s nato bid plus movement in a possible israel hamas deal,israel
7114,tuesday briefing hungary approved sweden s nato bid plus movement in a possible israel hamas deal,lebanon
7114,tuesday briefing hungary approved sweden s nato bid plus movement in a possible israel hamas deal,palestine
7119,arrest of migrant in georgia killing turns city into latest battleground on immigration a personal and community tragedy got caught up in the national politics of immigration after a migrant from venezuela was charged in the death of a former university of georgia student,venezuela
7128,biden says he s hopeful for a gaza cease fire within a week the president offered a positive assessment of negotiations aimed at halting israel s military operations in exchange for the release of hostages held by hamas,palestine
7128,biden says he s hopeful for a gaza cease fire within a week the president offered a positive assessment of negotiations aimed at halting israel s military operations in exchange for the release of hostages held by hamas,israel
7128,biden says he s hopeful for a gaza cease fire within a week the president offered a positive assessment of negotiations aimed at halting israel s military operations in exchange for the release of hostages held by hamas,lebanon
7134,israelis broach a concession in hostage talks with hamas israel negotiators are reported to be considering the release of high profile palestinians convicted of terrorism in exchange for freedom for some of the hostages in gaza,israel
7134,israelis broach a concession in hostage talks with hamas israel negotiators are reported to be considering the release of high profile palestinians convicted of terrorism in exchange for freedom for some of the hostages in gaza,lebanon
7134,israelis broach a concession in hostage talks with hamas israel negotiators are reported to be considering the release of high profile palestinians convicted of terrorism in exchange for freedom for some of the hostages in gaza,palestine
7146,biden faces uncommitted vote in michigan s primary here s what to watch a protest vote against president biden s policies on israel will show the extent of democratic divisions while donald trump is favored to win again as nikki haley presses on,israel
7147,tuesday briefing progress on gaza cease fire negotiations,palestine
7148,after u s strikes iran s proxies scale back attacks on american bases tehran wary of igniting open warfare with washington has told militia groups it backs to curtail assaults on targets such as military installations iranian and american officials say,iran
7185,what s happening in michigan should scare democrats michelle goldberg on how a new activist campaign supporting a cease fire in gaza could hurt biden in that swing state,palestine
7196,in ukraine russia is inching forward death by death russian forces have an unorthodox view of acceptable levels of military losses with a willingness to expend troops and equipment to make even small gains on the battlefield,ukraine
7196,in ukraine russia is inching forward death by death russian forces have an unorthodox view of acceptable levels of military losses with a willingness to expend troops and equipment to make even small gains on the battlefield,russia
7201,hunger terrorism and the threat of war somalia s year of crises terrorism hunger and devastating floods have roiled the horn of africa nation now it faces an even bigger challenge the prospect of war with a neighbor ethiopia,somalia
7201,hunger terrorism and the threat of war somalia s year of crises terrorism hunger and devastating floods have roiled the horn of africa nation now it faces an even bigger challenge the prospect of war with a neighbor ethiopia,ethiopia
7202,russian court jails leading rights advocate for discrediting military oleg orlov 70 a co chairman of memorial which shared the 2022 nobel peace prize was sentenced to two and a half years in prison for speaking out on the ukraine war,russia
7202,russian court jails leading rights advocate for discrediting military oleg orlov 70 a co chairman of memorial which shared the 2022 nobel peace prize was sentenced to two and a half years in prison for speaking out on the ukraine war,ukraine
7204,kremlin warns against nato ground intervention in ukraine the warning came in response to comments by president emmanuel macron of france who said nothing should be ruled out when asked about the possibility,ukraine
7204,kremlin warns against nato ground intervention in ukraine the warning came in response to comments by president emmanuel macron of france who said nothing should be ruled out when asked about the possibility,france
7205,ego putin or jets reasons for orban s stance on sweden perplex many the hungarian leader has given various rationales for stalling swedish membership in nato the real reason may have to do with his own standing and domestic politics,russia
7205,ego putin or jets reasons for orban s stance on sweden perplex many the hungarian leader has given various rationales for stalling swedish membership in nato the real reason may have to do with his own standing and domestic politics,sweden
7213,hundreds gather on beach in central gaza as aid arrives by air large crowds gathered along the coast in deir al balah on monday as jordan and france airdropped food and other aid supplies some of which ended up in the sea,palestine
7213,hundreds gather on beach in central gaza as aid arrives by air large crowds gathered along the coast in deir al balah on monday as jordan and france airdropped food and other aid supplies some of which ended up in the sea,jordan
7213,hundreds gather on beach in central gaza as aid arrives by air large crowds gathered along the coast in deir al balah on monday as jordan and france airdropped food and other aid supplies some of which ended up in the sea,france
7251,red army faction fugitive wanted for decades is arrested in germany daniela klette who was wanted in connection with the bombing of a prison and violent robberies was living in plain sight in berlin the police say,germany
7252,wednesday briefing russia warned against nato troops in ukraine plus the latest on a possible cease fire in gaza,russia
7252,wednesday briefing russia warned against nato troops in ukraine plus the latest on a possible cease fire in gaza,ukraine
7252,wednesday briefing russia warned against nato troops in ukraine plus the latest on a possible cease fire in gaza,palestine
7253,army is slashing thousands of jobs to focus on russia and china recent events suggest that the u s military will face challenges in the middle east for years to come even as it tries to shift priorities,russia
7253,army is slashing thousands of jobs to focus on russia and china recent events suggest that the u s military will face challenges in the middle east for years to come even as it tries to shift priorities,china
7265,after 4 months of war biden and netanyahu are on different timetables the divergent goals of president biden and prime minister benjamin netanyahu are playing out as negotiators try to reach a hostage deal,israel
7269,michigan tests the strength of biden s campaign also russia warned against nato forces in ukraine here s the latest at the end of tuesday,russia
7269,michigan tests the strength of biden s campaign also russia warned against nato forces in ukraine here s the latest at the end of tuesday,ukraine
7277,israel is losing its greatest asset acceptance israel s very legitimacy is being undermined by the enormous casualties in gaza and its government s failure to provide a credible postwar plan,israel
7277,israel is losing its greatest asset acceptance israel s very legitimacy is being undermined by the enormous casualties in gaza and its government s failure to provide a credible postwar plan,palestine
7278,hamas rejects cease fire proposal dashing biden s hopes of near term deal a day after president biden suggested there could be a deal as soon as monday a hamas official indicated the group would not trade israeli troops held hostage for palestinians imprisoned for terrorism,lebanon
7278,hamas rejects cease fire proposal dashing biden s hopes of near term deal a day after president biden suggested there could be a deal as soon as monday a hamas official indicated the group would not trade israeli troops held hostage for palestinians imprisoned for terrorism,palestine
7278,hamas rejects cease fire proposal dashing biden s hopes of near term deal a day after president biden suggested there could be a deal as soon as monday a hamas official indicated the group would not trade israeli troops held hostage for palestinians imprisoned for terrorism,israel
7294,michigan voters talk about how the war in gaza factored into their decision i want a cease fire said an 18 year old who voted for uncommitted in the democratic primary to register discontent with president biden s handling of the war in gaza,palestine
7296,back from war reserve soldiers set their sights on israel s politics as usual inspired by the unity they experienced in the military thousands of reservists returning from the front line in gaza are organizing for political change,israel
7296,back from war reserve soldiers set their sights on israel s politics as usual inspired by the unity they experienced in the military thousands of reservists returning from the front line in gaza are organizing for political change,palestine
7317,watchdog finds e u border agency too weak to prevent migrant disasters at sea investigators looking into the drowning of more than 600 people off greece say that the border agency known as frontex cannot fulfill its mission,greece
7332,a land once emptied by war now faces a peacetime exodus bosnia is being hit by a combination of a low birthrate and emigration a trend fueled by ethnic tensions and disgust with corruption,bosnia and herzegovina
7340,why authoritarians like saddam hussein confound u s presidents a c i a capable of making a mistake on the scale of its miss about iraq s weapons of mass destruction was not part of saddam hussein s worldview,iraq
7367,ukraine charges key figure in arms trade with corruption a times investigation showed how the war helped serhiy pashinsky rehabilitate a troubled reputation now he faces charges related to accusations about his past,ukraine
7380,a breakaway region of moldova asks russia for protection transnistria declared independence in 1992 but is not recognized internationally the request by the territory s legislature could fuel regional tensions as the war in ukraine rages,moldova
7380,a breakaway region of moldova asks russia for protection transnistria declared independence in 1992 but is not recognized internationally the request by the territory s legislature could fuel regional tensions as the war in ukraine rages,russia
7380,a breakaway region of moldova asks russia for protection transnistria declared independence in 1992 but is not recognized internationally the request by the territory s legislature could fuel regional tensions as the war in ukraine rages,ukraine
7384,immunity for troubles violence violates human rights belfast court rules a judge said a new british law aiming to foster reconciliation over decades of sectarian conflict in northern ireland would breach the european convention on human rights,ireland
7391,seeking to unsettle russia macron provokes allies the french president s openness to western troops in ukraine signaled a quest for military resolve but some allies felt blindsided,russia
7391,seeking to unsettle russia macron provokes allies the french president s openness to western troops in ukraine signaled a quest for military resolve but some allies felt blindsided,ukraine
7427,thursday briefing u n warns of famine in gaza plus a protest vote against president biden,palestine
7428,as u n warns of famine in gaza cease fire remains elusive with the approach of ramadan as well as protests by hostage families and a threatened palestinian march on the aqsa mosque pressure is rising to reach a deal,palestine
7434,darien gap migration is halted after colombia arrests boat captains boat operators suspended migrant crossings after colombia arrested two captains the biden administration has asked colombia to do more to stem the flow of people bound for the u s border,colombia
7448,the michigan areas where uncommitted came out ahead more than 100 000 voted in protest of the president s handling of the israel hamas war with strong support from areas with higher shares of arab residents and younger voters,israel
7448,the michigan areas where uncommitted came out ahead more than 100 000 voted in protest of the president s handling of the israel hamas war with strong support from areas with higher shares of arab residents and younger voters,lebanon
7448,the michigan areas where uncommitted came out ahead more than 100 000 voted in protest of the president s handling of the israel hamas war with strong support from areas with higher shares of arab residents and younger voters,palestine
7449,u s airman s winding path ended in self immolation to protest israel aaron bushnell the cyberdefense operations specialist who lit himself on fire to protest israel s killing of palestinians had left an isolated christian community for the air force before turning to activism,israel
7449,u s airman s winding path ended in self immolation to protest israel aaron bushnell the cyberdefense operations specialist who lit himself on fire to protest israel s killing of palestinians had left an isolated christian community for the air force before turning to activism,palestine
7465,in britain shockwaves from israel hamas war are jolting domestic politics the united states and several european nations have been caught up in toxic debates that have altered election campaigns and led to eruptions of inflammatory language over the conflict,israel
7465,in britain shockwaves from israel hamas war are jolting domestic politics the united states and several european nations have been caught up in toxic debates that have altered election campaigns and led to eruptions of inflammatory language over the conflict,lebanon
7465,in britain shockwaves from israel hamas war are jolting domestic politics the united states and several european nations have been caught up in toxic debates that have altered election campaigns and led to eruptions of inflammatory language over the conflict,palestine
7466,thursday briefing u n warns of dire food shortages in gaza,palestine
7499,starvation is stalking gaza s children lack of aid in gaza is causing starvation deaths as relief officials seek to determine whether to declare a famine,palestine
7528,death toll in gaza passes 30 000 the official toll of the war is staggering roughly one person killed for every 73 palestinians in gaza though experts say it is likely an undercount,palestine
7532,russia took the city now it s coming for their villages ukrainian farmers and miners and their families who live to the west of the recently captured avdiivka are poised to flee in the face of a russian onslaught,russia
7535,putin says west risks nuclear conflict if it intervenes more in ukraine we also have weapons that can strike targets on their territory mr putin said in an annual speech do they not understand this,russia
7535,putin says west risks nuclear conflict if it intervenes more in ukraine we also have weapons that can strike targets on their territory mr putin said in an annual speech do they not understand this,ukraine
7546,pentagon weighs new plan to ship weapons to ukraine quickly a short term measure carries political and military risks as the biden administration considers whether to tap into u s stockpiles again,ukraine
7554,opposition leader in chad is reported killed in a shootout yaya dillo who was expected to run in national elections in may was killed alongside many others in a gun battle in the capital the national prosecutor said,chad
7571,biden says the shooting will complicate cease fire talks president biden said on thursday that while he was still learning details of the shooting that killed or wounded hundreds in northern gaza he thought the deaths could jeopardize efforts to reach a cease fire agreement between israel and hamas,palestine
7571,biden says the shooting will complicate cease fire talks president biden said on thursday that while he was still learning details of the shooting that killed or wounded hundreds in northern gaza he thought the deaths could jeopardize efforts to reach a cease fire agreement between israel and hamas,israel
7571,biden says the shooting will complicate cease fire talks president biden said on thursday that while he was still learning details of the shooting that killed or wounded hundreds in northern gaza he thought the deaths could jeopardize efforts to reach a cease fire agreement between israel and hamas,lebanon
7578,as hungry gazans crowd an aid convoy a crush of bodies israeli gunshots and a deadly toll palestinian and israeli officials offered differing accounts of a deadly scene in northern gaza in which local health officials said more than 100 people were killed,israel
7578,as hungry gazans crowd an aid convoy a crush of bodies israeli gunshots and a deadly toll palestinian and israeli officials offered differing accounts of a deadly scene in northern gaza in which local health officials said more than 100 people were killed,palestine
7584,what we know about the deaths near the gaza aid convoy mapping the area where scores of people were killed and injured as a convoy of trucks tried to deliver aid to northern gaza,palestine
7590,this is for gaza george galloway leftist firebrand wins u k seat as the mideast conflict reverberates through british politics the politician with a history of inflammatory statements about israel won a special election in northern england,palestine
7590,this is for gaza george galloway leftist firebrand wins u k seat as the mideast conflict reverberates through british politics the politician with a history of inflammatory statements about israel won a special election in northern england,u k
7590,this is for gaza george galloway leftist firebrand wins u k seat as the mideast conflict reverberates through british politics the politician with a history of inflammatory statements about israel won a special election in northern england,israel
7605,i d f videos add to confusion over gazans killed at aid site the israeli military released a heavily edited video to deflect blame but the footage did little to clear up what led to mass casualties as people crowded around food aid trucks in northern gaza,israel
7605,i d f videos add to confusion over gazans killed at aid site the israeli military released a heavily edited video to deflect blame but the footage did little to clear up what led to mass casualties as people crowded around food aid trucks in northern gaza,palestine
7616,cease fire demand grows amid questions around gaza aid convoy deaths the israeli military and gazan officials have offered diverging accounts of one of the deadliest known disasters involving civilians in the nearly five month war,palestine
7616,cease fire demand grows amid questions around gaza aid convoy deaths the israeli military and gazan officials have offered diverging accounts of one of the deadliest known disasters involving civilians in the nearly five month war,israel
7620,thousands turn out for navalny s funeral in moscow the police presence appeared heavy for the service some attendees shouted no to war and russia will be free as they marched to the cemetery where the opposition leader was to be buried,russia
7633,israel is falling into an abyss will exhaustion and despair lead to some kind of resolution for palestinians and israelis,israel
7633,israel is falling into an abyss will exhaustion and despair lead to some kind of resolution for palestinians and israelis,palestine
7643,the wars in ukraine and gaza have changed america s policy hasn t richard haass on why america s strategy on both ukraine and israel is untenable and what he thinks should be the north star,ukraine
7643,the wars in ukraine and gaza have changed america s policy hasn t richard haass on why america s strategy on both ukraine and israel is untenable and what he thinks should be the north star,palestine
7643,the wars in ukraine and gaza have changed america s policy hasn t richard haass on why america s strategy on both ukraine and israel is untenable and what he thinks should be the north star,israel
7645,why more american weapons will soon be made outside america with the wars in ukraine and gaza straining u s arsenals washington is seeking to expand production with global partners like australia,ukraine
7645,why more american weapons will soon be made outside america with the wars in ukraine and gaza straining u s arsenals washington is seeking to expand production with global partners like australia,palestine
7645,why more american weapons will soon be made outside america with the wars in ukraine and gaza straining u s arsenals washington is seeking to expand production with global partners like australia,australia
7671,gaza aid declined significantly in february the deaths of dozens of people amid a rush for aid trucks in gaza city showed the degree of hunger in the territory,palestine
7673,kenya signs deal with haiti to send 1 000 police to caribbean the two countries are pushing ahead with the plan despite criticism from kenyan rights groups and opposition from a kenyan court,kenya
7673,kenya signs deal with haiti to send 1 000 police to caribbean the two countries are pushing ahead with the plan despite criticism from kenyan rights groups and opposition from a kenyan court,haiti
7694,trump says little on gaza and nothing about what he d do differently donald trump s approach to the bloody mideast conflict reflects the anti interventionist shift he has brought about in republican politics and his personal feelings about the israeli prime minister,palestine
7694,trump says little on gaza and nothing about what he d do differently donald trump s approach to the bloody mideast conflict reflects the anti interventionist shift he has brought about in republican politics and his personal feelings about the israeli prime minister,israel
7697,a protest against biden over the gaza war readers discuss arab american criticism of the president reflected in the michigan primary also politicians visits to the border congressional gridlock,palestine
7700,international condemnations of killings near gaza aid convoy multiply the british foreign secretary and the governments of india south africa and brazil were among those denouncing the melee surrounding an aid convoy in northern gaza that left scores of palestinians dead,palestine
7700,international condemnations of killings near gaza aid convoy multiply the british foreign secretary and the governments of india south africa and brazil were among those denouncing the melee surrounding an aid convoy in northern gaza that left scores of palestinians dead,india
7700,international condemnations of killings near gaza aid convoy multiply the british foreign secretary and the governments of india south africa and brazil were among those denouncing the melee surrounding an aid convoy in northern gaza that left scores of palestinians dead,south africa
7700,international condemnations of killings near gaza aid convoy multiply the british foreign secretary and the governments of india south africa and brazil were among those denouncing the melee surrounding an aid convoy in northern gaza that left scores of palestinians dead,brazil
7707,biden says u s will begin aid airdrops in gaza the president said that the united states would work with jordan and other allies to deliver aid by air and that supplies could eventually be delivered by sea,palestine
7707,biden says u s will begin aid airdrops in gaza the president said that the united states would work with jordan and other allies to deliver aid by air and that supplies could eventually be delivered by sea,jordan
7728,penn trustees meeting is cut short after students protest over war in gaza the meeting was abruptly adjourned about 10 minutes in after a demonstration by pro palestinian students protesting the university s ties with israel,palestine
7728,penn trustees meeting is cut short after students protest over war in gaza the meeting was abruptly adjourned about 10 minutes in after a demonstration by pro palestinian students protesting the university s ties with israel,israel
7736,for navalny s followers a surge of inspiration at a sad event although the funeral of aleksei navalny seemed to underline vladimir putin s dominance of russia it was also a day when pent up dissent and optimism re emerged if only briefly,russia
7750,biden unites with an unlikely ally to champion ukraine in a visit to the white house by italy s far right prime minister giorgia meloni the president declared that we have each other s backs and we also have ukraine s back,ukraine
7750,biden unites with an unlikely ally to champion ukraine in a visit to the white house by italy s far right prime minister giorgia meloni the president declared that we have each other s backs and we also have ukraine s back,italy
7751,news leaders around the world pledge support for journalists in gaza leaders from the associated press reuters and others called for the safety of the palestinian media workers doing the on the ground reporting,palestine
7762,surprisingly weak ukrainian defenses help russian advance ukraine only built a sparse rudimentary defensive line outside avdiivka russia is taking advantage,russia
7762,surprisingly weak ukrainian defenses help russian advance ukraine only built a sparse rudimentary defensive line outside avdiivka russia is taking advantage,ukraine
7770,blasphemy is a crime in pakistan mobs are delivering the verdicts being convicted of the charge can bring a death sentence in the country but simply being accused of disrespect toward islam can also be enough to get a person killed,pakistan
7805,israel gaza and double standards including our own sure the west applies more scrutiny to israel than to other countries but that shouldn t deflect from the catastrophe in gaza,israel
7805,israel gaza and double standards including our own sure the west applies more scrutiny to israel than to other countries but that shouldn t deflect from the catastrophe in gaza,palestine
7806,the justice of israel s war in gaza will depend on how it ends how to think about the moral complexities in the israel gaza war,israel
7806,the justice of israel s war in gaza will depend on how it ends how to think about the moral complexities in the israel gaza war,palestine
7818,u s begins airdrops of humanitarian aid in gaza three air force cargo planes dropped 38 000 ready to eat meals in gaza but critics called that insufficient a u s official said it was the beginning of a broader campaign,palestine
7820,king harald v of norway receives temporary pacemaker in malaysia implanted after the monarch 87 contracted an infection the device is intended to aid in transporting him back to norway his royal house said,norway
7820,king harald v of norway receives temporary pacemaker in malaysia implanted after the monarch 87 contracted an infection the device is intended to aid in transporting him back to norway his royal house said,malaysia
7821,lives ended in gaza since the war started more than 30 000 people have been killed during israel s bombardment and invasion here are some of their stories,palestine
7821,lives ended in gaza since the war started more than 30 000 people have been killed during israel s bombardment and invasion here are some of their stories,israel
7833,harris to meet with top israeli official as truce talks continue the vice president expects to discuss the urgency of a hostage deal and getting food and supplies to palestinian civilians with a member of netanyahu s war cabinet,israel
7833,harris to meet with top israeli official as truce talks continue the vice president expects to discuss the urgency of a hostage deal and getting food and supplies to palestinian civilians with a member of netanyahu s war cabinet,palestine
7834,israel helped organize convoy that ended in disaster it was one of four convoys put together by local palestinian businessmen this week at the behest of israeli officials who promised to provide security,israel
7834,israel helped organize convoy that ended in disaster it was one of four convoys put together by local palestinian businessmen this week at the behest of israeli officials who promised to provide security,palestine
7835,israeli strike near rafah hospital kills at least 11 gaza officials say dozens of other displaced palestinians who had been sheltering nearby were also injured the officials said,israel
7835,israeli strike near rafah hospital kills at least 11 gaza officials say dozens of other displaced palestinians who had been sheltering nearby were also injured the officials said,palestine
7841,lack of plan for governing gaza formed backdrop to deadly convoy chaos israel has no clear plan for governing gaza that is a particular problem in the north where the fighting has ebbed and where a deadly stampede occurred on thursday around an aid convoy,palestine
7841,lack of plan for governing gaza formed backdrop to deadly convoy chaos israel has no clear plan for governing gaza that is a particular problem in the north where the fighting has ebbed and where a deadly stampede occurred on thursday around an aid convoy,israel
7869,kremlin seeks to suppress navalny s influence in death as in life the russian authorities vilified the opposition leader aleksei a navalny with a viciousness that suggested he was more influential than moscow would admit little has changed since he died,russia
7874,german police conduct raid in hunt for red army fugitives ten people were arrested and later released the action in berlin came after one of three wanted members of the militant group was arrested last week,germany
7876,russian strike s toll rises to 12 as zelensky blames air defense delay president volodymyr zelensky did not refer to the united states but his words appeared to reflect frustration over a stalled american aid package,russia
7876,russian strike s toll rises to 12 as zelensky blames air defense delay president volodymyr zelensky did not refer to the united states but his words appeared to reflect frustration over a stalled american aid package,ukraine
7878,israel opts out of cease fire talks as hamas delegation arrives in cairo israeli officials did not attend after hamas was said to have refused a request from israel to provide a list of the hostages who were still alive,israel
7878,israel opts out of cease fire talks as hamas delegation arrives in cairo israeli officials did not attend after hamas was said to have refused a request from israel to provide a list of the hostages who were still alive,lebanon
7878,israel opts out of cease fire talks as hamas delegation arrives in cairo israeli officials did not attend after hamas was said to have refused a request from israel to provide a list of the hostages who were still alive,palestine
7878,israel opts out of cease fire talks as hamas delegation arrives in cairo israeli officials did not attend after hamas was said to have refused a request from israel to provide a list of the hostages who were still alive,egypt
7883,u n experts say gaza is close to famine what does that mean several criteria including acute malnutrition in at least 30 percent of children go into determining that a famine exists it is not clear who has the authority to officially declare a famine in gaza,palestine
7888,u n aid agency researchers allege abuse of gazans in israeli detention unrwa the aid agency for palestinians is preparing to publish an investigation based on testimony from more than 100 detainees that accuses israeli troops of abuse,israel
7888,u n aid agency researchers allege abuse of gazans in israeli detention unrwa the aid agency for palestinians is preparing to publish an investigation based on testimony from more than 100 detainees that accuses israeli troops of abuse,palestine
7889,inmates escape after attacks on two prisons in haiti s capital the assault on prisons is the latest in a wave of violent episodes in the past few days staged by gangs who have vowed to oust the prime minister,haiti
7902,harris calls for an immediate cease fire in gaza the vice president urged hamas to agree to a six week cease fire proposal and called on israel to increase the flow of aid into the enclave,palestine
7902,harris calls for an immediate cease fire in gaza the vice president urged hamas to agree to a six week cease fire proposal and called on israel to increase the flow of aid into the enclave,lebanon
7902,harris calls for an immediate cease fire in gaza the vice president urged hamas to agree to a six week cease fire proposal and called on israel to increase the flow of aid into the enclave,israel
7903,deaths of gazan children likely to rapidly rise amid aid snarls u n warns delivering supplies into gaza especially the north has taken on increased urgency as the united nations has warned that many gazans are on the edge of famine,palestine
7908,kamala harris calls for immediate cease fire in gaza during a speech in selma ala the vice president called on hamas to agree to a six week pause that is on the table and for immediate aid to those living in gaza,palestine
7908,kamala harris calls for immediate cease fire in gaza during a speech in selma ala the vice president called on hamas to agree to a six week pause that is on the table and for immediate aid to those living in gaza,lebanon
7911,gaza war is shifting ties between secular and ultra orthodox israelis israel s haredi minority has long lived apart from the nation s mainstream but fighting has both widened that divide and in some ways helped to bridge it,palestine
7911,gaza war is shifting ties between secular and ultra orthodox israelis israel s haredi minority has long lived apart from the nation s mainstream but fighting has both widened that divide and in some ways helped to bridge it,israel
7912,monday briefing the u n warns that more children will die in gaza without aid,palestine
7923,harris pushes for pause in fighting in meeting with top israeli official in a white house meeting on monday afternoon with benny gantz a member of israel s war cabinet the vice president also focused on the need for a deal to free hostages,israel
7967,now it s germany s turn to frustrate allies over ukraine first president emmanuel macron of france then chancellor olaf scholz exposed divisions among western countries trying to avoid direct hostilities with russia,germany
7967,now it s germany s turn to frustrate allies over ukraine first president emmanuel macron of france then chancellor olaf scholz exposed divisions among western countries trying to avoid direct hostilities with russia,ukraine
7967,now it s germany s turn to frustrate allies over ukraine first president emmanuel macron of france then chancellor olaf scholz exposed divisions among western countries trying to avoid direct hostilities with russia,france
7967,now it s germany s turn to frustrate allies over ukraine first president emmanuel macron of france then chancellor olaf scholz exposed divisions among western countries trying to avoid direct hostilities with russia,russia
7993,john c bahnsen jr 89 dies fierce commander during the vietnam war one of the most honored combat veterans in u s history he was awarded 19 decorations for valor he was blunt about what his job was killing,vietnam
7997,only a trickle of aid reaches northern gaza as hunger worsens a small number of trucks carrying desperately needed food headed for gaza city but at least some were swarmed and looted by people along the way,palestine
8006,a poll reflecting worries about biden s age readers react to a front page story about a new times siena college poll also fight on nikki haley airdrops to gaza death in gaza,palestine
8007,u n team finds grounds to support reports of sexual violence in hamas attack the united nations experts also said that they had clear and convincing information that hostages seized in israel on oct 7 had been sexually abused in gaza and that they had looked into reports of abuse of palestinians in israeli detention,lebanon
8007,u n team finds grounds to support reports of sexual violence in hamas attack the united nations experts also said that they had clear and convincing information that hostages seized in israel on oct 7 had been sexually abused in gaza and that they had looked into reports of abuse of palestinians in israeli detention,palestine
8007,u n team finds grounds to support reports of sexual violence in hamas attack the united nations experts also said that they had clear and convincing information that hostages seized in israel on oct 7 had been sexually abused in gaza and that they had looked into reports of abuse of palestinians in israeli detention,israel
8020,tuesday briefing trump can appear on ballots also france protects abortion rights and a u n report on sexual assault during the oct 7 attack,france
8044,shift in russian tactics intensifies air war in ukraine moscow s recent gains in the east have been aided by more aggressive air support on the front lines but that also has helped ukraine shoot down enemy planes in the past two weeks,russia
8044,shift in russian tactics intensifies air war in ukraine moscow s recent gains in the east have been aided by more aggressive air support on the front lines but that also has helped ukraine shoot down enemy planes in the past two weeks,ukraine
8070,the maldives is a tiny paradise why are china and india fighting over it asia s two giants are crowding the island nation with building projects tossing its newborn democracy to and fro,maldives
8070,the maldives is a tiny paradise why are china and india fighting over it asia s two giants are crowding the island nation with building projects tossing its newborn democracy to and fro,china
8070,the maldives is a tiny paradise why are china and india fighting over it asia s two giants are crowding the island nation with building projects tossing its newborn democracy to and fro,india
8115,u s conducts 2nd airdrop but will not use troops on the ground in aid effort u s air force cargo planes dropped 36 800 ready to eat meals in a joint operation with the jordanian air force but a pentagon spokesman said were no plans to put u s forces on the ground,jordan
8292,victoria nuland veteran russia hawk to leave the state department a hard charging diplomat and determined advocate of supporting ukraine will step down from the department s no 4 post,hong kong
8292,victoria nuland veteran russia hawk to leave the state department a hard charging diplomat and determined advocate of supporting ukraine will step down from the department s no 4 post,russia
8292,victoria nuland veteran russia hawk to leave the state department a hard charging diplomat and determined advocate of supporting ukraine will step down from the department s no 4 post,ukraine
8294,humanitarian aid boxes dropped over northern gaza palestinians in gaza city scrambled for boxes of supplies airdropped by the united states jordan egypt and the united arab emirates,palestine
8294,humanitarian aid boxes dropped over northern gaza palestinians in gaza city scrambled for boxes of supplies airdropped by the united states jordan egypt and the united arab emirates,jordan
8294,humanitarian aid boxes dropped over northern gaza palestinians in gaza city scrambled for boxes of supplies airdropped by the united states jordan egypt and the united arab emirates,egypt
8294,humanitarian aid boxes dropped over northern gaza palestinians in gaza city scrambled for boxes of supplies airdropped by the united states jordan egypt and the united arab emirates,united arab emirates
8314,gaza cease fire deal is in the hands of hamas biden says president biden said the israelis had been cooperating in negotiations over a possible six week cease fire in gaza being mediated by qatar and egypt and that a rational offer was made,palestine
8314,gaza cease fire deal is in the hands of hamas biden says president biden said the israelis had been cooperating in negotiations over a possible six week cease fire in gaza being mediated by qatar and egypt and that a rational offer was made,lebanon
8314,gaza cease fire deal is in the hands of hamas biden says president biden said the israelis had been cooperating in negotiations over a possible six week cease fire in gaza being mediated by qatar and egypt and that a rational offer was made,israel
8314,gaza cease fire deal is in the hands of hamas biden says president biden said the israelis had been cooperating in negotiations over a possible six week cease fire in gaza being mediated by qatar and egypt and that a rational offer was made,qatar
8314,gaza cease fire deal is in the hands of hamas biden says president biden said the israelis had been cooperating in negotiations over a possible six week cease fire in gaza being mediated by qatar and egypt and that a rational offer was made,egypt
8315,we need a cease fire biden says president biden said tuesday that talks on a possible six week cease fire in gaza are in the hands of hamas right now he spoke just before a hamas leader in lebanon appeared to reject a proposed deal the united states is backing insisting that israeli hostages would be released only after a cease fire was in place and israeli forces have withdrawn,palestine
8315,we need a cease fire biden says president biden said tuesday that talks on a possible six week cease fire in gaza are in the hands of hamas right now he spoke just before a hamas leader in lebanon appeared to reject a proposed deal the united states is backing insisting that israeli hostages would be released only after a cease fire was in place and israeli forces have withdrawn,lebanon
8315,we need a cease fire biden says president biden said tuesday that talks on a possible six week cease fire in gaza are in the hands of hamas right now he spoke just before a hamas leader in lebanon appeared to reject a proposed deal the united states is backing insisting that israeli hostages would be released only after a cease fire was in place and israeli forces have withdrawn,israel
8344,inside america s shadow war with iran there s another middle east conflict going on and u s soldiers are on the front lines of it,iran
8345,israel sees vindication in u n s report but tensions between them rise a u n inquiry found support for israel s allegations of sexual violence in the hamas led oct 7 attack but they remain bitterly at odds over the war in the gaza strip,israel
8345,israel sees vindication in u n s report but tensions between them rise a u n inquiry found support for israel s allegations of sexual violence in the hamas led oct 7 attack but they remain bitterly at odds over the war in the gaza strip,lebanon
8345,israel sees vindication in u n s report but tensions between them rise a u n inquiry found support for israel s allegations of sexual violence in the hamas led oct 7 attack but they remain bitterly at odds over the war in the gaza strip,palestine
8346,the new rape denialism how quickly the far left pivots from believe women to believe hamas when the identity of the victim changes,lebanon
8346,the new rape denialism how quickly the far left pivots from believe women to believe hamas when the identity of the victim changes,palestine
8357,international court accuses 2 russian officers of war crimes in ukraine arrest warrants were issued by the international criminal court for two military officials a general and an admiral both accused of targeting civilians and destroying crucial energy infrastructure,russia
8357,international court accuses 2 russian officers of war crimes in ukraine arrest warrants were issued by the international criminal court for two military officials a general and an admiral both accused of targeting civilians and destroying crucial energy infrastructure,ukraine
8368,uncommitted draws strong support against biden in minnesota the effort to pressure the president over his support for israel garnered a sizable share of the vote despite being more hastily organized voters in other states also voiced unease,israel
8384,israel must let more aid into gaza u k tells israeli official after meeting with benny gantz a member of israel s war cabinet the british foreign secretary david cameron had strong words about conditions in gaza that must change,israel
8384,israel must let more aid into gaza u k tells israeli official after meeting with benny gantz a member of israel s war cabinet the british foreign secretary david cameron had strong words about conditions in gaza that must change,palestine
8384,israel must let more aid into gaza u k tells israeli official after meeting with benny gantz a member of israel s war cabinet the british foreign secretary david cameron had strong words about conditions in gaza that must change,u k
8421,too little ammunition too many russians the harrowing retreat from avdiivka the fall of the city when it came in mid february was brutal and fast soldiers fought for their lives many did not make it,russia
8427,israel rejects far right plan for new limits on access to important mosque as the muslim holy month of ramadan approaches the move may reduce tensions at the aqsa mosque compound which has long been a flashpoint for unrest,israel
8441,ukraine s first lady declines invitation to state of the union address olena zelenska s office cited a scheduling conflict the russian opposition figure yulia navalnaya also declined an invitation,ukraine
8441,ukraine s first lady declines invitation to state of the union address olena zelenska s office cited a scheduling conflict the russian opposition figure yulia navalnaya also declined an invitation,russia
8451,russia strikes odesa with missile during visit by zelensky and greek leader neither man was hurt and it was unclear whether the russian army was targeting them,russia
8451,russia strikes odesa with missile during visit by zelensky and greek leader neither man was hurt and it was unclear whether the russian army was targeting them,ukraine
8457,russians flock to navalny s grave as they grapple with his legacy the loss of the optimism in the face of oppression espoused by aleksei navalny russia s most prominent opposition leader has hit many russians hard now as one mourner said i don t have any vision of the future,russia
8473,haiti engulfed by crisis as gangs press prime minister to step down the power struggle in haiti is raising pressure on the united states to ease tensions while casting doubt on plans for a kenyan led security mission,haiti
8473,haiti engulfed by crisis as gangs press prime minister to step down the power struggle in haiti is raising pressure on the united states to ease tensions while casting doubt on plans for a kenyan led security mission,kenya
8487,uncommitted effort to protest biden will shift its focus to washington state the campaign is urging democrats to register their discontent with president biden s handling of the war in gaza by voting uncommitted washington s primary is on tuesday,palestine
8489,israel hamas talks over hostage releases and a cease fire stall officials say hamas has continued to press israel for a commitment to a permanent cease fire after a multistage release of all hostages but israel has refused,israel
8489,israel hamas talks over hostage releases and a cease fire stall officials say hamas has continued to press israel for a commitment to a permanent cease fire after a multistage release of all hostages but israel has refused,lebanon
8489,israel hamas talks over hostage releases and a cease fire stall officials say hamas has continued to press israel for a commitment to a permanent cease fire after a multistage release of all hostages but israel has refused,palestine
8491,thursday briefing haley drops out also israel hamas talks stall before ramadan,israel
8491,thursday briefing haley drops out also israel hamas talks stall before ramadan,lebanon
8491,thursday briefing haley drops out also israel hamas talks stall before ramadan,palestine
8510,i m f agrees to much larger rescue package for egypt the international monetary fund will provide 8 billion to egypt which is going through its worst economic crisis in decades,egypt
8535,a popular israeli minister s meeting in london sends a message to netanyahu a meeting between the british foreign secretary david cameron and an israeli minister benny gantz carried more weight than usual analysts said and stressed the frustration of israel s allies,israel
8535,a popular israeli minister s meeting in london sends a message to netanyahu a meeting between the british foreign secretary david cameron and an israeli minister benny gantz carried more weight than usual analysts said and stressed the frustration of israel s allies,u k
8594,south africa asks u n court to intervene to avert genocidal starvation in gaza israel called on the international court of justice in the hague to reject south africa s request which came in a case filed in december charging israel with genocide against palestinians in gaza,south africa
8594,south africa asks u n court to intervene to avert genocidal starvation in gaza israel called on the international court of justice in the hague to reject south africa s request which came in a case filed in december charging israel with genocide against palestinians in gaza,palestine
8594,south africa asks u n court to intervene to avert genocidal starvation in gaza israel called on the international court of justice in the hague to reject south africa s request which came in a case filed in december charging israel with genocide against palestinians in gaza,israel
8598,is hungary a model for trump we examine donald trump s affinity for viktor orban hungary s prime minister,hungary
8610,hamas negotiators leave cairo with no breakthrough in cease fire talks weeks of indirect negotiations appear to have stalled over hamas s insistence on a permanent cease fire during or after any hostage releases a demand that israel has rejected,lebanon
8610,hamas negotiators leave cairo with no breakthrough in cease fire talks weeks of indirect negotiations appear to have stalled over hamas s insistence on a permanent cease fire during or after any hostage releases a demand that israel has rejected,palestine
8610,hamas negotiators leave cairo with no breakthrough in cease fire talks weeks of indirect negotiations appear to have stalled over hamas s insistence on a permanent cease fire during or after any hostage releases a demand that israel has rejected,egypt
8610,hamas negotiators leave cairo with no breakthrough in cease fire talks weeks of indirect negotiations appear to have stalled over hamas s insistence on a permanent cease fire during or after any hostage releases a demand that israel has rejected,israel
8613,how magababe and a fake investor targeted critics of viktor orban a covert campaign to entrap and discredit people linked to rights groups in hungary has added fuel to longstanding complaints of democratic backsliding in the country,hungary
8618,mutual frustrations arise in u s ukraine alliance ukrainian officials are disheartened about stalled aid the pentagon wants kyiv to heed its advice on how to fight,ukraine
8621,4 children and 2 adults are killed in ottawa home the police are investigating the circumstances surrounding the killings on wednesday of a sri lankan family the city s largest mass murder in at least 30 years,canada
8621,4 children and 2 adults are killed in ottawa home the police are investigating the circumstances surrounding the killings on wednesday of a sri lankan family the city s largest mass murder in at least 30 years,sri lanka
8629,sweden enters nato a blow to moscow and a boost to the baltic nations with the addition of sweden to nato president vladimir v putin of russia finds himself facing an enlarged and motivated alliance,sweden
8629,sweden enters nato a blow to moscow and a boost to the baltic nations with the addition of sweden to nato president vladimir v putin of russia finds himself facing an enlarged and motivated alliance,russia
8635,opposition blasts macron for risking escalation in ukraine the french president attempted to forge a united front on a harder line against russia but few were persuaded,ukraine
8635,opposition blasts macron for risking escalation in ukraine the french president attempted to forge a united front on a harder line against russia but few were persuaded,russia
8646,canadian jailed by china in tit for tat dispute gets a settlement michael spavor a canadian businessman was arrested by china in what his lawyers said was an act of retaliation for canada s detention of a chinese tech giant executive,china
8646,canadian jailed by china in tit for tat dispute gets a settlement michael spavor a canadian businessman was arrested by china in what his lawyers said was an act of retaliation for canada s detention of a chinese tech giant executive,canada
8650,hundreds are feared seized in nigeria as kidnapping epidemic worsens a mass abduction reported in a region terrorized by boko haram and another days later at a primary school highlighted the government s inability to control crime and armed insurgency,niger
8650,hundreds are feared seized in nigeria as kidnapping epidemic worsens a mass abduction reported in a region terrorized by boko haram and another days later at a primary school highlighted the government s inability to control crime and armed insurgency,nigeria
8654,war in gaza presents biden with challenges at home and abroad domestic and international anger over israel s response to the oct 7 attacks has complicated president biden s diplomatic and re election efforts,palestine
8654,war in gaza presents biden with challenges at home and abroad domestic and international anger over israel s response to the oct 7 attacks has complicated president biden s diplomatic and re election efforts,israel
8656,zelensky names ukraine s ex top general ambassador to u k the former top general valery zaluzhny was dismissed last month amid tensions with the civilian leadership he has been a very popular figure in ukraine,ukraine
8656,zelensky names ukraine s ex top general ambassador to u k the former top general valery zaluzhny was dismissed last month amid tensions with the civilian leadership he has been a very popular figure in ukraine,u k
8672,tonight s state of the union is a big moment for biden also a plan to help get aid into gaza here s the latest at the end of thursday,palestine
8680,aid from jose andres s world central kitchen could depart for gaza within days officials say the organization founded by the celebrity spanish chef has served more than 32 million meals in gaza and he hopes to do more,palestine
8682,who are the gangs that have overrun haiti s capital the caribbean nation has plunged into disorder and violence with gangs controlling access to the main airport and seaports and taking command of many parts of port au prince,haiti
8684,u s military to build floating pier to ferry gaza aid white house says u s officials said that a temporary port built from ships and then moved close to shore would allow hundreds of truckloads of aid to reach gazans on the brink of starvation,palestine
8723,the i c c arrest warrants for russian officers will echo beyond russia the warrants for two commanders over alleged war crimes may set an interesting precedent legal experts said including for the conflict in gaza,russia
8723,the i c c arrest warrants for russian officers will echo beyond russia the warrants for two commanders over alleged war crimes may set an interesting precedent legal experts said including for the conflict in gaza,palestine
8728,father of marine killed in afghanistan is arrested during biden s address steve nikoui yelled abbey gate abbey gate during the speech a reference to where his son lance cpl kareem nikoui and 12 other troops were killed during the chaotic final days of the u s presence in kabul,afghanistan
8735,from ukraine to gaza biden s first battles are at home republican opposition splits in his own party and tension with allies make mr biden s vow to restore american power a far more complicated task than it was when he came into office,ukraine
8735,from ukraine to gaza biden s first battles are at home republican opposition splits in his own party and tension with allies make mr biden s vow to restore american power a far more complicated task than it was when he came into office,palestine
8747,in his state of the union speech biden urges israel to do its part to increase aid to gaza president biden in his state of the union address on thursday night defended u s efforts to increase the amount of aid reaching gaza while imploring israel to do its part and not use humanitarian assistance as a bargaining chip,israel
8747,in his state of the union speech biden urges israel to do its part to increase aid to gaza president biden in his state of the union address on thursday night defended u s efforts to increase the amount of aid reaching gaza while imploring israel to do its part and not use humanitarian assistance as a bargaining chip,palestine
8808,israel says its forces fired precisely during aid convoy chaos an initial review by the israeli military of the episode differed from accounts of witnesses and palestinian officials who described extensive shooting after thousands massed around aid trucks,israel
8808,israel says its forces fired precisely during aid convoy chaos an initial review by the israeli military of the episode differed from accounts of witnesses and palestinian officials who described extensive shooting after thousands massed around aid trucks,palestine
8834,iran s 2022 protest crackdown included killings torture and rape u n finds a fact finding mission looking into the demonstrations that followed the death of mahsa amini found brutality and rejected iran s version of ms amini s death,iran
8866,europe and u s plan to supply gaza by sea but aid groups say it s not enough relief organizations say cumbersome new strategies cannot substitute for israel allowing more supply trucks into the gaza strip while an airdrop of aid reportedly went awry and killed five people,palestine
8866,europe and u s plan to supply gaza by sea but aid groups say it s not enough relief organizations say cumbersome new strategies cannot substitute for israel allowing more supply trucks into the gaza strip while an airdrop of aid reportedly went awry and killed five people,israel
8869,u n human rights chief warns that israeli settlements could amount to war crimes the comments came in concert with a u n report that says new building plans violence and discrimination have pushed the west bank to the brink of catastrophe,israel
8881,judge upholds biden program giving some immigrants short term legal status the initiative allows up to 360 000 people a year from cuba haiti nicaragua and venezuela to live and work in the united states if supported by a financial sponsor,cuba
8881,judge upholds biden program giving some immigrants short term legal status the initiative allows up to 360 000 people a year from cuba haiti nicaragua and venezuela to live and work in the united states if supported by a financial sponsor,haiti
8881,judge upholds biden program giving some immigrants short term legal status the initiative allows up to 360 000 people a year from cuba haiti nicaragua and venezuela to live and work in the united states if supported by a financial sponsor,nicaragua
8881,judge upholds biden program giving some immigrants short term legal status the initiative allows up to 360 000 people a year from cuba haiti nicaragua and venezuela to live and work in the united states if supported by a financial sponsor,venezuela
8892,providing both bombs and food biden puts himself in the middle of gaza s war the president s decision to send aid by air and sea represents a shift prompted by the growing humanitarian crisis but it raised uncomfortable questions about america s role,palestine
8896,read the federal judge s ruling a u s district judge allowed the biden administration to continue a program that it has used to give temporary legal status to hundreds of thousands of citizens of cuba haiti nicaragua and venezuela,cuba
8896,read the federal judge s ruling a u s district judge allowed the biden administration to continue a program that it has used to give temporary legal status to hundreds of thousands of citizens of cuba haiti nicaragua and venezuela,haiti
8896,read the federal judge s ruling a u s district judge allowed the biden administration to continue a program that it has used to give temporary legal status to hundreds of thousands of citizens of cuba haiti nicaragua and venezuela,nicaragua
8896,read the federal judge s ruling a u s district judge allowed the biden administration to continue a program that it has used to give temporary legal status to hundreds of thousands of citizens of cuba haiti nicaragua and venezuela,venezuela
8905,macron and scholz never close spar over policy toward ukraine and russia a fraught relationship has recently turned bitter with insults and barbs threatening european unity at a critical moment,ukraine
8905,macron and scholz never close spar over policy toward ukraine and russia a fraught relationship has recently turned bitter with insults and barbs threatening european unity at a critical moment,russia
8906,the 10 year old boy who has become the face of starvation in gaza the harrowing image of a skeletal yazan kafarneh circulated widely on social media and has served as a graphic warning about the enclave s dire food situation,palestine
8907,sweden and canada to restart payments to u n agency for palestinians the countries were among those that suspended payments to the agency known as unrwa after israel accused a dozen of its employees of taking part in hamas led terrorist attacks on oct 7,sweden
8907,sweden and canada to restart payments to u n agency for palestinians the countries were among those that suspended payments to the agency known as unrwa after israel accused a dozen of its employees of taking part in hamas led terrorist attacks on oct 7,canada
8907,sweden and canada to restart payments to u n agency for palestinians the countries were among those that suspended payments to the agency known as unrwa after israel accused a dozen of its employees of taking part in hamas led terrorist attacks on oct 7,palestine
8907,sweden and canada to restart payments to u n agency for palestinians the countries were among those that suspended payments to the agency known as unrwa after israel accused a dozen of its employees of taking part in hamas led terrorist attacks on oct 7,israel
8907,sweden and canada to restart payments to u n agency for palestinians the countries were among those that suspended payments to the agency known as unrwa after israel accused a dozen of its employees of taking part in hamas led terrorist attacks on oct 7,lebanon
8943,navalny s heirs seek a political future in russia aleksei navalny s team has found a new leader in the opposition leader s widow yulia navalnaya but navalny s death has so far brought little change to their insular tactics,russia
8952,people are hoping that israel nukes us so we get rid of this pain a father s desperate texts from gaza offer a window into five months of suffering there,israel
8952,people are hoping that israel nukes us so we get rid of this pain a father s desperate texts from gaza offer a window into five months of suffering there,palestine
8957,russia s advance around avdiivka loses momentum after quick gains ukraine has committed significant forces to defending the area and russian troops are now attacking across open fields with little cover,russia
8957,russia s advance around avdiivka loses momentum after quick gains ukraine has committed significant forces to defending the area and russian troops are now attacking across open fields with little cover,ukraine
8963,britt tells misleading border story in state of the union response the alabama senator used a story about sex trafficking to criticize the biden administration s border policies but the events occurred in mexico years ago,mexico
8965,as u s rushes to build gaza port major challenges loom famine is stalking gaza but the american led initiative faces daunting obstacles in logistics security and cost,palestine
8968,pope says ukraine should have the courage of the white flag his words have raised questions about whether francis was suggesting that ukraine surrender but a vatican spokesman said the pope meant cease fire and negotiation,ukraine
8969,with haiti in chaos a humanitarian crisis is rapidly unfolding as gangs have united in concerted attacks against the state the prime minister is stranded in puerto rico and food water fuel and medical care are in short supply,haiti
8969,with haiti in chaos a humanitarian crisis is rapidly unfolding as gangs have united in concerted attacks against the state the prime minister is stranded in puerto rico and food water fuel and medical care are in short supply,puerto rico
8978,u s military enters a new phase with gaza aid operations as the united states continues providing israel with munitions the pentagon will deliver food and other assistance to gazans by sea and air,palestine
8978,u s military enters a new phase with gaza aid operations as the united states continues providing israel with munitions the pentagon will deliver food and other assistance to gazans by sea and air,israel
8982,it s a way of life women make their mark in the ukrainian army as ukraine struggles against russian assaults and its losses mount there has been a surge of women enlisting and they are increasingly volunteering for combat roles,ukraine
8982,it s a way of life women make their mark in the ukrainian army as ukraine struggles against russian assaults and its losses mount there has been a surge of women enlisting and they are increasingly volunteering for combat roles,russia
9001,as israel s ties to arab countries fray a strained lifeline remains the united arab emirates has maintained its links to israel throughout the war in gaza but the relationship built on a u s brokered deal is under pressure as anger against israel grows,israel
9001,as israel s ties to arab countries fray a strained lifeline remains the united arab emirates has maintained its links to israel throughout the war in gaza but the relationship built on a u s brokered deal is under pressure as anger against israel grows,united arab emirates
9001,as israel s ties to arab countries fray a strained lifeline remains the united arab emirates has maintained its links to israel throughout the war in gaza but the relationship built on a u s brokered deal is under pressure as anger against israel grows,palestine
9009,netanyahu rejects biden s rebuke and vows to press on with rafah operation mr netanyahu said that his policies represented what the overwhelming majority of israelis wanted,israel
9011,u s military ship has set sail to help build pier off gaza for aid the pier project is the latest in a flurry of efforts to get more aid into the enclave including by sea amid warnings from the u n that a famine in gaza is imminent,palestine
9012,thousands of pregnant women in gaza suffer from malnutrition health authorities say the u n has warned that famine is looming in the enclave and an obstetrician there said that pregnant women face particularly high risks of malnourishment,palestine
9025,new york state trooper among those killed in military helicopter crash john m grassia iii was one of three people killed when a national guard helicopter crashed along the u s mexico border in texas,mexico
9040,monday briefing biden clashes with netanyahu the leaders of the u s and israel are engaged in an increasingly public dispute over gaza,israel
9040,monday briefing biden clashes with netanyahu the leaders of the u s and israel are engaged in an increasingly public dispute over gaza,palestine
9050,dispute over gaza war heats up between biden and netanyahu the israeli prime minister rejected a rebuke from the u s president over the scale of the israel assault,palestine
9050,dispute over gaza war heats up between biden and netanyahu the israeli prime minister rejected a rebuke from the u s president over the scale of the israel assault,israel
9068,navigating israeli restrictions many palestinians find it hard to reach al aqsa muslim access to the mosque compound has long been a point of contention as israel has exerted tighter control,israel
9068,navigating israeli restrictions many palestinians find it hard to reach al aqsa muslim access to the mosque compound has long been a point of contention as israel has exerted tighter control,palestine
9069,ukraine could deploy f 16s as soon as july but only a few countries promised the fighter jets last year but delivering them and training pilots have proved complex ukraine may start with as few as six out of about 45 pledged,ukraine
9073,monday briefing biden and netanyahu clash over gaza,israel
9073,monday briefing biden and netanyahu clash over gaza,palestine
9108,food shortages overshadow ramadan in gaza the war and hunger have cast a somber tone over this year s holy month as people struggle to find affordable essentials to celebrate,palestine
9114,biden marks ramadan saying the war has inflicted terrible suffering on gaza the president said he would press for a cease fire and more aid for gaza and noted that many american muslims were grieving for family members killed there,palestine
9133,al qaeda s yemen branch says its leader has died the group whose power and reach have diminished in recent years did not give a cause of death for khaled batarfi who once fought alongside the taliban,yemen
9145,chaotic scene outside al aqsa mosque before start of ramadan israeli police clashed with worshipers outside of al aqsa mosque as many attempted to enter the complex for ramadan prayers after being denied entry due to their age some younger men prayed outside of the holy site,palestine
9145,chaotic scene outside al aqsa mosque before start of ramadan israeli police clashed with worshipers outside of al aqsa mosque as many attempted to enter the complex for ramadan prayers after being denied entry due to their age some younger men prayed outside of the holy site,israel
9154,american man sentenced to life after killing woman at german castle the u s citizen attacked two women also americans near germany s iconic neuschwanstein castle and attempted to push both of them to their deaths a court found one was killed the other survived,germany
9170,israel says it targeted marwan issa a top hamas leader in gaza an israeli military official said investigators were still determining the outcome of a strike on an underground area used by marwan issa the deputy commander of hamas s military wing,israel
9170,israel says it targeted marwan issa a top hamas leader in gaza an israeli military official said investigators were still determining the outcome of a strike on an underground area used by marwan issa the deputy commander of hamas s military wing,lebanon
9170,israel says it targeted marwan issa a top hamas leader in gaza an israeli military official said investigators were still determining the outcome of a strike on an underground area used by marwan issa the deputy commander of hamas s military wing,palestine
9180,netanyahu s coalition may be in jeopardy intelligence report says the document predicted that israel would struggle to achieve its goal of destroying hamas in gaza,israel
9180,netanyahu s coalition may be in jeopardy intelligence report says the document predicted that israel would struggle to achieve its goal of destroying hamas in gaza,lebanon
9180,netanyahu s coalition may be in jeopardy intelligence report says the document predicted that israel would struggle to achieve its goal of destroying hamas in gaza,palestine
9186,intelligence officials warn of losses for ukraine without more u s aid william j burns the c i a director and avril d haines the director of national intelligence described an increasingly dire situation,ukraine
9229,jamming how electronic warfare is reshaping ukraine s battlefields drones have become a critical weapon for both sides but a lack of coordination among troops has put ukraine at a disadvantage,ukraine
9237,senators urge biden to stop arming israel citing violation of u s aid law an independent and seven democrats argued in a letter that the administration had run afoul of a part of a law that bars military aid from going to any country that blocks humanitarian aid,israel
9238,on the tripwire of a red line it s often presidents who trip barack obama drew one for syria george w bush drew several for north korea and iran now president biden has drawn one for israel the hard part is figuring out what to do when they are crossed,syria
9238,on the tripwire of a red line it s often presidents who trip barack obama drew one for syria george w bush drew several for north korea and iran now president biden has drawn one for israel the hard part is figuring out what to do when they are crossed,north korea
9238,on the tripwire of a red line it s often presidents who trip barack obama drew one for syria george w bush drew several for north korea and iran now president biden has drawn one for israel the hard part is figuring out what to do when they are crossed,iran
9238,on the tripwire of a red line it s often presidents who trip barack obama drew one for syria george w bush drew several for north korea and iran now president biden has drawn one for israel the hard part is figuring out what to do when they are crossed,israel
9239,biden offers ironclad commitment to allies defying russia the president hosted leaders of poland at the white house as he sought to reassure nato members of american steadfastness in the face of threats from moscow and former president donald j trump,russia
9239,biden offers ironclad commitment to allies defying russia the president hosted leaders of poland at the white house as he sought to reassure nato members of american steadfastness in the face of threats from moscow and former president donald j trump,poland
9251,citizenship law that excludes muslims takes effect india says the law sparked lethal riots when it was passed now after a four year delay it has come into force on the eve of prime minister narendra modi s re election campaign,india
9253,hezbollah fires more than 100 rockets into israel drawing retaliation the barrage by hezbollah was among the heaviest in the months of cross border strikes that have fed fears that the war in gaza could expand,lebanon
9253,hezbollah fires more than 100 rockets into israel drawing retaliation the barrage by hezbollah was among the heaviest in the months of cross border strikes that have fed fears that the war in gaza could expand,israel
9253,hezbollah fires more than 100 rockets into israel drawing retaliation the barrage by hezbollah was among the heaviest in the months of cross border strikes that have fed fears that the war in gaza could expand,palestine
9260,ukraine backed russian exile groups stage assaults on moscow s turf the attacks and drone strikes across the southern border were intended to counter president vladimir v putin s control over russia a leader in one of the groups said,ukraine
9260,ukraine backed russian exile groups stage assaults on moscow s turf the attacks and drone strikes across the southern border were intended to counter president vladimir v putin s control over russia a leader in one of the groups said,russia
9264,who are hamas s top leaders in gaza israel targeted marwan issa a hamas military leader with a strike over the weekend he is one of three leaders of the group in gaza who israel says were the main planners of the oct 7 attack,lebanon
9264,who are hamas s top leaders in gaza israel targeted marwan issa a hamas military leader with a strike over the weekend he is one of three leaders of the group in gaza who israel says were the main planners of the oct 7 attack,palestine
9264,who are hamas s top leaders in gaza israel targeted marwan issa a hamas military leader with a strike over the weekend he is one of three leaders of the group in gaza who israel says were the main planners of the oct 7 attack,israel
9277,kenya hits pause on police deployment to haiti the african nation said it would not send a force until haiti forms a new government after the haitian prime minister announced his intention to resign,kenya
9277,kenya hits pause on police deployment to haiti the african nation said it would not send a force until haiti forms a new government after the haitian prime minister announced his intention to resign,haiti
9279,u s israeli citizen itay chen was killed in oct 7 attack parents say ruby and hagit chen said that they expected the israeli prime minister benjamin netanyahu and president biden to do everything in their power to bring itay s remains and the hostages home,israel
9318,white house denies biden has set red lines for israel hamas war in gaza the biden administration repeated its warning that israel should not attack the city of rafah the southernmost city in the enclave without protections for the more than a million people sheltering there,israel
9318,white house denies biden has set red lines for israel hamas war in gaza the biden administration repeated its warning that israel should not attack the city of rafah the southernmost city in the enclave without protections for the more than a million people sheltering there,lebanon
9318,white house denies biden has set red lines for israel hamas war in gaza the biden administration repeated its warning that israel should not attack the city of rafah the southernmost city in the enclave without protections for the more than a million people sheltering there,palestine
9319,wednesday briefing turmoil in haiti also more u s weapons for ukraine and a looming financial crisis for dating apps,haiti
9319,wednesday briefing turmoil in haiti also more u s weapons for ukraine and a looming financial crisis for dating apps,ukraine
9323,after ukrainian strikes russia fires top naval commander american officials estimated that ukraine a country without a traditional navy has sunk 15 russian ships in the past six months,russia
9323,after ukrainian strikes russia fires top naval commander american officials estimated that ukraine a country without a traditional navy has sunk 15 russian ships in the past six months,ukraine
9328,top navalny aide attacked with hammer outside home in lithuania leonid volkov a top aide to aleksei navalny was beaten and sprayed with tear gas as he was pulling up to his house in vilnius,lithuania
9330,israel has no choice but to fight on as long as hamas maintains military power there is no hope for peace,israel
9330,israel has no choice but to fight on as long as hamas maintains military power there is no hope for peace,lebanon
9330,israel has no choice but to fight on as long as hamas maintains military power there is no hope for peace,palestine
9331,netanyahu is making israel radioactive things have gone terribly wrong in gaza they could get worse soon,israel
9331,netanyahu is making israel radioactive things have gone terribly wrong in gaza they could get worse soon,palestine
9333,first aid ship heads to gaza but far more is needed the maritime package of more than 200 tons of food is a welcome milestone but not nearly enough to prevent famine said relief officials who called on israel to allow more aid delivery by land,palestine
9333,first aid ship heads to gaza but far more is needed the maritime package of more than 200 tons of food is a welcome milestone but not nearly enough to prevent famine said relief officials who called on israel to allow more aid delivery by land,israel
9344,these workers are risking their lives to restore gaza s phone network telecommunications infrastructure has been devastated in the territory largely preventing palestinians from calling for help coordinating the delivery of aid and communicating with family abroad,palestine
9345,from moscow to mumbai russia pivots south for trade once dependent on europe for trade russia has been forging new routes that will allow it to skirt western restrictions a planned railway through iran could be key for those ambitions,russia
9345,from moscow to mumbai russia pivots south for trade once dependent on europe for trade russia has been forging new routes that will allow it to skirt western restrictions a planned railway through iran could be key for those ambitions,iran
9392,ramadan s start brings no joy to palestinians in the west bank one woman said she had a hard time sitting down for meals knowing that many in gaza were starving i keep asking myself did they eat,palestine
9403,israeli strike kills a hamas operative in lebanon it was the latest in a string of targeted killings there of what israel has called senior figures from both hezbollah and hamas,israel
9403,israeli strike kills a hamas operative in lebanon it was the latest in a string of targeted killings there of what israel has called senior figures from both hezbollah and hamas,lebanon
9403,israeli strike kills a hamas operative in lebanon it was the latest in a string of targeted killings there of what israel has called senior figures from both hezbollah and hamas,palestine
9405,putin in pre election messaging is less strident on nuclear war the russian leader struck a softer tone about nuclear weapons in an interview with state television but he warned that russia was ready to strike if its sovereignty and independence were threatened,russia
9409,pro israel lobby faces challenges amid gaza war and shifting politics aipac long influential with both parties in washington is drawing criticism from democrats for trying to defeat incumbents while it struggles to move aid for israel through congress,israel
9409,pro israel lobby faces challenges amid gaza war and shifting politics aipac long influential with both parties in washington is drawing criticism from democrats for trying to defeat incumbents while it struggles to move aid for israel through congress,palestine
9431,new u s arms for ukraine will help for a little while the 300 million package will help hold off the russians for a few weeks analysts say but without far more ukraine may go on losing ground,ukraine
9431,new u s arms for ukraine will help for a little while the 300 million package will help hold off the russians for a few weeks analysts say but without far more ukraine may go on losing ground,russia
9449,artists and speakers withdraw from sxsw over u s military s support of israel about 80 musical acts conference speakers and sponsors have pulled out of the festival in austin to protest sponsorship by the u s military which has lent support to israel in the war in gaza,israel
9449,artists and speakers withdraw from sxsw over u s military s support of israel about 80 musical acts conference speakers and sponsors have pulled out of the festival in austin to protest sponsorship by the u s military which has lent support to israel in the war in gaza,palestine
9450,israel s justice ministry opens inquiry into police killing of youth in east jerusalem the israeli police said they fired in response to a firework shot directly at them the palestinian news agency said the boy was 13 while the jerusalem hospital where he was pronounced dead said he was 12,israel
9450,israel s justice ministry opens inquiry into police killing of youth in east jerusalem the israeli police said they fired in response to a firework shot directly at them the palestinian news agency said the boy was 13 while the jerusalem hospital where he was pronounced dead said he was 12,palestine
9451,israel allows aid directly into north gaza raising hopes for more the world food program delivery containing food for 25 000 people was the first since oct 7 to go directly from israel into the northern gaza strip where many people are at risk of starvation,israel
9451,israel allows aid directly into north gaza raising hopes for more the world food program delivery containing food for 25 000 people was the first since oct 7 to go directly from israel into the northern gaza strip where many people are at risk of starvation,palestine
9456,thursday briefing u s targets tiktok also aid to northern gaza and whimsical wooden automatons,palestine
9467,philippe de gaulle admiral and son of charles de gaulle dies at 102 his exploits in world war ii and later in algeria and indochina were not enough for him to emerge from the shadow of his father for whom a thousand streets in france are named,algeria
9467,philippe de gaulle admiral and son of charles de gaulle dies at 102 his exploits in world war ii and later in algeria and indochina were not enough for him to emerge from the shadow of his father for whom a thousand streets in france are named,china
9467,philippe de gaulle admiral and son of charles de gaulle dies at 102 his exploits in world war ii and later in algeria and indochina were not enough for him to emerge from the shadow of his father for whom a thousand streets in france are named,france
9490,why everything changed in haiti the gangs united the situation totally changed now because the gangs are now working together a haitian consultant said their unity forced the prime minister to resign,haiti
9521,words over deeds why biden isn t pressuring israel president biden has had a lifelong love affair with israel but without a change in gaza policy that love might undermine his election chances,israel
9521,words over deeds why biden isn t pressuring israel president biden has had a lifelong love affair with israel but without a change in gaza policy that love might undermine his election chances,palestine
9533,everything is difficult the struggle for life s basics in rafah most of gaza s population fled to the southern territory of rafah hoping to escape the war as they hunt for food and shelter a potential israeli invasion has added to their fears,palestine
9533,everything is difficult the struggle for life s basics in rafah most of gaza s population fled to the southern territory of rafah hoping to escape the war as they hunt for food and shelter a potential israeli invasion has added to their fears,israel
9547,america pulls back from ukraine what the war may look like if ukraine does not receive more u s support,ukraine
9564,questions persist as israel signals support for more aid for gaza aid organizations and u n officials say the new efforts by land air and sea are too small and inefficient to meet the enormous needs of gazan civilians,israel
9564,questions persist as israel signals support for more aid for gaza aid organizations and u n officials say the new efforts by land air and sea are too small and inefficient to meet the enormous needs of gazan civilians,palestine
9567,road sea and air how is aid entering gaza the amount of aid reaching gaza has fallen sharply since israel went to war with hamas leading to what humanitarian agencies say is a disaster for more than two million people,palestine
9567,road sea and air how is aid entering gaza the amount of aid reaching gaza has fallen sharply since israel went to war with hamas leading to what humanitarian agencies say is a disaster for more than two million people,israel
9567,road sea and air how is aid entering gaza the amount of aid reaching gaza has fallen sharply since israel went to war with hamas leading to what humanitarian agencies say is a disaster for more than two million people,lebanon
9569,schumer urges new leadership in israel calling netanyahu an obstacle to peace the top senate democrat the highest ranking jewish elected official in the united states spoke from the senate floor to condemn prime minister benjamin netanyahu and call for elections to replace him,israel
9586,giandomenico picco diplomat who freed hostages in lebanon dies at 75 as the chief troubleshooter for the united nations he spent months shuttling around the middle east to secure the release of 11 captives,lebanon
9602,orban endangers hungary s status as an ally u s diplomat says the u s ambassador to budapest raised the temperature in a long running standoff citing prime minister viktor orban s pro russia anti u s stance and opposition to supporting ukraine,hungary
9602,orban endangers hungary s status as an ally u s diplomat says the u s ambassador to budapest raised the temperature in a long running standoff citing prime minister viktor orban s pro russia anti u s stance and opposition to supporting ukraine,russia
9602,orban endangers hungary s status as an ally u s diplomat says the u s ambassador to budapest raised the temperature in a long running standoff citing prime minister viktor orban s pro russia anti u s stance and opposition to supporting ukraine,ukraine
9607,netanyahu allies reject schumer s criticism of israeli leader in response to senator chuck schumer s call for new leadership in israel prime minister benjamin netanyahu s right wing party countered that israel was a democracy not a banana republic,israel
9610,ukraine stalled on the battlefield targets russia s oil industry ukrainian drone strikes have been able to hit refineries deep in russian territory indicating a new vulnerability but it is unclear if that will affect the fighting,ukraine
9610,ukraine stalled on the battlefield targets russia s oil industry ukrainian drone strikes have been able to hit refineries deep in russian territory indicating a new vulnerability but it is unclear if that will affect the fighting,russia
9622,friday briefing putin s re election also a top u s senator calls for israeli elections,russia
9622,friday briefing putin s re election also a top u s senator calls for israeli elections,israel
9641,as irish leader visits u s shamrock camaraderie is strained by gaza war prime minister leo varadkar of ireland has been one of the most outspoken critics of israel s war and has promised to raise the issue during a white house meeting meant to mark st patrick s day,palestine
9641,as irish leader visits u s shamrock camaraderie is strained by gaza war prime minister leo varadkar of ireland has been one of the most outspoken critics of israel s war and has promised to raise the issue during a white house meeting meant to mark st patrick s day,ireland
9641,as irish leader visits u s shamrock camaraderie is strained by gaza war prime minister leo varadkar of ireland has been one of the most outspoken critics of israel s war and has promised to raise the issue during a white house meeting meant to mark st patrick s day,israel
9663,new palestinian prime minister offers little hope for change muhammad mustafa has long been an adviser to president mahmoud abbas critics are skeptical he can produce the revitalized palestinian authority that washington wants,palestine
9677,mcdonald s apologizes for global technology outage that hit japan australia and elsewhere customers had problems ordering at restaurants in several countries on friday restaurants in japan closed while some in australia reportedly reverted to using pen and paper,japan
9677,mcdonald s apologizes for global technology outage that hit japan australia and elsewhere customers had problems ordering at restaurants in several countries on friday restaurants in japan closed while some in australia reportedly reverted to using pen and paper,australia
9678,amid israeli restrictions first friday of ramadan sees little unrest at al aqsa mosque a heavy israeli police contingent checked worshipers outside the holy site after hamas called for an escalation from palestinians in response to the war in gaza,israel
9678,amid israeli restrictions first friday of ramadan sees little unrest at al aqsa mosque a heavy israeli police contingent checked worshipers outside the holy site after hamas called for an escalation from palestinians in response to the war in gaza,palestine
9678,amid israeli restrictions first friday of ramadan sees little unrest at al aqsa mosque a heavy israeli police contingent checked worshipers outside the holy site after hamas called for an escalation from palestinians in response to the war in gaza,lebanon
9692,wear it or we will beat you to death russia s invasion of ukraine has seen horrifying persecution of l g b t q people the world should recognize it as a crime against humanity,russia
9692,wear it or we will beat you to death russia s invasion of ukraine has seen horrifying persecution of l g b t q people the world should recognize it as a crime against humanity,ukraine
9698,an american who has helped clear 815 000 bombs from vietnam chuck searcy has spent decades of his life redressing a deadly legacy of america s war in vietnam unexploded ordnance,vietnam
9705,as putin pitches his vision voters avert their gaze from the war vladimir v putin casting himself as the only leader able to end the war in ukraine is all but assured another term in a rubber stamp election this weekend,russia
9705,as putin pitches his vision voters avert their gaze from the war vladimir v putin casting himself as the only leader able to end the war in ukraine is all but assured another term in a rubber stamp election this weekend,ukraine
9714,why is congress investigating a union for being anti israel republicans issue a subpoena over a resolution condemning the gaza war,israel
9714,why is congress investigating a union for being anti israel republicans issue a subpoena over a resolution condemning the gaza war,palestine
9731,schumer s critique of netanyahu reveals a growing gap analysts say many israelis support the senate majority leader s call for early elections but even netanyahu s rivals were reluctant to seize on the criticism while the country is focused on the war in gaza,israel
9731,schumer s critique of netanyahu reveals a growing gap analysts say many israelis support the senate majority leader s call for early elections but even netanyahu s rivals were reluctant to seize on the criticism while the country is focused on the war in gaza,palestine
9740,macron and scholz meet looking to patch up differences on ukraine the leaders of france and germany tried to heal an increasingly public rift over their approach to the war holding talks alongside poland s prime minister on support for kyiv,ukraine
9740,macron and scholz meet looking to patch up differences on ukraine the leaders of france and germany tried to heal an increasingly public rift over their approach to the war holding talks alongside poland s prime minister on support for kyiv,france
9740,macron and scholz meet looking to patch up differences on ukraine the leaders of france and germany tried to heal an increasingly public rift over their approach to the war holding talks alongside poland s prime minister on support for kyiv,germany
9740,macron and scholz meet looking to patch up differences on ukraine the leaders of france and germany tried to heal an increasingly public rift over their approach to the war holding talks alongside poland s prime minister on support for kyiv,poland
9749,russian missile strikes kill at least 20 in odesa ukraine says two missiles hit the same spot ukrainian authorities said killing some rescuers who had responded to the first attack,russia
9749,russian missile strikes kill at least 20 in odesa ukraine says two missiles hit the same spot ukrainian authorities said killing some rescuers who had responded to the first attack,ukraine
9750,first ship carrying food aid arrives in gaza the ship the open arms carried some 200 metric tons of rice flour and other food from cyprus it is seen as a pilot effort for a new maritime aid corridor,palestine
9750,first ship carrying food aid arrives in gaza the ship the open arms carried some 200 metric tons of rice flour and other food from cyprus it is seen as a pilot effort for a new maritime aid corridor,cyprus
9757,netanyahu calls hamas s demands ludicrous and proceeds with plans for a ground invasion in rafah the israeli prime minister rejected the latest cease fire deal proposed by hamas but signaled he was open to more talks,israel
9757,netanyahu calls hamas s demands ludicrous and proceeds with plans for a ground invasion in rafah the israeli prime minister rejected the latest cease fire deal proposed by hamas but signaled he was open to more talks,lebanon
9757,netanyahu calls hamas s demands ludicrous and proceeds with plans for a ground invasion in rafah the israeli prime minister rejected the latest cease fire deal proposed by hamas but signaled he was open to more talks,palestine
9758,u s and allies warn iran not to send missiles to russia the group of 7 major industrial powers threatened significant measures against tehran if it aids moscow s war against ukraine including a cutoff of iran air flights to europe,iran
9758,u s and allies warn iran not to send missiles to russia the group of 7 major industrial powers threatened significant measures against tehran if it aids moscow s war against ukraine including a cutoff of iran air flights to europe,russia
9758,u s and allies warn iran not to send missiles to russia the group of 7 major industrial powers threatened significant measures against tehran if it aids moscow s war against ukraine including a cutoff of iran air flights to europe,ukraine
9760,welcome to hell u n panel says russian war crimes are widespread in a report headed to the human rights council in geneva next week an investigative commission outlines the ongoing torture and starvation of ukrainian prisoners,russia
9765,schumer s strong condemnation of netanyahu responses to the senator s call for new elections in israel also the united arab emirates and israel a view from new york s city hall haley voters,israel
9765,schumer s strong condemnation of netanyahu responses to the senator s call for new elections in israel also the united arab emirates and israel a view from new york s city hall haley voters,united arab emirates
9768,biden embraces schumer s good speech castigating netanyahu while the president did not explicitly endorse senator chuck schumer s call for new elections in israel his general praise of the senator s speech will be seen as a rebuke of prime minister benjamin netanyahu,israel
9775,shabab gunmen penetrate heavy security to besiege hotel in somalia the attack in the capital which left three dead and 27 injured points to al shabab s ability to continue terrorizing the country despite a somali government offensive and american airstrikes,somalia
9775,shabab gunmen penetrate heavy security to besiege hotel in somalia the attack in the capital which left three dead and 27 injured points to al shabab s ability to continue terrorizing the country despite a somali government offensive and american airstrikes,mali
9783,hamas softens demand for permanent cease fire in truce talks officials say hamas s new proposal would allow the release of hostages in exchange for a phased pullback of israeli troops it could restart negotiations,lebanon
9783,hamas softens demand for permanent cease fire in truce talks officials say hamas s new proposal would allow the release of hostages in exchange for a phased pullback of israeli troops it could restart negotiations,palestine
9783,hamas softens demand for permanent cease fire in truce talks officials say hamas s new proposal would allow the release of hostages in exchange for a phased pullback of israeli troops it could restart negotiations,israel
9805,another gaza aid convoy ends in violence with at least 20 killed the gaza health ministry accused israel of a targeted attack israel s military denied the accusation blaming palestinian gunmen for the violence,palestine
9805,another gaza aid convoy ends in violence with at least 20 killed the gaza health ministry accused israel of a targeted attack israel s military denied the accusation blaming palestinian gunmen for the violence,israel
9817,a watershed moment for the politics of israel courtesy of chuck schumer republicans have long sought to make israel a partisan issue framing their party as the only one truly supportive of the jewish state the senate majority leader s blistering speech may have helped,israel
9818,iran and u s held secret talks on proxy attacks and cease fire diplomats gathered in oman in january with the u s side seeking to stop attacks on red sea shipping and american bases and iran looking for a gaza cease fire,iran
9818,iran and u s held secret talks on proxy attacks and cease fire diplomats gathered in oman in january with the u s side seeking to stop attacks on red sea shipping and american bases and iran looking for a gaza cease fire,oman
9818,iran and u s held secret talks on proxy attacks and cease fire diplomats gathered in oman in january with the u s side seeking to stop attacks on red sea shipping and american bases and iran looking for a gaza cease fire,palestine
9833,was he secretly working for china this is what he told us di sanh duong openly said that some people might mistake him for a chinese spy but he maintained that he never did anything to hurt australia,china
9833,was he secretly working for china this is what he told us di sanh duong openly said that some people might mistake him for a chinese spy but he maintained that he never did anything to hurt australia,australia
9842,no water in the hydrants communities left defenseless against chile s deadliest wildfire weeks after chile s deadliest wildfire some firefighters and residents said a lack of water to fire hydrants had hampered efforts to combat the inferno that destroyed thousands of homes and killed 134,chile
9869,in occupied ukraine casting a vote as armed soldiers watch russia is holding a presidential vote in the occupied regions of ukraine to try to legitimize its rule there expose dissenters and present a veneer of democracy,ukraine
9869,in occupied ukraine casting a vote as armed soldiers watch russia is holding a presidential vote in the occupied regions of ukraine to try to legitimize its rule there expose dissenters and present a veneer of democracy,russia
9870,a financial crisis may jeopardize local news in most of atlantic canada the main lender for saltwire which owns most of the region s legacy newspapers outside new brunswick has moved to dissolve the publisher,canada
9874,a solution on north korea is there if biden will only grasp it biden should act to prevent north korea from adding to the list of u s headaches,north korea
9878,president biden you have leverage that can save lives in gaza please use it while biden is using tougher language toward israel he isn t backing that up with consequences for being ignored,palestine
9878,president biden you have leverage that can save lives in gaza please use it while biden is using tougher language toward israel he isn t backing that up with consequences for being ignored,israel
9883,examining trump s alternate reality pitch the war in ukraine hamas s attack on israel inflation the former president has insisted that none would have occurred if he had remained in office after 2020,ukraine
9883,examining trump s alternate reality pitch the war in ukraine hamas s attack on israel inflation the former president has insisted that none would have occurred if he had remained in office after 2020,lebanon
9883,examining trump s alternate reality pitch the war in ukraine hamas s attack on israel inflation the former president has insisted that none would have occurred if he had remained in office after 2020,palestine
9883,examining trump s alternate reality pitch the war in ukraine hamas s attack on israel inflation the former president has insisted that none would have occurred if he had remained in office after 2020,israel
9894,rebellious russians stage daring attacks from ukraine on russian soil the surprise attacks timed to russia s election are meant to undermine the sense of stability in russia and divert the country s military resources from ukraine,russia
9894,rebellious russians stage daring attacks from ukraine on russian soil the surprise attacks timed to russia s election are meant to undermine the sense of stability in russia and divert the country s military resources from ukraine,ukraine
9898,first sea borne aid reaches gaza amid fears about security and malnutrition the 200 tons of food provided by a celebrity chef s charity arrived as unicef said rising numbers of children in gaza were facing food deprivation,palestine
9902,russians know putin will be re elected but many worry what comes next while there is little doubt about the vote s outcome there is concern that an emboldened president putin may use a win to start a new war mobilization,russia
9918,rescue worker says northern gaza is a catastrophe in every way as famine looms a rescue worker with the gaza government s palestinian civil defense gives a first hand account of life on the ground amid israel s bombing of northern gaza,palestine
9918,rescue worker says northern gaza is a catastrophe in every way as famine looms a rescue worker with the gaza government s palestinian civil defense gives a first hand account of life on the ground amid israel s bombing of northern gaza,israel
9925,haiti s hospitals survived cholera and covid gangs are closing them many hospitals in haiti s capital have been looted by gangs or abandoned by their staffs amid the violence some are open but too dangerous for people in need of care to reach,haiti
9940,ukrainian drones target russia on final day of voting russian officials say an oil refinery was set on fire in southern russia and air defense forces shot down two drones flying toward moscow officials said as ukraine continued a flurry of attacks timed for the election,russia
9940,ukrainian drones target russia on final day of voting russian officials say an oil refinery was set on fire in southern russia and air defense forces shot down two drones flying toward moscow officials said as ukraine continued a flurry of attacks timed for the election,ukraine
9944,chef helping send aid ships to gaza calls for a cease fire the chef jose andres also said that he hoped his group world central kitchen would be eventually able to transport huge quantities of food daily into the shores of gaza,palestine
9950,niger orders american troops to leave its territory the west african country s military junta said the presence of u s forces was illegal increasingly west africans are questioning the motives of western countries operating in africa,niger
9951,monday briefing putin extends his rule also new avenues to get aid into gaza are not yet relieving hunger,russia
9951,monday briefing putin extends his rule also new avenues to get aid into gaza are not yet relieving hunger,palestine
9956,putin breaks silence on navalny s death calling it an unfortunate incident the russian leader claimed he had been ready to release navalny in a prisoner swap when the opposition leader died last month at an arctic penal colony,russia
9958,we re not a banana republic netanyahu says rejecting criticism from u s the israeli leader lashed back at a call from a prominent democratic senator for elections in israel,israel
9959,biden and irish leader use st patrick s day visit to address gaza prime minister leo varadkar at the white house referred to his own country s struggles when saying that the irish people have such empathy for the palestinian people,palestine
9960,with new six year term putin cements hold on russian leadership a rubber stamp presidential election with no real competition allows vladimir putin to claim strong public support for his domestic dominance and the invasion of ukraine,russia
9960,with new six year term putin cements hold on russian leadership a rubber stamp presidential election with no real competition allows vladimir putin to claim strong public support for his domestic dominance and the invasion of ukraine,ukraine
9962,five takeaways from putin s orchestrated win in russia president vladimir v putin is expected to use the scale of his victory to justify more aggression in ukraine many russians are uneasy about what comes next,russia
9962,five takeaways from putin s orchestrated win in russia president vladimir v putin is expected to use the scale of his victory to justify more aggression in ukraine many russians are uneasy about what comes next,ukraine
9988,the unforgivable silence on sudan aid groups have declared sudan to be the site of the world s worst humanitarian crisis but the suffering sudanese people have received little attention or help,sudan
10003,gambia moves toward overturning landmark ban on female genital cutting lawmakers in the west african country voted to advance a bill repealing a 2015 ban if it passes the final round of voting gambia will become the first nation to roll back protections against the practice,gambia
10021,famine is imminent for northern gaza experts say a global authority on food security said that in the coming months as many as 1 1 million people in gaza could face the most severe levels of hunger,palestine
10023,pakistani airstrikes in afghanistan kill at least 8 taliban officials say the pre dawn strikes escalated tensions between two countries that have clashed over the recent rise in militant violence on pakistan s soil,pakistan
10023,pakistani airstrikes in afghanistan kill at least 8 taliban officials say the pre dawn strikes escalated tensions between two countries that have clashed over the recent rise in militant violence on pakistan s soil,afghanistan
10024,israeli negotiators head to qatar for cease fire talks officials say hamas and israel failed to reach an agreement ahead of ramadan last week hamas dropped one of its demands,israel
10024,israeli negotiators head to qatar for cease fire talks officials say hamas and israel failed to reach an agreement ahead of ramadan last week hamas dropped one of its demands,qatar
10024,israeli negotiators head to qatar for cease fire talks officials say hamas and israel failed to reach an agreement ahead of ramadan last week hamas dropped one of its demands,lebanon
10024,israeli negotiators head to qatar for cease fire talks officials say hamas and israel failed to reach an agreement ahead of ramadan last week hamas dropped one of its demands,palestine
10058,who was marwan issa the hamas commander killed by israel mr issa a presumed planner of the oct 7 attacks is one of the most senior hamas leaders killed in gaza since the start of the war,lebanon
10058,who was marwan issa the hamas commander killed by israel mr issa a presumed planner of the oct 7 attacks is one of the most senior hamas leaders killed in gaza since the start of the war,palestine
10058,who was marwan issa the hamas commander killed by israel mr issa a presumed planner of the oct 7 attacks is one of the most senior hamas leaders killed in gaza since the start of the war,israel
10060,putin hails conquests in ukraine in red square spectacle a day after a rubber stamp presidential election president vladimir putin said he would not back down in russia s war against ukraine,russia
10060,putin hails conquests in ukraine in red square spectacle a day after a rubber stamp presidential election president vladimir putin said he would not back down in russia s war against ukraine,ukraine
10062,tuesday briefing putin s victory spectacle also gambia moves to overturn a ban on female genital cutting,russia
10062,tuesday briefing putin s victory spectacle also gambia moves to overturn a ban on female genital cutting,gambia
10066,netanyahu to send israeli team to washington to discuss rafah plans the biden administration has expressed concern about israel s planned ground invasion in the city where nearly half of gaza s population has sheltered,israel
10066,netanyahu to send israeli team to washington to discuss rafah plans the biden administration has expressed concern about israel s planned ground invasion in the city where nearly half of gaza s population has sheltered,palestine
10078,food experts predict imminent famine in northern gaza the warning came amid an israeli raid on al shifa hospital prime minister benjamin netanyahu also agreed to send military and humanitarian officials to washington to hear the biden administration s concerns,palestine
10078,food experts predict imminent famine in northern gaza the warning came amid an israeli raid on al shifa hospital prime minister benjamin netanyahu also agreed to send military and humanitarian officials to washington to hear the biden administration s concerns,israel
10080,serbian leader says kushner deal is not an effort to influence trump after news reports that jared kushner plans to redevelop a site in belgrade bombed by nato in 1999 serbian politicians clashed over whether the deal was appropriate,serbia
10092,canada lawmakers back motion meant to help bring peace to gaza the house of commons vote endorsing a package of conflict ending measures came after language calling on canada to immediately recognize a state of palestine was removed,canada
10092,canada lawmakers back motion meant to help bring peace to gaza the house of commons vote endorsing a package of conflict ending measures came after language calling on canada to immediately recognize a state of palestine was removed,palestine
10096,what schumer and biden got right about netanyahu america s mideast strategy depends on israel partnering with non hamas palestinians netanyahu is making that impossible,israel
10096,what schumer and biden got right about netanyahu america s mideast strategy depends on israel partnering with non hamas palestinians netanyahu is making that impossible,lebanon
10096,what schumer and biden got right about netanyahu america s mideast strategy depends on israel partnering with non hamas palestinians netanyahu is making that impossible,palestine
10116,how anti immigrant anger has divided a small irish town a continuing protest in the town of roscrea symbolizes a surge in hostility toward migrants in ireland that is fueled by a housing crisis and far right influencers,ireland
10132,senegal election 2024 what you need to know senegal was seen as an outpost of democracy in a coup plagued region until its president tried to cancel the election last month he failed and it s going ahead next sunday,senegal
10153,blinken warns china against armed attack on philippines the secretary of state struck a balance seemingly meant to deter china while avoiding a dangerous escalation with beijing,china
10153,blinken warns china against armed attack on philippines the secretary of state struck a balance seemingly meant to deter china while avoiding a dangerous escalation with beijing,philippines
10154,gambia and the campaign against cutting female genital mutilation is still widespread despite international efforts to end it,gambia
10158,israel s spy chief returns home as cease fire talks continue in qatar warnings of imminent famine in gaza have added urgency to efforts to broker a cease fire between israel and hamas,israel
10158,israel s spy chief returns home as cease fire talks continue in qatar warnings of imminent famine in gaza have added urgency to efforts to broker a cease fire between israel and hamas,qatar
10158,israel s spy chief returns home as cease fire talks continue in qatar warnings of imminent famine in gaza have added urgency to efforts to broker a cease fire between israel and hamas,palestine
10158,israel s spy chief returns home as cease fire talks continue in qatar warnings of imminent famine in gaza have added urgency to efforts to broker a cease fire between israel and hamas,lebanon
10159,israel faces tough balancing act on russia and the west prime minister benjamin netanyahu treads lightly with president vladimir putin russia is not responding in kind with public criticism increasing,israel
10159,israel faces tough balancing act on russia and the west prime minister benjamin netanyahu treads lightly with president vladimir putin russia is not responding in kind with public criticism increasing,russia
10169,israel s military says its forces are still at al shifa hospital israeli officials said the raid which began monday was an operation targeting senior hamas officials who had regrouped there,israel
10169,israel s military says its forces are still at al shifa hospital israeli officials said the raid which began monday was an operation targeting senior hamas officials who had regrouped there,lebanon
10169,israel s military says its forces are still at al shifa hospital israeli officials said the raid which began monday was an operation targeting senior hamas officials who had regrouped there,palestine
10175,u s vows to continue support for ukraine despite funding doubts the american defense secretary told a meeting of kyiv s backers that the fight against russia remains one of the great causes of our time,ukraine
10175,u s vows to continue support for ukraine despite funding doubts the american defense secretary told a meeting of kyiv s backers that the fight against russia remains one of the great causes of our time,russia
10182,u n says israel may be restricting gaza aid as a war tactic international alarm has been growing over the hunger crisis in gaza with food experts predicting an imminent famine in the north of the enclave,israel
10182,u n says israel may be restricting gaza aid as a war tactic international alarm has been growing over the hunger crisis in gaza with food experts predicting an imminent famine in the north of the enclave,palestine
10209,how gaza civilians have fared after israel has asked them to flee displacement has contributed to a hunger crisis and other severe challenges for gazans here is a look at what happened on a few occasions when israel has told them to evacuate,palestine
10209,how gaza civilians have fared after israel has asked them to flee displacement has contributed to a hunger crisis and other severe challenges for gazans here is a look at what happened on a few occasions when israel has told them to evacuate,israel
10268,democratic donors warn biden over israel gaza policy more than 100 donors and activists including a handful who have given six figure sums to president biden signed a letter arguing that progressive anger could help donald trump,israel
10268,democratic donors warn biden over israel gaza policy more than 100 donors and activists including a handful who have given six figure sums to president biden signed a letter arguing that progressive anger could help donald trump,palestine
10273,no alternative for rafah invasion netanyahu says as rift with u s grows a day after agreeing to president biden s request to send officials to washington to discuss rafah the israeli leader said there was no other option but to send forces into the crowded city,israel
10281,an arab mandate for palestine there s only one good way the war in gaza ends,palestine
10305,we need to go hard why britain s lords are clashing with sunak the government s contentious rwanda policy which has been championed by the prime minister has prompted a rebellion in britain s unelected second chamber,rwanda
10355,symbolism or strategy ukraine battles to retain small gains despite american doubts ukrainians say that defending places with little strategic value is worth the cost in casualties and weapons because the attacking russians pay an even higher price,ukraine
10355,symbolism or strategy ukraine battles to retain small gains despite american doubts ukrainians say that defending places with little strategic value is worth the cost in casualties and weapons because the attacking russians pay an even higher price,russia
10371,vietnam s president resigns over communist party breaches state media says the nature of president vo van thuong s wrongdoing was unclear but his departure could be a sign of an internal power struggle among vietnam s leaders,vietnam
10384,top u s diplomat starts mideast trip in saudi arabia efforts to secure a cease fire in gaza are the backdrop but the biden administration also hopes to persuade saudi arabia to establish normal relations with israel,saudi arabia
10384,top u s diplomat starts mideast trip in saudi arabia efforts to secure a cease fire in gaza are the backdrop but the biden administration also hopes to persuade saudi arabia to establish normal relations with israel,palestine
10384,top u s diplomat starts mideast trip in saudi arabia efforts to secure a cease fire in gaza are the backdrop but the biden administration also hopes to persuade saudi arabia to establish normal relations with israel,israel
10385,blinken adds a stop in israel to his mideast trip antony blinken the top u s diplomat is making his sixth trip to the mideast since oct 7 the state department said he would discuss freeing the hostages and increasing aid to gaza,israel
10385,blinken adds a stop in israel to his mideast trip antony blinken the top u s diplomat is making his sixth trip to the mideast since oct 7 the state department said he would discuss freeing the hostages and increasing aid to gaza,palestine
10405,congress seeks to bar funding for u n agency for palestinians a bill would bar support for the agency unrwa amid accusations that some employees were hamas fighters other countries are scrambling to make up the looming shortfall,palestine
10405,congress seeks to bar funding for u n agency for palestinians a bill would bar support for the agency unrwa amid accusations that some employees were hamas fighters other countries are scrambling to make up the looming shortfall,lebanon
10421,e u finds a way to make russia pay for weapons for ukraine using interest earned on frozen russian assets held in europe the bloc plans to raise billions but other ways to pay for new weapons remain elusive,russia
10421,e u finds a way to make russia pay for weapons for ukraine using interest earned on frozen russian assets held in europe the bloc plans to raise billions but other ways to pay for new weapons remain elusive,ukraine
10445,netanyahu assails schumer dramatizing partisan split over israel the prime minister addressed senate republicans remotely after senator chuck schumer called him out in an explosive speech urging a new election in israel,israel
10455,national security adviser makes covert trip to kyiv jake sullivan met with president volodymyr zelensky of ukraine and his senior officials as additional u s aid continued to languish in the house,ukraine
10457,the war in gaza has left a power vacuum and scant planning to fill it analysts say the israeli military s return to the largest hospital complex in the enclave may foretell more chaos without governance,palestine
10457,the war in gaza has left a power vacuum and scant planning to fill it analysts say the israeli military s return to the largest hospital complex in the enclave may foretell more chaos without governance,israel
10471,russia targets kyiv with biggest missile attack in weeks ukraine said it had intercepted all 31 missiles fired at the capital but debris injured at least 13 people and damaged several buildings,russia
10471,russia targets kyiv with biggest missile attack in weeks ukraine said it had intercepted all 31 missiles fired at the capital but debris injured at least 13 people and damaged several buildings,ukraine
10472,thursday briefing the e u s plan to make russia pay to arm ukraine,russia
10472,thursday briefing the e u s plan to make russia pay to arm ukraine,ukraine
10473,my country is witnessing a messy buffoonish end of rule in senegal the worst could be still to come,senegal
10477,one of last survivors of pearl harbor attack dies at 102 richard c higgins was stationed at the hawaiian naval base as a radioman on the day of the japanese attack which pulled the u s into world war ii,japan
10487,blinken describes u s push at the u n for gaza cease fire in saudi arabia the secretary of state discussed a u s draft resolution at the u n security council calling for an immediate cease fire tied to the release of hostages in gaza,palestine
10487,blinken describes u s push at the u n for gaza cease fire in saudi arabia the secretary of state discussed a u s draft resolution at the u n security council calling for an immediate cease fire tied to the release of hostages in gaza,saudi arabia
10547,israel s raid on al shifa hospital grows into one of the longest of gaza war as israel s attack on the medical complex stretched into a fourth day the military said it had killed dozens of people it described as terrorists the account couldn t be verified,israel
10547,israel s raid on al shifa hospital grows into one of the longest of gaza war as israel s attack on the medical complex stretched into a fourth day the military said it had killed dozens of people it described as terrorists the account couldn t be verified,palestine
10580,suicide bombing in afghanistan targets taliban heartland the blast targeted a bank in kandahar where taliban members had gathered to collect their salaries witnesses said,afghanistan
10590,ireland s prime minister stepped down so what happens now leo varadkar the prime minister of the republic of ireland resigned unexpectedly prompting a political scramble here s what to know about what happens next,ireland
10611,2 year old separated from his parents flees haiti s violent capital the boy had been dropped off with relatives nearly three weeks ago and was airlifted back to his florida home he is part of a growing number of americans trying to flee haiti,haiti
10621,u s searching for a way to keep troops in niger a top pentagon official said the united states was seeking clarification after the ruling junta decided to revoke a military cooperation deal,niger
10625,u s draft resolution would call for immediate and sustained cease fire a resolution for the u n that american diplomats are circulating was notable for its strong language in seeking a cease fire in gaza and the release of hostages,palestine
10644,collecting the dead russia left behind civilians who gather dead russian soldiers face many of the war s perils along the front where death is ubiquitous,russia
10651,democracy teetering in african countries once ruled by france a wave of military coups and presidents clinging to power are two sides of the same anti democratic coin plaguing francophone africa experts say,france
10653,tiktok changed his life then india banned the app as washington debates a plan that could block tiktok a content creator ulhas kamathe explains how he lost everything when it happened in india here s how he rebuilt his career,india
10654,strike madness hits germany while its economy stumbles a wave of strikes by german workers feeling the sting of inflation and stagnant growth is the latest sign of the bleak outlook for europe s economic powerhouse,germany
10667,blinken meets with netanyahu as u s israel tensions rise prime minister benjamin netanyahu repeated that israel was determined to send troops into the crowded southern gaza city of rafah despite u s urgings not to,israel
10667,blinken meets with netanyahu as u s israel tensions rise prime minister benjamin netanyahu repeated that israel was determined to send troops into the crowded southern gaza city of rafah despite u s urgings not to,palestine
10701,jailed in putin s russia for speaking the truth two americans are among the 22 journalists behind bars in russia,russia
10728,russian attack leaves over a million in ukraine without electricity power plants and a major hydroelectric dam were damaged in what ukrainian officials said was one of the war s largest assaults on energy infrastructure,russia
10728,russian attack leaves over a million in ukraine without electricity power plants and a major hydroelectric dam were damaged in what ukrainian officials said was one of the war s largest assaults on energy infrastructure,ukraine
10755,how biden could try to coerce israel to change its war strategy president biden has tried persuading prime minister benjamin netanyahu behind the scenes but critics say it is time for a different approach,israel
10771,gunmen kill 60 at concert hall outside moscow russian authorities say the islamic state claimed the attack the deadliest in the moscow region in more than a decade,russia
10783,here s the latest on the attack in russia several gunmen opened fire at a popular concert venue on the outskirts of moscow on friday killing at least 40 people and wounding more than 100 russia s top security agency said according to state news agencies,russia
10785,u s call for gaza cease fire runs into russia china veto at u n the american draft resolution before the security council did not go far enough to end the israel hamas war russia and china said after the united states had vetoed three earlier resolutions,palestine
10785,u s call for gaza cease fire runs into russia china veto at u n the american draft resolution before the security council did not go far enough to end the israel hamas war russia and china said after the united states had vetoed three earlier resolutions,russia
10785,u s call for gaza cease fire runs into russia china veto at u n the american draft resolution before the security council did not go far enough to end the israel hamas war russia and china said after the united states had vetoed three earlier resolutions,china
10785,u s call for gaza cease fire runs into russia china veto at u n the american draft resolution before the security council did not go far enough to end the israel hamas war russia and china said after the united states had vetoed three earlier resolutions,israel
10785,u s call for gaza cease fire runs into russia china veto at u n the american draft resolution before the security council did not go far enough to end the israel hamas war russia and china said after the united states had vetoed three earlier resolutions,lebanon
10789,u s warned about possible moscow attack before concert hall shooting pro moscow forces had dismissed the alert as an attempt to scare russians,russia
10794,the deadly moscow concert hall attack in photos images show the scene of what could be the deadliest attack in russia in decades multiple gunmen killed at least 133 people in an assault in the capital s outskirts,russia
10800,u s says isis was responsible for deadly moscow concert hall attack after a period of relative quiet the islamic state has been trying to increase its external attacks according to u s counterterrorism officials,iraq
10800,u s says isis was responsible for deadly moscow concert hall attack after a period of relative quiet the islamic state has been trying to increase its external attacks according to u s counterterrorism officials,syria
10800,u s says isis was responsible for deadly moscow concert hall attack after a period of relative quiet the islamic state has been trying to increase its external attacks according to u s counterterrorism officials,russia
10808,what we know about isis k the group that has been linked to the moscow attack the islamic state affiliate has been a major threat to the taliban s ability to govern afghanistan,iraq
10808,what we know about isis k the group that has been linked to the moscow attack the islamic state affiliate has been a major threat to the taliban s ability to govern afghanistan,syria
10808,what we know about isis k the group that has been linked to the moscow attack the islamic state affiliate has been a major threat to the taliban s ability to govern afghanistan,russia
10808,what we know about isis k the group that has been linked to the moscow attack the islamic state affiliate has been a major threat to the taliban s ability to govern afghanistan,afghanistan
10815,here are the latest developments the russian authorities said saturday that they had arrested the four people who carried out a mass killing and arson at a suburban moscow concert venue which left at least 133 people dead in one of the worst terrorist attacks to jolt russia in decades,russia
10844,russia has suffered other major attacks in recent decades the concert hall massacre near moscow raised russian memories of other attacks most related to the wars against chechen separatists in the 1990s and 2000s that helped enable the rise of vladimir v putin,russia
10847,ukraine says russia s speculation it was behind attack is meant to rally war support kyiv has accused russia of falsely suggesting it was to blame for the terrorist attack in moscow and of using the assault to escalate the fighting in ukraine,ukraine
10847,ukraine says russia s speculation it was behind attack is meant to rally war support kyiv has accused russia of falsely suggesting it was to blame for the terrorist attack in moscow and of using the assault to escalate the fighting in ukraine,russia
10856,here s what we know about the moscow concert hall attack the assault on a popular concert hall was the deadliest act of terrorism in the russian capital in more than a decade,russia
10862,in first remarks on attack putin tries to link assailants to ukraine american officials who have assessed that a branch of the islamic state was responsible have voiced concern that the russian leader could seek to falsely blame ukraine,russia
10862,in first remarks on attack putin tries to link assailants to ukraine american officials who have assessed that a branch of the islamic state was responsible have voiced concern that the russian leader could seek to falsely blame ukraine,ukraine
10863,u n chief calls conditions in gaza a moral outrage in a visit to the rafah border crossing secretary general antonio guterres called for an immediate cease fire and expressed solidarity with palestinians in the territory,palestine
10872,isis branch blamed in moscow attack has hit at taliban s russia links islamic state khorasan or isis k previously attacked russia s embassy in kabul and has produced floods of anti kremlin propaganda,iraq
10872,isis branch blamed in moscow attack has hit at taliban s russia links islamic state khorasan or isis k previously attacked russia s embassy in kabul and has produced floods of anti kremlin propaganda,syria
10872,isis branch blamed in moscow attack has hit at taliban s russia links islamic state khorasan or isis k previously attacked russia s embassy in kabul and has produced floods of anti kremlin propaganda,russia
10872,isis branch blamed in moscow attack has hit at taliban s russia links islamic state khorasan or isis k previously attacked russia s embassy in kabul and has produced floods of anti kremlin propaganda,afghanistan
10872,isis branch blamed in moscow attack has hit at taliban s russia links islamic state khorasan or isis k previously attacked russia s embassy in kabul and has produced floods of anti kremlin propaganda,iran
10879,deadly moscow attack shatters putin s security promise to russians the tragedy outside moscow is a blow to a leader riding an aura of confidence only days after a stage managed election victory,russia
10883,maps and diagrams of the moscow concert hall attack the mass shooting and arson at a suburban moscow concert venue which killed more than 130 were attributed by u s officials to members of a branch of the islamic state,russia
10892,russia arrests 4 suspects in moscow attack as death toll climbs to 133 as the islamic state claimed responsibility president vladimir v putin vowed to identify and punish those responsible and tried to implicate ukraine,russia
10892,russia arrests 4 suspects in moscow attack as death toll climbs to 133 as the islamic state claimed responsibility president vladimir v putin vowed to identify and punish those responsible and tried to implicate ukraine,ukraine
10893,slovakia presidential election 2024 what you need to know ivan korcok a veteran diplomat hostile to the kremlin and peter pellegrini a russia friendly politician allied with slovakia s populist prime minister will face each other in a runoff,slovakia
10893,slovakia presidential election 2024 what you need to know ivan korcok a veteran diplomat hostile to the kremlin and peter pellegrini a russia friendly politician allied with slovakia s populist prime minister will face each other in a runoff,russia
10894,41 days in a bunker how a battle raged on ukraine s bloody front line a struggle for a position held by ukrainian forces in the eastern city of avdiivka underlines how the conflict is increasingly being fought in close quarter combat,ukraine
10897,isis k group tied to moscow attack has grown bolder and more violent the militant group violently opposes the taliban leaders of afghanistan where it is based it is increasingly targeting foreign foes,iraq
10897,isis k group tied to moscow attack has grown bolder and more violent the militant group violently opposes the taliban leaders of afghanistan where it is based it is increasingly targeting foreign foes,syria
10897,isis k group tied to moscow attack has grown bolder and more violent the militant group violently opposes the taliban leaders of afghanistan where it is based it is increasingly targeting foreign foes,russia
10897,isis k group tied to moscow attack has grown bolder and more violent the militant group violently opposes the taliban leaders of afghanistan where it is based it is increasingly targeting foreign foes,afghanistan
10899,china s dispute with taiwan is playing out near this frontline island a fatal episode off kinmen a taiwanese controlled island has become the latest occasion for beijing to warn and test taiwan s president elect,china
10899,china s dispute with taiwan is playing out near this frontline island a fatal episode off kinmen a taiwanese controlled island has become the latest occasion for beijing to warn and test taiwan s president elect,taiwan
10905,the man who helped redefine campus antisemitism in government and as an outsider kenneth marcus has tried to douse what he says is rising bias against jews some see a crackdown on pro palestinian speech,palestine
10922,in hezbollah s sights a stretch of northern israel becomes a no go zone for the few israelis remaining in the evacuated zone along the northern border with lebanon the simmering conflict there has become intensely personal,lebanon
10922,in hezbollah s sights a stretch of northern israel becomes a no go zone for the few israelis remaining in the evacuated zone along the northern border with lebanon the simmering conflict there has become intensely personal,israel
10929,what would you have israel do to defend itself if the current israeli military approach is inhumane is there an alternative,israel
10931,russia s battle with extremists has simmered for years the islamic state has long threatened to strike russia for helping the syrian president bashar al assad stay in control,russia
10931,russia s battle with extremists has simmered for years the islamic state has long threatened to strike russia for helping the syrian president bashar al assad stay in control,syria
10936,dozens of children abducted in nigeria have been released officials say the military of the west african nation which is plagued by kidnappings largely driven by demands for ransom payments said 137 children had been freed in the country s north,niger
10939,witnesses describe fear and deprivation at besieged hospital in gaza several patients have died as a result of the israeli military assault the gazan authorities say israel says the operation is targeting hamas leaders,palestine
10939,witnesses describe fear and deprivation at besieged hospital in gaza several patients have died as a result of the israeli military assault the gazan authorities say israel says the operation is targeting hamas leaders,israel
10939,witnesses describe fear and deprivation at besieged hospital in gaza several patients have died as a result of the israeli military assault the gazan authorities say israel says the operation is targeting hamas leaders,lebanon
10952,screams and blank stares of shock horror at a russian concert the violent attack on moscow s outskirts on friday was a scene of chaos and terror you re just running to figure out where else to run one attendee said,russia
10961,in russia fingers point anywhere but at isis for concert hall attack russian state media pushed the idea that ukraine was the obvious culprit but at least three of the four suspects charged on sunday are from the central asian nation of tajikistan,russia
10961,in russia fingers point anywhere but at isis for concert hall attack russian state media pushed the idea that ukraine was the obvious culprit but at least three of the four suspects charged on sunday are from the central asian nation of tajikistan,iraq
10961,in russia fingers point anywhere but at isis for concert hall attack russian state media pushed the idea that ukraine was the obvious culprit but at least three of the four suspects charged on sunday are from the central asian nation of tajikistan,syria
10961,in russia fingers point anywhere but at isis for concert hall attack russian state media pushed the idea that ukraine was the obvious culprit but at least three of the four suspects charged on sunday are from the central asian nation of tajikistan,ukraine
10961,in russia fingers point anywhere but at isis for concert hall attack russian state media pushed the idea that ukraine was the obvious culprit but at least three of the four suspects charged on sunday are from the central asian nation of tajikistan,tajikistan
10962,4 men showing signs of beating charged with terrorism after moscow attack the four accused of carrying out an assault at a concert hall near moscow are migrant laborers from tajikistan they face a maximum sentence of life in prison,russia
10962,4 men showing signs of beating charged with terrorism after moscow attack the four accused of carrying out an assault at a concert hall near moscow are migrant laborers from tajikistan they face a maximum sentence of life in prison,tajikistan
10966,isis affiliate linked to moscow attack has global ambitions the islamic state in khorasan is active in afghanistan pakistan and iran and has set its sights on europe and beyond,iraq
10966,isis affiliate linked to moscow attack has global ambitions the islamic state in khorasan is active in afghanistan pakistan and iran and has set its sights on europe and beyond,syria
10966,isis affiliate linked to moscow attack has global ambitions the islamic state in khorasan is active in afghanistan pakistan and iran and has set its sights on europe and beyond,russia
10966,isis affiliate linked to moscow attack has global ambitions the islamic state in khorasan is active in afghanistan pakistan and iran and has set its sights on europe and beyond,afghanistan
10966,isis affiliate linked to moscow attack has global ambitions the islamic state in khorasan is active in afghanistan pakistan and iran and has set its sights on europe and beyond,iran
10966,isis affiliate linked to moscow attack has global ambitions the islamic state in khorasan is active in afghanistan pakistan and iran and has set its sights on europe and beyond,pakistan
10981,a house is not a home israel has been destroying palestinian houses for decades palestinians carry the story of their homes and their homeland wherever they go,israel
10981,a house is not a home israel has been destroying palestinian houses for decades palestinians carry the story of their homes and their homeland wherever they go,palestine
10990,the first flight of their lives an airlift after agony in gaza the evacuees make up only a tiny fraction of the thousands of civilians including many children who have suffered grievous injuries over the course of israel s monthslong campaign against hamas and its bombardment of gaza,palestine
10990,the first flight of their lives an airlift after agony in gaza the evacuees make up only a tiny fraction of the thousands of civilians including many children who have suffered grievous injuries over the course of israel s monthslong campaign against hamas and its bombardment of gaza,israel
10990,the first flight of their lives an airlift after agony in gaza the evacuees make up only a tiny fraction of the thousands of civilians including many children who have suffered grievous injuries over the course of israel s monthslong campaign against hamas and its bombardment of gaza,lebanon
11015,putin acknowledges radical islamists committed moscow attack but president vladimir v putin of russia held fast to the idea that a western backed ukraine could have been the ultimate mastermind of the assault that killed 139 people,russia
11015,putin acknowledges radical islamists committed moscow attack but president vladimir v putin of russia held fast to the idea that a western backed ukraine could have been the ultimate mastermind of the assault that killed 139 people,ukraine
11021,monday briefing what the terrorist attack means for russia,russia
11029,u k accuses china of cyberattacks targeting voter data and lawmakers the british government believes china has overseen two separate hacking campaigns including one that yielded information from 40 million voters,u k
11029,u k accuses china of cyberattacks targeting voter data and lawmakers the british government believes china has overseen two separate hacking campaigns including one that yielded information from 40 million voters,china
11040,u s and britain accuse china of cyberespionage campaign the actions on both sides of the atlantic which included sanctions underscored the escalation of cyberconflict between western allies and beijing,china
11041,ukrainians dismiss kremlin suggestions their country was behind moscow attack officials and ordinary citizens say russia is blaming ukraine in order to shore up support for its war in ukraine and escalate the fighting there,russia
11041,ukrainians dismiss kremlin suggestions their country was behind moscow attack officials and ordinary citizens say russia is blaming ukraine in order to shore up support for its war in ukraine and escalate the fighting there,ukraine
11043,netanyahu cancels u s israel meetings on rafah to protest u n resolution president biden had requested the high level meetings to discuss alternatives to a planned israel ground offensive into rafah which u s officials say would cause mass casualties,israel
11044,palestinians search rubble of buildings after israeli strikes people dug through the rubble from destroyed buildings in rafah in southern gaza and deir al balah in central gaza,palestine
11044,palestinians search rubble of buildings after israeli strikes people dug through the rubble from destroyed buildings in rafah in southern gaza and deir al balah in central gaza,israel
11046,vowing the u s will do our job johnson searches for a path on ukraine the republican speaker with his job on the line has privately told people he would make sure the house moves to assist ukraine a step that many members of his party oppose,ukraine
11047,american jews liberalism and zionism responses to a guest essay by peter beinart also m i t and the gaza war organ transplants sexual brutality,palestine
11050,israeli soldier s video undercuts medic s account of sexual assault kibbutz residents concluded that two sisters killed on oct 7 were not victims of sexual violence,israel
11053,videos and online profiles link suspects to moscow attack clothing and other details appear to show a connection between four suspects detained by russia and the men who carried out the concert hall massacre of more than 130 people,russia
11054,trump urges israel to finish up your war the former president told an israeli news outlet that images of destruction in gaza were harming the country you re losing a lot of the world,israel
11054,trump urges israel to finish up your war the former president told an israeli news outlet that images of destruction in gaza were harming the country you re losing a lot of the world,palestine
11074,u n security council calls for immediate cease fire in gaza as u s abstains the u s decision not to vote on the resolution drew criticism from prime minister benjamin netanyahu of israel who ordered a delegation to hold back from a planned trip to washington,palestine
11074,u n security council calls for immediate cease fire in gaza as u s abstains the u s decision not to vote on the resolution drew criticism from prime minister benjamin netanyahu of israel who ordered a delegation to hold back from a planned trip to washington,israel
11085,display of battered men was russia s warning to the public analysts say videos showing the torture of four men accused of russia s deadliest terror attack in decades have circulated widely in what analysts call a sign of the russian state s growing tolerance for public violence,russia
11088,who could sway the outcome of the u s election mexico s president immigration is a key issue for voters in the u s election giving mexico immense power to potentially shape the vote,mexico
11092,why are china s nationalists attacking the country s heroes online vitriol has targeted the country s richest man erasing billions of dollars of his company s market value despite beijing s courtship of entrepreneurs,china
11095,tuesday briefing radical islamists attacked moscow vladimir putin acknowledges,russia
11145,domestic political pressures widen divide between biden and netanyahu the war in gaza has sorely strained relations between israel and the united states and the leaders of both countries have allies at home who would pull them farther apart,israel
11145,domestic political pressures widen divide between biden and netanyahu the war in gaza has sorely strained relations between israel and the united states and the leaders of both countries have allies at home who would pull them farther apart,palestine
11150,israel presses on with strikes in gaza after u n cease fire resolution its military said fighter jets had struck over 60 targets in the previous day there were reports of strikes on residential buildings near al shifa hospital in the north and elsewhere,israel
11150,israel presses on with strikes in gaza after u n cease fire resolution its military said fighter jets had struck over 60 targets in the previous day there were reports of strikes on residential buildings near al shifa hospital in the north and elsewhere,palestine
11151,suicide bomber kills 5 chinese workers in pakistan the assault comes amid a spate of terror attacks in pakistan as the country s faltering ties to the taliban affect regional security,pakistan
11168,rocked by deadly terror attack kremlin amps up disinformation machine conceding that the islamic state alone carried out the assault on a moscow concert hall would mean admitting to a security failure and risk diluting vladimir putin s narrative war with the west,russia
11174,israeli hostage says she was sexually assaulted and tortured in gaza amit soussana is the first former hostage to publicly say she was sexually abused in captivity a u n report has said it found clear and convincing information that some hostages suffered conflict related sexual violence,israel
11174,israeli hostage says she was sexually assaulted and tortured in gaza amit soussana is the first former hostage to publicly say she was sexually abused in captivity a u n report has said it found clear and convincing information that some hostages suffered conflict related sexual violence,palestine
11178,12 people drowned trying to retrieve airdropped aid gazan authorities say it was not clear which country was responsible for the airdrop of aid which fell into the mediterranean off gaza s northern coast,palestine
11209,trump advisers talk of palestinian expulsions but activists focus on biden donald j trump s son in law and his former ambassador to israel have amplified policy proposals embraced by israel s far right wing but u s activists say their anger still rests with the current administration,palestine
11209,trump advisers talk of palestinian expulsions but activists focus on biden donald j trump s son in law and his former ambassador to israel have amplified policy proposals embraced by israel s far right wing but u s activists say their anger still rests with the current administration,israel
11211,turkey details visits by accused moscow attackers to istanbul a turkish official said two of the suspects had made recent trips to turkey but were radicalized earlier,turkey
11211,turkey details visits by accused moscow attackers to istanbul a turkish official said two of the suspects had made recent trips to turkey but were radicalized earlier,russia
11218,biden interrupted by gaza protesters says they have a point after his event in north carolina was disrupted by demonstrators the president said that we need to get a lot more care into gaza,palestine
11226,who is blowing up russia there are two plausible theories for who s behind the terrorist attack in russia both are terrifying,russia
11242,a pivot to china saved elon musk it also binds him to beijing tesla and china built a symbiotic relationship with credits workers and parts that made mr musk ultrarich now his reliance on the country may give beijing leverage,china
11248,biden loves ireland it doesn t love him back the president s complicity with israel s assault on gaza has damaged his relationship with the irish people perhaps irreparably,ireland
11248,biden loves ireland it doesn t love him back the president s complicity with israel s assault on gaza has damaged his relationship with the irish people perhaps irreparably,israel
11248,biden loves ireland it doesn t love him back the president s complicity with israel s assault on gaza has damaged his relationship with the irish people perhaps irreparably,palestine
11287,worries over ethnic tensions have kremlin treading carefully on massacre anti migrant rhetoric in the aftermath of the attacks at the concert venue outside moscow has spurred fears that the tragedy could cause ethnic strife inside russia,russia
11312,security forces clash with pro palestinian protesters in jordan video shows protesters gathered near the israeli embassy in amman the capital calling for the country to cancel its agreements with israel,palestine
11312,security forces clash with pro palestinian protesters in jordan video shows protesters gathered near the israeli embassy in amman the capital calling for the country to cancel its agreements with israel,jordan
11312,security forces clash with pro palestinian protesters in jordan video shows protesters gathered near the israeli embassy in amman the capital calling for the country to cancel its agreements with israel,israel
11321,towns near israel lebanon border damaged by strikes an israeli airstrike in southern lebanon killed seven people prompting retaliatory rockets from hezbollah that killed at least one person in northern israel,israel
11321,towns near israel lebanon border damaged by strikes an israeli airstrike in southern lebanon killed seven people prompting retaliatory rockets from hezbollah that killed at least one person in northern israel,lebanon
11326,russia has no formal death penalty some want to change that some prominent russians are calling for the execution of those responsible for the massacre at a concert hall near moscow and an end to russia s 28 year moratorium on capital punishment,russia
11329,two days after the u n call for a cease fire israeli strikes on gaza haven t let up israel and hamas appear no closer to negotiating a stop in fighting with significant gaps remaining between them,israel
11329,two days after the u n call for a cease fire israeli strikes on gaza haven t let up israel and hamas appear no closer to negotiating a stop in fighting with significant gaps remaining between them,palestine
11329,two days after the u n call for a cease fire israeli strikes on gaza haven t let up israel and hamas appear no closer to negotiating a stop in fighting with significant gaps remaining between them,lebanon
11332,majority of americans disapprove of israel s actions in gaza new poll shows the gallup poll conducted this month found that 55 percent of americans disapproved of israel s military action an increase of 10 percentage points from four months earlier,israel
11332,majority of americans disapprove of israel s actions in gaza new poll shows the gallup poll conducted this month found that 55 percent of americans disapproved of israel s military action an increase of 10 percentage points from four months earlier,palestine
11340,russian group spread disinformation about princess of wales experts say a kremlin linked group known for online campaigns to sow falsehoods and distrust among russia s foes helped fuel the frenzy of conspiracy theories about catherine and her health,russia
11358,russia amps up online campaign against ukraine before u s elections moscow has found better ways to conceal influence operations that spread arguments for isolationism officials and experts say,russia
11358,russia amps up online campaign against ukraine before u s elections moscow has found better ways to conceal influence operations that spread arguments for isolationism officials and experts say,ukraine
11364,thursday briefing russia s online attack on ukraine aid plus stephen king s greatest hits,russia
11364,thursday briefing russia s online attack on ukraine aid plus stephen king s greatest hits,ukraine
11372,israel and hezbollah trade fire with deaths reported on both sides the exchange came as a u n cease fire demand appeared to be having little effect on the war in gaza and pressure increased on neighboring jordan to sever ties with israel,israel
11372,israel and hezbollah trade fire with deaths reported on both sides the exchange came as a u n cease fire demand appeared to be having little effect on the war in gaza and pressure increased on neighboring jordan to sever ties with israel,lebanon
11372,israel and hezbollah trade fire with deaths reported on both sides the exchange came as a u n cease fire demand appeared to be having little effect on the war in gaza and pressure increased on neighboring jordan to sever ties with israel,palestine
11372,israel and hezbollah trade fire with deaths reported on both sides the exchange came as a u n cease fire demand appeared to be having little effect on the war in gaza and pressure increased on neighboring jordan to sever ties with israel,jordan
11387,thursday briefing russia s online efforts to derail ukraine aid,russia
11387,thursday briefing russia s online efforts to derail ukraine aid,ukraine
11392,why russia s vast security services fell short on deadly attack the factors behind the failure to prevent a terrorist attack include a distrust of foreign intelligence a focus on ukraine and a distracting political crackdown at home,russia
11392,why russia s vast security services fell short on deadly attack the factors behind the failure to prevent a terrorist attack include a distrust of foreign intelligence a focus on ukraine and a distracting political crackdown at home,ukraine
11457,what we know about palestinians detained in israel since oct 7 israel has detained thousands of palestinians suspected of militant activity rights groups allege that israel has abused some detainees or held them without charges,palestine
11457,what we know about palestinians detained in israel since oct 7 israel has detained thousands of palestinians suspected of militant activity rights groups allege that israel has abused some detainees or held them without charges,israel
11482,ireland to intervene in south africa s genocide case against israel at the world court ireland did not outline the argument it planned to advance at the court but the country s lawmakers have made repeated calls to prioritize the protection of civilians in gaza,ireland
11482,ireland to intervene in south africa s genocide case against israel at the world court ireland did not outline the argument it planned to advance at the court but the country s lawmakers have made repeated calls to prioritize the protection of civilians in gaza,south africa
11482,ireland to intervene in south africa s genocide case against israel at the world court ireland did not outline the argument it planned to advance at the court but the country s lawmakers have made repeated calls to prioritize the protection of civilians in gaza,israel
11482,ireland to intervene in south africa s genocide case against israel at the world court ireland did not outline the argument it planned to advance at the court but the country s lawmakers have made repeated calls to prioritize the protection of civilians in gaza,palestine
11509,outcry in france as principal steps down over head scarf incident a paris school principal received online death threats after he was involved in an altercation with a muslim student over her head scarf sparking outrage in a country still scarred by the killing of two teachers,france
11518,putin offers both reassurance and threat on a wider war president vladimir v putin said that claims russia planned to invade other countries were nonsense but warned them against hosting warplanes meant for ukraine,russia
11518,putin offers both reassurance and threat on a wider war president vladimir v putin said that claims russia planned to invade other countries were nonsense but warned them against hosting warplanes meant for ukraine,ukraine
11523,taiwan s top diplomat says u s aid to ukraine is critical for deterring china foreign minister joseph wu said in an interview that a russian victory could embolden china to move against taiwan and would fuel anti american propaganda,taiwan
11523,taiwan s top diplomat says u s aid to ukraine is critical for deterring china foreign minister joseph wu said in an interview that a russian victory could embolden china to move against taiwan and would fuel anti american propaganda,ukraine
11523,taiwan s top diplomat says u s aid to ukraine is critical for deterring china foreign minister joseph wu said in an interview that a russian victory could embolden china to move against taiwan and would fuel anti american propaganda,china
11523,taiwan s top diplomat says u s aid to ukraine is critical for deterring china foreign minister joseph wu said in an interview that a russian victory could embolden china to move against taiwan and would fuel anti american propaganda,russia
11530,u k backsliding on civil and political protections u n rights body says a human rights committee that examined a range of concerns called on britain to abandon its controversial plan to send asylum seekers to rwanda,u k
11530,u k backsliding on civil and political protections u n rights body says a human rights committee that examined a range of concerns called on britain to abandon its controversial plan to send asylum seekers to rwanda,rwanda
11541,cataclysmic situation in haiti leaves 1 500 dead in gang violence the united nations on thursday said poor governance and increasing levels of gang violence had brought state institutions close to collapse,haiti
11545,fighting rages around two gaza hospitals as pressure on israel rises israeli forces are battling to retake areas they had already seized showing the militants resilience as critics call for less destructive tactics in the war,palestine
11545,fighting rages around two gaza hospitals as pressure on israel rises israeli forces are battling to retake areas they had already seized showing the militants resilience as critics call for less destructive tactics in the war,israel
11570,putin s next escalation is coming even without the terror attack in moscow last week the russian president was primed to step up his assault on ukraine,russia
11570,putin s next escalation is coming even without the terror attack in moscow last week the russian president was primed to step up his assault on ukraine,ukraine
11619,days after u n cease fire resolution has anything changed in gaza the united nations security council passed a resolution on monday that demands an immediate cease fire in the gaza strip here s a closer look at where the situation stands,palestine
11626,a common link in mideast conflicts iran and its proxies a monitoring group said that an israeli strike on syria hit multiple targets including a weapons depot belonging to hezbollah the iran backed lebanese militia here s a closer look at iran s proxies in the region,iran
11626,a common link in mideast conflicts iran and its proxies a monitoring group said that an israeli strike on syria hit multiple targets including a weapons depot belonging to hezbollah the iran backed lebanese militia here s a closer look at iran s proxies in the region,israel
11626,a common link in mideast conflicts iran and its proxies a monitoring group said that an israeli strike on syria hit multiple targets including a weapons depot belonging to hezbollah the iran backed lebanese militia here s a closer look at iran s proxies in the region,syria
11626,a common link in mideast conflicts iran and its proxies a monitoring group said that an israeli strike on syria hit multiple targets including a weapons depot belonging to hezbollah the iran backed lebanese militia here s a closer look at iran s proxies in the region,lebanon
11633,a loyal israel ally germany shifts tone as the toll in gaza mounts supporting israel is seen as a historic duty in germany but the worsening crisis has pushed german officials to ask whether that backing has gone too far,israel
11633,a loyal israel ally germany shifts tone as the toll in gaza mounts supporting israel is seen as a historic duty in germany but the worsening crisis has pushed german officials to ask whether that backing has gone too far,germany
11633,a loyal israel ally germany shifts tone as the toll in gaza mounts supporting israel is seen as a historic duty in germany but the worsening crisis has pushed german officials to ask whether that backing has gone too far,palestine
11646,israel cites new initiatives for gaza aid but progress has been slow the country pointed to measures to deliver necessities by land air and sea that aid groups say are not nearly sufficient to meet the need,israel
11646,israel cites new initiatives for gaza aid but progress has been slow the country pointed to measures to deliver necessities by land air and sea that aid groups say are not nearly sufficient to meet the need,palestine
11687,airstrikes kill soldiers in syria in apparent israeli attack israel s military did not immediately comment on the syria strikes but its defense minister said israel would pursue hezbollah an iran backed militia every place it operates,syria
11687,airstrikes kill soldiers in syria in apparent israeli attack israel s military did not immediately comment on the syria strikes but its defense minister said israel would pursue hezbollah an iran backed militia every place it operates,israel
11687,airstrikes kill soldiers in syria in apparent israeli attack israel s military did not immediately comment on the syria strikes but its defense minister said israel would pursue hezbollah an iran backed militia every place it operates,lebanon
11687,airstrikes kill soldiers in syria in apparent israeli attack israel s military did not immediately comment on the syria strikes but its defense minister said israel would pursue hezbollah an iran backed militia every place it operates,iran
11690,why russia is protecting north korea from nuclear monitors the monitors have provided vivid evidence of how russia is keeping pyongyang brimming with fuel and other goods presumably in return for weapons that russia can use in ukraine,russia
11690,why russia is protecting north korea from nuclear monitors the monitors have provided vivid evidence of how russia is keeping pyongyang brimming with fuel and other goods presumably in return for weapons that russia can use in ukraine,north korea
11690,why russia is protecting north korea from nuclear monitors the monitors have provided vivid evidence of how russia is keeping pyongyang brimming with fuel and other goods presumably in return for weapons that russia can use in ukraine,ukraine
11710,dispute over conscription for ultra orthodox jews presents new threat to netanyahu prime minister benjamin netanyahu s cabinet is divided about whether ultra orthodox jews should be required to join the israeli army,israel
11712,the night government expands its violent reach in rohingya camps gunfights kidnappings and homicides have become widespread in the refugee settlements in bangladesh as armed groups and criminal gangs have become more brazen,myanmar
11712,the night government expands its violent reach in rohingya camps gunfights kidnappings and homicides have become widespread in the refugee settlements in bangladesh as armed groups and criminal gangs have become more brazen,bangladesh
11724,troop starved ukrainian brigades turn to marketing to attract recruits many units which say the official conscription system is dysfunctional and unwieldy have started their own recruitment campaigns to fill ranks depleted in the war with russia,russia
11758,a times photographer went on a gaza airdrop here s what he saw as humanitarian groups warn of a looming famine in northern gaza airdrops are playing a prominent role in efforts to deliver food and supplies even if they are less efficient than delivery by truck,palestine
11782,a russian defector s killing raises specter of hit squads the death in spain of maksim kuzminov a pilot who delivered a helicopter and secret documents to ukraine has raised fears that the kremlin is again targeting its enemies,russia
11782,a russian defector s killing raises specter of hit squads the death in spain of maksim kuzminov a pilot who delivered a helicopter and secret documents to ukraine has raised fears that the kremlin is again targeting its enemies,spain
11782,a russian defector s killing raises specter of hit squads the death in spain of maksim kuzminov a pilot who delivered a helicopter and secret documents to ukraine has raised fears that the kremlin is again targeting its enemies,ukraine
11802,in yemen renewed conflict and rising hunger stalk a lean ramadan airstrikes crippling inflation and a drop in foreign aid are raising alarms about a new humanitarian crisis in the world s poorest arab country,yemen
11809,we still haven t figured out how to beat isis stripping the islamic state of its self proclaimed caliphate is not the same as beating it,iraq
11809,we still haven t figured out how to beat isis stripping the islamic state of its self proclaimed caliphate is not the same as beating it,syria
11811,thousands protest in tel aviv against netanyahu s government some scuffles broke out between police officers and demonstrators calling for the government to strike a cease fire deal to free the hostages held in gaza,israel
11811,thousands protest in tel aviv against netanyahu s government some scuffles broke out between police officers and demonstrators calling for the government to strike a cease fire deal to free the hostages held in gaza,palestine
